textbox7,textbox8
Ford Ship Date:  5/14/2026 To End of 866 File,Total Blends:  9643

ShipTo,BlendNumber,RackGroup,RackID,LoadInfo,BatchInfo,ShipDate,ShipStatus,ActualShipDate,PartScanStatus,ActualScanDate
AP05A,1340551,P702IP,92,504860-2,71288-59,5/14/2026,True,5/13/2026 10:15:12 PM,True,5/13/2026 1:24:42 PM
AP05A,1340552,P702IP,92,504860-3,71288-58,5/14/2026,True,5/13/2026 10:15:12 PM,True,5/13/2026 1:23:55 PM
AP05A,1340553,P702IP,93,504861-1,71288-63,5/14/2026,True,5/13/2026 10:15:12 PM,True,5/13/2026 1:28:21 PM
AP05A,1340554,P702IP,93,504861-2,71288-62,5/14/2026,True,5/13/2026 10:15:12 PM,True,5/13/2026 1:27:32 PM
AP05A,1340555,P702IP,93,504861-3,71288-61,5/14/2026,True,5/13/2026 10:15:12 PM,True,5/13/2026 1:26:35 PM
AP05A,1340556,P702IP,94,504862-1,71288-66,5/14/2026,True,5/13/2026 10:15:12 PM,True,5/13/2026 1:30:41 PM
AP05A,1340557,P702IP,94,504862-2,71288-65,5/14/2026,True,5/13/2026 10:15:12 PM,True,5/13/2026 1:29:47 PM
AP05A,1340558,P702IP,94,504862-3,71288-64,5/14/2026,True,5/13/2026 10:15:12 PM,True,5/13/2026 1:28:59 PM
AP05A,1340559,P702IP,95,504863-1,71288-69,5/14/2026,True,5/13/2026 10:15:12 PM,True,5/13/2026 1:34:02 PM
AP05A,1340560,P702IP,95,504863-2,71288-68,5/14/2026,True,5/13/2026 10:15:12 PM,True,5/13/2026 1:32:45 PM
AP05A,1340561,P702IP,95,504863-3,71288-67,5/14/2026,True,5/13/2026 10:15:12 PM,True,5/13/2026 1:31:41 PM
AP05A,1340562,P702IP,96,504864-1,71288-72,5/14/2026,True,5/13/2026 10:15:12 PM,True,5/13/2026 1:36:54 PM
AP05A,1340563,P702IP,96,504864-2,71288-71,5/14/2026,True,5/13/2026 10:15:12 PM,True,5/13/2026 1:36:07 PM
AP05A,1340564,P702IP,96,504864-3,71288-70,5/14/2026,True,5/13/2026 10:15:12 PM,True,5/13/2026 1:35:54 PM
AP05A,1340565,P702IP,97,504865-1,71289-3,5/14/2026,True,5/13/2026 10:15:12 PM,True,5/13/2026 1:39:45 PM
AP05A,1340566,P702IP,97,504865-2,71289-2,5/14/2026,True,5/13/2026 10:15:12 PM,True,5/13/2026 1:38:54 PM
AP05A,1340567,P702IP,97,504865-3,71289-1,5/14/2026,True,5/13/2026 10:15:12 PM,True,5/13/2026 1:37:42 PM
AP05A,1340568,P702IP,98,504866-1,71289-6,5/14/2026,True,5/13/2026 11:20:27 PM,True,5/13/2026 1:42:32 PM
AP05A,1340569,P702IP,98,504866-2,71289-5,5/14/2026,True,5/13/2026 11:20:27 PM,True,5/13/2026 1:41:40 PM
AP05A,1340570,P702IP,98,504866-3,71289-4,5/14/2026,True,5/13/2026 11:20:27 PM,True,5/13/2026 1:40:40 PM
AP05A,1340571,P702IP,99,504867-1,71289-9,5/14/2026,True,5/13/2026 11:20:27 PM,True,5/13/2026 1:45:45 PM
AP05A,1340572,P702IP,99,504867-2,71289-8,5/14/2026,True,5/13/2026 11:20:27 PM,True,5/13/2026 1:44:42 PM
AP05A,1340573,P702IP,99,504867-3,71289-7,5/14/2026,True,5/13/2026 11:20:27 PM,True,5/13/2026 1:43:44 PM
AP05A,1340574,P702IP,100,504868-1,71289-12,5/14/2026,True,5/13/2026 11:20:27 PM,True,5/13/2026 1:48:43 PM
AP05A,1340575,P702IP,100,504868-2,71289-11,5/14/2026,True,5/13/2026 11:20:27 PM,True,5/13/2026 1:47:51 PM
AP05A,1340576,P702IP,100,504868-3,71289-10,5/14/2026,True,5/13/2026 11:20:27 PM,True,5/13/2026 1:47:00 PM
AP05A,1340577,P702IP,101,504869-1,71289-15,5/14/2026,True,5/13/2026 11:20:27 PM,True,5/13/2026 1:52:24 PM
AP05A,1340578,P702IP,101,504869-2,71289-14,5/14/2026,True,5/13/2026 11:20:27 PM,True,5/13/2026 1:50:56 PM
AP05A,1340579,P702IP,101,504869-3,71289-13,5/14/2026,True,5/13/2026 11:20:27 PM,True,5/13/2026 1:50:12 PM
AP05A,1340580,P702IP,102,504870-1,71289-18,5/14/2026,True,5/13/2026 11:20:27 PM,True,5/13/2026 1:54:20 PM
AP05A,1340581,P702IP,102,504870-2,71289-17,5/14/2026,True,5/13/2026 11:20:27 PM,True,5/13/2026 1:53:32 PM
AP05A,1340582,P702IP,102,504870-3,71289-16,5/14/2026,True,5/13/2026 11:20:27 PM,True,5/13/2026 1:53:05 PM
AP05A,1340583,P702IP,103,504871-1,71289-21,5/14/2026,True,5/13/2026 11:20:27 PM,True,5/13/2026 1:56:49 PM
AP05A,1340584,P702IP,103,504871-2,71289-20,5/14/2026,True,5/13/2026 11:20:27 PM,True,5/13/2026 1:56:01 PM
AP05A,1340585,P702IP,103,504871-3,71289-19,5/14/2026,True,5/13/2026 11:20:27 PM,True,5/13/2026 1:55:00 PM
AP05A,1340586,P702IP,104,504872-1,71289-24,5/14/2026,True,5/13/2026 11:20:27 PM,True,5/13/2026 2:00:28 PM
AP05A,1340587,P702IP,104,504872-2,71289-23,5/14/2026,True,5/13/2026 11:20:27 PM,True,5/13/2026 1:59:05 PM
AP05A,1340588,P702IP,104,504872-3,71289-22,5/14/2026,True,5/13/2026 11:20:27 PM,True,5/13/2026 1:57:41 PM
AP05A,1340589,P702IP,105,504873-1,71289-27,5/14/2026,True,5/13/2026 11:20:27 PM,True,5/13/2026 2:02:48 PM
AP05A,1340590,P702IP,105,504873-2,71289-26,5/14/2026,True,5/13/2026 11:20:27 PM,True,5/13/2026 2:02:11 PM
AP05A,1340591,P702IP,105,504873-3,71289-25,5/14/2026,True,5/13/2026 11:20:27 PM,True,5/13/2026 2:01:29 PM
AP05A,1340592,P702IP,106,504874-1,71289-30,5/14/2026,True,5/13/2026 11:20:27 PM,True,5/13/2026 2:05:18 PM
AP05A,1340593,P702IP,106,504874-2,71289-29,5/14/2026,True,5/13/2026 11:20:27 PM,True,5/13/2026 2:04:19 PM
AP05A,1340594,P702IP,106,504874-3,71289-28,5/14/2026,True,5/13/2026 11:20:27 PM,True,5/13/2026 2:03:37 PM
AP05A,1340595,P702IP,107,504875-1,71289-33,5/14/2026,True,5/13/2026 11:20:27 PM,True,5/13/2026 2:08:09 PM
AP05A,1340596,P702IP,107,504875-2,71289-32,5/14/2026,True,5/13/2026 11:20:27 PM,True,5/13/2026 2:07:27 PM
AP05A,1340597,P702IP,107,504875-3,71289-31,5/14/2026,True,5/13/2026 11:20:27 PM,True,5/13/2026 2:06:46 PM
AP05A,1340598,P702IP,108,504876-1,71289-36,5/14/2026,True,5/13/2026 11:20:27 PM,True,5/13/2026 2:10:41 PM
AP05A,1340599,P702IP,108,504876-2,71289-35,5/14/2026,True,5/13/2026 11:20:27 PM,True,5/13/2026 2:09:48 PM
AP05A,1340600,P702IP,108,504876-3,71289-34,5/14/2026,True,5/13/2026 11:20:27 PM,True,5/13/2026 2:09:04 PM
AP05A,1340601,P702IP,109,504877-1,71289-39,5/14/2026,True,5/13/2026 11:20:27 PM,True,5/13/2026 2:14:03 PM
AP05A,1340602,P702IP,109,504877-2,71289-38,5/14/2026,True,5/13/2026 11:20:27 PM,True,5/13/2026 2:12:30 PM
AP05A,1340603,P702IP,109,504877-3,71289-37,5/14/2026,True,5/13/2026 11:20:27 PM,True,5/13/2026 2:11:39 PM
AP05A,1340604,P702IP,110,504878-1,71289-42,5/14/2026,True,5/13/2026 11:20:27 PM,True,5/13/2026 2:18:27 PM
AP05A,1340605,P702IP,110,504878-2,71289-41,5/14/2026,True,5/13/2026 11:20:27 PM,True,5/13/2026 2:17:21 PM
AP05A,1340606,P702IP,110,504878-3,71289-40,5/14/2026,True,5/13/2026 11:20:27 PM,True,5/13/2026 2:14:52 PM
AP05A,1340607,P702IP,111,504879-1,71289-45,5/14/2026,True,5/13/2026 11:20:27 PM,True,5/13/2026 2:20:45 PM
AP05A,1340608,P702IP,111,504879-2,71289-44,5/14/2026,True,5/13/2026 11:20:27 PM,True,5/13/2026 2:20:06 PM
AP05A,1340609,P702IP,111,504879-3,71289-43,5/14/2026,True,5/13/2026 11:20:27 PM,True,5/13/2026 2:19:27 PM
AP05A,1340610,P702IP,112,504880-1,71289-48,5/14/2026,True,5/13/2026 11:20:27 PM,True,5/13/2026 2:23:50 PM
AP05A,1340611,P702IP,112,504880-2,71289-47,5/14/2026,True,5/13/2026 11:20:27 PM,True,5/13/2026 2:22:17 PM
AP05A,1340612,P702IP,112,504880-3,71289-46,5/14/2026,True,5/13/2026 11:20:27 PM,True,5/13/2026 2:21:21 PM
AP05A,1340613,P702IP,113,504881-1,71289-51,5/14/2026,True,5/13/2026 11:20:27 PM,True,5/13/2026 2:25:24 PM
AP05A,1340614,P702IP,113,504881-2,71289-50,5/14/2026,True,5/13/2026 11:20:27 PM,True,5/13/2026 2:24:57 PM
AP05A,1340615,P702IP,113,504881-3,71289-49,5/14/2026,True,5/13/2026 11:20:27 PM,True,5/13/2026 2:24:29 PM
AP05A,1340616,P702IP,114,504882-1,71289-54,5/14/2026,True,5/13/2026 11:20:27 PM,True,5/13/2026 2:28:03 PM
AP05A,1340617,P702IP,114,504882-2,71289-53,5/14/2026,True,5/13/2026 11:20:27 PM,True,5/13/2026 2:27:25 PM
AP05A,1340618,P702IP,114,504882-3,71289-52,5/14/2026,True,5/13/2026 11:20:27 PM,True,5/13/2026 2:26:51 PM
AP05A,1340619,P702IP,115,504883-1,71289-57,5/14/2026,True,5/13/2026 11:20:27 PM,True,5/13/2026 2:51:00 PM
AP05A,1340620,P702IP,115,504883-2,71289-56,5/14/2026,True,5/13/2026 11:20:27 PM,True,5/13/2026 2:29:44 PM
AP05A,1340621,P702IP,115,504883-3,71289-55,5/14/2026,True,5/13/2026 11:20:27 PM,True,5/13/2026 2:28:54 PM
AP05A,1340622,P702IP,116,504884-1,71289-60,5/14/2026,True,5/13/2026 11:20:27 PM,True,5/13/2026 2:54:14 PM
AP05A,1340623,P702IP,116,504884-2,71289-59,5/14/2026,True,5/13/2026 11:20:27 PM,True,5/13/2026 2:53:05 PM
AP05A,1340624,P702IP,116,504884-3,71289-58,5/14/2026,True,5/13/2026 11:20:27 PM,True,5/13/2026 2:52:41 PM
AP05A,1340625,P702IP,117,504885-1,71289-63,5/14/2026,True,5/13/2026 11:20:27 PM,True,5/13/2026 2:57:06 PM
AP05A,1340626,P702IP,117,504885-2,71289-62,5/14/2026,True,5/13/2026 11:20:27 PM,True,5/13/2026 2:56:23 PM
AP05A,1340627,P702IP,117,504885-3,71289-61,5/14/2026,True,5/13/2026 11:20:27 PM,True,5/13/2026 2:55:13 PM
AP05A,1340628,P702IP,118,504886-1,71289-66,5/14/2026,True,5/13/2026 11:20:27 PM,True,5/13/2026 2:58:51 PM
AP05A,1340629,P702IP,118,504886-2,71289-65,5/14/2026,True,5/13/2026 11:20:27 PM,True,5/13/2026 2:58:09 PM
AP05A,1340630,P702IP,118,504886-3,71289-64,5/14/2026,True,5/13/2026 11:20:27 PM,True,5/13/2026 2:57:18 PM
AP05A,1340631,P702IP,119,504887-1,71289-69,5/14/2026,True,5/13/2026 11:20:27 PM,True,5/13/2026 3:01:35 PM
AP05A,1340632,P702IP,119,504887-2,71289-68,5/14/2026,True,5/13/2026 11:20:27 PM,True,5/13/2026 3:01:00 PM
AP05A,1340633,P702IP,119,504887-3,71289-67,5/14/2026,True,5/13/2026 11:20:27 PM,True,5/13/2026 2:59:41 PM
AP05A,1340634,P702IP,120,504888-1,71289-72,5/14/2026,True,5/13/2026 11:20:27 PM,True,5/13/2026 3:04:03 PM
AP05A,1340635,P702IP,120,504888-2,71289-71,5/14/2026,True,5/13/2026 11:20:27 PM,True,5/13/2026 3:03:11 PM
AP05A,1340636,P702IP,120,504888-3,71289-70,5/14/2026,True,5/13/2026 11:20:27 PM,True,5/13/2026 3:02:26 PM
AP05A,1340637,P702IP,121,504889-1,71290-3,5/14/2026,True,5/13/2026 11:20:27 PM,True,5/13/2026 3:06:54 PM
AP05A,1340638,P702IP,121,504889-2,71290-2,5/14/2026,True,5/13/2026 11:20:27 PM,True,5/13/2026 3:06:03 PM
AP05A,1340639,P702IP,121,504889-3,71290-1,5/14/2026,True,5/13/2026 11:20:27 PM,True,5/13/2026 3:05:06 PM
AP05A,1340640,P702IP,122,504890-1,71290-6,5/14/2026,True,5/14/2026 12:54:40 AM,True,5/13/2026 6:11:22 PM
AP05A,1340641,P702IP,122,504890-2,71290-5,5/14/2026,True,5/14/2026 12:54:40 AM,True,5/13/2026 6:10:37 PM
AP05A,1340642,P702IP,122,504890-3,71290-4,5/14/2026,True,5/14/2026 12:54:40 AM,True,5/13/2026 6:09:32 PM
AP05A,1340643,P702IP,123,504891-1,71290-9,5/14/2026,True,5/14/2026 12:54:40 AM,True,5/13/2026 6:15:10 PM
AP05A,1340644,P702IP,123,504891-2,71290-8,5/14/2026,True,5/14/2026 12:54:40 AM,True,5/13/2026 6:14:38 PM
AP05A,1340645,P702IP,123,504891-3,71290-7,5/14/2026,True,5/14/2026 12:54:40 AM,True,5/13/2026 6:14:06 PM
AP05A,1340646,P702IP,124,504892-1,71290-12,5/14/2026,True,5/14/2026 12:54:40 AM,True,5/13/2026 6:17:20 PM
AP05A,1340647,P702IP,124,504892-2,71290-11,5/14/2026,True,5/14/2026 12:54:40 AM,True,5/13/2026 6:16:43 PM
AP05A,1340648,P702IP,124,504892-3,71290-10,5/14/2026,True,5/14/2026 12:54:40 AM,True,5/13/2026 6:15:58 PM
AP05A,1340649,P702IP,125,504893-1,71290-15,5/14/2026,True,5/14/2026 12:54:40 AM,True,5/13/2026 6:19:33 PM
AP05A,1340650,P702IP,125,504893-2,71290-14,5/14/2026,True,5/14/2026 12:54:40 AM,True,5/13/2026 6:19:00 PM
AP05A,1340651,P702IP,125,504893-3,71290-13,5/14/2026,True,5/14/2026 12:54:40 AM,True,5/13/2026 6:18:13 PM
AP05A,1340652,P702IP,126,504894-1,71290-18,5/14/2026,True,5/14/2026 12:54:40 AM,True,5/13/2026 6:21:30 PM
AP05A,1340653,P702IP,126,504894-2,71290-17,5/14/2026,True,5/14/2026 12:54:40 AM,True,5/13/2026 6:20:58 PM
AP05A,1340654,P702IP,126,504894-3,71290-16,5/14/2026,True,5/14/2026 12:54:40 AM,True,5/13/2026 6:20:22 PM
AP05A,1340655,P702IP,127,504895-1,71290-21,5/14/2026,True,5/14/2026 12:54:40 AM,True,5/13/2026 6:24:37 PM
AP05A,1340656,P702IP,127,504895-2,71290-20,5/14/2026,True,5/14/2026 12:54:40 AM,True,5/13/2026 6:24:01 PM
AP05A,1340657,P702IP,127,504895-3,71290-19,5/14/2026,True,5/14/2026 12:54:40 AM,True,5/13/2026 6:22:27 PM
AP05A,1340658,P702IP,128,504896-1,71290-24,5/14/2026,True,5/14/2026 12:54:40 AM,True,5/13/2026 6:26:47 PM
AP05A,1340659,P702IP,128,504896-2,71290-23,5/14/2026,True,5/14/2026 12:54:40 AM,True,5/13/2026 6:26:07 PM
AP05A,1340660,P702IP,128,504896-3,71290-22,5/14/2026,True,5/14/2026 12:54:40 AM,True,5/13/2026 6:25:31 PM
AP05A,1340661,P702IP,129,504897-1,71290-27,5/14/2026,True,5/14/2026 12:54:40 AM,True,5/13/2026 6:28:41 PM
AP05A,1340662,P702IP,129,504897-2,71290-26,5/14/2026,True,5/14/2026 12:54:40 AM,True,5/13/2026 6:28:11 PM
AP05A,1340663,P702IP,129,504897-3,71290-25,5/14/2026,True,5/14/2026 12:54:40 AM,True,5/13/2026 6:27:42 PM
AP05A,1340664,P702IP,130,504898-1,71290-30,5/14/2026,True,5/14/2026 12:54:40 AM,True,5/13/2026 6:33:03 PM
AP05A,1340665,P702IP,130,504898-2,71290-29,5/14/2026,True,5/14/2026 12:54:40 AM,True,5/13/2026 6:32:28 PM
AP05A,1340666,P702IP,130,504898-3,71290-28,5/14/2026,True,5/14/2026 12:54:40 AM,True,5/13/2026 6:30:19 PM
AP05A,1340667,P702IP,131,504899-1,71290-33,5/14/2026,True,5/14/2026 12:54:40 AM,True,5/13/2026 6:34:48 PM
AP05A,1340668,P702IP,131,504899-2,71290-32,5/14/2026,True,5/14/2026 12:54:40 AM,True,5/13/2026 6:34:17 PM
AP05A,1340669,P702IP,131,504899-3,71290-31,5/14/2026,True,5/14/2026 12:54:40 AM,True,5/13/2026 6:33:45 PM
AP05A,1340670,P702IP,132,504900-1,71290-36,5/14/2026,True,5/14/2026 12:54:40 AM,True,5/13/2026 6:37:13 PM
AP05A,1340671,P702IP,132,504900-2,71290-35,5/14/2026,True,5/14/2026 12:54:40 AM,True,5/13/2026 6:36:37 PM
AP05A,1340672,P702IP,132,504900-3,71290-34,5/14/2026,True,5/14/2026 12:54:40 AM,True,5/13/2026 6:35:30 PM
AP05A,1340673,P702IP,133,504901-1,71290-39,5/14/2026,True,5/14/2026 12:54:40 AM,True,5/13/2026 6:39:26 PM
AP05A,1340674,P702IP,133,504901-2,71290-38,5/14/2026,True,5/14/2026 12:54:40 AM,True,5/13/2026 6:38:50 PM
AP05A,1340675,P702IP,133,504901-3,71290-37,5/14/2026,True,5/14/2026 12:54:40 AM,True,5/13/2026 6:38:17 PM
AP05A,1340676,P702IP,134,504902-1,71290-42,5/14/2026,True,5/14/2026 12:54:40 AM,True,5/13/2026 6:41:54 PM
AP05A,1340677,P702IP,134,504902-2,71290-41,5/14/2026,True,5/14/2026 12:54:40 AM,True,5/13/2026 6:41:08 PM
AP05A,1340678,P702IP,134,504902-3,71290-40,5/14/2026,True,5/14/2026 12:54:40 AM,True,5/13/2026 6:40:23 PM
AP05A,1340679,P702IP,135,504903-1,71290-45,5/14/2026,True,5/14/2026 12:54:40 AM,True,5/13/2026 6:44:25 PM
AP05A,1340680,P702IP,135,504903-2,71290-44,5/14/2026,True,5/14/2026 12:54:40 AM,True,5/13/2026 6:43:26 PM
AP05A,1340681,P702IP,135,504903-3,71290-43,5/14/2026,True,5/14/2026 12:54:40 AM,True,5/13/2026 6:42:42 PM
AP05A,1340682,P702IP,136,504904-1,71290-48,5/14/2026,True,5/14/2026 12:54:40 AM,True,5/13/2026 6:47:27 PM
AP05A,1340683,P702IP,136,504904-2,71290-47,5/14/2026,True,5/14/2026 12:54:40 AM,True,5/13/2026 6:46:51 PM
AP05A,1340684,P702IP,136,504904-3,71290-46,5/14/2026,True,5/14/2026 12:54:40 AM,True,5/13/2026 6:46:13 PM
AP05A,1340685,P702IP,137,504905-1,71290-51,5/14/2026,True,5/14/2026 12:54:40 AM,True,5/13/2026 6:50:47 PM
AP05A,1340686,P702IP,137,504905-2,71290-50,5/14/2026,True,5/14/2026 12:54:40 AM,True,5/13/2026 6:50:06 PM
AP05A,1340687,P702IP,137,504905-3,71290-49,5/14/2026,True,5/14/2026 12:54:40 AM,True,5/13/2026 6:48:52 PM
AP05A,1340688,P702IP,138,504906-1,71290-54,5/14/2026,True,5/14/2026 12:54:40 AM,True,5/13/2026 6:53:31 PM
AP05A,1340689,P702IP,138,504906-2,71290-53,5/14/2026,True,5/14/2026 12:54:40 AM,True,5/13/2026 6:52:52 PM
AP05A,1340690,P702IP,138,504906-3,71290-52,5/14/2026,True,5/14/2026 12:54:40 AM,True,5/13/2026 6:52:02 PM
AP05A,1340691,P702IP,139,504907-1,71290-57,5/14/2026,True,5/14/2026 12:54:40 AM,True,5/13/2026 6:57:00 PM
AP05A,1340692,P702IP,139,504907-2,71290-56,5/14/2026,True,5/14/2026 12:54:40 AM,True,5/13/2026 6:55:18 PM
AP05A,1340693,P702IP,139,504907-3,71290-55,5/14/2026,True,5/14/2026 12:54:40 AM,True,5/13/2026 6:54:46 PM
AP05A,1340694,P702IP,140,504908-1,71290-60,5/14/2026,True,5/14/2026 12:54:40 AM,True,5/13/2026 7:01:01 PM
AP05A,1340695,P702IP,140,504908-2,71290-59,5/14/2026,True,5/14/2026 12:54:40 AM,True,5/13/2026 6:59:10 PM
AP05A,1340696,P702IP,140,504908-3,71290-58,5/14/2026,True,5/14/2026 12:54:40 AM,True,5/13/2026 6:58:26 PM
AP05A,1340697,P702IP,141,504909-1,71290-63,5/14/2026,True,5/14/2026 12:54:40 AM,True,5/13/2026 7:03:06 PM
AP05A,1340698,P702IP,141,504909-2,71290-62,5/14/2026,True,5/14/2026 12:54:40 AM,True,5/13/2026 7:02:24 PM
AP05A,1340699,P702IP,141,504909-3,71290-61,5/14/2026,True,5/14/2026 12:54:40 AM,True,5/13/2026 7:01:46 PM
AP05A,1340700,P702IP,142,504910-1,71290-66,5/14/2026,True,5/14/2026 12:54:40 AM,True,5/13/2026 7:05:07 PM
AP05A,1340701,P702IP,142,504910-2,71290-65,5/14/2026,True,5/14/2026 12:54:40 AM,True,5/13/2026 7:04:36 PM
AP05A,1340702,P702IP,142,504910-3,71290-64,5/14/2026,True,5/14/2026 12:54:40 AM,True,5/13/2026 7:04:03 PM
AP05A,1340703,P702IP,143,504911-1,71290-69,5/14/2026,True,5/14/2026 12:54:40 AM,True,5/13/2026 7:07:28 PM
AP05A,1340704,P702IP,143,504911-2,71290-68,5/14/2026,True,5/14/2026 12:54:40 AM,True,5/13/2026 7:06:39 PM
AP05A,1340705,P702IP,143,504911-3,71290-67,5/14/2026,True,5/14/2026 12:54:40 AM,True,5/13/2026 7:06:04 PM
AP05A,1340706,P702IP,144,504912-1,71290-72,5/14/2026,True,5/14/2026 12:54:40 AM,True,5/13/2026 7:09:43 PM
AP05A,1340707,P702IP,144,504912-2,71290-71,5/14/2026,True,5/14/2026 12:54:40 AM,True,5/13/2026 7:08:44 PM
AP05A,1340708,P702IP,144,504912-3,71290-70,5/14/2026,True,5/14/2026 12:54:40 AM,True,5/13/2026 7:08:09 PM
AP05A,1340709,P702IP,145,504913-1,71291-3,5/14/2026,True,5/14/2026 12:54:40 AM,True,5/13/2026 7:11:40 PM
AP05A,1340710,P702IP,145,504913-2,71291-2,5/14/2026,True,5/14/2026 12:54:40 AM,True,5/13/2026 7:11:13 PM
AP05A,1340711,P702IP,145,504913-3,71291-1,5/14/2026,True,5/14/2026 12:54:40 AM,True,5/13/2026 7:10:29 PM
AP05A,1340712,P702IP,146,504914-1,71291-6,5/14/2026,True,5/14/2026 6:38:11 AM,True,5/13/2026 7:13:44 PM
AP05A,1340713,P702IP,146,504914-2,71291-5,5/14/2026,True,5/14/2026 6:38:11 AM,True,5/13/2026 7:13:15 PM
AP05A,1340714,P702IP,146,504914-3,71291-4,5/14/2026,True,5/14/2026 6:38:11 AM,True,5/13/2026 7:12:45 PM
AP05A,1340715,P702IP,147,504915-1,71291-9,5/14/2026,True,5/14/2026 6:38:11 AM,True,5/13/2026 7:18:26 PM
AP05A,1340716,P702IP,147,504915-2,71291-8,5/14/2026,True,5/14/2026 6:38:11 AM,True,5/13/2026 7:15:34 PM
AP05A,1340717,P702IP,147,504915-3,71291-7,5/14/2026,True,5/14/2026 6:38:11 AM,True,5/13/2026 7:14:41 PM
AP05A,1340718,P702IP,148,504916-1,71291-12,5/14/2026,True,5/14/2026 6:38:11 AM,True,5/13/2026 7:20:26 PM
AP05A,1340719,P702IP,148,504916-2,71291-11,5/14/2026,True,5/14/2026 6:38:11 AM,True,5/13/2026 7:19:52 PM
AP05A,1340720,P702IP,148,504916-3,71291-10,5/14/2026,True,5/14/2026 6:38:11 AM,True,5/13/2026 7:19:23 PM
AP05A,1340721,P702IP,149,504917-1,71291-15,5/14/2026,True,5/14/2026 6:38:11 AM,True,5/13/2026 7:22:40 PM
AP05A,1340722,P702IP,149,504917-2,71291-14,5/14/2026,True,5/14/2026 6:38:11 AM,True,5/13/2026 7:22:17 PM
AP05A,1340723,P702IP,149,504917-3,71291-13,5/14/2026,True,5/14/2026 6:38:11 AM,True,5/13/2026 7:21:28 PM
AP05A,1340724,P702IP,150,504918-1,71291-18,5/14/2026,True,5/14/2026 6:38:11 AM,True,5/13/2026 7:27:11 PM
AP05A,1340725,P702IP,150,504918-2,71291-17,5/14/2026,True,5/14/2026 6:38:11 AM,True,5/13/2026 7:24:39 PM
AP05A,1340726,P702IP,150,504918-3,71291-16,5/14/2026,True,5/14/2026 6:38:11 AM,True,5/13/2026 7:24:03 PM
AP05A,1340727,P702IP,151,504919-1,71291-21,5/14/2026,True,5/14/2026 6:38:11 AM,True,5/13/2026 7:31:35 PM
AP05A,1340728,P702IP,151,504919-2,71291-20,5/14/2026,True,5/14/2026 6:38:11 AM,True,5/13/2026 7:28:55 PM
AP05A,1340729,P702IP,151,504919-3,71291-19,5/14/2026,True,5/14/2026 6:38:11 AM,True,5/13/2026 7:28:13 PM
AP05A,1340730,P702IP,152,504920-1,71291-24,5/14/2026,True,5/14/2026 6:38:11 AM,True,5/13/2026 7:34:00 PM
AP05A,1340731,P702IP,152,504920-2,71291-23,5/14/2026,True,5/14/2026 6:38:11 AM,True,5/13/2026 7:33:21 PM
AP05A,1340732,P702IP,152,504920-3,71291-22,5/14/2026,True,5/14/2026 6:38:11 AM,True,5/13/2026 7:32:38 PM
AP05A,1340733,P702IP,153,504921-1,71291-27,5/14/2026,True,5/14/2026 6:38:11 AM,True,5/13/2026 7:36:15 PM
AP05A,1340734,P702IP,153,504921-2,71291-26,5/14/2026,True,5/14/2026 6:38:11 AM,True,5/13/2026 7:35:31 PM
AP05A,1340735,P702IP,153,504921-3,71291-25,5/14/2026,True,5/14/2026 6:38:11 AM,True,5/13/2026 7:34:49 PM
AP05A,1340736,P702IP,154,504922-1,71291-30,5/14/2026,True,5/14/2026 6:38:11 AM,True,5/13/2026 7:38:17 PM
AP05A,1340737,P702IP,154,504922-2,71291-29,5/14/2026,True,5/14/2026 6:38:11 AM,True,5/13/2026 7:37:47 PM
AP05A,1340738,P702IP,154,504922-3,71291-28,5/14/2026,True,5/14/2026 6:38:11 AM,True,5/13/2026 7:37:15 PM
AP05A,1340739,P702IP,155,504923-1,71291-33,5/14/2026,True,5/14/2026 6:38:11 AM,True,5/13/2026 7:40:46 PM
AP05A,1340740,P702IP,155,504923-2,71291-32,5/14/2026,True,5/14/2026 6:38:11 AM,True,5/13/2026 7:40:11 PM
AP05A,1340741,P702IP,155,504923-3,71291-31,5/14/2026,True,5/14/2026 6:38:11 AM,True,5/13/2026 7:39:30 PM
AP05A,1340742,P702IP,156,504924-1,71291-36,5/14/2026,True,5/14/2026 6:38:11 AM,True,5/13/2026 7:42:51 PM
AP05A,1340743,P702IP,156,504924-2,71291-35,5/14/2026,True,5/14/2026 6:38:11 AM,True,5/13/2026 7:42:17 PM
AP05A,1340744,P702IP,156,504924-3,71291-34,5/14/2026,True,5/14/2026 6:38:11 AM,True,5/13/2026 7:41:39 PM
AP05A,1340745,P702IP,157,504925-1,71291-39,5/14/2026,True,5/14/2026 6:38:11 AM,True,5/13/2026 7:45:33 PM
AP05A,1340746,P702IP,157,504925-2,71291-38,5/14/2026,True,5/14/2026 6:38:11 AM,True,5/13/2026 7:45:05 PM
AP05A,1340747,P702IP,157,504925-3,71291-37,5/14/2026,True,5/14/2026 6:38:11 AM,True,5/13/2026 7:44:23 PM
AP05A,1340748,P702IP,158,504926-1,71291-42,5/14/2026,True,5/14/2026 6:38:11 AM,True,5/13/2026 7:47:48 PM
AP05A,1340749,P702IP,158,504926-2,71291-41,5/14/2026,True,5/14/2026 6:38:11 AM,True,5/13/2026 7:47:06 PM
AP05A,1340750,P702IP,158,504926-3,71291-40,5/14/2026,True,5/14/2026 6:38:11 AM,True,5/13/2026 7:46:17 PM
AP05A,1340751,P702IP,159,504927-1,71291-45,5/14/2026,True,5/14/2026 6:38:11 AM,True,5/13/2026 7:50:25 PM
AP05A,1340752,P702IP,159,504927-2,71291-44,5/14/2026,True,5/14/2026 6:38:11 AM,True,5/13/2026 7:49:23 PM
AP05A,1340753,P702IP,159,504927-3,71291-43,5/14/2026,True,5/14/2026 6:38:11 AM,True,5/13/2026 7:49:02 PM
AP05A,1340754,P702IP,160,504928-1,71291-48,5/14/2026,True,5/14/2026 6:38:11 AM,True,5/13/2026 7:53:47 PM
AP05A,1340755,P702IP,160,504928-2,71291-47,5/14/2026,True,5/14/2026 6:38:11 AM,True,5/13/2026 7:51:51 PM
AP05A,1340756,P702IP,160,504928-3,71291-46,5/14/2026,True,5/14/2026 6:38:11 AM,True,5/13/2026 7:51:12 PM
AP05A,1340757,P702IP,161,504929-1,71291-51,5/14/2026,True,5/14/2026 6:38:11 AM,True,5/13/2026 7:55:43 PM
AP05A,1340758,P702IP,161,504929-2,71291-50,5/14/2026,True,5/14/2026 6:38:11 AM,True,5/13/2026 7:55:14 PM
AP05A,1340759,P702IP,161,504929-3,71291-49,5/14/2026,True,5/14/2026 6:38:11 AM,True,5/13/2026 7:54:47 PM
AP05A,1340760,P702IP,162,504930-1,71291-54,5/14/2026,True,5/14/2026 6:38:11 AM,True,5/13/2026 7:58:00 PM
AP05A,1340761,P702IP,162,504930-2,71291-53,5/14/2026,True,5/14/2026 6:38:11 AM,True,5/13/2026 7:57:22 PM
AP05A,1340762,P702IP,162,504930-3,71291-52,5/14/2026,True,5/14/2026 6:38:11 AM,True,5/13/2026 7:56:29 PM
AP05A,1340763,P702IP,163,504931-1,71291-57,5/14/2026,True,5/14/2026 6:38:11 AM,True,5/13/2026 8:02:42 PM
AP05A,1340764,P702IP,163,504931-2,71291-56,5/14/2026,True,5/14/2026 6:38:11 AM,True,5/13/2026 8:01:23 PM
AP05A,1340765,P702IP,163,504931-3,71291-55,5/14/2026,True,5/14/2026 6:38:11 AM,True,5/13/2026 8:00:50 PM
AP05A,1340766,P702IP,164,504932-1,71291-60,5/14/2026,True,5/14/2026 6:38:11 AM,True,5/13/2026 8:05:36 PM
AP05A,1340767,P702IP,164,504932-2,71291-59,5/14/2026,True,5/14/2026 6:38:11 AM,True,5/13/2026 8:04:46 PM
AP05A,1340768,P702IP,164,504932-3,71291-58,5/14/2026,True,5/14/2026 6:38:11 AM,True,5/13/2026 8:03:30 PM
AP05A,1340769,P702IP,165,504933-1,71291-63,5/14/2026,True,5/14/2026 6:38:11 AM,True,5/13/2026 8:08:47 PM
AP05A,1340770,P702IP,165,504933-2,71291-62,5/14/2026,True,5/14/2026 6:38:11 AM,True,5/13/2026 8:07:41 PM
AP05A,1340771,P702IP,165,504933-3,71291-61,5/14/2026,True,5/14/2026 6:38:11 AM,True,5/13/2026 8:06:48 PM
AP05A,1340772,P702IP,166,504934-1,71291-66,5/14/2026,True,5/14/2026 6:38:11 AM,True,5/13/2026 8:11:42 PM
AP05A,1340773,P702IP,166,504934-2,71291-65,5/14/2026,True,5/14/2026 6:38:11 AM,True,5/13/2026 8:11:00 PM
AP05A,1340774,P702IP,166,504934-3,71291-64,5/14/2026,True,5/14/2026 6:38:11 AM,True,5/13/2026 8:10:13 PM
AP05A,1340775,P702IP,167,504935-1,71291-69,5/14/2026,True,5/14/2026 6:38:11 AM,True,5/13/2026 8:14:15 PM
AP05A,1340776,P702IP,167,504935-2,71291-68,5/14/2026,True,5/14/2026 6:38:11 AM,True,5/13/2026 8:13:26 PM
AP05A,1340777,P702IP,167,504935-3,71291-67,5/14/2026,True,5/14/2026 6:38:11 AM,True,5/13/2026 8:12:57 PM
AP05A,1340778,P702IP,168,504936-1,71291-72,5/14/2026,True,5/14/2026 6:38:11 AM,True,5/13/2026 8:17:13 PM
AP05A,1340779,P702IP,168,504936-2,71291-71,5/14/2026,True,5/14/2026 6:38:11 AM,True,5/13/2026 8:16:41 PM
AP05A,1340780,P702IP,168,504936-3,71291-70,5/14/2026,True,5/14/2026 6:38:11 AM,True,5/13/2026 8:16:06 PM
AP05A,1340781,P702IP,169,504937-1,71292-3,5/14/2026,True,5/14/2026 6:38:11 AM,True,5/13/2026 8:19:39 PM
AP05A,1340782,P702IP,169,504937-2,71292-2,5/14/2026,True,5/14/2026 6:38:11 AM,True,5/13/2026 8:18:42 PM
AP05A,1340783,P702IP,169,504937-3,71292-1,5/14/2026,True,5/14/2026 6:38:11 AM,True,5/13/2026 8:18:00 PM
AP05A,1340784,P702IP,170,504938-1,71292-6,5/14/2026,True,5/14/2026 7:23:02 AM,True,5/13/2026 8:22:13 PM
AP05A,1340785,P702IP,170,504938-2,71292-5,5/14/2026,True,5/14/2026 7:23:02 AM,True,5/13/2026 8:21:33 PM
AP05A,1340786,P702IP,170,504938-3,71292-4,5/14/2026,True,5/14/2026 7:23:02 AM,True,5/13/2026 8:20:50 PM
AP05A,1340787,P702IP,171,504939-1,71292-9,5/14/2026,True,5/14/2026 7:23:02 AM,True,5/13/2026 8:25:33 PM
AP05A,1340788,P702IP,171,504939-2,71292-8,5/14/2026,True,5/14/2026 7:23:02 AM,True,5/13/2026 8:24:32 PM
AP05A,1340789,P702IP,171,504939-3,71292-7,5/14/2026,True,5/14/2026 7:23:02 AM,True,5/13/2026 8:23:35 PM
AP05A,1340790,P702IP,172,504940-1,71292-12,5/14/2026,True,5/14/2026 7:23:02 AM,True,5/13/2026 8:27:47 PM
AP05A,1340791,P702IP,172,504940-2,71292-11,5/14/2026,True,5/14/2026 7:23:02 AM,True,5/13/2026 8:27:13 PM
AP05A,1340792,P702IP,172,504940-3,71292-10,5/14/2026,True,5/14/2026 7:23:02 AM,True,5/13/2026 8:26:44 PM
AP05A,1340793,P702IP,173,504941-1,71292-15,5/14/2026,True,5/14/2026 7:23:02 AM,True,5/13/2026 8:52:32 PM
AP05A,1340794,P702IP,173,504941-2,71292-14,5/14/2026,True,5/14/2026 7:23:02 AM,True,5/13/2026 8:51:57 PM
AP05A,1340795,P702IP,173,504941-3,71292-13,5/14/2026,True,5/14/2026 7:23:02 AM,True,5/13/2026 8:51:14 PM
AP05A,1340796,P702IP,174,504942-1,71292-18,5/14/2026,True,5/14/2026 7:23:02 AM,True,5/13/2026 8:54:56 PM
AP05A,1340797,P702IP,174,504942-2,71292-17,5/14/2026,True,5/14/2026 7:23:02 AM,True,5/13/2026 8:54:12 PM
AP05A,1340798,P702IP,174,504942-3,71292-16,5/14/2026,True,5/14/2026 7:23:02 AM,True,5/13/2026 8:53:30 PM
AP05A,1340799,P702IP,175,504943-1,71292-21,5/14/2026,True,5/14/2026 7:23:02 AM,True,5/13/2026 8:56:52 PM
AP05A,1340800,P702IP,175,504943-2,71292-20,5/14/2026,True,5/14/2026 7:23:02 AM,True,5/13/2026 8:56:24 PM
AP05A,1340801,P702IP,175,504943-3,71292-19,5/14/2026,True,5/14/2026 7:23:02 AM,True,5/13/2026 8:55:55 PM
AP05A,1340802,P702IP,176,504944-1,71292-24,5/14/2026,True,5/14/2026 7:23:02 AM,True,5/13/2026 8:58:59 PM
AP05A,1340803,P702IP,176,504944-2,71292-23,5/14/2026,True,5/14/2026 7:23:02 AM,True,5/13/2026 8:58:27 PM
AP05A,1340804,P702IP,176,504944-3,71292-22,5/14/2026,True,5/14/2026 7:23:02 AM,True,5/13/2026 8:57:17 PM
AP05A,1340805,P702IP,177,504945-1,71292-27,5/14/2026,True,5/14/2026 7:23:02 AM,True,5/13/2026 9:01:12 PM
AP05A,1340806,P702IP,177,504945-2,71292-26,5/14/2026,True,5/14/2026 7:23:02 AM,True,5/13/2026 9:00:06 PM
AP05A,1340807,P702IP,177,504945-3,71292-25,5/14/2026,True,5/14/2026 7:23:02 AM,True,5/13/2026 8:59:50 PM
AP05A,1340808,P702IP,178,504946-1,71292-30,5/14/2026,True,5/14/2026 7:23:02 AM,True,5/13/2026 9:04:02 PM
AP05A,1340809,P702IP,178,504946-2,71292-29,5/14/2026,True,5/14/2026 7:23:02 AM,True,5/13/2026 9:03:33 PM
AP05A,1340810,P702IP,178,504946-3,71292-28,5/14/2026,True,5/14/2026 7:23:02 AM,True,5/13/2026 9:03:01 PM
AP05A,1340811,P702IP,179,504947-1,71292-33,5/14/2026,True,5/14/2026 7:23:02 AM,True,5/13/2026 9:07:12 PM
AP05A,1340812,P702IP,179,504947-2,71292-32,5/14/2026,True,5/14/2026 7:23:02 AM,True,5/13/2026 9:06:38 PM
AP05A,1340813,P702IP,179,504947-3,71292-31,5/14/2026,True,5/14/2026 7:23:02 AM,True,5/13/2026 9:05:23 PM
AP05A,1340814,P702IP,180,504948-1,71292-36,5/14/2026,True,5/14/2026 7:23:02 AM,True,5/13/2026 9:09:20 PM
AP05A,1340815,P702IP,180,504948-2,71292-35,5/14/2026,True,5/14/2026 7:23:02 AM,True,5/13/2026 9:08:41 PM
AP05A,1340816,P702IP,180,504948-3,71292-34,5/14/2026,True,5/14/2026 7:23:02 AM,True,5/13/2026 9:08:03 PM
AP05A,1340817,P702IP,181,504949-1,71292-39,5/14/2026,True,5/14/2026 7:23:02 AM,True,5/13/2026 9:11:41 PM
AP05A,1340818,P702IP,181,504949-2,71292-38,5/14/2026,True,5/14/2026 7:23:02 AM,True,5/13/2026 9:11:06 PM
AP05A,1340819,P702IP,181,504949-3,71292-37,5/14/2026,True,5/14/2026 7:23:02 AM,True,5/13/2026 9:10:30 PM
AP05A,1340820,P702IP,182,504950-1,71292-42,5/14/2026,True,5/14/2026 7:23:02 AM,True,5/13/2026 9:13:24 PM
AP05A,1340821,P702IP,182,504950-2,71292-41,5/14/2026,True,5/14/2026 7:23:02 AM,True,5/13/2026 9:13:00 PM
AP05A,1340822,P702IP,182,504950-3,71292-40,5/14/2026,True,5/14/2026 7:23:02 AM,True,5/13/2026 9:12:34 PM
AP05A,1340823,P702IP,183,504951-1,71292-45,5/14/2026,True,5/14/2026 7:23:02 AM,True,5/13/2026 9:15:12 PM
AP05A,1340824,P702IP,183,504951-2,71292-44,5/14/2026,True,5/14/2026 7:23:02 AM,True,5/13/2026 9:14:30 PM
AP05A,1340825,P702IP,183,504951-3,71292-43,5/14/2026,True,5/14/2026 7:23:02 AM,True,5/13/2026 9:13:50 PM
AP05A,1340826,P702IP,184,504952-1,71292-48,5/14/2026,True,5/14/2026 7:23:02 AM,True,5/13/2026 9:18:09 PM
AP05A,1340827,P702IP,184,504952-2,71292-47,5/14/2026,True,5/14/2026 7:23:02 AM,True,5/13/2026 9:17:08 PM
AP05A,1340828,P702IP,184,504952-3,71292-46,5/14/2026,True,5/14/2026 7:23:02 AM,True,5/13/2026 9:16:29 PM
AP05A,1340829,P702IP,185,504953-1,71292-51,5/14/2026,True,5/14/2026 7:23:02 AM,True,5/13/2026 9:21:08 PM
AP05A,1340830,P702IP,185,504953-2,71292-50,5/14/2026,True,5/14/2026 7:23:02 AM,True,5/13/2026 9:20:32 PM
AP05A,1340831,P702IP,185,504953-3,71292-49,5/14/2026,True,5/14/2026 7:23:02 AM,True,5/13/2026 9:19:39 PM
AP05A,1340832,P702IP,186,504954-1,71292-54,5/14/2026,True,5/14/2026 7:23:02 AM,True,5/13/2026 9:23:05 PM
AP05A,1340833,P702IP,186,504954-2,71292-53,5/14/2026,True,5/14/2026 7:23:02 AM,True,5/13/2026 9:22:04 PM
AP05A,1340834,P702IP,186,504954-3,71292-52,5/14/2026,True,5/14/2026 7:23:02 AM,True,5/13/2026 9:21:53 PM
AP05A,1340835,P702IP,187,504955-1,71292-57,5/14/2026,True,5/14/2026 7:23:02 AM,True,5/13/2026 9:26:15 PM
AP05A,1340836,P702IP,187,504955-2,71292-56,5/14/2026,True,5/14/2026 7:23:02 AM,True,5/13/2026 9:25:50 PM
AP05A,1340837,P702IP,187,504955-3,71292-55,5/14/2026,True,5/14/2026 7:23:02 AM,True,5/13/2026 9:24:31 PM
AP05A,1340838,P702IP,188,504956-1,71292-60,5/14/2026,True,5/14/2026 7:23:02 AM,True,5/13/2026 9:28:09 PM
AP05A,1340839,P702IP,188,504956-2,71292-59,5/14/2026,True,5/14/2026 7:23:02 AM,True,5/13/2026 9:27:40 PM
AP05A,1340840,P702IP,188,504956-3,71292-58,5/14/2026,True,5/14/2026 7:23:02 AM,True,5/13/2026 9:26:59 PM
AP05A,1340841,P702IP,189,504957-1,71292-63,5/14/2026,True,5/14/2026 7:23:02 AM,True,5/13/2026 9:30:18 PM
AP05A,1340842,P702IP,189,504957-2,71292-62,5/14/2026,True,5/14/2026 7:23:02 AM,True,5/13/2026 9:29:37 PM
AP05A,1340843,P702IP,189,504957-3,71292-61,5/14/2026,True,5/14/2026 7:23:02 AM,True,5/13/2026 9:28:54 PM
AP05A,1340844,P702IP,190,504958-1,71292-66,5/14/2026,True,5/14/2026 7:23:02 AM,True,5/13/2026 9:32:40 PM
AP05A,1340845,P702IP,190,504958-2,71292-65,5/14/2026,True,5/14/2026 7:23:02 AM,True,5/13/2026 9:31:53 PM
AP05A,1340846,P702IP,190,504958-3,71292-64,5/14/2026,True,5/14/2026 7:23:02 AM,True,5/13/2026 9:31:26 PM
AP05A,1340847,P702IP,191,504959-1,71292-69,5/14/2026,True,5/14/2026 7:23:02 AM,True,5/13/2026 9:35:02 PM
AP05A,1340848,P702IP,191,504959-2,71292-68,5/14/2026,True,5/14/2026 7:23:02 AM,True,5/13/2026 9:34:19 PM
AP05A,1340849,P702IP,191,504959-3,71292-67,5/14/2026,True,5/14/2026 7:23:02 AM,True,5/13/2026 9:33:38 PM
AP05A,1340850,P702IP,192,504960-1,71292-72,5/14/2026,True,5/14/2026 7:23:02 AM,True,5/13/2026 9:37:52 PM
AP05A,1340851,P702IP,192,504960-2,71292-71,5/14/2026,True,5/14/2026 7:23:02 AM,True,5/13/2026 9:36:47 PM
AP05A,1340852,P702IP,192,504960-3,71292-70,5/14/2026,True,5/14/2026 7:23:02 AM,True,5/13/2026 9:35:57 PM
AP05A,1340853,P702IP,193,504961-1,71293-3,5/14/2026,True,5/14/2026 7:23:02 AM,True,5/13/2026 9:40:59 PM
AP05A,1340854,P702IP,193,504961-2,71293-2,5/14/2026,True,5/14/2026 7:23:02 AM,True,5/13/2026 9:39:41 PM
AP05A,1340855,P702IP,193,504961-3,71293-1,5/14/2026,True,5/14/2026 7:23:02 AM,True,5/13/2026 9:38:49 PM
AP05A,1340856,P702IP,194,504962-1,71293-6,5/14/2026,True,5/14/2026 8:29:57 AM,True,5/13/2026 9:43:50 PM
AP05A,1340857,P702IP,194,504962-2,71293-5,5/14/2026,True,5/14/2026 8:29:57 AM,True,5/13/2026 9:42:46 PM
AP05A,1340858,P702IP,194,504962-3,71293-4,5/14/2026,True,5/14/2026 8:29:57 AM,True,5/13/2026 9:41:47 PM
AP05A,1340859,P702IP,195,504963-1,71293-9,5/14/2026,True,5/14/2026 8:29:57 AM,True,5/13/2026 9:46:02 PM
AP05A,1340860,P702IP,195,504963-2,71293-8,5/14/2026,True,5/14/2026 8:29:57 AM,True,5/13/2026 9:45:21 PM
AP05A,1340861,P702IP,195,504963-3,71293-7,5/14/2026,True,5/14/2026 8:29:57 AM,True,5/13/2026 9:44:42 PM
AP05A,1340862,P702IP,196,504964-1,71293-12,5/14/2026,True,5/14/2026 8:29:57 AM,True,5/13/2026 9:48:16 PM
AP05A,1340863,P702IP,196,504964-2,71293-11,5/14/2026,True,5/14/2026 8:29:57 AM,True,5/13/2026 9:47:39 PM
AP05A,1340864,P702IP,196,504964-3,71293-10,5/14/2026,True,5/14/2026 8:29:57 AM,True,5/13/2026 9:47:08 PM
AP05A,1340865,P702IP,197,504965-1,71293-15,5/14/2026,True,5/14/2026 8:29:57 AM,True,5/13/2026 9:50:42 PM
AP05A,1340866,P702IP,197,504965-2,71293-14,5/14/2026,True,5/14/2026 8:29:57 AM,True,5/13/2026 9:49:59 PM
AP05A,1340867,P702IP,197,504965-3,71293-13,5/14/2026,True,5/14/2026 8:29:57 AM,True,5/13/2026 9:49:08 PM
AP05A,1340868,P702IP,198,504966-1,71293-18,5/14/2026,True,5/14/2026 8:29:57 AM,True,5/13/2026 9:53:31 PM
AP05A,1340869,P702IP,198,504966-2,71293-17,5/14/2026,True,5/14/2026 8:29:57 AM,True,5/13/2026 9:52:46 PM
AP05A,1340870,P702IP,198,504966-3,71293-16,5/14/2026,True,5/14/2026 8:29:57 AM,True,5/13/2026 9:51:20 PM
AP05A,1340871,P702IP,199,504967-1,71293-21,5/14/2026,True,5/14/2026 8:29:57 AM,True,5/13/2026 9:56:01 PM
AP05A,1340872,P702IP,199,504967-2,71293-20,5/14/2026,True,5/14/2026 8:29:57 AM,True,5/13/2026 9:55:08 PM
AP05A,1340873,P702IP,199,504967-3,71293-19,5/14/2026,True,5/14/2026 8:29:57 AM,True,5/13/2026 9:54:19 PM
AP05A,1340874,P702IP,200,504968-1,71293-24,5/14/2026,True,5/14/2026 8:29:57 AM,True,5/13/2026 10:01:19 PM
AP05A,1340875,P702IP,200,504968-2,71293-23,5/14/2026,True,5/14/2026 8:29:57 AM,True,5/13/2026 10:00:40 PM
AP05A,1340876,P702IP,200,504968-3,71293-22,5/14/2026,True,5/14/2026 8:29:57 AM,True,5/13/2026 9:57:06 PM
AP05A,1340877,P702IP,201,504969-1,71293-27,5/14/2026,True,5/14/2026 8:29:57 AM,True,5/13/2026 10:03:38 PM
AP05A,1340878,P702IP,201,504969-2,71293-26,5/14/2026,True,5/14/2026 8:29:57 AM,True,5/13/2026 10:02:54 PM
AP05A,1340879,P702IP,201,504969-3,71293-25,5/14/2026,True,5/14/2026 8:29:57 AM,True,5/13/2026 10:02:17 PM
AP05A,1340880,P702IP,202,504970-1,71293-30,5/14/2026,True,5/14/2026 8:29:57 AM,True,5/13/2026 10:05:38 PM
AP05A,1340881,P702IP,202,504970-2,71293-29,5/14/2026,True,5/14/2026 8:29:57 AM,True,5/13/2026 10:05:08 PM
AP05A,1340882,P702IP,202,504970-3,71293-28,5/14/2026,True,5/14/2026 8:29:57 AM,True,5/13/2026 10:04:37 PM
AP05A,1340883,P702IP,203,504971-1,71293-33,5/14/2026,True,5/14/2026 8:29:57 AM,True,5/13/2026 10:09:15 PM
AP05A,1340884,P702IP,203,504971-2,71293-32,5/14/2026,True,5/14/2026 8:29:57 AM,True,5/13/2026 10:07:32 PM
AP05A,1340885,P702IP,203,504971-3,71293-31,5/14/2026,True,5/14/2026 8:29:57 AM,True,5/13/2026 10:06:44 PM
AP05A,1340886,P702IP,204,504972-1,71293-36,5/14/2026,True,5/14/2026 8:29:57 AM,True,5/13/2026 10:11:22 PM
AP05A,1340887,P702IP,204,504972-2,71293-35,5/14/2026,True,5/14/2026 8:29:57 AM,True,5/13/2026 10:10:37 PM
AP05A,1340888,P702IP,204,504972-3,71293-34,5/14/2026,True,5/14/2026 8:29:57 AM,True,5/13/2026 10:10:06 PM
AP05A,1340889,P702IP,205,504973-1,71293-39,5/14/2026,True,5/14/2026 8:29:57 AM,True,5/13/2026 10:13:39 PM
AP05A,1340890,P702IP,205,504973-2,71293-38,5/14/2026,True,5/14/2026 8:29:57 AM,True,5/13/2026 10:12:59 PM
AP05A,1340891,P702IP,205,504973-3,71293-37,5/14/2026,True,5/14/2026 8:29:57 AM,True,5/13/2026 10:12:14 PM
AP05A,1340892,P702IP,206,504974-1,71293-42,5/14/2026,True,5/14/2026 8:29:57 AM,True,5/13/2026 10:16:02 PM
AP05A,1340893,P702IP,206,504974-2,71293-41,5/14/2026,True,5/14/2026 8:29:57 AM,True,5/13/2026 10:15:10 PM
AP05A,1340894,P702IP,206,504974-3,71293-40,5/14/2026,True,5/14/2026 8:29:57 AM,True,5/13/2026 10:14:33 PM
AP05A,1340895,P702IP,207,504975-1,71293-45,5/14/2026,True,5/14/2026 8:29:57 AM,True,5/13/2026 10:18:20 PM
AP05A,1340896,P702IP,207,504975-2,71293-44,5/14/2026,True,5/14/2026 8:29:57 AM,True,5/13/2026 10:17:50 PM
AP05A,1340897,P702IP,207,504975-3,71293-43,5/14/2026,True,5/14/2026 8:29:57 AM,True,5/13/2026 10:17:11 PM
AP05A,1340898,P702IP,208,504976-1,71293-48,5/14/2026,True,5/14/2026 8:29:57 AM,True,5/13/2026 10:21:09 PM
AP05A,1340899,P702IP,208,504976-2,71293-47,5/14/2026,True,5/14/2026 8:29:57 AM,True,5/13/2026 10:20:07 PM
AP05A,1340900,P702IP,208,504976-3,71293-46,5/14/2026,True,5/14/2026 8:29:57 AM,True,5/13/2026 10:19:24 PM
AP05A,1340901,P702IP,209,504977-1,71293-51,5/14/2026,True,5/14/2026 8:29:57 AM,True,5/13/2026 10:23:56 PM
AP05A,1340902,P702IP,209,504977-2,71293-50,5/14/2026,True,5/14/2026 8:29:57 AM,True,5/13/2026 10:22:46 PM
AP05A,1340903,P702IP,209,504977-3,71293-49,5/14/2026,True,5/14/2026 8:29:57 AM,True,5/13/2026 10:22:16 PM
AP05A,1340904,P702IP,210,504978-1,71293-54,5/14/2026,True,5/14/2026 8:29:57 AM,True,5/13/2026 10:26:29 PM
AP05A,1340905,P702IP,210,504978-2,71293-53,5/14/2026,True,5/14/2026 8:29:57 AM,True,5/13/2026 10:25:27 PM
AP05A,1340906,P702IP,210,504978-3,71293-52,5/14/2026,True,5/14/2026 8:29:57 AM,True,5/13/2026 10:24:48 PM
AP05A,1340907,P702IP,211,504979-1,71293-57,5/14/2026,True,5/14/2026 8:29:57 AM,True,5/13/2026 10:29:03 PM
AP05A,1340908,P702IP,211,504979-2,71293-56,5/14/2026,True,5/14/2026 8:29:57 AM,True,5/13/2026 10:28:16 PM
AP05A,1340909,P702IP,211,504979-3,71293-55,5/14/2026,True,5/14/2026 8:29:57 AM,True,5/13/2026 10:27:34 PM
AP05A,1340910,P702IP,212,504980-1,71293-60,5/14/2026,True,5/14/2026 8:29:57 AM,True,5/13/2026 10:31:37 PM
AP05A,1340911,P702IP,212,504980-2,71293-59,5/14/2026,True,5/14/2026 8:29:57 AM,True,5/13/2026 10:30:49 PM
AP05A,1340912,P702IP,212,504980-3,71293-58,5/14/2026,True,5/14/2026 8:29:57 AM,True,5/13/2026 10:30:05 PM
AP05A,1340913,P702IP,213,504981-1,71293-63,5/14/2026,True,5/14/2026 8:29:57 AM,True,5/13/2026 10:33:40 PM
AP05A,1340914,P702IP,213,504981-2,71293-62,5/14/2026,True,5/14/2026 8:29:57 AM,True,5/13/2026 10:33:07 PM
AP05A,1340915,P702IP,213,504981-3,71293-61,5/14/2026,True,5/14/2026 8:29:57 AM,True,5/13/2026 10:32:39 PM
AP05A,1340916,P702IP,214,504982-1,71293-66,5/14/2026,True,5/14/2026 8:29:57 AM,True,5/13/2026 10:37:28 PM
AP05A,1340917,P702IP,214,504982-2,71293-65,5/14/2026,True,5/14/2026 8:29:57 AM,True,5/13/2026 10:36:02 PM
AP05A,1340918,P702IP,214,504982-3,71293-64,5/14/2026,True,5/14/2026 8:29:57 AM,True,5/13/2026 10:34:33 PM
AP05A,1340919,P702IP,215,504983-1,71293-69,5/14/2026,True,5/14/2026 8:29:57 AM,True,5/13/2026 10:40:06 PM
AP05A,1340920,P702IP,215,504983-2,71293-68,5/14/2026,True,5/14/2026 8:29:57 AM,True,5/13/2026 10:39:06 PM
AP05A,1340921,P702IP,215,504983-3,71293-67,5/14/2026,True,5/14/2026 8:29:57 AM,True,5/13/2026 10:38:31 PM
AP05A,1340922,P702IP,216,504984-1,71293-72,5/14/2026,True,5/14/2026 8:29:57 AM,True,5/13/2026 10:43:05 PM
AP05A,1340923,P702IP,216,504984-2,71293-71,5/14/2026,True,5/14/2026 8:29:57 AM,True,5/13/2026 10:41:56 PM
AP05A,1340924,P702IP,216,504984-3,71293-70,5/14/2026,True,5/14/2026 8:29:57 AM,True,5/13/2026 10:41:21 PM
AP05A,1340925,P702IP,217,504985-1,71294-3,5/14/2026,True,5/14/2026 8:29:57 AM,True,5/13/2026 10:46:14 PM
AP05A,1340926,P702IP,217,504985-2,71294-2,5/14/2026,True,5/14/2026 8:29:57 AM,True,5/13/2026 10:45:26 PM
AP05A,1340927,P702IP,217,504985-3,71294-1,5/14/2026,True,5/14/2026 8:29:57 AM,True,5/13/2026 10:43:59 PM
AP05A,1340928,P702IP,218,504986-1,71294-6,5/14/2026,True,5/14/2026 9:39:07 AM,True,5/13/2026 10:48:11 PM
AP05A,1340929,P702IP,218,504986-2,71294-5,5/14/2026,True,5/14/2026 9:39:07 AM,True,5/13/2026 10:47:39 PM
AP05A,1340930,P702IP,218,504986-3,71294-4,5/14/2026,True,5/14/2026 9:39:07 AM,True,5/13/2026 10:46:55 PM
AP05A,1340931,P702IP,219,504987-1,71294-9,5/14/2026,True,5/14/2026 9:39:07 AM,True,5/13/2026 10:50:51 PM
AP05A,1340932,P702IP,219,504987-2,71294-8,5/14/2026,True,5/14/2026 9:39:07 AM,True,5/13/2026 10:49:53 PM
AP05A,1340933,P702IP,219,504987-3,71294-7,5/14/2026,True,5/14/2026 9:39:07 AM,True,5/13/2026 10:49:14 PM
AP05A,1340934,P702IP,220,504988-1,71294-12,5/14/2026,True,5/14/2026 9:39:07 AM,True,5/13/2026 10:53:10 PM
AP05A,1340935,P702IP,220,504988-2,71294-11,5/14/2026,True,5/14/2026 9:39:07 AM,True,5/13/2026 10:52:42 PM
AP05A,1340936,P702IP,220,504988-3,71294-10,5/14/2026,True,5/14/2026 9:39:07 AM,True,5/13/2026 10:51:25 PM
AP05A,1340937,P702IP,221,504989-1,71294-15,5/14/2026,True,5/14/2026 9:39:07 AM,True,5/13/2026 10:55:46 PM
AP05A,1340938,P702IP,221,504989-2,71294-14,5/14/2026,True,5/14/2026 9:39:07 AM,True,5/13/2026 10:54:55 PM
AP05A,1340939,P702IP,221,504989-3,71294-13,5/14/2026,True,5/14/2026 9:39:07 AM,True,5/13/2026 10:53:29 PM
AP05A,1340940,P702IP,222,504990-1,71294-18,5/14/2026,True,5/14/2026 9:39:07 AM,True,5/14/2026 12:54:59 AM
AP05A,1340941,P702IP,222,504990-2,71294-17,5/14/2026,True,5/14/2026 9:39:07 AM,True,5/14/2026 12:54:19 AM
AP05A,1340942,P702IP,222,504990-3,71294-16,5/14/2026,True,5/14/2026 9:39:07 AM,True,5/14/2026 12:52:22 AM
AP05A,1340943,P702IP,223,504991-1,71294-21,5/14/2026,True,5/14/2026 9:39:07 AM,True,5/14/2026 12:57:49 AM
AP05A,1340944,P702IP,223,504991-2,71294-20,5/14/2026,True,5/14/2026 9:39:07 AM,True,5/14/2026 12:57:02 AM
AP05A,1340945,P702IP,223,504991-3,71294-19,5/14/2026,True,5/14/2026 9:39:07 AM,True,5/14/2026 12:56:05 AM
AP05A,1340946,P702IP,224,504992-1,71294-24,5/14/2026,True,5/14/2026 9:39:07 AM,True,5/14/2026 1:00:02 AM
AP05A,1340947,P702IP,224,504992-2,71294-23,5/14/2026,True,5/14/2026 9:39:07 AM,True,5/14/2026 12:59:33 AM
AP05A,1340948,P702IP,224,504992-3,71294-22,5/14/2026,True,5/14/2026 9:39:07 AM,True,5/14/2026 12:59:03 AM
AP05A,1340949,P702IP,225,504993-1,71294-27,5/14/2026,True,5/14/2026 9:39:07 AM,True,5/14/2026 1:02:12 AM
AP05A,1340950,P702IP,225,504993-2,71294-26,5/14/2026,True,5/14/2026 9:39:07 AM,True,5/14/2026 1:01:36 AM
AP05A,1340951,P702IP,225,504993-3,71294-25,5/14/2026,True,5/14/2026 9:39:07 AM,True,5/14/2026 1:00:57 AM
AP05A,1340952,P702IP,226,504994-1,71294-30,5/14/2026,True,5/14/2026 9:39:07 AM,True,5/14/2026 1:04:41 AM
AP05A,1340953,P702IP,226,504994-2,71294-29,5/14/2026,True,5/14/2026 9:39:07 AM,True,5/14/2026 1:04:09 AM
AP05A,1340954,P702IP,226,504994-3,71294-28,5/14/2026,True,5/14/2026 9:39:07 AM,True,5/14/2026 1:03:28 AM
AP05A,1340955,P702IP,227,504995-1,71294-33,5/14/2026,True,5/14/2026 9:39:07 AM,True,5/14/2026 1:07:29 AM
AP05A,1340956,P702IP,227,504995-2,71294-32,5/14/2026,True,5/14/2026 9:39:07 AM,True,5/14/2026 1:06:49 AM
AP05A,1340957,P702IP,227,504995-3,71294-31,5/14/2026,True,5/14/2026 9:39:07 AM,True,5/14/2026 1:05:34 AM
AP05A,1340958,P702IP,228,504996-1,71294-36,5/14/2026,True,5/14/2026 9:39:07 AM,True,5/14/2026 1:10:13 AM
AP05A,1340959,P702IP,228,504996-2,71294-35,5/14/2026,True,5/14/2026 9:39:07 AM,True,5/14/2026 1:09:29 AM
AP05A,1340960,P702IP,228,504996-3,71294-34,5/14/2026,True,5/14/2026 9:39:07 AM,True,5/14/2026 1:08:26 AM
AP05A,1340961,P702IP,229,504997-1,71294-39,5/14/2026,True,5/14/2026 9:39:07 AM,True,5/14/2026 1:12:36 AM
AP05A,1340962,P702IP,229,504997-2,71294-38,5/14/2026,True,5/14/2026 9:39:07 AM,True,5/14/2026 1:11:59 AM
AP05A,1340963,P702IP,229,504997-3,71294-37,5/14/2026,True,5/14/2026 9:39:07 AM,True,5/14/2026 1:11:18 AM
AP05A,1340964,P702IP,230,504998-1,71294-42,5/14/2026,True,5/14/2026 9:39:07 AM,True,5/14/2026 1:14:34 AM
AP05A,1340965,P702IP,230,504998-2,71294-41,5/14/2026,True,5/14/2026 9:39:07 AM,True,5/14/2026 1:14:02 AM
AP05A,1340966,P702IP,230,504998-3,71294-40,5/14/2026,True,5/14/2026 9:39:07 AM,True,5/14/2026 1:13:29 AM
AP05A,1340967,P702IP,231,504999-1,71294-45,5/14/2026,True,5/14/2026 9:39:07 AM,True,5/14/2026 1:16:51 AM
AP05A,1340968,P702IP,231,504999-2,71294-44,5/14/2026,True,5/14/2026 9:39:07 AM,True,5/14/2026 1:16:10 AM
AP05A,1340969,P702IP,231,504999-3,71294-43,5/14/2026,True,5/14/2026 9:39:07 AM,True,5/14/2026 1:15:30 AM
AP05A,1340970,P702IP,232,505000-1,71294-48,5/14/2026,True,5/14/2026 9:39:07 AM,True,5/14/2026 1:19:26 AM
AP05A,1340971,P702IP,232,505000-2,71294-47,5/14/2026,True,5/14/2026 9:39:07 AM,True,5/14/2026 1:18:46 AM
AP05A,1340972,P702IP,232,505000-3,71294-46,5/14/2026,True,5/14/2026 9:39:07 AM,True,5/14/2026 1:18:02 AM
AP05A,1340973,P702IP,233,505001-1,71294-51,5/14/2026,True,5/14/2026 9:39:07 AM,True,5/14/2026 1:22:07 AM
AP05A,1340974,P702IP,233,505001-2,71294-50,5/14/2026,True,5/14/2026 9:39:07 AM,True,5/14/2026 1:21:13 AM
AP05A,1340975,P702IP,233,505001-3,71294-49,5/14/2026,True,5/14/2026 9:39:07 AM,True,5/14/2026 1:20:30 AM
AP05A,1340976,P702IP,234,505002-1,71294-54,5/14/2026,True,5/14/2026 9:39:07 AM,True,5/14/2026 1:24:29 AM
AP05A,1340977,P702IP,234,505002-2,71294-53,5/14/2026,True,5/14/2026 9:39:07 AM,True,5/14/2026 1:23:43 AM
AP05A,1340978,P702IP,234,505002-3,71294-52,5/14/2026,True,5/14/2026 9:39:07 AM,True,5/14/2026 1:23:03 AM
AP05A,1340979,P702IP,235,505003-1,71294-57,5/14/2026,True,5/14/2026 9:39:07 AM,True,5/14/2026 1:27:04 AM
AP05A,1340980,P702IP,235,505003-2,71294-56,5/14/2026,True,5/14/2026 9:39:07 AM,True,5/14/2026 1:26:22 AM
AP05A,1340981,P702IP,235,505003-3,71294-55,5/14/2026,True,5/14/2026 9:39:07 AM,True,5/14/2026 1:25:28 AM
AP05A,1340982,P702IP,236,505004-1,71294-60,5/14/2026,True,5/14/2026 9:39:07 AM,True,5/14/2026 1:29:45 AM
AP05A,1340983,P702IP,236,505004-2,71294-59,5/14/2026,True,5/14/2026 9:39:07 AM,True,5/14/2026 1:29:00 AM
AP05A,1340984,P702IP,236,505004-3,71294-58,5/14/2026,True,5/14/2026 9:39:07 AM,True,5/14/2026 1:27:56 AM
AP05A,1340985,P702IP,237,505005-1,71294-63,5/14/2026,True,5/14/2026 9:39:07 AM,True,5/14/2026 1:32:27 AM
AP05A,1340986,P702IP,237,505005-2,1037-1,5/14/2026,True,5/14/2026 9:39:07 AM,True,5/14/2026 1:50:55 AM
AP05A,1340987,P702IP,237,505005-3,71294-61,5/14/2026,True,5/14/2026 9:39:07 AM,True,5/14/2026 1:31:09 AM
AP05A,1340988,P702IP,238,505006-1,71294-66,5/14/2026,True,5/14/2026 9:39:07 AM,True,5/14/2026 1:34:36 AM
AP05A,1340989,P702IP,238,505006-2,71294-65,5/14/2026,True,5/14/2026 9:39:07 AM,True,5/14/2026 1:33:56 AM
AP05A,1340990,P702IP,238,505006-3,71294-64,5/14/2026,True,5/14/2026 9:39:07 AM,True,5/14/2026 1:33:15 AM
AP05A,1340991,P702IP,239,505007-1,71294-69,5/14/2026,True,5/14/2026 9:39:07 AM,True,5/14/2026 1:37:14 AM
AP05A,1340992,P702IP,239,505007-2,71294-68,5/14/2026,True,5/14/2026 9:39:07 AM,True,5/14/2026 1:36:10 AM
AP05A,1340993,P702IP,239,505007-3,71294-67,5/14/2026,True,5/14/2026 9:39:07 AM,True,5/14/2026 1:35:31 AM
AP05A,1340994,P702IP,240,505008-1,71294-72,5/14/2026,True,5/14/2026 9:39:07 AM,True,5/14/2026 1:41:05 AM
AP05A,1340995,P702IP,240,505008-2,71294-71,5/14/2026,True,5/14/2026 9:39:07 AM,True,5/14/2026 1:38:54 AM
AP05A,1340996,P702IP,240,505008-3,71294-70,5/14/2026,True,5/14/2026 9:39:07 AM,True,5/14/2026 1:38:10 AM
AP05A,1340997,P702IP,241,505009-1,71295-3,5/14/2026,True,5/14/2026 9:39:07 AM,True,5/14/2026 1:44:06 AM
AP05A,1340998,P702IP,241,505009-2,71295-2,5/14/2026,True,5/14/2026 9:39:07 AM,True,5/14/2026 1:43:12 AM
AP05A,1340999,P702IP,241,505009-3,71295-1,5/14/2026,True,5/14/2026 9:39:07 AM,True,5/14/2026 1:42:31 AM
AP05A,1341000,P702IP,242,505010-1,71295-6,5/14/2026,False,5/13/2026 8:51:23 AM,True,5/14/2026 1:46:49 AM
AP05A,1341001,P702IP,242,505010-2,71295-5,5/14/2026,False,5/13/2026 8:51:25 AM,True,5/14/2026 1:46:03 AM
AP05A,1341002,P702IP,242,505010-3,71295-4,5/14/2026,False,5/13/2026 8:51:27 AM,True,5/14/2026 1:44:58 AM
AP05A,1341003,P702IP,243,505011-1,71295-9,5/14/2026,False,5/13/2026 8:51:31 AM,True,5/14/2026 1:49:24 AM
AP05A,1341004,P702IP,243,505011-2,71295-8,5/14/2026,False,5/13/2026 8:51:34 AM,True,5/14/2026 1:48:42 AM
AP05A,1341005,P702IP,243,505011-3,71295-7,5/14/2026,False,5/13/2026 8:51:37 AM,True,5/14/2026 1:47:41 AM
AP05A,1341006,P702IP,244,505012-1,71295-12,5/14/2026,False,5/13/2026 8:51:40 AM,True,5/14/2026 1:55:02 AM
AP05A,1341007,P702IP,244,505012-2,71295-11,5/14/2026,False,5/13/2026 8:51:42 AM,True,5/14/2026 1:54:24 AM
AP05A,1341008,P702IP,244,505012-3,71295-10,5/14/2026,False,5/13/2026 8:51:44 AM,True,5/14/2026 1:50:26 AM
AP05A,1341009,P702IP,245,505013-1,71295-15,5/14/2026,False,5/13/2026 8:51:47 AM,True,5/14/2026 1:57:44 AM
AP05A,1341010,P702IP,245,505013-2,71295-14,5/14/2026,False,5/13/2026 8:51:49 AM,True,5/14/2026 1:57:07 AM
AP05A,1341011,P702IP,245,505013-3,71295-13,5/14/2026,False,5/13/2026 8:51:52 AM,True,5/14/2026 1:55:59 AM
AP05A,1341012,P702IP,246,505014-1,71295-18,5/14/2026,False,5/13/2026 8:51:54 AM,True,5/14/2026 2:00:04 AM
AP05A,1341013,P702IP,246,505014-2,71295-17,5/14/2026,False,5/13/2026 8:51:57 AM,True,5/14/2026 1:59:23 AM
AP05A,1341014,P702IP,246,505014-3,71295-16,5/14/2026,False,5/13/2026 8:51:59 AM,True,5/14/2026 1:58:43 AM
AP05A,1341015,P702IP,247,505015-1,71295-21,5/14/2026,False,5/13/2026 8:52:02 AM,True,5/14/2026 2:02:44 AM
AP05A,1341016,P702IP,247,505015-2,71295-20,5/14/2026,False,5/13/2026 8:52:04 AM,True,5/14/2026 2:02:14 AM
AP05A,1341017,P702IP,247,505015-3,71295-19,5/14/2026,False,5/13/2026 8:52:06 AM,True,5/14/2026 2:01:43 AM
AP05A,1341018,P702IP,248,505016-1,71295-24,5/14/2026,False,5/13/2026 8:52:08 AM,True,5/14/2026 2:04:48 AM
AP05A,1341019,P702IP,248,505016-2,71295-23,5/14/2026,False,5/13/2026 8:52:10 AM,True,5/14/2026 2:04:09 AM
AP05A,1341020,P702IP,248,505016-3,71295-22,5/14/2026,False,5/13/2026 8:52:13 AM,True,5/14/2026 2:03:32 AM
AP05A,1341021,P702IP,249,505017-1,71295-27,5/14/2026,False,5/13/2026 8:52:15 AM,True,5/14/2026 2:07:04 AM
AP05A,1341022,P702IP,249,505017-2,71295-26,5/14/2026,False,5/13/2026 8:52:17 AM,True,5/14/2026 2:06:26 AM
AP05A,1341023,P702IP,249,505017-3,71295-25,5/14/2026,False,5/13/2026 8:52:19 AM,True,5/14/2026 2:05:41 AM
AP05A,1341024,P702IP,250,505018-1,71295-30,5/14/2026,False,5/13/2026 8:52:22 AM,True,5/14/2026 2:09:29 AM
AP05A,1341025,P702IP,250,505018-2,71295-29,5/14/2026,False,5/13/2026 8:52:24 AM,True,5/14/2026 2:08:51 AM
AP05A,1341026,P702IP,250,505018-3,71295-28,5/14/2026,False,5/13/2026 8:52:26 AM,True,5/14/2026 2:08:14 AM
AP05A,1341027,P702IP,251,505019-1,71295-33,5/14/2026,False,5/13/2026 8:52:29 AM,True,5/14/2026 2:11:23 AM
AP05A,1341028,P702IP,251,505019-2,71295-32,5/14/2026,False,5/13/2026 8:52:31 AM,True,5/14/2026 2:10:52 AM
AP05A,1341029,P702IP,251,505019-3,71295-31,5/14/2026,False,5/13/2026 8:52:33 AM,True,5/14/2026 2:10:20 AM
AP05A,1341030,P702IP,252,505020-1,71295-36,5/14/2026,False,5/13/2026 8:52:35 AM,True,5/14/2026 2:13:32 AM
AP05A,1341031,P702IP,252,505020-2,71295-35,5/14/2026,False,5/13/2026 8:52:37 AM,True,5/14/2026 2:12:49 AM
AP05A,1341032,P702IP,252,505020-3,71295-34,5/14/2026,False,5/13/2026 8:52:40 AM,True,5/14/2026 2:12:03 AM
AP05A,1341033,P702IP,253,505021-1,71295-39,5/14/2026,False,5/13/2026 8:52:42 AM,True,5/14/2026 2:15:54 AM
AP05A,1341034,P702IP,253,505021-2,71295-38,5/14/2026,False,5/13/2026 8:52:45 AM,True,5/14/2026 2:15:14 AM
AP05A,1341035,P702IP,253,505021-3,71295-37,5/14/2026,False,5/13/2026 8:52:47 AM,True,5/14/2026 2:14:36 AM
AP05A,1341036,P702IP,254,505022-1,71295-42,5/14/2026,False,5/13/2026 8:52:50 AM,True,5/14/2026 2:18:05 AM
AP05A,1341037,P702IP,254,505022-2,71295-41,5/14/2026,False,5/13/2026 8:52:52 AM,True,5/14/2026 2:17:25 AM
AP05A,1341038,P702IP,254,505022-3,71295-40,5/14/2026,False,5/13/2026 8:52:54 AM,True,5/14/2026 2:16:50 AM
AP05A,1341039,P702IP,255,505023-1,71295-45,5/14/2026,False,5/13/2026 8:52:56 AM,True,5/14/2026 2:21:08 AM
AP05A,1341040,P702IP,255,505023-2,71295-44,5/14/2026,False,5/13/2026 8:52:59 AM,True,5/14/2026 2:20:10 AM
AP05A,1341041,P702IP,255,505023-3,71295-43,5/14/2026,False,5/13/2026 8:53:01 AM,True,5/14/2026 2:19:25 AM
AP05A,1341042,P702IP,256,505024-1,71295-48,5/14/2026,False,5/13/2026 8:53:04 AM,True,5/14/2026 2:23:28 AM
AP05A,1341043,P702IP,256,505024-2,71295-47,5/14/2026,False,5/13/2026 8:53:07 AM,True,5/14/2026 2:22:37 AM
AP05A,1341044,P702IP,256,505024-3,71295-46,5/14/2026,False,5/13/2026 8:53:09 AM,True,5/14/2026 2:22:09 AM
AP05A,1341045,P702IP,257,505025-1,71295-51,5/14/2026,False,5/13/2026 8:53:11 AM,True,5/14/2026 2:25:49 AM
AP05A,1341046,P702IP,257,505025-2,71295-50,5/14/2026,False,5/13/2026 8:53:13 AM,True,5/14/2026 2:25:07 AM
AP05A,1341047,P702IP,257,505025-3,71295-49,5/14/2026,False,5/13/2026 8:53:16 AM,True,5/14/2026 2:24:09 AM
AP05A,1341048,P702IP,258,505026-1,71295-54,5/14/2026,False,5/13/2026 8:53:18 AM,True,5/14/2026 2:51:29 AM
AP05A,1341049,P702IP,258,505026-2,71295-53,5/14/2026,False,5/13/2026 8:53:20 AM,True,5/14/2026 2:50:53 AM
AP05A,1341050,P702IP,258,505026-3,71295-52,5/14/2026,False,5/13/2026 8:53:22 AM,True,5/14/2026 2:50:26 AM
AP05A,1341051,P702IP,259,505027-1,71295-57,5/14/2026,False,5/13/2026 8:53:25 AM,True,5/14/2026 2:53:43 AM
AP05A,1341052,P702IP,259,505027-2,71295-56,5/14/2026,False,5/13/2026 8:53:27 AM,True,5/14/2026 2:52:46 AM
AP05A,1341053,P702IP,259,505027-3,71295-55,5/14/2026,False,5/13/2026 8:53:29 AM,True,5/14/2026 2:52:17 AM
AP05A,1341054,P702IP,260,505028-1,71295-60,5/14/2026,False,5/13/2026 8:53:31 AM,True,5/14/2026 2:55:53 AM
AP05A,1341055,P702IP,260,505028-2,71295-59,5/14/2026,False,5/13/2026 8:53:34 AM,True,5/14/2026 2:55:27 AM
AP05A,1341056,P702IP,260,505028-3,71295-58,5/14/2026,False,5/13/2026 8:53:36 AM,True,5/14/2026 2:55:01 AM
AP05A,1341057,P702IP,261,505029-1,71295-63,5/14/2026,False,5/13/2026 8:53:38 AM,True,5/14/2026 2:57:45 AM
AP05A,1341058,P702IP,261,505029-2,71295-62,5/14/2026,False,5/13/2026 8:53:40 AM,True,5/14/2026 2:57:13 AM
AP05A,1341059,P702IP,261,505029-3,71295-61,5/14/2026,False,5/13/2026 8:53:42 AM,True,5/14/2026 2:56:24 AM
AP05A,1341060,P702IP,262,505030-1,71295-66,5/14/2026,False,5/13/2026 8:53:45 AM,True,5/14/2026 2:59:54 AM
AP05A,1341061,P702IP,262,505030-2,71295-65,5/14/2026,False,5/13/2026 8:53:47 AM,True,5/14/2026 2:59:13 AM
AP05A,1341062,P702IP,262,505030-3,71295-64,5/14/2026,False,5/13/2026 8:53:49 AM,True,5/14/2026 2:58:43 AM
AP05A,1341063,P702IP,263,505031-1,71295-69,5/14/2026,False,5/13/2026 8:53:52 AM,True,5/14/2026 3:02:22 AM
AP05A,1341064,P702IP,263,505031-2,71295-68,5/14/2026,False,5/13/2026 8:53:54 AM,True,5/14/2026 3:01:30 AM
AP05A,1341065,P702IP,263,505031-3,71295-67,5/14/2026,False,5/13/2026 8:53:56 AM,True,5/14/2026 3:00:45 AM
AP05A,1341066,P702IP,264,505032-1,71295-72,5/14/2026,False,5/13/2026 8:53:58 AM,True,5/14/2026 3:05:01 AM
AP05A,1341067,P702IP,264,505032-2,71295-71,5/14/2026,False,5/13/2026 8:54:02 AM,True,5/14/2026 3:04:23 AM
AP05A,1341068,P702IP,264,505032-3,71295-70,5/14/2026,False,5/13/2026 8:54:04 AM,True,5/14/2026 3:03:42 AM
AP05A,1341069,P702IP,265,505033-1,71296-3,5/14/2026,False,5/13/2026 9:55:22 AM,True,5/14/2026 3:11:22 AM
AP05A,1341070,P702IP,265,505033-2,71296-2,5/14/2026,False,5/13/2026 9:55:25 AM,True,5/14/2026 3:08:38 AM
AP05A,1341071,P702IP,265,505033-3,71296-1,5/14/2026,False,5/13/2026 9:55:27 AM,True,5/14/2026 3:06:09 AM
AP05A,1341072,P702IP,266,505034-1,71296-6,5/14/2026,False,5/13/2026 9:55:29 AM,True,5/14/2026 3:13:33 AM
AP05A,1341073,P702IP,266,505034-2,71296-5,5/14/2026,False,5/13/2026 9:55:31 AM,True,5/14/2026 3:13:04 AM
AP05A,1341074,P702IP,266,505034-3,71296-4,5/14/2026,False,5/13/2026 9:55:34 AM,True,5/14/2026 3:12:19 AM
AP05A,1341075,P702IP,267,505035-1,71296-9,5/14/2026,False,5/13/2026 9:55:36 AM,True,5/14/2026 3:18:03 AM
AP05A,1341076,P702IP,267,505035-2,71296-8,5/14/2026,False,5/13/2026 9:55:38 AM,True,5/14/2026 3:17:13 AM
AP05A,1341077,P702IP,267,505035-3,71296-7,5/14/2026,False,5/13/2026 9:55:40 AM,True,5/14/2026 3:15:16 AM
AP05A,1341078,P702IP,268,505036-1,71296-12,5/14/2026,False,5/13/2026 9:55:43 AM,True,5/14/2026 3:20:24 AM
AP05A,1341079,P702IP,268,505036-2,71296-11,5/14/2026,False,5/13/2026 9:55:45 AM,True,5/14/2026 3:19:45 AM
AP05A,1341080,P702IP,268,505036-3,71296-10,5/14/2026,False,5/13/2026 9:55:47 AM,True,5/14/2026 3:19:08 AM
AP05A,1341081,P702IP,269,505037-1,71296-15,5/14/2026,False,5/13/2026 9:55:50 AM,True,5/14/2026 3:23:06 AM
AP05A,1341082,P702IP,269,505037-2,71296-14,5/14/2026,False,5/13/2026 9:55:52 AM,True,5/14/2026 3:22:13 AM
AP05A,1341083,P702IP,269,505037-3,71296-13,5/14/2026,False,5/13/2026 9:55:54 AM,True,5/14/2026 3:21:20 AM
AP05A,1341084,P702IP,270,505038-1,71296-18,5/14/2026,False,5/13/2026 9:55:56 AM,True,5/14/2026 3:27:09 AM
AP05A,1341085,P702IP,270,505038-2,71296-17,5/14/2026,False,5/13/2026 9:55:59 AM,True,5/14/2026 3:25:21 AM
AP05A,1341086,P702IP,270,505038-3,71296-16,5/14/2026,False,5/13/2026 9:56:01 AM,True,5/14/2026 3:24:23 AM
AP05A,1341087,P702IP,271,505039-1,71296-21,5/14/2026,False,5/13/2026 9:56:03 AM,True,5/14/2026 3:30:38 AM
AP05A,1341088,P702IP,271,505039-2,71296-20,5/14/2026,False,5/13/2026 9:56:05 AM,True,5/14/2026 3:29:54 AM
AP05A,1341089,P702IP,271,505039-3,71296-19,5/14/2026,False,5/13/2026 9:56:08 AM,True,5/14/2026 3:28:09 AM
AP05A,1341090,P702IP,272,505040-1,71296-24,5/14/2026,False,5/13/2026 9:56:10 AM,True,5/14/2026 3:32:54 AM
AP05A,1341091,P702IP,272,505040-2,71296-23,5/14/2026,False,5/13/2026 9:56:12 AM,True,5/14/2026 3:32:04 AM
AP05A,1341092,P702IP,272,505040-3,71296-22,5/14/2026,False,5/13/2026 9:56:15 AM,True,5/14/2026 3:31:31 AM
AP05A,1341093,P702IP,273,505041-1,71296-27,5/14/2026,False,5/13/2026 9:56:17 AM,True,5/14/2026 3:35:14 AM
AP05A,1341094,P702IP,273,505041-2,1039-1,5/14/2026,False,5/13/2026 9:56:19 AM,True,5/14/2026 5:18:37 AM
AP05A,1341095,P702IP,273,505041-3,71296-25,5/14/2026,False,5/13/2026 9:56:21 AM,True,5/14/2026 3:33:44 AM
AP05A,1341096,P702IP,274,505042-1,71296-30,5/14/2026,False,5/13/2026 9:56:24 AM,True,5/14/2026 3:37:28 AM
AP05A,1341097,P702IP,274,505042-2,71296-29,5/14/2026,False,5/13/2026 9:56:26 AM,True,5/14/2026 3:36:51 AM
AP05A,1341098,P702IP,274,505042-3,71296-28,5/14/2026,False,5/13/2026 9:56:28 AM,True,5/14/2026 3:36:13 AM
AP05A,1341099,P702IP,275,505043-1,71296-33,5/14/2026,False,5/13/2026 9:56:31 AM,True,5/14/2026 3:39:20 AM
AP05A,1341100,P702IP,275,505043-2,71296-32,5/14/2026,False,5/13/2026 9:56:33 AM,True,5/14/2026 3:38:33 AM
AP05A,1341101,P702IP,275,505043-3,71296-31,5/14/2026,False,5/13/2026 9:56:35 AM,True,5/14/2026 3:38:20 AM
AP05A,1341102,P702IP,276,505044-1,71296-36,5/14/2026,False,5/13/2026 9:56:37 AM,True,5/14/2026 3:41:44 AM
AP05A,1341103,P702IP,276,505044-2,71296-35,5/14/2026,False,5/13/2026 9:56:39 AM,True,5/14/2026 3:41:13 AM
AP05A,1341104,P702IP,276,505044-3,71296-34,5/14/2026,False,5/13/2026 9:56:42 AM,True,5/14/2026 3:40:43 AM
AP05A,1341105,P702IP,277,505045-1,71296-39,5/14/2026,False,5/13/2026 9:56:44 AM,True,5/14/2026 3:44:08 AM
AP05A,1341106,P702IP,277,505045-2,71296-38,5/14/2026,False,5/13/2026 9:56:46 AM,True,5/14/2026 3:43:28 AM
AP05A,1341107,P702IP,277,505045-3,71296-37,5/14/2026,False,5/13/2026 9:56:49 AM,True,5/14/2026 3:42:39 AM
AP05A,1341108,P702IP,278,505046-1,71296-42,5/14/2026,False,5/13/2026 9:56:52 AM,True,5/14/2026 3:47:37 AM
AP05A,1341109,P702IP,278,505046-2,71296-41,5/14/2026,False,5/13/2026 9:56:54 AM,True,5/14/2026 3:46:27 AM
AP05A,1341110,P702IP,278,505046-3,71296-40,5/14/2026,False,5/13/2026 9:56:56 AM,True,5/14/2026 3:45:47 AM
AP05A,1341111,P702IP,279,505047-1,71296-45,5/14/2026,False,5/13/2026 9:56:59 AM,True,5/14/2026 3:50:01 AM
AP05A,1341112,P702IP,279,505047-2,71296-44,5/14/2026,False,5/13/2026 9:57:01 AM,True,5/14/2026 3:48:59 AM
AP05A,1341113,P702IP,279,505047-3,71296-43,5/14/2026,False,5/13/2026 9:57:03 AM,True,5/14/2026 3:48:25 AM
AP05A,1341114,P702IP,280,505048-1,71296-48,5/14/2026,False,5/13/2026 9:57:05 AM,True,5/14/2026 3:52:35 AM
AP05A,1341115,P702IP,280,505048-2,1038-1,5/14/2026,False,5/13/2026 9:57:07 AM,True,5/14/2026 6:17:29 AM
AP05A,1341116,P702IP,280,505048-3,71296-46,5/14/2026,False,5/13/2026 9:57:10 AM,True,5/14/2026 3:52:11 AM
AP05A,1341117,P702IP,281,505049-1,71296-51,5/14/2026,False,5/13/2026 9:57:12 AM,True,5/14/2026 3:55:03 AM
AP05A,1341118,P702IP,281,505049-2,71296-50,5/14/2026,False,5/13/2026 9:57:14 AM,True,5/14/2026 3:54:29 AM
AP05A,1341119,P702IP,281,505049-3,71296-49,5/14/2026,False,5/13/2026 9:57:16 AM,True,5/14/2026 3:53:58 AM
AP05A,1341120,P702IP,282,505050-1,71296-54,5/14/2026,False,5/13/2026 9:57:19 AM,True,5/14/2026 3:56:55 AM
AP05A,1341121,P702IP,282,505050-2,71296-53,5/14/2026,False,5/13/2026 9:57:21 AM,True,5/14/2026 3:56:27 AM
AP05A,1341122,P702IP,282,505050-3,71296-52,5/14/2026,False,5/13/2026 9:57:23 AM,True,5/14/2026 3:55:49 AM
AP05A,1341123,P702IP,283,505051-1,71296-57,5/14/2026,False,5/13/2026 9:57:25 AM,True,5/14/2026 3:59:37 AM
AP05A,1341124,P702IP,283,505051-2,71296-56,5/14/2026,False,5/13/2026 9:57:28 AM,True,5/14/2026 3:59:07 AM
AP05A,1341125,P702IP,283,505051-3,71296-55,5/14/2026,False,5/13/2026 9:57:30 AM,True,5/14/2026 3:58:39 AM
AP05A,1341126,P702IP,284,505052-1,71296-60,5/14/2026,False,5/13/2026 9:57:32 AM,True,5/14/2026 4:01:57 AM
AP05A,1341127,P702IP,284,505052-2,71296-59,5/14/2026,False,5/13/2026 9:57:34 AM,True,5/14/2026 4:01:17 AM
AP05A,1341128,P702IP,284,505052-3,71296-58,5/14/2026,False,5/13/2026 9:57:37 AM,True,5/14/2026 4:00:42 AM
AP05A,1349091,P702IP-9K,205,499811-1,1503-3,5/14/2026,True,5/4/2026 9:30:07 AM,True,4/30/2026 10:05:46 AM
AP05A,1349092,P702IP-9K,205,499811-2,1503-2,5/14/2026,True,5/4/2026 9:30:07 AM,True,4/30/2026 10:05:07 AM
AP05A,1349093,P702IP-9K,205,499811-3,1503-1,5/14/2026,True,5/4/2026 9:30:07 AM,True,4/30/2026 10:04:20 AM
AP05A,1349094,P702IP-9K,206,499812-3,1504-1,5/14/2026,True,5/4/2026 9:30:07 AM,True,4/30/2026 10:06:39 AM
AP05A,1351129,P702IP,285,505053-1,71296-63,5/14/2026,False,5/13/2026 9:57:39 AM,True,5/14/2026 4:06:37 AM
AP05A,1351130,P702IP,285,505053-2,71296-62,5/14/2026,False,5/13/2026 9:57:41 AM,True,5/14/2026 4:05:45 AM
AP05A,1351131,P702IP,285,505053-3,71296-61,5/14/2026,False,5/13/2026 9:57:43 AM,True,5/14/2026 4:04:57 AM
AP05A,1351132,P702IP,286,505054-1,71296-66,5/14/2026,False,5/13/2026 9:57:46 AM,True,5/14/2026 4:09:47 AM
AP05A,1351133,P702IP,286,505054-2,71296-65,5/14/2026,False,5/13/2026 9:57:48 AM,True,5/14/2026 4:08:59 AM
AP05A,1351134,P702IP,286,505054-3,71296-64,5/14/2026,False,5/13/2026 9:57:50 AM,True,5/14/2026 4:07:45 AM
AP05A,1351135,P702IP,287,505055-1,71296-69,5/14/2026,False,5/13/2026 9:57:53 AM,True,5/14/2026 4:12:27 AM
AP05A,1351136,P702IP,287,505055-2,71296-68,5/14/2026,False,5/13/2026 9:57:55 AM,True,5/14/2026 4:10:51 AM
AP05A,1351137,P702IP,287,505055-3,71296-67,5/14/2026,False,5/13/2026 9:57:57 AM,True,5/14/2026 4:10:25 AM
AP05A,1351138,P702IP,288,505056-1,71296-72,5/14/2026,False,5/13/2026 9:57:59 AM,True,5/14/2026 4:16:12 AM
AP05A,1351139,P702IP,288,505056-2,71296-71,5/14/2026,False,5/13/2026 9:58:01 AM,True,5/14/2026 4:15:40 AM
AP05A,1351140,P702IP,288,505056-3,71296-70,5/14/2026,False,5/13/2026 9:58:04 AM,True,5/14/2026 4:14:01 AM
AP05A,1351141,P702IP,289,505057-1,71297-3,5/14/2026,False,5/13/2026 11:02:27 AM,True,5/14/2026 4:18:25 AM
AP05A,1351142,P702IP,289,505057-2,71297-2,5/14/2026,False,5/13/2026 11:02:29 AM,True,5/14/2026 4:17:38 AM
AP05A,1351143,P702IP,289,505057-3,71297-1,5/14/2026,False,5/13/2026 11:02:32 AM,True,5/14/2026 4:17:06 AM
AP05A,1351144,P702IP,290,505058-1,71297-6,5/14/2026,False,5/13/2026 11:02:34 AM,True,5/14/2026 4:21:31 AM
AP05A,1351145,P702IP,290,505058-2,71297-5,5/14/2026,False,5/13/2026 11:02:37 AM,True,5/14/2026 4:19:58 AM
AP05A,1351146,P702IP,290,505058-3,71297-4,5/14/2026,False,5/13/2026 11:02:39 AM,True,5/14/2026 4:19:19 AM
AP05A,1351147,P702IP,291,505059-1,71297-9,5/14/2026,False,5/13/2026 11:02:41 AM,True,5/14/2026 4:23:26 AM
AP05A,1351148,P702IP,291,505059-2,71297-8,5/14/2026,False,5/13/2026 11:02:44 AM,True,5/14/2026 4:22:50 AM
AP05A,1351149,P702IP,291,505059-3,71297-7,5/14/2026,False,5/13/2026 11:02:46 AM,True,5/14/2026 4:22:14 AM
AP05A,1351150,P702IP,292,505060-1,71297-12,5/14/2026,False,5/13/2026 11:02:49 AM,True,5/14/2026 4:27:59 AM
AP05A,1351151,P702IP,292,505060-2,71297-11,5/14/2026,False,5/13/2026 11:02:51 AM,True,5/14/2026 4:27:04 AM
AP05A,1351152,P702IP,292,505060-3,71297-10,5/14/2026,False,5/13/2026 11:02:53 AM,True,5/14/2026 4:26:37 AM
AP05A,1351153,P702IP,293,505061-1,71297-15,5/14/2026,False,5/13/2026 11:02:56 AM,True,5/14/2026 4:39:19 AM
AP05A,1351154,P702IP,293,505061-2,71297-14,5/14/2026,False,5/13/2026 11:02:58 AM,True,5/14/2026 4:37:59 AM
AP05A,1351155,P702IP,293,505061-3,71297-13,5/14/2026,False,5/13/2026 11:03:00 AM,True,5/14/2026 4:37:50 AM
AP05A,1351156,P702IP,294,505062-1,71297-18,5/14/2026,False,5/13/2026 11:03:03 AM,True,5/14/2026 4:41:58 AM
AP05A,1351157,P702IP,294,505062-2,71297-17,5/14/2026,False,5/13/2026 11:03:05 AM,True,5/14/2026 4:41:22 AM
AP05A,1351158,P702IP,294,505062-3,71297-16,5/14/2026,False,5/13/2026 11:03:07 AM,True,5/14/2026 4:40:52 AM
AP05A,1351159,P702IP,295,505063-1,71297-21,5/14/2026,False,5/13/2026 11:03:10 AM,True,5/14/2026 4:44:17 AM
AP05A,1351160,P702IP,295,505063-2,71297-20,5/14/2026,False,5/13/2026 11:03:12 AM,True,5/14/2026 4:43:33 AM
AP05A,1351161,P702IP,295,505063-3,71297-19,5/14/2026,False,5/13/2026 11:03:14 AM,True,5/14/2026 4:43:01 AM
AP05A,1351162,P702IP,296,505064-1,71297-24,5/14/2026,False,5/13/2026 11:03:17 AM,True,5/14/2026 4:49:09 AM
AP05A,1351163,P702IP,296,505064-2,71297-23,5/14/2026,False,5/13/2026 11:03:19 AM,True,5/14/2026 4:48:28 AM
AP05A,1351164,P702IP,296,505064-3,71297-22,5/14/2026,False,5/13/2026 11:03:21 AM,True,5/14/2026 4:45:11 AM
AP05A,1351165,P702IP,297,505065-1,71297-27,5/14/2026,False,5/13/2026 11:03:23 AM,True,5/14/2026 4:52:59 AM
AP05A,1351166,P702IP,297,505065-2,71297-26,5/14/2026,False,5/13/2026 11:03:25 AM,True,5/14/2026 4:52:14 AM
AP05A,1351167,P702IP,297,505065-3,71297-25,5/14/2026,False,5/13/2026 11:03:28 AM,True,5/14/2026 4:50:22 AM
AP05A,1351168,P702IP,298,505066-1,71297-30,5/14/2026,False,5/13/2026 11:03:30 AM,True,5/14/2026 4:55:53 AM
AP05A,1351169,P702IP,298,505066-2,71297-29,5/14/2026,False,5/13/2026 11:03:32 AM,True,5/14/2026 4:55:04 AM
AP05A,1351170,P702IP,298,505066-3,71297-28,5/14/2026,False,5/13/2026 11:03:34 AM,True,5/14/2026 4:53:46 AM
AP05A,1351171,P702IP,299,505067-1,71297-33,5/14/2026,False,5/13/2026 11:03:37 AM,True,5/14/2026 4:58:39 AM
AP05A,1351172,P702IP,299,505067-2,71297-32,5/14/2026,False,5/13/2026 11:03:39 AM,True,5/14/2026 4:57:47 AM
AP05A,1351173,P702IP,299,505067-3,71297-31,5/14/2026,False,5/13/2026 11:03:41 AM,True,5/14/2026 4:57:00 AM
AP05A,1351174,P702IP,300,505068-1,71297-36,5/14/2026,False,5/13/2026 11:03:43 AM,True,5/14/2026 5:02:38 AM
AP05A,1351175,P702IP,300,505068-2,71297-35,5/14/2026,False,5/13/2026 11:03:46 AM,True,5/14/2026 5:01:15 AM
AP05A,1351176,P702IP,300,505068-3,71297-34,5/14/2026,False,5/13/2026 11:03:48 AM,True,5/14/2026 4:59:18 AM
AP05A,1351177,P702IP,301,505069-1,71297-39,5/14/2026,False,5/13/2026 11:03:50 AM,True,5/14/2026 5:07:41 AM
AP05A,1351178,P702IP,301,505069-2,71297-38,5/14/2026,False,5/13/2026 11:03:52 AM,True,5/14/2026 5:05:10 AM
AP05A,1351179,P702IP,301,505069-3,71297-37,5/14/2026,False,5/13/2026 11:03:54 AM,True,5/14/2026 5:04:06 AM
AP05A,1351180,P702IP,302,505070-1,71297-42,5/14/2026,False,5/13/2026 11:03:57 AM,True,5/14/2026 5:09:52 AM
AP05A,1351181,P702IP,302,505070-2,71297-41,5/14/2026,False,5/13/2026 11:03:59 AM,True,5/14/2026 5:09:16 AM
AP05A,1351182,P702IP,302,505070-3,71297-40,5/14/2026,False,5/13/2026 11:04:01 AM,True,5/14/2026 5:08:26 AM
AP05A,1351183,P702IP,303,505071-1,71297-45,5/14/2026,False,5/13/2026 11:04:03 AM,True,5/14/2026 5:12:37 AM
AP05A,1351184,P702IP,303,505071-2,71297-44,5/14/2026,False,5/13/2026 11:04:06 AM,True,5/14/2026 5:11:53 AM
AP05A,1351185,P702IP,303,505071-3,71297-43,5/14/2026,False,5/13/2026 11:04:08 AM,True,5/14/2026 5:10:55 AM
AP05A,1351186,P702IP,304,505072-1,71297-48,5/14/2026,False,5/13/2026 11:04:10 AM,True,5/14/2026 5:14:54 AM
AP05A,1351187,P702IP,304,505072-2,71297-47,5/14/2026,False,5/13/2026 11:04:12 AM,True,5/14/2026 5:14:16 AM
AP05A,1351188,P702IP,304,505072-3,71297-46,5/14/2026,False,5/13/2026 11:04:14 AM,True,5/14/2026 5:13:48 AM
AP05A,1351189,P702IP,305,505073-1,71297-51,5/14/2026,False,5/13/2026 11:04:17 AM,True,5/14/2026 5:17:07 AM
AP05A,1351190,P702IP,305,505073-2,71297-50,5/14/2026,False,5/13/2026 11:04:19 AM,True,5/14/2026 5:16:22 AM
AP05A,1351191,P702IP,305,505073-3,71297-49,5/14/2026,False,5/13/2026 11:04:21 AM,True,5/14/2026 5:15:33 AM
AP05A,1351192,P702IP,306,505074-1,71297-54,5/14/2026,False,5/13/2026 11:04:25 AM,True,5/14/2026 6:08:08 AM
AP05A,1351193,P702IP,306,505074-2,71297-53,5/14/2026,False,5/13/2026 11:04:27 AM,True,5/14/2026 6:07:29 AM
AP05A,1351194,P702IP,306,505074-3,71297-52,5/14/2026,False,5/13/2026 11:04:29 AM,True,5/14/2026 6:06:29 AM
AP05A,1351195,P702IP,307,505075-1,71297-57,5/14/2026,False,5/13/2026 11:04:32 AM,True,5/14/2026 6:11:46 AM
AP05A,1351196,P702IP,307,505075-2,71297-56,5/14/2026,False,5/13/2026 11:04:34 AM,True,5/14/2026 6:11:10 AM
AP05A,1351197,P702IP,307,505075-3,1040-1,5/14/2026,False,5/13/2026 11:04:36 AM,True,5/14/2026 8:00:46 AM
AP05A,1351198,P702IP,308,505076-1,71297-60,5/14/2026,False,5/13/2026 11:04:38 AM,True,5/14/2026 6:13:37 AM
AP05A,1351199,P702IP,308,505076-2,71297-59,5/14/2026,False,5/13/2026 11:04:41 AM,True,5/14/2026 6:13:14 AM
AP05A,1351200,P702IP,308,505076-3,71297-58,5/14/2026,False,5/13/2026 11:04:43 AM,True,5/14/2026 6:12:59 AM
AP05A,1351201,P702IP,309,505077-1,71297-63,5/14/2026,False,5/13/2026 11:04:45 AM,True,5/14/2026 6:19:07 AM
AP05A,1351202,P702IP,309,505077-2,71297-62,5/14/2026,False,5/13/2026 11:04:47 AM,True,5/14/2026 6:18:37 AM
AP05A,1351203,P702IP,309,505077-3,71297-61,5/14/2026,False,5/13/2026 11:04:50 AM,True,5/14/2026 6:17:58 AM
AP05A,1351204,P702IP,310,505078-1,71297-66,5/14/2026,False,5/13/2026 11:04:52 AM,True,5/14/2026 6:20:49 AM
AP05A,1351205,P702IP,310,505078-2,71297-65,5/14/2026,False,5/13/2026 11:04:54 AM,True,5/14/2026 6:20:02 AM
AP05A,1351206,P702IP,310,505078-3,71297-64,5/14/2026,False,5/13/2026 11:04:56 AM,True,5/14/2026 6:19:46 AM
AP05A,1351207,P702IP,311,505079-1,71297-69,5/14/2026,False,5/13/2026 11:04:58 AM,True,5/14/2026 6:23:32 AM
AP05A,1351208,P702IP,311,505079-2,71297-68,5/14/2026,False,5/13/2026 11:05:01 AM,True,5/14/2026 6:22:57 AM
AP05A,1351209,P702IP,311,505079-3,71297-67,5/14/2026,False,5/13/2026 11:05:03 AM,True,5/14/2026 6:22:22 AM
AP05A,1351210,P702IP,312,505080-1,71297-72,5/14/2026,False,5/13/2026 11:05:05 AM,True,5/14/2026 6:25:45 AM
AP05A,1351211,P702IP,312,505080-2,71297-71,5/14/2026,False,5/13/2026 11:05:07 AM,True,5/14/2026 6:24:58 AM
AP05A,1351212,P702IP,312,505080-3,71297-70,5/14/2026,False,5/13/2026 11:05:09 AM,True,5/14/2026 6:24:19 AM
AP05A,1351213,P702IP,313,505081-1,71298-3,5/14/2026,False,5/13/2026 12:35:03 PM,True,5/14/2026 6:28:19 AM
AP05A,1351214,P702IP,313,505081-2,71298-2,5/14/2026,False,5/13/2026 12:35:05 PM,True,5/14/2026 6:27:08 AM
AP05A,1351215,P702IP,313,505081-3,71298-1,5/14/2026,False,5/13/2026 12:35:08 PM,True,5/14/2026 6:26:26 AM
AP05A,1351216,P702IP,314,505082-1,71298-6,5/14/2026,False,5/13/2026 12:35:10 PM,True,5/14/2026 6:30:45 AM
AP05A,1351217,P702IP,314,505082-2,71298-5,5/14/2026,False,5/13/2026 12:35:13 PM,True,5/14/2026 6:30:11 AM
AP05A,1351218,P702IP,314,505082-3,71298-4,5/14/2026,False,5/13/2026 12:35:15 PM,True,5/14/2026 6:28:33 AM
AP05A,1351219,P702IP,315,505083-1,71298-9,5/14/2026,False,5/13/2026 12:35:18 PM,True,5/14/2026 6:32:40 AM
AP05A,1351220,P702IP,315,505083-2,71298-8,5/14/2026,False,5/13/2026 12:35:20 PM,True,5/14/2026 6:32:02 AM
AP05A,1351221,P702IP,315,505083-3,71298-7,5/14/2026,False,5/13/2026 12:35:22 PM,True,5/14/2026 6:31:24 AM
AP05A,1351222,P702IP,316,505084-1,71298-12,5/14/2026,False,5/13/2026 12:35:25 PM,True,5/14/2026 6:35:42 AM
AP05A,1351223,P702IP,316,505084-2,71298-11,5/14/2026,False,5/13/2026 12:35:27 PM,True,5/14/2026 6:34:27 AM
AP05A,1351224,P702IP,316,505084-3,71298-10,5/14/2026,False,5/13/2026 12:35:29 PM,True,5/14/2026 6:33:38 AM
AP05A,1351225,P702IP,317,505085-1,71298-15,5/14/2026,False,5/13/2026 12:35:31 PM,True,5/14/2026 6:38:46 AM
AP05A,1351226,P702IP,317,505085-2,71298-14,5/14/2026,False,5/13/2026 12:35:34 PM,True,5/14/2026 6:37:58 AM
AP05A,1351227,P702IP,317,505085-3,71298-13,5/14/2026,False,5/13/2026 12:35:37 PM,True,5/14/2026 6:36:35 AM
AP05A,1351228,P702IP,318,505086-1,71298-18,5/14/2026,False,5/13/2026 12:35:39 PM,True,5/14/2026 6:41:25 AM
AP05A,1351229,P702IP,318,505086-2,71298-17,5/14/2026,False,5/13/2026 12:35:41 PM,True,5/14/2026 6:40:19 AM
AP05A,1351230,P702IP,318,505086-3,71298-16,5/14/2026,False,5/13/2026 12:35:43 PM,True,5/14/2026 6:39:27 AM
AP05A,1351231,P702IP,319,505087-1,71298-21,5/14/2026,False,5/13/2026 12:35:46 PM,True,5/14/2026 6:44:04 AM
AP05A,1351232,P702IP,319,505087-2,71298-20,5/14/2026,False,5/13/2026 12:35:48 PM,True,5/14/2026 6:42:47 AM
AP05A,1351233,P702IP,319,505087-3,71298-19,5/14/2026,False,5/13/2026 12:35:50 PM,True,5/14/2026 6:42:01 AM
AP05A,1351234,P702IP,320,505088-1,71298-24,5/14/2026,False,5/13/2026 12:35:52 PM,True,5/14/2026 6:46:34 AM
AP05A,1351235,P702IP,320,505088-2,71298-23,5/14/2026,False,5/13/2026 12:35:55 PM,True,5/14/2026 6:46:01 AM
AP05A,1351236,P702IP,320,505088-3,71298-22,5/14/2026,False,5/13/2026 12:35:57 PM,True,5/14/2026 6:44:20 AM
AP05A,1351237,P702IP,321,505089-1,71298-27,5/14/2026,False,5/13/2026 12:35:59 PM,True,5/14/2026 6:48:51 AM
AP05A,1351238,P702IP,321,505089-2,71298-26,5/14/2026,False,5/13/2026 12:36:01 PM,True,5/14/2026 6:47:54 AM
AP05A,1351239,P702IP,321,505089-3,71298-25,5/14/2026,False,5/13/2026 12:36:04 PM,True,5/14/2026 6:47:12 AM
AP05A,1351240,P702IP,322,505090-1,71298-30,5/14/2026,False,5/13/2026 12:36:06 PM,True,5/14/2026 6:51:06 AM
AP05A,1351241,P702IP,322,505090-2,71298-29,5/14/2026,False,5/13/2026 12:36:08 PM,True,5/14/2026 6:50:04 AM
AP05A,1351242,P702IP,322,505090-3,71298-28,5/14/2026,False,5/13/2026 12:36:10 PM,True,5/14/2026 6:49:23 AM
AP05A,1351243,P702IP,323,505091-1,71298-33,5/14/2026,False,5/13/2026 12:36:12 PM,True,5/14/2026 6:54:27 AM
AP05A,1351244,P702IP,323,505091-2,71298-32,5/14/2026,False,5/13/2026 12:36:15 PM,True,5/14/2026 6:53:25 AM
AP05A,1351245,P702IP,323,505091-3,71298-31,5/14/2026,False,5/13/2026 12:36:17 PM,True,5/14/2026 6:52:52 AM
AP05A,1351246,P702IP,324,505092-1,71298-36,5/14/2026,False,5/13/2026 12:36:20 PM,True,5/14/2026 7:02:21 AM
AP05A,1351247,P702IP,324,505092-2,71298-35,5/14/2026,False,5/13/2026 12:36:22 PM,True,5/14/2026 7:01:46 AM
AP05A,1351248,P702IP,324,505092-3,71298-34,5/14/2026,False,5/13/2026 12:36:24 PM,True,5/14/2026 6:55:05 AM
AP05A,1351249,P702IP,325,505093-1,71298-39,5/14/2026,False,5/13/2026 12:36:27 PM,True,5/14/2026 7:05:28 AM
AP05A,1351250,P702IP,325,505093-2,71298-38,5/14/2026,False,5/13/2026 12:36:30 PM,True,5/14/2026 7:04:36 AM
AP05A,1351251,P702IP,325,505093-3,71298-37,5/14/2026,False,5/13/2026 12:36:32 PM,True,5/14/2026 7:03:49 AM
AP05A,1351252,P702IP,326,505094-1,71298-42,5/14/2026,False,5/13/2026 12:36:34 PM,True,5/14/2026 7:08:36 AM
AP05A,1351253,P702IP,326,505094-2,71298-41,5/14/2026,False,5/13/2026 12:36:37 PM,True,5/14/2026 7:07:39 AM
AP05A,1351254,P702IP,326,505094-3,71298-40,5/14/2026,False,5/13/2026 12:36:39 PM,True,5/14/2026 7:06:40 AM
AP05A,1351255,P702IP,327,505095-1,71298-45,5/14/2026,False,5/13/2026 12:36:41 PM,True,5/14/2026 7:11:22 AM
AP05A,1351256,P702IP,327,505095-2,71298-44,5/14/2026,False,5/13/2026 12:36:43 PM,True,5/14/2026 7:10:49 AM
AP05A,1351257,P702IP,327,505095-3,71298-43,5/14/2026,False,5/13/2026 12:36:45 PM,True,5/14/2026 7:09:54 AM
AP05A,1351258,P702IP,328,505096-1,71298-48,5/14/2026,False,5/13/2026 12:36:48 PM,True,5/14/2026 7:13:22 AM
AP05A,1351259,P702IP,328,505096-2,71298-47,5/14/2026,False,5/13/2026 12:36:50 PM,True,5/14/2026 7:12:41 AM
AP05A,1351260,P702IP,328,505096-3,71298-46,5/14/2026,False,5/13/2026 12:36:52 PM,True,5/14/2026 7:12:20 AM
AP05A,1351261,P702IP,329,505097-1,71298-51,5/14/2026,False,5/13/2026 12:36:55 PM,True,5/14/2026 7:16:35 AM
AP05A,1351262,P702IP,329,505097-2,71298-50,5/14/2026,False,5/13/2026 12:36:58 PM,True,5/14/2026 7:15:19 AM
AP05A,1351263,P702IP,329,505097-3,71298-49,5/14/2026,False,5/13/2026 12:37:00 PM,True,5/14/2026 7:14:55 AM
AP05A,1351264,P702IP,330,505098-1,71298-54,5/14/2026,False,5/13/2026 12:37:03 PM,True,5/14/2026 7:20:19 AM
AP05A,1351265,P702IP,330,505098-2,71298-53,5/14/2026,False,5/13/2026 12:37:05 PM,True,5/14/2026 7:19:29 AM
AP05A,1351266,P702IP,330,505098-3,71298-52,5/14/2026,False,5/13/2026 12:37:08 PM,True,5/14/2026 7:17:35 AM
AP05A,1351267,P702IP,331,505099-1,71298-57,5/14/2026,False,5/13/2026 12:37:10 PM,True,5/14/2026 7:23:02 AM
AP05A,1351268,P702IP,331,505099-2,71298-56,5/14/2026,False,5/13/2026 12:37:12 PM,True,5/14/2026 7:22:11 AM
AP05A,1351269,P702IP,331,505099-3,71298-55,5/14/2026,False,5/13/2026 12:37:14 PM,True,5/14/2026 7:21:26 AM
AP05A,1351270,P702IP,332,505100-1,71298-60,5/14/2026,False,5/13/2026 12:37:17 PM,True,5/14/2026 7:25:35 AM
AP05A,1351271,P702IP,332,505100-2,71298-59,5/14/2026,False,5/13/2026 12:37:19 PM,True,5/14/2026 7:24:53 AM
AP05A,1351272,P702IP,332,505100-3,71298-58,5/14/2026,False,5/13/2026 12:37:21 PM,True,5/14/2026 7:23:51 AM
AP05A,1351273,P702IP,333,505101-1,71298-63,5/14/2026,False,5/13/2026 12:37:23 PM,True,5/14/2026 7:28:02 AM
AP05A,1351274,P702IP,333,505101-2,71298-62,5/14/2026,False,5/13/2026 12:37:26 PM,True,5/14/2026 7:27:09 AM
AP05A,1351275,P702IP,333,505101-3,71298-61,5/14/2026,False,5/13/2026 12:37:28 PM,True,5/14/2026 7:26:31 AM
AP05A,1351276,P702IP,334,505102-1,71298-66,5/14/2026,False,5/13/2026 12:37:30 PM,True,5/14/2026 7:30:37 AM
AP05A,1351277,P702IP,334,505102-2,71298-65,5/14/2026,False,5/13/2026 12:37:33 PM,True,5/14/2026 7:29:40 AM
AP05A,1351278,P702IP,334,505102-3,71298-64,5/14/2026,False,5/13/2026 12:37:35 PM,True,5/14/2026 7:28:54 AM
AP05A,1351279,P702IP,335,505103-1,71298-69,5/14/2026,False,5/13/2026 12:37:38 PM,True,5/14/2026 7:33:45 AM
AP05A,1351280,P702IP,335,505103-2,71298-68,5/14/2026,False,5/13/2026 12:37:40 PM,True,5/14/2026 7:32:37 AM
AP05A,1351281,P702IP,335,505103-3,71298-67,5/14/2026,False,5/13/2026 12:37:42 PM,True,5/14/2026 7:31:35 AM
AP05A,1351282,P702IP,336,505104-1,71298-72,5/14/2026,False,5/13/2026 12:37:45 PM,True,5/14/2026 7:36:26 AM
AP05A,1351283,P702IP,336,505104-2,71298-71,5/14/2026,False,5/13/2026 12:37:47 PM,True,5/14/2026 7:35:25 AM
AP05A,1351284,P702IP,336,505104-3,71298-70,5/14/2026,False,5/13/2026 12:37:49 PM,True,5/14/2026 7:34:25 AM
AP05A,1351285,P702IP,337,505105-1,71299-3,5/14/2026,False,5/13/2026 1:45:06 PM,True,5/14/2026 7:39:08 AM
AP05A,1351286,P702IP,337,505105-2,71299-2,5/14/2026,False,5/13/2026 1:45:08 PM,True,5/14/2026 7:37:43 AM
AP05A,1351287,P702IP,337,505105-3,71299-1,5/14/2026,False,5/13/2026 1:45:11 PM,True,5/14/2026 7:37:11 AM
AP05A,1351288,P702IP,338,505106-1,71299-6,5/14/2026,False,5/13/2026 1:45:14 PM,True,5/14/2026 7:41:56 AM
AP05A,1351289,P702IP,338,505106-2,71299-5,5/14/2026,False,5/13/2026 1:45:16 PM,True,5/14/2026 7:41:04 AM
AP05A,1351290,P702IP,338,505106-3,71299-4,5/14/2026,False,5/13/2026 1:45:19 PM,True,5/14/2026 7:40:01 AM
AP05A,1351291,P702IP,339,505107-1,71299-9,5/14/2026,False,5/13/2026 1:45:21 PM,True,5/14/2026 7:44:23 AM
AP05A,1351292,P702IP,339,505107-2,71299-8,5/14/2026,False,5/13/2026 1:45:23 PM,True,5/14/2026 7:43:24 AM
AP05A,1351293,P702IP,339,505107-3,71299-7,5/14/2026,False,5/13/2026 1:45:26 PM,True,5/14/2026 7:42:45 AM
AP05A,1351294,P702IP,340,505108-1,71299-12,5/14/2026,False,5/13/2026 1:45:29 PM,True,5/14/2026 7:47:09 AM
AP05A,1351295,P702IP,340,505108-2,71299-11,5/14/2026,False,5/13/2026 1:45:31 PM,True,5/14/2026 7:46:16 AM
AP05A,1351296,P702IP,340,505108-3,71299-10,5/14/2026,False,5/13/2026 1:45:33 PM,True,5/14/2026 7:45:29 AM
AP05A,1351297,P702IP,341,505109-1,71299-15,5/14/2026,False,5/13/2026 1:45:36 PM,True,5/14/2026 7:50:44 AM
AP05A,1351298,P702IP,341,505109-2,71299-14,5/14/2026,False,5/13/2026 1:45:38 PM,True,5/14/2026 7:49:55 AM
AP05A,1351299,P702IP,341,505109-3,71299-13,5/14/2026,False,5/13/2026 1:45:40 PM,True,5/14/2026 7:48:02 AM
AP05A,1351300,P702IP,342,505110-1,71299-18,5/14/2026,False,5/13/2026 1:45:43 PM,True,5/14/2026 7:53:03 AM
AP05A,1351301,P702IP,342,505110-2,71299-17,5/14/2026,False,5/13/2026 1:45:45 PM,True,5/14/2026 7:52:14 AM
AP05A,1351302,P702IP,342,505110-3,71299-16,5/14/2026,False,5/13/2026 1:45:48 PM,True,5/14/2026 7:51:41 AM
AP05A,1351303,P702IP,343,505111-1,71299-21,5/14/2026,False,5/13/2026 1:45:50 PM,True,5/14/2026 7:55:15 AM
AP05A,1351304,P702IP,343,505111-2,71299-20,5/14/2026,False,5/13/2026 1:45:53 PM,True,5/14/2026 7:54:41 AM
AP05A,1351305,P702IP,343,505111-3,71299-19,5/14/2026,False,5/13/2026 1:45:55 PM,True,5/14/2026 7:54:11 AM
AP05A,1351306,P702IP,344,505112-1,71299-24,5/14/2026,False,5/13/2026 1:45:57 PM,True,5/14/2026 7:57:00 AM
AP05A,1351307,P702IP,344,505112-2,71299-23,5/14/2026,False,5/13/2026 1:46:00 PM,True,5/14/2026 7:56:26 AM
AP05A,1351308,P702IP,344,505112-3,71299-22,5/14/2026,False,5/13/2026 1:46:02 PM,True,5/14/2026 7:55:58 AM
AP05A,1351309,P702IP,345,505113-1,71299-27,5/14/2026,False,5/13/2026 1:46:04 PM,True,5/14/2026 8:02:14 AM
AP05A,1351310,P702IP,345,505113-2,71299-26,5/14/2026,False,5/13/2026 1:46:06 PM,True,5/14/2026 8:01:36 AM
AP05A,1351311,P702IP,345,505113-3,71299-25,5/14/2026,False,5/13/2026 1:46:09 PM,True,5/14/2026 7:57:51 AM
AP05A,1351312,P702IP,346,505114-1,71299-30,5/14/2026,False,5/13/2026 1:46:11 PM,True,5/14/2026 8:04:51 AM
AP05A,1351313,P702IP,346,505114-2,71299-29,5/14/2026,False,5/13/2026 1:46:13 PM,True,5/14/2026 8:03:45 AM
AP05A,1351314,P702IP,346,505114-3,71299-28,5/14/2026,False,5/13/2026 1:46:16 PM,True,5/14/2026 8:03:02 AM
AP05A,1351315,P702IP,347,505115-1,71299-33,5/14/2026,False,5/13/2026 1:46:18 PM,True,5/14/2026 8:07:28 AM
AP05A,1351316,P702IP,347,505115-2,71299-32,5/14/2026,False,5/13/2026 1:46:20 PM,True,5/14/2026 8:06:54 AM
AP05A,1351317,P702IP,347,505115-3,71299-31,5/14/2026,False,5/13/2026 1:46:23 PM,True,5/14/2026 8:06:19 AM
AP05A,1351318,P702IP,348,505116-1,71299-36,5/14/2026,False,5/13/2026 1:46:25 PM,True,5/14/2026 8:09:40 AM
AP05A,1351319,P702IP,348,505116-2,71299-35,5/14/2026,False,5/13/2026 1:46:27 PM,True,5/14/2026 8:08:57 AM
AP05A,1351320,P702IP,348,505116-3,71299-34,5/14/2026,False,5/13/2026 1:46:29 PM,True,5/14/2026 8:08:08 AM
AP05A,1351321,P702IP,349,505117-1,71299-39,5/14/2026,False,5/13/2026 1:46:32 PM,True,5/14/2026 8:12:14 AM
AP05A,1351322,P702IP,349,505117-2,71299-38,5/14/2026,False,5/13/2026 1:46:34 PM,True,5/14/2026 8:11:03 AM
AP05A,1351323,P702IP,349,505117-3,71299-37,5/14/2026,False,5/13/2026 1:46:36 PM,True,5/14/2026 8:10:17 AM
AP05A,1351324,P702IP,350,505118-1,71299-42,5/14/2026,False,5/13/2026 1:46:40 PM,True,5/14/2026 8:15:27 AM
AP05A,1351325,P702IP,350,505118-2,71299-41,5/14/2026,False,5/13/2026 1:46:42 PM,True,5/14/2026 8:14:41 AM
AP05A,1351326,P702IP,350,505118-3,71299-40,5/14/2026,False,5/13/2026 1:46:44 PM,True,5/14/2026 8:13:35 AM
AP05A,1351327,P702IP,351,505119-1,71299-45,5/14/2026,False,5/13/2026 1:46:46 PM,True,5/14/2026 8:18:01 AM
AP05A,1351328,P702IP,351,505119-2,71299-44,5/14/2026,False,5/13/2026 1:46:50 PM,True,5/14/2026 8:17:08 AM
AP05A,1351329,P702IP,351,505119-3,71299-43,5/14/2026,False,5/13/2026 1:46:52 PM,True,5/14/2026 8:16:18 AM
AP05A,1351330,P702IP,352,505120-1,71299-48,5/14/2026,False,5/13/2026 1:46:54 PM,True,5/14/2026 8:20:29 AM
AP05A,1351331,P702IP,352,505120-2,71299-47,5/14/2026,False,5/13/2026 1:46:56 PM,True,5/14/2026 8:19:39 AM
AP05A,1351332,P702IP,352,505120-3,71299-46,5/14/2026,False,5/13/2026 1:46:59 PM,True,5/14/2026 8:18:41 AM
AP05A,1351333,P702IP,353,505121-1,71299-51,5/14/2026,False,5/13/2026 1:47:01 PM,True,5/14/2026 8:22:41 AM
AP05A,1351334,P702IP,353,505121-2,71299-50,5/14/2026,False,5/13/2026 1:47:03 PM,True,5/14/2026 8:21:45 AM
AP05A,1351335,P702IP,353,505121-3,71299-49,5/14/2026,False,5/13/2026 1:47:05 PM,True,5/14/2026 8:21:08 AM
AP05A,1351336,P702IP,354,505122-1,71299-54,5/14/2026,False,5/13/2026 1:47:08 PM,True,5/14/2026 8:25:20 AM
AP05A,1351337,P702IP,354,505122-2,71299-53,5/14/2026,False,5/13/2026 1:47:10 PM,True,5/14/2026 8:24:49 AM
AP05A,1351338,P702IP,354,505122-3,71299-52,5/14/2026,False,5/13/2026 1:47:12 PM,True,5/14/2026 8:24:15 AM
AP05A,1351339,P702IP,355,505123-1,71299-57,5/14/2026,False,5/13/2026 1:47:15 PM,True,5/14/2026 8:27:37 AM
AP05A,1351340,P702IP,355,505123-2,71299-56,5/14/2026,False,5/13/2026 1:47:17 PM,True,5/14/2026 8:26:42 AM
AP05A,1351341,P702IP,355,505123-3,71299-55,5/14/2026,False,5/13/2026 1:47:19 PM,True,5/14/2026 8:26:00 AM
AP05A,1351342,P702IP,356,505124-1,71299-60,5/14/2026,False,5/13/2026 1:47:22 PM,True,5/14/2026 8:29:47 AM
AP05A,1351343,P702IP,356,505124-2,71299-59,5/14/2026,False,5/13/2026 1:47:24 PM,True,5/14/2026 8:29:04 AM
AP05A,1351344,P702IP,356,505124-3,71299-58,5/14/2026,False,5/13/2026 1:47:26 PM,True,5/14/2026 8:28:27 AM
AP05A,1351345,P702IP,357,505125-1,71299-63,5/14/2026,False,5/13/2026 1:47:29 PM,True,5/14/2026 8:52:04 AM
AP05A,1351346,P702IP,357,505125-2,71299-62,5/14/2026,False,5/13/2026 1:47:31 PM,True,5/14/2026 8:51:20 AM
AP05A,1351347,P702IP,357,505125-3,71299-61,5/14/2026,False,5/13/2026 1:47:33 PM,True,5/14/2026 8:50:26 AM
AP05A,1351348,P702IP,358,505126-1,71299-66,5/14/2026,False,5/13/2026 1:47:36 PM,True,5/14/2026 8:55:15 AM
AP05A,1351349,P702IP,358,505126-2,71299-65,5/14/2026,False,5/13/2026 1:47:38 PM,True,5/14/2026 8:53:36 AM
AP05A,1351350,P702IP,358,505126-3,71299-64,5/14/2026,False,5/13/2026 1:47:40 PM,True,5/14/2026 8:53:04 AM
AP05A,1351351,P702IP,359,505127-1,71299-69,5/14/2026,False,5/13/2026 1:47:42 PM,True,5/14/2026 8:58:03 AM
AP05A,1351352,P702IP,359,505127-2,71299-68,5/14/2026,False,5/13/2026 1:47:45 PM,True,5/14/2026 8:56:57 AM
AP05A,1351353,P702IP,359,505127-3,71299-67,5/14/2026,False,5/13/2026 1:47:47 PM,True,5/14/2026 8:56:34 AM
AP05A,1351354,P702IP,360,505128-1,71299-72,5/14/2026,False,5/13/2026 1:47:49 PM,True,5/14/2026 9:02:03 AM
AP05A,1351355,P702IP,360,505128-2,71299-71,5/14/2026,False,5/13/2026 1:47:52 PM,True,5/14/2026 8:59:41 AM
AP05A,1351356,P702IP,360,505128-3,71299-70,5/14/2026,False,5/13/2026 1:47:54 PM,True,5/14/2026 8:58:42 AM
AP05A,1351357,P702IP,361,505130-1,71300-3,5/14/2026,False,5/13/2026 6:11:20 PM,True,5/14/2026 9:04:15 AM
AP05A,1351358,P702IP,361,505130-2,71300-2,5/14/2026,False,5/13/2026 6:11:22 PM,True,5/14/2026 9:03:11 AM
AP05A,1351359,P702IP,361,505130-3,71300-1,5/14/2026,False,5/13/2026 6:11:24 PM,True,5/14/2026 9:02:43 AM
AP05A,1351360,P702IP,362,505131-1,71300-6,5/14/2026,False,5/13/2026 6:11:26 PM,True,5/14/2026 9:06:41 AM
AP05A,1351361,P702IP,362,505131-2,71300-5,5/14/2026,False,5/13/2026 6:11:29 PM,True,5/14/2026 9:05:50 AM
AP05A,1351362,P702IP,362,505131-3,71300-4,5/14/2026,False,5/13/2026 6:11:31 PM,True,5/14/2026 9:04:52 AM
AP05A,1351363,P702IP,363,505132-1,71300-9,5/14/2026,False,5/13/2026 6:11:33 PM,True,5/14/2026 9:08:58 AM
AP05A,1351364,P702IP,363,505132-2,71300-8,5/14/2026,False,5/13/2026 6:11:35 PM,True,5/14/2026 9:07:59 AM
AP05A,1351365,P702IP,363,505132-3,71300-7,5/14/2026,False,5/13/2026 6:11:37 PM,True,5/14/2026 9:07:13 AM
AP05A,1351366,P702IP,364,505133-1,71300-12,5/14/2026,False,5/13/2026 6:11:40 PM,True,5/14/2026 9:11:29 AM
AP05A,1351367,P702IP,364,505133-2,71300-11,5/14/2026,False,5/13/2026 6:11:42 PM,True,5/14/2026 9:10:48 AM
AP05A,1351368,P702IP,364,505133-3,71300-10,5/14/2026,False,5/13/2026 6:11:44 PM,True,5/14/2026 9:09:57 AM
AP05A,1351369,P702IP,365,505134-1,71300-15,5/14/2026,False,5/13/2026 6:11:46 PM,True,5/14/2026 9:13:49 AM
AP05A,1351370,P702IP,365,505134-2,71300-14,5/14/2026,False,5/13/2026 6:11:49 PM,True,5/14/2026 9:13:11 AM
AP05A,1351371,P702IP,365,505134-3,71300-13,5/14/2026,False,5/13/2026 6:11:51 PM,True,5/14/2026 9:12:30 AM
AP05A,1351372,P702IP,366,505135-1,71300-18,5/14/2026,False,5/13/2026 6:11:53 PM,True,5/14/2026 9:15:45 AM
AP05A,1351373,P702IP,366,505135-2,71300-17,5/14/2026,False,5/13/2026 6:11:55 PM,True,5/14/2026 9:15:10 AM
AP05A,1351374,P702IP,366,505135-3,71300-16,5/14/2026,False,5/13/2026 6:11:58 PM,True,5/14/2026 9:14:29 AM
AP05A,1351375,P702IP,367,505136-1,71300-21,5/14/2026,False,5/13/2026 6:12:00 PM,True,5/14/2026 9:18:39 AM
AP05A,1351376,P702IP,367,505136-2,71300-20,5/14/2026,False,5/13/2026 6:12:02 PM,True,5/14/2026 9:17:39 AM
AP05A,1351377,P702IP,367,505136-3,71300-19,5/14/2026,False,5/13/2026 6:12:04 PM,True,5/14/2026 9:16:53 AM
AP05A,1351378,P702IP,368,505137-1,71300-24,5/14/2026,False,5/13/2026 6:12:07 PM,True,5/14/2026 9:21:36 AM
AP05A,1351379,P702IP,368,505137-2,71300-23,5/14/2026,False,5/13/2026 6:12:09 PM,True,5/14/2026 9:20:23 AM
AP05A,1351380,P702IP,368,505137-3,71300-22,5/14/2026,False,5/13/2026 6:12:11 PM,True,5/14/2026 9:19:33 AM
AP05A,1351381,P702IP,369,505138-1,71300-27,5/14/2026,False,5/13/2026 6:12:14 PM,True,5/14/2026 9:24:36 AM
AP05A,1351382,P702IP,369,505138-2,71300-26,5/14/2026,False,5/13/2026 6:12:16 PM,True,5/14/2026 9:24:14 AM
AP05A,1351383,P702IP,369,505138-3,71300-25,5/14/2026,False,5/13/2026 6:12:18 PM,True,5/14/2026 9:22:16 AM
AP05A,1351384,P702IP,370,505139-1,71300-30,5/14/2026,False,5/13/2026 6:12:20 PM,True,5/14/2026 9:26:45 AM
AP05A,1351385,P702IP,370,505139-2,71300-29,5/14/2026,False,5/13/2026 6:12:22 PM,True,5/14/2026 9:25:59 AM
AP05A,1351386,P702IP,370,505139-3,71300-28,5/14/2026,False,5/13/2026 6:12:25 PM,True,5/14/2026 9:25:08 AM
AP05A,1351387,P702IP,371,505140-1,71300-33,5/14/2026,False,5/13/2026 6:12:27 PM,True,5/14/2026 9:28:45 AM
AP05A,1351388,P702IP,371,505140-2,71300-32,5/14/2026,False,5/13/2026 6:12:29 PM,True,5/14/2026 9:27:49 AM
AP05A,1351389,P702IP,371,505140-3,71300-31,5/14/2026,False,5/13/2026 6:12:31 PM,True,5/14/2026 9:27:27 AM
AP05A,1351390,P702IP,372,505141-1,71300-36,5/14/2026,False,5/13/2026 6:12:34 PM,True,5/14/2026 9:31:29 AM
AP05A,1351391,P702IP,372,505141-2,71300-35,5/14/2026,False,5/13/2026 6:12:36 PM,True,5/14/2026 9:31:11 AM
AP05A,1351392,P702IP,372,505141-3,71300-34,5/14/2026,False,5/13/2026 6:12:38 PM,True,5/14/2026 9:29:36 AM
AP05A,1351393,P702IP,373,505142-1,71300-39,5/14/2026,False,5/13/2026 6:12:40 PM,True,5/14/2026 9:34:16 AM
AP05A,1351394,P702IP,373,505142-2,71300-38,5/14/2026,False,5/13/2026 6:12:43 PM,True,5/14/2026 9:33:34 AM
AP05A,1351395,P702IP,373,505142-3,71300-37,5/14/2026,False,5/13/2026 6:12:45 PM,True,5/14/2026 9:32:43 AM
AP05A,1351396,P702IP,374,505143-1,71300-42,5/14/2026,False,5/13/2026 6:12:47 PM,True,5/14/2026 9:36:44 AM
AP05A,1351397,P702IP,374,505143-2,71300-41,5/14/2026,False,5/13/2026 6:12:49 PM,True,5/14/2026 9:35:51 AM
AP05A,1351398,P702IP,374,505143-3,71300-40,5/14/2026,False,5/13/2026 6:12:52 PM,True,5/14/2026 9:35:08 AM
AP05A,1351399,P702IP,375,505144-1,71300-45,5/14/2026,False,5/13/2026 6:12:54 PM,True,5/14/2026 9:39:44 AM
AP05A,1351400,P702IP,375,505144-2,71300-44,5/14/2026,False,5/13/2026 6:12:56 PM,True,5/14/2026 9:39:26 AM
AP05A,1351401,P702IP,375,505144-3,71300-43,5/14/2026,False,5/13/2026 6:12:58 PM,True,5/14/2026 9:37:30 AM
AP05A,1351402,P702IP,376,505145-1,71300-48,5/14/2026,False,5/13/2026 6:13:01 PM,True,5/14/2026 9:41:18 AM
AP05A,1351403,P702IP,376,505145-2,71300-47,5/14/2026,False,5/13/2026 6:13:03 PM,True,5/14/2026 9:40:31 AM
AP05A,1351404,P702IP,376,505145-3,71300-46,5/14/2026,False,5/13/2026 6:13:05 PM,True,5/14/2026 9:40:02 AM
AP05A,1351405,P702IP,377,505146-1,71300-51,5/14/2026,False,5/13/2026 6:13:08 PM,True,5/14/2026 9:43:59 AM
AP05A,1351406,P702IP,377,505146-2,71300-50,5/14/2026,False,5/13/2026 6:13:10 PM,True,5/14/2026 9:43:25 AM
AP05A,1351407,P702IP,377,505146-3,71300-49,5/14/2026,False,5/13/2026 6:13:12 PM,True,5/14/2026 9:42:46 AM
AP05A,1351408,P702IP,378,505147-1,71300-54,5/14/2026,False,5/13/2026 6:13:14 PM,True,5/14/2026 9:46:51 AM
AP05A,1351409,P702IP,378,505147-2,71300-53,5/14/2026,False,5/13/2026 6:13:17 PM,True,5/14/2026 9:46:00 AM
AP05A,1351410,P702IP,378,505147-3,71300-52,5/14/2026,False,5/13/2026 6:13:19 PM,True,5/14/2026 9:45:07 AM
AP05A,1351411,P702IP,379,505148-1,71300-57,5/14/2026,False,5/13/2026 6:13:21 PM,True,5/14/2026 9:49:17 AM
AP05A,1351412,P702IP,379,505148-2,71300-56,5/14/2026,False,5/13/2026 6:13:23 PM,True,5/14/2026 9:48:37 AM
AP05A,1351413,P702IP,379,505148-3,71300-55,5/14/2026,False,5/13/2026 6:13:25 PM,True,5/14/2026 9:47:48 AM
AP05A,1351414,P702IP,380,505149-1,71300-60,5/14/2026,False,5/13/2026 6:13:28 PM,True,5/14/2026 9:51:53 AM
AP05A,1351415,P702IP,380,505149-2,71300-59,5/14/2026,False,5/13/2026 6:13:30 PM,True,5/14/2026 9:51:06 AM
AP05A,1351416,P702IP,380,505149-3,71300-58,5/14/2026,False,5/13/2026 6:13:32 PM,True,5/14/2026 9:50:11 AM
AP05A,1351417,P702IP,381,505150-1,71300-63,5/14/2026,False,5/13/2026 6:13:34 PM,True,5/14/2026 9:54:23 AM
AP05A,1351418,P702IP,381,505150-2,71300-62,5/14/2026,False,5/13/2026 6:13:37 PM,True,5/14/2026 9:53:22 AM
AP05A,1351419,P702IP,381,505150-3,71300-61,5/14/2026,False,5/13/2026 6:13:39 PM,True,5/14/2026 9:52:26 AM
AP05A,1351420,P702IP,382,505151-1,71300-66,5/14/2026,False,5/13/2026 6:13:41 PM,True,5/14/2026 9:56:50 AM
AP05A,1351421,P702IP,382,505151-2,71300-65,5/14/2026,False,5/13/2026 6:13:43 PM,True,5/14/2026 9:55:59 AM
AP05A,1351422,P702IP,382,505151-3,71300-64,5/14/2026,False,5/13/2026 6:13:45 PM,True,5/14/2026 9:55:16 AM
AP05A,1351423,P702IP,383,505152-1,71300-69,5/14/2026,False,5/13/2026 6:13:48 PM,True,5/14/2026 9:59:25 AM
AP05A,1351424,P702IP,383,505152-2,71300-68,5/14/2026,False,5/13/2026 6:13:50 PM,True,5/14/2026 9:58:26 AM
AP05A,1351425,P702IP,383,505152-3,71300-67,5/14/2026,False,5/13/2026 6:13:52 PM,True,5/14/2026 9:57:38 AM
AP05A,1351426,P702IP,384,505153-1,71300-72,5/14/2026,False,5/13/2026 6:13:55 PM,True,5/14/2026 10:03:31 AM
AP05A,1351427,P702IP,384,505153-2,71300-71,5/14/2026,False,5/13/2026 6:13:57 PM,True,5/14/2026 10:02:37 AM
AP05A,1351428,P702IP,384,505153-3,71300-70,5/14/2026,False,5/13/2026 6:13:59 PM,True,5/14/2026 10:00:31 AM
AP05A,1351429,P702IP,385,505154-1,71301-3,5/14/2026,False,5/13/2026 7:13:54 PM,True,5/14/2026 10:05:37 AM
AP05A,1351430,P702IP,385,505154-2,71301-2,5/14/2026,False,5/13/2026 7:13:56 PM,True,5/14/2026 10:04:54 AM
AP05A,1351431,P702IP,385,505154-3,71301-1,5/14/2026,False,5/13/2026 7:13:58 PM,True,5/14/2026 10:04:12 AM
AP05A,1351432,P702IP,386,505155-1,71301-6,5/14/2026,False,5/13/2026 7:14:01 PM,True,5/14/2026 10:08:28 AM
AP05A,1351433,P702IP,386,505155-2,71301-5,5/14/2026,False,5/13/2026 7:14:03 PM,True,5/14/2026 10:07:44 AM
AP05A,1351434,P702IP,386,505155-3,71301-4,5/14/2026,False,5/13/2026 7:14:05 PM,True,5/14/2026 10:06:05 AM
AP05A,1351435,P702IP,387,505156-1,71301-9,5/14/2026,False,5/13/2026 7:14:07 PM,True,5/14/2026 10:11:09 AM
AP05A,1351436,P702IP,387,505156-2,71301-8,5/14/2026,False,5/13/2026 7:14:09 PM,True,5/14/2026 10:09:40 AM
AP05A,1351437,P702IP,387,505156-3,71301-7,5/14/2026,False,5/13/2026 7:14:12 PM,True,5/14/2026 10:09:16 AM
AP05A,1351438,P702IP,388,505157-1,71301-12,5/14/2026,False,5/13/2026 7:14:14 PM,True,5/14/2026 10:13:36 AM
AP05A,1351439,P702IP,388,505157-2,71301-11,5/14/2026,False,5/13/2026 7:14:16 PM,True,5/14/2026 10:12:49 AM
AP05A,1351440,P702IP,388,505157-3,71301-10,5/14/2026,False,5/13/2026 7:14:18 PM,True,5/14/2026 10:12:08 AM
AP05A,1351441,P702IP,389,505158-1,71301-15,5/14/2026,False,5/13/2026 7:14:21 PM,True,5/14/2026 10:15:40 AM
AP05A,1351442,P702IP,389,505158-2,71301-14,5/14/2026,False,5/13/2026 7:14:23 PM,True,5/14/2026 10:14:55 AM
AP05A,1351443,P702IP,389,505158-3,71301-13,5/14/2026,False,5/13/2026 7:14:25 PM,True,5/14/2026 10:14:15 AM
AP05A,1351444,P702IP,390,505159-1,71301-18,5/14/2026,False,5/13/2026 7:14:27 PM,True,5/14/2026 10:18:26 AM
AP05A,1351445,P702IP,390,505159-2,71301-17,5/14/2026,False,5/13/2026 7:14:30 PM,True,5/14/2026 10:17:09 AM
AP05A,1351446,P702IP,390,505159-3,71301-16,5/14/2026,False,5/13/2026 7:14:32 PM,True,5/14/2026 10:16:24 AM
AP05A,1351447,P702IP,391,505160-1,71301-21,5/14/2026,False,5/13/2026 7:14:34 PM,True,5/14/2026 10:21:01 AM
AP05A,1351448,P702IP,391,505160-2,71301-20,5/14/2026,False,5/13/2026 7:14:36 PM,True,5/14/2026 10:20:27 AM
AP05A,1351449,P702IP,391,505160-3,71301-19,5/14/2026,False,5/13/2026 7:14:38 PM,True,5/14/2026 10:19:51 AM
AP05A,1351450,P702IP,392,505161-1,71301-24,5/14/2026,False,5/13/2026 7:14:41 PM,True,5/14/2026 10:23:16 AM
AP05A,1351451,P702IP,392,505161-2,71301-23,5/14/2026,False,5/13/2026 7:14:43 PM,True,5/14/2026 10:22:26 AM
AP05A,1351452,P702IP,392,505161-3,71301-22,5/14/2026,False,5/13/2026 7:14:45 PM,True,5/14/2026 10:21:43 AM
AP05A,1351453,P702IP,393,505162-1,71301-27,5/14/2026,False,5/13/2026 7:14:47 PM,True,5/14/2026 10:25:35 AM
AP05A,1351454,P702IP,393,505162-2,71301-26,5/14/2026,False,5/13/2026 7:14:50 PM,True,5/14/2026 10:24:51 AM
AP05A,1351455,P702IP,393,505162-3,71301-25,5/14/2026,False,5/13/2026 7:14:52 PM,True,5/14/2026 10:24:03 AM
AP05A,1351456,P702IP,394,505163-1,71301-30,5/14/2026,False,5/13/2026 7:14:54 PM,True,5/14/2026 10:27:49 AM
AP05A,1351457,P702IP,394,505163-2,71301-29,5/14/2026,False,5/13/2026 7:14:56 PM,True,5/14/2026 10:26:55 AM
AP05A,1351458,P702IP,394,505163-3,71301-28,5/14/2026,False,5/13/2026 7:14:59 PM,True,5/14/2026 10:26:16 AM
AP05A,1351459,P702IP,395,505164-1,71301-33,5/14/2026,False,5/13/2026 7:15:01 PM,True,5/14/2026 10:30:29 AM
AP05A,1351460,P702IP,395,505164-2,71301-32,5/14/2026,False,5/13/2026 7:15:03 PM,True,5/14/2026 10:29:56 AM
AP05A,1351461,P702IP,395,505164-3,71301-31,5/14/2026,False,5/13/2026 7:15:05 PM,True,5/14/2026 10:29:11 AM
AP05A,1351462,P702IP,396,505165-1,71301-36,5/14/2026,False,5/13/2026 7:15:08 PM,True,5/14/2026 10:32:35 AM
AP05A,1351463,P702IP,396,505165-2,71301-35,5/14/2026,False,5/13/2026 7:15:10 PM,True,5/14/2026 10:32:01 AM
AP05A,1351464,P702IP,396,505165-3,71301-34,5/14/2026,False,5/13/2026 7:15:12 PM,True,5/14/2026 10:31:14 AM
AP05A,1351465,P702IP,397,505166-1,71301-39,5/14/2026,False,5/13/2026 7:15:14 PM,True,5/14/2026 10:35:08 AM
AP05A,1351466,P702IP,397,505166-2,71301-38,5/14/2026,False,5/13/2026 7:15:16 PM,True,5/14/2026 10:34:11 AM
AP05A,1351467,P702IP,397,505166-3,71301-37,5/14/2026,False,5/13/2026 7:15:19 PM,True,5/14/2026 10:33:20 AM
AP05A,1351468,P702IP,398,505167-1,71301-42,5/14/2026,False,5/13/2026 7:15:21 PM,True,5/14/2026 10:39:25 AM
AP05A,1351469,P702IP,398,505167-2,71301-41,5/14/2026,False,5/13/2026 7:15:23 PM,True,5/14/2026 10:37:58 AM
AP05A,1351470,P702IP,398,505167-3,71301-40,5/14/2026,False,5/13/2026 7:15:25 PM,True,5/14/2026 10:36:48 AM
AP05A,1351471,P702IP,399,505168-1,71301-45,5/14/2026,False,5/13/2026 7:15:28 PM,True,5/14/2026 10:41:34 AM
AP05A,1351472,P702IP,399,505168-2,71301-44,5/14/2026,False,5/13/2026 7:15:30 PM,True,5/14/2026 10:41:04 AM
AP05A,1351473,P702IP,399,505168-3,71301-43,5/14/2026,False,5/13/2026 7:15:32 PM,True,5/14/2026 10:40:26 AM
AP05A,1351474,P702IP,400,505169-1,71301-48,5/14/2026,False,5/13/2026 7:15:34 PM,True,5/14/2026 10:43:52 AM
AP05A,1351475,P702IP,400,505169-2,71301-47,5/14/2026,False,5/13/2026 7:15:36 PM,True,5/14/2026 10:43:14 AM
AP05A,1351476,P702IP,400,505169-3,71301-46,5/14/2026,False,5/13/2026 7:15:39 PM,True,5/14/2026 10:42:42 AM
AP05A,1351477,P702IP,401,505170-1,71301-51,5/14/2026,False,5/13/2026 7:15:41 PM,True,5/14/2026 10:45:46 AM
AP05A,1351478,P702IP,401,505170-2,71301-50,5/14/2026,False,5/13/2026 7:15:43 PM,True,5/14/2026 10:44:53 AM
AP05A,1351479,P702IP,401,505170-3,71301-49,5/14/2026,False,5/13/2026 7:15:45 PM,True,5/14/2026 10:44:42 AM
AP05A,1351480,P702IP,402,505171-1,71301-54,5/14/2026,False,5/13/2026 7:15:48 PM,True,5/14/2026 10:48:12 AM
AP05A,1351481,P702IP,402,505171-2,71301-53,5/14/2026,False,5/13/2026 7:15:50 PM,True,5/14/2026 10:47:41 AM
AP05A,1351482,P702IP,402,505171-3,71301-52,5/14/2026,False,5/13/2026 7:15:52 PM,True,5/14/2026 10:47:10 AM
AP05A,1351483,P702IP,403,505172-1,71301-57,5/14/2026,False,5/13/2026 7:15:54 PM,True,5/14/2026 10:50:21 AM
AP05A,1351484,P702IP,403,505172-2,71301-56,5/14/2026,False,5/13/2026 7:15:57 PM,True,5/14/2026 10:49:27 AM
AP05A,1351485,P702IP,403,505172-3,71301-55,5/14/2026,False,5/13/2026 7:15:59 PM,True,5/14/2026 10:48:39 AM
AP05A,1351486,P702IP,404,505173-1,71301-60,5/14/2026,False,5/13/2026 7:16:01 PM,True,5/14/2026 10:52:35 AM
AP05A,1351487,P702IP,404,505173-2,71301-59,5/14/2026,False,5/13/2026 7:16:03 PM,True,5/14/2026 10:51:39 AM
AP05A,1351488,P702IP,404,505173-3,71301-58,5/14/2026,False,5/13/2026 7:16:05 PM,True,5/14/2026 10:50:56 AM
AP05A,1351489,P702IP,405,505174-1,71301-63,5/14/2026,False,5/13/2026 7:16:08 PM,True,5/14/2026 10:55:23 AM
AP05A,1351490,P702IP,405,505174-2,71301-62,5/14/2026,False,5/13/2026 7:16:10 PM,True,5/14/2026 10:54:46 AM
AP05A,1351491,P702IP,405,505174-3,71301-61,5/14/2026,False,5/13/2026 7:16:12 PM,True,5/14/2026 10:54:09 AM
AP05A,1351492,P702IP,406,505175-1,71301-66,5/14/2026,False,5/13/2026 7:16:15 PM,True,5/14/2026 10:58:06 AM
AP05A,1351493,P702IP,406,505175-2,71301-65,5/14/2026,False,5/13/2026 7:16:17 PM,True,5/14/2026 10:57:44 AM
AP05A,1351494,P702IP,406,505175-3,71301-64,5/14/2026,False,5/13/2026 7:16:19 PM,True,5/14/2026 10:56:42 AM
AP05A,1351495,P702IP,407,505176-1,71301-69,5/14/2026,False,5/13/2026 7:16:21 PM,False,5/13/2026 7:16:21 PM
AP05A,1351496,P702IP,407,505176-2,71301-68,5/14/2026,False,5/13/2026 7:16:24 PM,True,5/14/2026 11:04:21 AM
AP05A,1351497,P702IP,407,505176-3,71301-67,5/14/2026,False,5/13/2026 7:16:26 PM,True,5/14/2026 11:03:06 AM
AP05A,1351498,P702IP,408,505177-1,71301-72,5/14/2026,False,5/13/2026 7:16:28 PM,False,5/13/2026 7:16:28 PM
AP05A,1351499,P702IP,408,505177-2,71301-71,5/14/2026,False,5/13/2026 7:16:30 PM,False,5/13/2026 7:16:30 PM
AP05A,1351500,P702IP,408,505177-3,71301-70,5/14/2026,False,5/13/2026 7:16:33 PM,False,5/13/2026 7:16:33 PM
AP05A,1351501,P702IP,409,505178-1,71302-3,5/14/2026,False,5/13/2026 8:22:35 PM,False,5/13/2026 8:22:35 PM
AP05A,1351502,P702IP,409,505178-2,71302-2,5/14/2026,False,5/13/2026 8:22:37 PM,False,5/13/2026 8:22:37 PM
AP05A,1351503,P702IP,409,505178-3,71302-1,5/14/2026,False,5/13/2026 8:22:39 PM,False,5/13/2026 8:22:39 PM
AP05A,1351504,P702IP,410,505179-1,71302-6,5/14/2026,False,5/13/2026 8:22:42 PM,False,5/13/2026 8:22:42 PM
AP05A,1351505,P702IP,410,505179-2,71302-5,5/14/2026,False,5/13/2026 8:22:44 PM,False,5/13/2026 8:22:44 PM
AP05A,1351506,P702IP,410,505179-3,71302-4,5/14/2026,False,5/13/2026 8:22:46 PM,False,5/13/2026 8:22:46 PM
AP05A,1351507,P702IP,411,505180-1,71302-9,5/14/2026,False,5/13/2026 8:22:48 PM,False,5/13/2026 8:22:48 PM
AP05A,1351508,P702IP,411,505180-2,71302-8,5/14/2026,False,5/13/2026 8:22:51 PM,False,5/13/2026 8:22:51 PM
AP05A,1351509,P702IP,411,505180-3,71302-7,5/14/2026,False,5/13/2026 8:22:53 PM,False,5/13/2026 8:22:53 PM
AP05A,1351510,P702IP,412,505181-1,71302-12,5/14/2026,False,5/13/2026 8:22:55 PM,False,5/13/2026 8:22:55 PM
AP05A,1351511,P702IP,412,505181-2,71302-11,5/14/2026,False,5/13/2026 8:22:57 PM,False,5/13/2026 8:22:57 PM
AP05A,1351512,P702IP,412,505181-3,71302-10,5/14/2026,False,5/13/2026 8:23:00 PM,False,5/13/2026 8:23:00 PM
AP05A,1351513,P702IP,413,505182-1,-,5/14/2026,False,5/13/2026 8:23:02 PM,False,5/13/2026 8:23:02 PM
AP05A,1351514,P702IP,413,505182-2,-,5/14/2026,False,5/13/2026 8:23:04 PM,False,5/13/2026 8:23:04 PM
AP05A,1351515,P702IP,413,505182-3,-,5/14/2026,False,5/13/2026 8:23:06 PM,False,5/13/2026 8:23:06 PM
AP05A,1351516,P702IP,414,505183-1,-,5/14/2026,False,5/13/2026 8:23:09 PM,False,5/13/2026 8:23:09 PM
AP05A,1351517,P702IP,414,505183-2,-,5/14/2026,False,5/13/2026 8:23:11 PM,False,5/13/2026 8:23:11 PM
AP05A,1351518,P702IP,414,505183-3,-,5/14/2026,False,5/13/2026 8:23:13 PM,False,5/13/2026 8:23:13 PM
AP05A,1351519,P702IP,415,505184-1,-,5/14/2026,False,5/13/2026 8:23:15 PM,False,5/13/2026 8:23:15 PM
AP05A,1351520,P702IP,415,505184-2,-,5/14/2026,False,5/13/2026 8:23:18 PM,False,5/13/2026 8:23:18 PM
AP05A,1351521,P702IP,415,505184-3,-,5/14/2026,False,5/13/2026 8:23:20 PM,False,5/13/2026 8:23:20 PM
AP05A,1351522,P702IP,416,505185-1,-,5/14/2026,False,5/13/2026 8:23:22 PM,False,5/13/2026 8:23:22 PM
AP05A,1351523,P702IP,416,505185-2,-,5/14/2026,False,5/13/2026 8:23:24 PM,False,5/13/2026 8:23:24 PM
AP05A,1351524,P702IP,416,505185-3,-,5/14/2026,False,5/13/2026 8:23:27 PM,False,5/13/2026 8:23:27 PM
AP05A,1351525,P702IP,417,505186-1,-,5/14/2026,False,5/13/2026 8:23:29 PM,False,5/13/2026 8:23:29 PM
AP05A,1351526,P702IP,417,505186-2,-,5/14/2026,False,5/13/2026 8:23:31 PM,False,5/13/2026 8:23:31 PM
AP05A,1351527,P702IP,417,505186-3,-,5/14/2026,False,5/13/2026 8:23:33 PM,False,5/13/2026 8:23:33 PM
AP05A,1351528,P702IP,418,505187-1,-,5/14/2026,False,5/13/2026 8:23:36 PM,False,5/13/2026 8:23:36 PM
AP05A,1351529,P702IP,418,505187-2,-,5/14/2026,False,5/13/2026 8:23:38 PM,False,5/13/2026 8:23:38 PM
AP05A,1351530,P702IP,418,505187-3,-,5/14/2026,False,5/13/2026 8:23:40 PM,False,5/13/2026 8:23:40 PM
AP05A,1351531,P702IP,419,505188-1,-,5/14/2026,False,5/13/2026 8:23:42 PM,False,5/13/2026 8:23:42 PM
AP05A,1351532,P702IP,419,505188-2,-,5/14/2026,False,5/13/2026 8:23:45 PM,False,5/13/2026 8:23:45 PM
AP05A,1351533,P702IP,419,505188-3,-,5/14/2026,False,5/13/2026 8:23:47 PM,False,5/13/2026 8:23:47 PM
AP05A,1351534,P702IP,420,505189-1,-,5/14/2026,False,5/13/2026 8:23:49 PM,False,5/13/2026 8:23:49 PM
AP05A,1351535,P702IP,420,505189-2,-,5/14/2026,False,5/13/2026 8:23:51 PM,False,5/13/2026 8:23:51 PM
AP05A,1351536,P702IP,420,505189-3,-,5/14/2026,False,5/13/2026 8:23:54 PM,False,5/13/2026 8:23:54 PM
AP05A,1351537,P702IP,421,505190-1,-,5/14/2026,False,5/13/2026 8:23:56 PM,False,5/13/2026 8:23:56 PM
AP05A,1351538,P702IP,421,505190-2,-,5/14/2026,False,5/13/2026 8:23:58 PM,False,5/13/2026 8:23:58 PM
AP05A,1351539,P702IP,421,505190-3,-,5/14/2026,False,5/13/2026 8:24:00 PM,False,5/13/2026 8:24:00 PM
AP05A,1351540,P702IP,422,505191-1,-,5/14/2026,False,5/13/2026 8:24:03 PM,False,5/13/2026 8:24:03 PM
AP05A,1351541,P702IP,422,505191-2,-,5/14/2026,False,5/13/2026 8:24:05 PM,False,5/13/2026 8:24:05 PM
AP05A,1351542,P702IP,422,505191-3,-,5/14/2026,False,5/13/2026 8:24:07 PM,False,5/13/2026 8:24:07 PM
AP05A,1351543,P702IP,423,505192-1,-,5/14/2026,False,5/13/2026 8:24:10 PM,False,5/13/2026 8:24:10 PM
AP05A,1351544,P702IP,423,505192-2,-,5/14/2026,False,5/13/2026 8:24:12 PM,False,5/13/2026 8:24:12 PM
AP05A,1351545,P702IP,423,505192-3,-,5/14/2026,False,5/13/2026 8:24:14 PM,False,5/13/2026 8:24:14 PM
AP05A,1351546,P702IP,424,505193-1,-,5/14/2026,False,5/13/2026 8:24:16 PM,False,5/13/2026 8:24:16 PM
AP05A,1351547,P702IP,424,505193-2,-,5/14/2026,False,5/13/2026 8:24:19 PM,False,5/13/2026 8:24:19 PM
AP05A,1351548,P702IP,424,505193-3,-,5/14/2026,False,5/13/2026 8:24:21 PM,False,5/13/2026 8:24:21 PM
AP05A,1351549,P702IP,425,505194-1,-,5/14/2026,False,5/13/2026 8:24:23 PM,False,5/13/2026 8:24:23 PM
AP05A,1351550,P702IP,425,505194-2,-,5/14/2026,False,5/13/2026 8:24:25 PM,False,5/13/2026 8:24:25 PM
AP05A,1351551,P702IP,425,505194-3,-,5/14/2026,False,5/13/2026 8:24:27 PM,False,5/13/2026 8:24:27 PM
AP05A,1351552,P702IP,426,505195-1,-,5/14/2026,False,5/13/2026 8:24:30 PM,False,5/13/2026 8:24:30 PM
AP05A,1351553,P702IP,426,505195-2,-,5/14/2026,False,5/13/2026 8:24:32 PM,False,5/13/2026 8:24:32 PM
AP05A,1351554,P702IP,426,505195-3,-,5/14/2026,False,5/13/2026 8:24:34 PM,False,5/13/2026 8:24:34 PM
AP05A,1351555,P702IP,427,505196-1,-,5/14/2026,False,5/13/2026 8:24:36 PM,False,5/13/2026 8:24:36 PM
AP05A,1351556,P702IP,427,505196-2,-,5/14/2026,False,5/13/2026 8:24:39 PM,False,5/13/2026 8:24:39 PM
AP05A,1351557,P702IP,427,505196-3,-,5/14/2026,False,5/13/2026 8:24:41 PM,False,5/13/2026 8:24:41 PM
AP05A,1351558,P702IP,428,505197-1,-,5/14/2026,False,5/13/2026 8:24:43 PM,False,5/13/2026 8:24:43 PM
AP05A,1351559,P702IP,428,505197-2,-,5/14/2026,False,5/13/2026 8:24:45 PM,False,5/13/2026 8:24:45 PM
AP05A,1351560,P702IP,428,505197-3,-,5/14/2026,False,5/13/2026 8:24:48 PM,False,5/13/2026 8:24:48 PM
AP05A,1351561,P702IP,429,505198-1,-,5/14/2026,False,5/13/2026 8:24:50 PM,False,5/13/2026 8:24:50 PM
AP05A,1351562,P702IP,429,505198-2,-,5/14/2026,False,5/13/2026 8:24:52 PM,False,5/13/2026 8:24:52 PM
AP05A,1351563,P702IP,429,505198-3,-,5/14/2026,False,5/13/2026 8:24:54 PM,False,5/13/2026 8:24:54 PM
AP05A,1351564,P702IP,430,505199-1,-,5/14/2026,False,5/13/2026 8:24:57 PM,False,5/13/2026 8:24:57 PM
AP05A,1351565,P702IP,430,505199-2,-,5/14/2026,False,5/13/2026 8:24:59 PM,False,5/13/2026 8:24:59 PM
AP05A,1351566,P702IP,430,505199-3,-,5/14/2026,False,5/13/2026 8:25:01 PM,False,5/13/2026 8:25:01 PM
AP05A,1351567,P702IP,431,505200-1,-,5/14/2026,False,5/13/2026 8:25:03 PM,False,5/13/2026 8:25:03 PM
AP05A,1351568,P702IP,431,505200-2,-,5/14/2026,False,5/13/2026 8:25:06 PM,False,5/13/2026 8:25:06 PM
AP05A,1351569,P702IP,431,505200-3,-,5/14/2026,False,5/13/2026 8:25:08 PM,False,5/13/2026 8:25:08 PM
AP05A,1351570,P702IP,432,505201-1,-,5/14/2026,False,5/13/2026 8:25:11 PM,False,5/13/2026 8:25:11 PM
AP05A,1351571,P702IP,432,505201-2,-,5/14/2026,False,5/13/2026 8:25:13 PM,False,5/13/2026 8:25:13 PM
AP05A,1351572,P702IP,432,505201-3,-,5/14/2026,False,5/13/2026 8:25:16 PM,False,5/13/2026 8:25:16 PM
AP05A,1351573,P702IP,433,505202-1,-,5/14/2026,False,5/13/2026 9:43:55 PM,False,5/13/2026 9:43:55 PM
AP05A,1351574,P702IP,433,505202-2,-,5/14/2026,False,5/13/2026 9:43:57 PM,False,5/13/2026 9:43:57 PM
AP05A,1351575,P702IP,433,505202-3,-,5/14/2026,False,5/13/2026 9:43:59 PM,False,5/13/2026 9:43:59 PM
AP05A,1351576,P702IP,434,505203-1,-,5/14/2026,False,5/13/2026 9:44:02 PM,False,5/13/2026 9:44:02 PM
AP05A,1351577,P702IP,434,505203-2,-,5/14/2026,False,5/13/2026 9:44:04 PM,False,5/13/2026 9:44:04 PM
AP05A,1351578,P702IP,434,505203-3,-,5/14/2026,False,5/13/2026 9:44:06 PM,False,5/13/2026 9:44:06 PM
AP05A,1351579,P702IP,435,505204-1,-,5/14/2026,False,5/13/2026 9:44:09 PM,False,5/13/2026 9:44:09 PM
AP05A,1351580,P702IP,435,505204-2,-,5/14/2026,False,5/13/2026 9:44:11 PM,False,5/13/2026 9:44:11 PM
AP05A,1351581,P702IP,435,505204-3,-,5/14/2026,False,5/13/2026 9:44:13 PM,False,5/13/2026 9:44:13 PM
AP05A,1351582,P702IP,436,505205-1,-,5/14/2026,False,5/13/2026 9:44:15 PM,False,5/13/2026 9:44:15 PM
AP05A,1351583,P702IP,436,505205-2,-,5/14/2026,False,5/13/2026 9:44:17 PM,False,5/13/2026 9:44:17 PM
AP05A,1351584,P702IP,436,505205-3,-,5/14/2026,False,5/13/2026 9:44:19 PM,False,5/13/2026 9:44:19 PM
AP05A,1351585,P702IP,437,505206-1,-,5/14/2026,False,5/13/2026 9:44:22 PM,False,5/13/2026 9:44:22 PM
AP05A,1351586,P702IP,437,505206-2,-,5/14/2026,False,5/13/2026 9:44:24 PM,False,5/13/2026 9:44:24 PM
AP05A,1351587,P702IP,437,505206-3,-,5/14/2026,False,5/13/2026 9:44:26 PM,False,5/13/2026 9:44:26 PM
AP05A,1351588,P702IP,438,505207-1,-,5/14/2026,False,5/13/2026 9:44:28 PM,False,5/13/2026 9:44:28 PM
AP05A,1351589,P702IP,438,505207-2,-,5/14/2026,False,5/13/2026 9:44:31 PM,False,5/13/2026 9:44:31 PM
AP05A,1351590,P702IP,438,505207-3,-,5/14/2026,False,5/13/2026 9:44:33 PM,False,5/13/2026 9:44:33 PM
AP05A,1351591,P702IP,439,505208-1,-,5/14/2026,False,5/13/2026 9:44:35 PM,False,5/13/2026 9:44:35 PM
AP05A,1351592,P702IP,439,505208-2,-,5/14/2026,False,5/13/2026 9:44:37 PM,False,5/13/2026 9:44:37 PM
AP05A,1351593,P702IP,439,505208-3,-,5/14/2026,False,5/13/2026 9:44:39 PM,False,5/13/2026 9:44:39 PM
AP05A,1351594,P702IP,440,505209-1,-,5/14/2026,False,5/13/2026 9:44:42 PM,False,5/13/2026 9:44:42 PM
AP05A,1351595,P702IP,440,505209-2,-,5/14/2026,False,5/13/2026 9:44:44 PM,False,5/13/2026 9:44:44 PM
AP05A,1351596,P702IP,440,505209-3,-,5/14/2026,False,5/13/2026 9:44:46 PM,False,5/13/2026 9:44:46 PM
AP05A,1351597,P702IP,441,505210-1,-,5/14/2026,False,5/13/2026 9:44:48 PM,False,5/13/2026 9:44:48 PM
AP05A,1351598,P702IP,441,505210-2,-,5/14/2026,False,5/13/2026 9:44:51 PM,False,5/13/2026 9:44:51 PM
AP05A,1351599,P702IP,441,505210-3,-,5/14/2026,False,5/13/2026 9:44:53 PM,False,5/13/2026 9:44:53 PM
AP05A,1351600,P702IP,442,505211-1,-,5/14/2026,False,5/13/2026 9:44:55 PM,False,5/13/2026 9:44:55 PM
AP05A,1351601,P702IP,442,505211-2,-,5/14/2026,False,5/13/2026 9:44:57 PM,False,5/13/2026 9:44:57 PM
AP05A,1351602,P702IP,442,505211-3,-,5/14/2026,False,5/13/2026 9:44:59 PM,False,5/13/2026 9:44:59 PM
AP05A,1351603,P702IP,443,505212-1,-,5/14/2026,False,5/13/2026 9:45:02 PM,False,5/13/2026 9:45:02 PM
AP05A,1351604,P702IP,443,505212-2,-,5/14/2026,False,5/13/2026 9:45:04 PM,False,5/13/2026 9:45:04 PM
AP05A,1351605,P702IP,443,505212-3,-,5/14/2026,False,5/13/2026 9:45:06 PM,False,5/13/2026 9:45:06 PM
AP05A,1351606,P702IP,444,505213-1,-,5/14/2026,False,5/13/2026 9:45:08 PM,False,5/13/2026 9:45:08 PM
AP05A,1351607,P702IP,444,505213-2,-,5/14/2026,False,5/13/2026 9:45:11 PM,False,5/13/2026 9:45:10 PM
AP05A,1351608,P702IP,444,505213-3,-,5/14/2026,False,5/13/2026 9:45:13 PM,False,5/13/2026 9:45:13 PM
AP05A,1351609,P702IP,445,505214-1,-,5/14/2026,False,5/13/2026 9:45:15 PM,False,5/13/2026 9:45:15 PM
AP05A,1351610,P702IP,445,505214-2,-,5/14/2026,False,5/13/2026 9:45:17 PM,False,5/13/2026 9:45:17 PM
AP05A,1351611,P702IP,445,505214-3,-,5/14/2026,False,5/13/2026 9:45:19 PM,False,5/13/2026 9:45:19 PM
AP05A,1351612,P702IP,446,505215-1,-,5/14/2026,False,5/13/2026 9:45:22 PM,False,5/13/2026 9:45:22 PM
AP05A,1351613,P702IP,446,505215-2,-,5/14/2026,False,5/13/2026 9:45:24 PM,False,5/13/2026 9:45:24 PM
AP05A,1351614,P702IP,446,505215-3,-,5/14/2026,False,5/13/2026 9:45:26 PM,False,5/13/2026 9:45:26 PM
AP05A,1351615,P702IP,447,505216-1,-,5/14/2026,False,5/13/2026 9:45:28 PM,False,5/13/2026 9:45:28 PM
AP05A,1351616,P702IP,447,505216-2,-,5/14/2026,False,5/13/2026 9:45:30 PM,False,5/13/2026 9:45:30 PM
AP05A,1351617,P702IP,447,505216-3,-,5/14/2026,False,5/13/2026 9:45:33 PM,False,5/13/2026 9:45:33 PM
AP05A,1351618,P702IP,448,505217-1,-,5/14/2026,False,5/13/2026 9:45:35 PM,False,5/13/2026 9:45:35 PM
AP05A,1351619,P702IP,448,505217-2,-,5/14/2026,False,5/13/2026 9:45:37 PM,False,5/13/2026 9:45:37 PM
AP05A,1351620,P702IP,448,505217-3,-,5/14/2026,False,5/13/2026 9:45:39 PM,False,5/13/2026 9:45:39 PM
AP05A,1351621,P702IP,449,505218-1,-,5/14/2026,False,5/13/2026 9:45:42 PM,False,5/13/2026 9:45:42 PM
AP05A,1351622,P702IP,449,505218-2,-,5/14/2026,False,5/13/2026 9:45:44 PM,False,5/13/2026 9:45:44 PM
AP05A,1351623,P702IP,449,505218-3,-,5/14/2026,False,5/13/2026 9:45:46 PM,False,5/13/2026 9:45:46 PM
AP05A,1351624,P702IP,450,505219-1,-,5/14/2026,False,5/13/2026 9:45:48 PM,False,5/13/2026 9:45:48 PM
AP05A,1351625,P702IP,450,505219-2,-,5/14/2026,False,5/13/2026 9:45:50 PM,False,5/13/2026 9:45:50 PM
AP05A,1351626,P702IP,450,505219-3,-,5/14/2026,False,5/13/2026 9:45:53 PM,False,5/13/2026 9:45:53 PM
AP05A,1351627,P702IP,451,505220-1,-,5/14/2026,False,5/13/2026 9:45:55 PM,False,5/13/2026 9:45:55 PM
AP05A,1351628,P702IP,451,505220-2,-,5/14/2026,False,5/13/2026 9:45:57 PM,False,5/13/2026 9:45:57 PM
AP05A,1351629,P702IP,451,505220-3,-,5/14/2026,False,5/13/2026 9:45:59 PM,False,5/13/2026 9:45:59 PM
AP05A,1351630,P702IP,452,505221-1,-,5/14/2026,False,5/13/2026 9:46:02 PM,False,5/13/2026 9:46:02 PM
AP05A,1351631,P702IP,452,505221-2,-,5/14/2026,False,5/13/2026 9:46:04 PM,False,5/13/2026 9:46:04 PM
AP05A,1351632,P702IP,452,505221-3,-,5/15/2026,False,5/13/2026 9:46:06 PM,False,5/13/2026 9:46:06 PM
AP05A,1351633,P702IP,453,505222-1,-,5/15/2026,False,5/13/2026 9:46:08 PM,False,5/13/2026 9:46:08 PM
AP05A,1351634,P702IP,453,505222-2,-,5/15/2026,False,5/13/2026 9:46:10 PM,False,5/13/2026 9:46:10 PM
AP05A,1351635,P702IP,453,505222-3,-,5/15/2026,False,5/13/2026 9:46:13 PM,False,5/13/2026 9:46:13 PM
AP05A,1351636,P702IP,454,505223-1,-,5/15/2026,False,5/13/2026 9:46:15 PM,False,5/13/2026 9:46:15 PM
AP05A,1351637,P702IP,454,505223-2,-,5/15/2026,False,5/13/2026 9:46:17 PM,False,5/13/2026 9:46:17 PM
AP05A,1351638,P702IP,454,505223-3,-,5/15/2026,False,5/13/2026 9:46:19 PM,False,5/13/2026 9:46:19 PM
AP05A,1351639,P702IP,455,505224-1,-,5/15/2026,False,5/13/2026 9:46:21 PM,False,5/13/2026 9:46:21 PM
AP05A,1351640,P702IP,455,505224-2,-,5/15/2026,False,5/13/2026 9:46:24 PM,False,5/13/2026 9:46:24 PM
AP05A,1351641,P702IP,455,505224-3,-,5/15/2026,False,5/13/2026 9:46:26 PM,False,5/13/2026 9:46:26 PM
AP05A,1351642,P702IP,456,505225-1,-,5/15/2026,False,5/13/2026 9:46:28 PM,False,5/13/2026 9:46:28 PM
AP05A,1351643,P702IP,456,505225-2,-,5/15/2026,False,5/13/2026 9:46:31 PM,False,5/13/2026 9:46:31 PM
AP05A,1351644,P702IP,456,505225-3,-,5/15/2026,False,5/13/2026 9:46:33 PM,False,5/13/2026 9:46:33 PM
AP05A,1351645,P702IP,457,505226-1,-,5/15/2026,False,5/13/2026 10:48:05 PM,False,5/13/2026 10:48:05 PM
AP05A,1351646,P702IP,457,505226-2,-,5/15/2026,False,5/13/2026 10:48:07 PM,False,5/13/2026 10:48:07 PM
AP05A,1351647,P702IP,457,505226-3,-,5/15/2026,False,5/13/2026 10:48:09 PM,False,5/13/2026 10:48:09 PM
AP05A,1351648,P702IP,458,505227-1,-,5/15/2026,False,5/13/2026 10:48:12 PM,False,5/13/2026 10:48:12 PM
AP05A,1351649,P702IP,458,505227-2,-,5/15/2026,False,5/13/2026 10:48:14 PM,False,5/13/2026 10:48:14 PM
AP05A,1351650,P702IP,458,505227-3,-,5/15/2026,False,5/13/2026 10:48:16 PM,False,5/13/2026 10:48:16 PM
AP05A,1351651,P702IP,459,505228-1,-,5/15/2026,False,5/13/2026 10:48:19 PM,False,5/13/2026 10:48:19 PM
AP05A,1351652,P702IP,459,505228-2,-,5/15/2026,False,5/13/2026 10:48:21 PM,False,5/13/2026 10:48:21 PM
AP05A,1351653,P702IP,459,505228-3,-,5/15/2026,False,5/13/2026 10:48:23 PM,False,5/13/2026 10:48:23 PM
AP05A,1351654,P702IP,460,505229-1,-,5/15/2026,False,5/13/2026 10:48:25 PM,False,5/13/2026 10:48:25 PM
AP05A,1351655,P702IP,460,505229-2,-,5/15/2026,False,5/13/2026 10:48:27 PM,False,5/13/2026 10:48:27 PM
AP05A,1351656,P702IP,460,505229-3,-,5/15/2026,False,5/13/2026 10:48:30 PM,False,5/13/2026 10:48:30 PM
AP05A,1351657,P702IP,461,505230-1,-,5/15/2026,False,5/13/2026 10:48:32 PM,False,5/13/2026 10:48:32 PM
AP05A,1351658,P702IP,461,505230-2,-,5/15/2026,False,5/13/2026 10:48:34 PM,False,5/13/2026 10:48:34 PM
AP05A,1351659,P702IP,461,505230-3,-,5/15/2026,False,5/13/2026 10:48:36 PM,False,5/13/2026 10:48:36 PM
AP05A,1351660,P702IP,462,505231-1,-,5/15/2026,False,5/13/2026 10:48:39 PM,False,5/13/2026 10:48:39 PM
AP05A,1351661,P702IP,462,505231-2,-,5/15/2026,False,5/13/2026 10:48:41 PM,False,5/13/2026 10:48:41 PM
AP05A,1351662,P702IP,462,505231-3,-,5/15/2026,False,5/13/2026 10:48:43 PM,False,5/13/2026 10:48:43 PM
AP05A,1351663,P702IP,463,505232-1,-,5/15/2026,False,5/13/2026 10:48:45 PM,False,5/13/2026 10:48:45 PM
AP05A,1351664,P702IP,463,505232-2,-,5/15/2026,False,5/13/2026 10:48:47 PM,False,5/13/2026 10:48:47 PM
AP05A,1351665,P702IP,463,505232-3,-,5/15/2026,False,5/13/2026 10:48:50 PM,False,5/13/2026 10:48:50 PM
AP05A,1351666,P702IP,464,505233-1,-,5/15/2026,False,5/13/2026 10:48:52 PM,False,5/13/2026 10:48:52 PM
AP05A,1351667,P702IP,464,505233-2,-,5/15/2026,False,5/13/2026 10:48:54 PM,False,5/13/2026 10:48:54 PM
AP05A,1351668,P702IP,464,505233-3,-,5/15/2026,False,5/13/2026 10:48:56 PM,False,5/13/2026 10:48:56 PM
AP05A,1351669,P702IP,465,505234-1,-,5/15/2026,False,5/13/2026 10:48:59 PM,False,5/13/2026 10:48:59 PM
AP05A,1351670,P702IP,465,505234-2,-,5/15/2026,False,5/13/2026 10:49:01 PM,False,5/13/2026 10:49:01 PM
AP05A,1351671,P702IP,465,505234-3,-,5/15/2026,False,5/13/2026 10:49:03 PM,False,5/13/2026 10:49:03 PM
AP05A,1351672,P702IP,466,505235-1,-,5/15/2026,False,5/13/2026 10:49:05 PM,False,5/13/2026 10:49:05 PM
AP05A,1351673,P702IP,466,505235-2,-,5/15/2026,False,5/13/2026 10:49:07 PM,False,5/13/2026 10:49:07 PM
AP05A,1351674,P702IP,466,505235-3,-,5/15/2026,False,5/13/2026 10:49:10 PM,False,5/13/2026 10:49:10 PM
AP05A,1351675,P702IP,467,505236-1,-,5/15/2026,False,5/13/2026 10:49:12 PM,False,5/13/2026 10:49:12 PM
AP05A,1351676,P702IP,467,505236-2,-,5/15/2026,False,5/13/2026 10:49:14 PM,False,5/13/2026 10:49:14 PM
AP05A,1351677,P702IP,467,505236-3,-,5/15/2026,False,5/13/2026 10:49:16 PM,False,5/13/2026 10:49:16 PM
AP05A,1351678,P702IP,468,505237-1,-,5/15/2026,False,5/13/2026 10:49:19 PM,False,5/13/2026 10:49:19 PM
AP05A,1351679,P702IP,468,505237-2,-,5/15/2026,False,5/13/2026 10:49:21 PM,False,5/13/2026 10:49:21 PM
AP05A,1351680,P702IP,468,505237-3,-,5/15/2026,False,5/13/2026 10:49:23 PM,False,5/13/2026 10:49:23 PM
AP05A,1351681,P702IP,469,505238-1,-,5/15/2026,False,5/13/2026 10:49:25 PM,False,5/13/2026 10:49:25 PM
AP05A,1351682,P702IP,469,505238-2,-,5/15/2026,False,5/13/2026 10:49:27 PM,False,5/13/2026 10:49:27 PM
AP05A,1351683,P702IP,469,505238-3,-,5/15/2026,False,5/13/2026 10:49:29 PM,False,5/13/2026 10:49:29 PM
AP05A,1351684,P702IP,470,505239-1,-,5/15/2026,False,5/13/2026 10:49:32 PM,False,5/13/2026 10:49:32 PM
AP05A,1351685,P702IP,470,505239-2,-,5/15/2026,False,5/13/2026 10:49:34 PM,False,5/13/2026 10:49:34 PM
AP05A,1351686,P702IP,470,505239-3,-,5/15/2026,False,5/13/2026 10:49:36 PM,False,5/13/2026 10:49:36 PM
AP05A,1351687,P702IP,471,505240-1,-,5/15/2026,False,5/13/2026 10:49:38 PM,False,5/13/2026 10:49:38 PM
AP05A,1351688,P702IP,471,505240-2,-,5/15/2026,False,5/13/2026 10:49:41 PM,False,5/13/2026 10:49:41 PM
AP05A,1351689,P702IP,471,505240-3,-,5/15/2026,False,5/13/2026 10:49:43 PM,False,5/13/2026 10:49:43 PM
AP05A,1351690,P702IP,472,505241-1,-,5/15/2026,False,5/13/2026 10:49:45 PM,False,5/13/2026 10:49:45 PM
AP05A,1351691,P702IP,472,505241-2,-,5/15/2026,False,5/13/2026 10:49:47 PM,False,5/13/2026 10:49:47 PM
AP05A,1351692,P702IP,472,505241-3,-,5/15/2026,False,5/13/2026 10:49:49 PM,False,5/13/2026 10:49:49 PM
AP05A,1351693,P702IP,473,505242-1,-,5/15/2026,False,5/13/2026 10:49:52 PM,False,5/13/2026 10:49:52 PM
AP05A,1351694,P702IP,473,505242-2,-,5/15/2026,False,5/13/2026 10:49:54 PM,False,5/13/2026 10:49:54 PM
AP05A,1351695,P702IP,473,505242-3,-,5/15/2026,False,5/13/2026 10:49:56 PM,False,5/13/2026 10:49:56 PM
AP05A,1351696,P702IP,474,505243-1,-,5/15/2026,False,5/13/2026 10:49:58 PM,False,5/13/2026 10:49:58 PM
AP05A,1351697,P702IP,474,505243-2,-,5/15/2026,False,5/13/2026 10:50:00 PM,False,5/13/2026 10:50:00 PM
AP05A,1351698,P702IP,474,505243-3,-,5/15/2026,False,5/13/2026 10:50:03 PM,False,5/13/2026 10:50:03 PM
AP05A,1351699,P702IP,475,505244-1,-,5/15/2026,False,5/13/2026 10:50:05 PM,False,5/13/2026 10:50:05 PM
AP05A,1351700,P702IP,475,505244-2,-,5/15/2026,False,5/13/2026 10:50:07 PM,False,5/13/2026 10:50:07 PM
AP05A,1351701,P702IP,475,505244-3,-,5/15/2026,False,5/13/2026 10:50:09 PM,False,5/13/2026 10:50:09 PM
AP05A,1351702,P702IP,476,505245-1,-,5/15/2026,False,5/13/2026 10:50:11 PM,False,5/13/2026 10:50:11 PM
AP05A,1351703,P702IP,476,505245-2,-,5/15/2026,False,5/13/2026 10:50:14 PM,False,5/13/2026 10:50:14 PM
AP05A,1351704,P702IP,476,505245-3,-,5/15/2026,False,5/13/2026 10:50:16 PM,False,5/13/2026 10:50:16 PM
AP05A,1351705,P702IP,477,505246-1,-,5/15/2026,False,5/13/2026 10:50:18 PM,False,5/13/2026 10:50:18 PM
AP05A,1351706,P702IP,477,505246-2,-,5/15/2026,False,5/13/2026 10:50:20 PM,False,5/13/2026 10:50:20 PM
AP05A,1351707,P702IP,477,505246-3,-,5/15/2026,False,5/13/2026 10:50:22 PM,False,5/13/2026 10:50:22 PM
AP05A,1351708,P702IP,478,505247-1,-,5/15/2026,False,5/13/2026 10:50:25 PM,False,5/13/2026 10:50:25 PM
AP05A,1351709,P702IP,478,505247-2,-,5/15/2026,False,5/13/2026 10:50:27 PM,False,5/13/2026 10:50:27 PM
AP05A,1351710,P702IP,478,505247-3,-,5/15/2026,False,5/13/2026 10:50:29 PM,False,5/13/2026 10:50:29 PM
AP05A,1351711,P702IP,479,505248-1,-,5/15/2026,False,5/13/2026 10:50:31 PM,False,5/13/2026 10:50:31 PM
AP05A,1351712,P702IP,479,505248-2,-,5/15/2026,False,5/13/2026 10:50:34 PM,False,5/13/2026 10:50:34 PM
AP05A,1351713,P702IP,479,505248-3,-,5/15/2026,False,5/13/2026 10:50:36 PM,False,5/13/2026 10:50:36 PM
AP05A,1351714,P702IP,480,505249-1,-,5/15/2026,False,5/13/2026 10:50:38 PM,False,5/13/2026 10:50:38 PM
AP05A,1351715,P702IP,480,505249-2,-,5/15/2026,False,5/13/2026 10:50:40 PM,False,5/13/2026 10:50:40 PM
AP05A,1351716,P702IP,480,505249-3,-,5/15/2026,False,5/13/2026 10:50:42 PM,False,5/13/2026 10:50:42 PM
AP05A,1351717,P702IP,481,505250-1,-,5/15/2026,False,5/14/2026 1:48:10 AM,False,5/14/2026 1:48:10 AM
AP05A,1351718,P702IP,481,505250-2,-,5/15/2026,False,5/14/2026 1:48:12 AM,False,5/14/2026 1:48:12 AM
AP05A,1351719,P702IP,481,505250-3,-,5/15/2026,False,5/14/2026 1:48:14 AM,False,5/14/2026 1:48:14 AM
AP05A,1351720,P702IP,482,505251-1,-,5/15/2026,False,5/14/2026 1:48:16 AM,False,5/14/2026 1:48:16 AM
AP05A,1351721,P702IP,482,505251-2,-,5/15/2026,False,5/14/2026 1:48:19 AM,False,5/14/2026 1:48:19 AM
AP05A,1351722,P702IP,482,505251-3,-,5/15/2026,False,5/14/2026 1:48:22 AM,False,5/14/2026 1:48:22 AM
AP05A,1351723,P702IP,483,505252-1,-,5/15/2026,False,5/14/2026 1:48:24 AM,False,5/14/2026 1:48:24 AM
AP05A,1351724,P702IP,483,505252-2,-,5/15/2026,False,5/14/2026 1:48:26 AM,False,5/14/2026 1:48:26 AM
AP05A,1351725,P702IP,483,505252-3,-,5/15/2026,False,5/14/2026 1:48:28 AM,False,5/14/2026 1:48:28 AM
AP05A,1351726,P702IP,484,505253-1,-,5/15/2026,False,5/14/2026 1:48:31 AM,False,5/14/2026 1:48:31 AM
AP05A,1351727,P702IP,484,505253-2,-,5/15/2026,False,5/14/2026 1:48:33 AM,False,5/14/2026 1:48:33 AM
AP05A,1351728,P702IP,484,505253-3,-,5/15/2026,False,5/14/2026 1:48:35 AM,False,5/14/2026 1:48:35 AM
AP05A,1351729,P702IP,485,505254-1,-,5/15/2026,False,5/14/2026 1:48:37 AM,False,5/14/2026 1:48:37 AM
AP05A,1351730,P702IP,485,505254-2,-,5/15/2026,False,5/14/2026 1:48:39 AM,False,5/14/2026 1:48:39 AM
AP05A,1351731,P702IP,485,505254-3,-,5/15/2026,False,5/14/2026 1:48:41 AM,False,5/14/2026 1:48:41 AM
AP05A,1351732,P702IP,486,505255-1,-,5/15/2026,False,5/14/2026 1:48:44 AM,False,5/14/2026 1:48:44 AM
AP05A,1351733,P702IP,486,505255-2,-,5/15/2026,False,5/14/2026 1:48:46 AM,False,5/14/2026 1:48:46 AM
AP05A,1351734,P702IP,486,505255-3,-,5/15/2026,False,5/14/2026 1:48:48 AM,False,5/14/2026 1:48:48 AM
AP05A,1351735,P702IP,487,505256-1,-,5/15/2026,False,5/14/2026 1:48:50 AM,False,5/14/2026 1:48:50 AM
AP05A,1351736,P702IP,487,505256-2,-,5/15/2026,False,5/14/2026 1:48:53 AM,False,5/14/2026 1:48:53 AM
AP05A,1351737,P702IP,487,505256-3,-,5/15/2026,False,5/14/2026 1:48:55 AM,False,5/14/2026 1:48:55 AM
AP05A,1351738,P702IP,488,505257-1,-,5/15/2026,False,5/14/2026 1:48:58 AM,False,5/14/2026 1:48:58 AM
AP05A,1351739,P702IP,488,505257-2,-,5/15/2026,False,5/14/2026 1:49:01 AM,False,5/14/2026 1:49:01 AM
AP05A,1351740,P702IP,488,505257-3,-,5/15/2026,False,5/14/2026 1:49:03 AM,False,5/14/2026 1:49:03 AM
AP05A,1351741,P702IP,489,505258-1,-,5/15/2026,False,5/14/2026 1:49:05 AM,False,5/14/2026 1:49:05 AM
AP05A,1351742,P702IP,489,505258-2,-,5/15/2026,False,5/14/2026 1:49:07 AM,False,5/14/2026 1:49:07 AM
AP05A,1351743,P702IP,489,505258-3,-,5/15/2026,False,5/14/2026 1:49:10 AM,False,5/14/2026 1:49:10 AM
AP05A,1351744,P702IP,490,505259-1,-,5/15/2026,False,5/14/2026 1:49:12 AM,False,5/14/2026 1:49:12 AM
AP05A,1351745,P702IP,490,505259-2,-,5/15/2026,False,5/14/2026 1:50:06 AM,False,5/14/2026 1:50:06 AM
AP05A,1351746,P702IP,490,505259-3,-,5/15/2026,False,5/14/2026 1:50:09 AM,False,5/14/2026 1:50:09 AM
AP05A,1351747,P702IP,491,505260-1,-,5/15/2026,False,5/14/2026 1:50:11 AM,False,5/14/2026 1:50:11 AM
AP05A,1351748,P702IP,491,505260-2,-,5/15/2026,False,5/14/2026 1:50:13 AM,False,5/14/2026 1:50:13 AM
AP05A,1351749,P702IP,491,505260-3,-,5/15/2026,False,5/14/2026 1:50:15 AM,False,5/14/2026 1:50:15 AM
AP05A,1351750,P702IP,492,505261-1,-,5/15/2026,False,5/14/2026 1:50:18 AM,False,5/14/2026 1:50:18 AM
AP05A,1351751,P702IP,492,505261-2,-,5/15/2026,False,5/14/2026 1:50:20 AM,False,5/14/2026 1:50:20 AM
AP05A,1351752,P702IP,492,505261-3,-,5/15/2026,False,5/14/2026 1:50:22 AM,False,5/14/2026 1:50:22 AM
AP05A,1351753,P702IP,493,505262-1,-,5/15/2026,False,5/14/2026 1:50:25 AM,False,5/14/2026 1:50:25 AM
AP05A,1351754,P702IP,493,505262-2,-,5/15/2026,False,5/14/2026 1:50:27 AM,False,5/14/2026 1:50:27 AM
AP05A,1351755,P702IP,493,505262-3,-,5/15/2026,False,5/14/2026 1:50:29 AM,False,5/14/2026 1:50:29 AM
AP05A,1351756,P702IP,494,505263-1,-,5/15/2026,False,5/14/2026 1:50:31 AM,False,5/14/2026 1:50:31 AM
AP05A,1351757,P702IP,494,505263-2,-,5/15/2026,False,5/14/2026 1:50:34 AM,False,5/14/2026 1:50:34 AM
AP05A,1351758,P702IP,494,505263-3,-,5/15/2026,False,5/14/2026 1:50:36 AM,False,5/14/2026 1:50:36 AM
AP05A,1351759,P702IP,495,505264-1,-,5/15/2026,False,5/14/2026 1:50:38 AM,False,5/14/2026 1:50:38 AM
AP05A,1351760,P702IP,495,505264-2,-,5/15/2026,False,5/14/2026 1:50:40 AM,False,5/14/2026 1:50:40 AM
AP05A,1351761,P702IP,495,505264-3,-,5/15/2026,False,5/14/2026 1:50:42 AM,False,5/14/2026 1:50:42 AM
AP05A,1351762,P702IP,496,505265-1,-,5/15/2026,False,5/14/2026 1:50:45 AM,False,5/14/2026 1:50:45 AM
AP05A,1351763,P702IP,496,505265-2,-,5/15/2026,False,5/14/2026 1:50:47 AM,False,5/14/2026 1:50:47 AM
AP05A,1351764,P702IP,496,505265-3,-,5/15/2026,False,5/14/2026 1:50:49 AM,False,5/14/2026 1:50:49 AM
AP05A,1351765,P702IP,497,505266-1,-,5/15/2026,False,5/14/2026 1:50:52 AM,False,5/14/2026 1:50:52 AM
AP05A,1351766,P702IP,497,505266-2,-,5/15/2026,False,5/14/2026 1:50:54 AM,False,5/14/2026 1:50:54 AM
AP05A,1351767,P702IP,497,505266-3,-,5/15/2026,False,5/14/2026 1:50:56 AM,False,5/14/2026 1:50:56 AM
AP05A,1351768,P702IP,498,505267-1,-,5/15/2026,False,5/14/2026 1:50:59 AM,False,5/14/2026 1:50:59 AM
AP05A,1351769,P702IP,498,505267-2,-,5/15/2026,False,5/14/2026 1:51:02 AM,False,5/14/2026 1:51:02 AM
AP05A,1351770,P702IP,498,505267-3,-,5/15/2026,False,5/14/2026 1:51:04 AM,False,5/14/2026 1:51:04 AM
AP05A,1351771,P702IP,499,505268-1,-,5/15/2026,False,5/14/2026 1:51:06 AM,False,5/14/2026 1:51:06 AM
AP05A,1351772,P702IP,499,505268-2,-,5/15/2026,False,5/14/2026 1:51:09 AM,False,5/14/2026 1:51:09 AM
AP05A,1351773,P702IP,499,505268-3,-,5/15/2026,False,5/14/2026 1:51:11 AM,False,5/14/2026 1:51:11 AM
AP05A,1351774,P702IP,500,505269-1,-,5/15/2026,False,5/14/2026 1:51:13 AM,False,5/14/2026 1:51:13 AM
AP05A,1351775,P702IP,500,505269-2,-,5/15/2026,False,5/14/2026 1:51:15 AM,False,5/14/2026 1:51:15 AM
AP05A,1351776,P702IP,500,505269-3,-,5/15/2026,False,5/14/2026 1:51:18 AM,False,5/14/2026 1:51:18 AM
AP05A,1351777,P702IP,501,505270-1,-,5/15/2026,False,5/14/2026 1:51:20 AM,False,5/14/2026 1:51:20 AM
AP05A,1351778,P702IP,501,505270-2,-,5/15/2026,False,5/14/2026 1:51:22 AM,False,5/14/2026 1:51:22 AM
AP05A,1351779,P702IP,501,505270-3,-,5/15/2026,False,5/14/2026 1:51:24 AM,False,5/14/2026 1:51:24 AM
AP05A,1351780,P702IP,502,505271-1,-,5/15/2026,False,5/14/2026 1:51:27 AM,False,5/14/2026 1:51:27 AM
AP05A,1351781,P702IP,502,505271-2,-,5/15/2026,False,5/14/2026 1:51:29 AM,False,5/14/2026 1:51:29 AM
AP05A,1351782,P702IP,502,505271-3,-,5/15/2026,False,5/14/2026 1:51:31 AM,False,5/14/2026 1:51:31 AM
AP05A,1351783,P702IP,503,505272-1,-,5/15/2026,False,5/14/2026 1:51:34 AM,False,5/14/2026 1:51:34 AM
AP05A,1351784,P702IP,503,505272-2,-,5/15/2026,False,5/14/2026 1:51:36 AM,False,5/14/2026 1:51:36 AM
AP05A,1351785,P702IP,503,505272-3,-,5/15/2026,False,5/14/2026 1:51:38 AM,False,5/14/2026 1:51:38 AM
AP05A,1351786,P702IP,504,505273-1,-,5/15/2026,False,5/14/2026 1:51:40 AM,False,5/14/2026 1:51:40 AM
AP05A,1351787,P702IP,504,505273-2,-,5/15/2026,False,5/14/2026 1:51:42 AM,False,5/14/2026 1:51:42 AM
AP05A,1351788,P702IP,504,505273-3,-,5/15/2026,False,5/14/2026 1:51:45 AM,False,5/14/2026 1:51:45 AM
AP05A,1351789,P702IP,505,505274-1,-,5/15/2026,False,5/14/2026 3:13:29 AM,False,5/14/2026 3:13:28 AM
AP05A,1351790,P702IP,505,505274-2,-,5/15/2026,False,5/14/2026 3:13:31 AM,False,5/14/2026 3:13:31 AM
AP05A,1351791,P702IP,505,505274-3,-,5/15/2026,False,5/14/2026 3:13:33 AM,False,5/14/2026 3:13:33 AM
AP05A,1351792,P702IP,506,505275-1,-,5/15/2026,False,5/14/2026 3:13:36 AM,False,5/14/2026 3:13:36 AM
AP05A,1351793,P702IP,506,505275-2,-,5/15/2026,False,5/14/2026 3:13:38 AM,False,5/14/2026 3:13:38 AM
AP05A,1351794,P702IP,506,505275-3,-,5/15/2026,False,5/14/2026 3:13:40 AM,False,5/14/2026 3:13:40 AM
AP05A,1351795,P702IP,507,505276-1,-,5/15/2026,False,5/14/2026 3:13:43 AM,False,5/14/2026 3:13:43 AM
AP05A,1351796,P702IP,507,505276-2,-,5/15/2026,False,5/14/2026 3:13:45 AM,False,5/14/2026 3:13:45 AM
AP05A,1351797,P702IP,507,505276-3,-,5/15/2026,False,5/14/2026 3:13:47 AM,False,5/14/2026 3:13:47 AM
AP05A,1351798,P702IP,508,505277-1,-,5/15/2026,False,5/14/2026 3:13:50 AM,False,5/14/2026 3:13:50 AM
AP05A,1351799,P702IP,508,505277-2,-,5/15/2026,False,5/14/2026 3:13:52 AM,False,5/14/2026 3:13:52 AM
AP05A,1351800,P702IP,508,505277-3,-,5/15/2026,False,5/14/2026 3:13:54 AM,False,5/14/2026 3:13:54 AM
AP05A,1351801,P702IP,509,505278-1,-,5/15/2026,False,5/14/2026 3:13:57 AM,False,5/14/2026 3:13:57 AM
AP05A,1351802,P702IP,509,505278-2,-,5/15/2026,False,5/14/2026 3:13:59 AM,False,5/14/2026 3:13:59 AM
AP05A,1351803,P702IP,509,505278-3,-,5/15/2026,False,5/14/2026 3:14:01 AM,False,5/14/2026 3:14:01 AM
AP05A,1351804,P702IP,510,505279-1,-,5/15/2026,False,5/14/2026 3:14:04 AM,False,5/14/2026 3:14:04 AM
AP05A,1351805,P702IP,510,505279-2,-,5/15/2026,False,5/14/2026 3:14:06 AM,False,5/14/2026 3:14:06 AM
AP05A,1351806,P702IP,510,505279-3,-,5/15/2026,False,5/14/2026 3:14:08 AM,False,5/14/2026 3:14:08 AM
AP05A,1351807,P702IP,511,505280-1,-,5/15/2026,False,5/14/2026 3:14:11 AM,False,5/14/2026 3:14:11 AM
AP05A,1351808,P702IP,511,505280-2,-,5/15/2026,False,5/14/2026 3:14:13 AM,False,5/14/2026 3:14:13 AM
AP05A,1351809,P702IP,511,505280-3,-,5/15/2026,False,5/14/2026 3:14:15 AM,False,5/14/2026 3:14:15 AM
AP05A,1351810,P702IP,512,505281-1,-,5/15/2026,False,5/14/2026 3:14:18 AM,False,5/14/2026 3:14:18 AM
AP05A,1351811,P702IP,512,505281-2,-,5/15/2026,False,5/14/2026 3:14:20 AM,False,5/14/2026 3:14:20 AM
AP05A,1351812,P702IP,512,505281-3,-,5/15/2026,False,5/14/2026 3:14:22 AM,False,5/14/2026 3:14:22 AM
AP05A,1351813,P702IP,513,505282-1,-,5/15/2026,False,5/14/2026 3:14:25 AM,False,5/14/2026 3:14:25 AM
AP05A,1351814,P702IP,513,505282-2,-,5/15/2026,False,5/14/2026 3:14:27 AM,False,5/14/2026 3:14:27 AM
AP05A,1351815,P702IP,513,505282-3,-,5/15/2026,False,5/14/2026 3:14:29 AM,False,5/14/2026 3:14:29 AM
AP05A,1351816,P702IP,514,505283-1,-,5/15/2026,False,5/14/2026 3:14:32 AM,False,5/14/2026 3:14:32 AM
AP05A,1351817,P702IP,514,505283-2,-,5/15/2026,False,5/14/2026 3:14:34 AM,False,5/14/2026 3:14:34 AM
AP05A,1351818,P702IP,514,505283-3,-,5/15/2026,False,5/14/2026 3:14:36 AM,False,5/14/2026 3:14:36 AM
AP05A,1351819,P702IP,515,505284-1,-,5/15/2026,False,5/14/2026 3:14:39 AM,False,5/14/2026 3:14:39 AM
AP05A,1351820,P702IP,515,505284-2,-,5/15/2026,False,5/14/2026 3:14:41 AM,False,5/14/2026 3:14:41 AM
AP05A,1351821,P702IP,515,505284-3,-,5/15/2026,False,5/14/2026 3:14:43 AM,False,5/14/2026 3:14:43 AM
AP05A,1351822,P702IP,516,505285-1,-,5/15/2026,False,5/14/2026 3:14:46 AM,False,5/14/2026 3:14:46 AM
AP05A,1351823,P702IP,516,505285-2,-,5/15/2026,False,5/14/2026 3:14:48 AM,False,5/14/2026 3:14:48 AM
AP05A,1351824,P702IP,516,505285-3,-,5/15/2026,False,5/14/2026 3:14:51 AM,False,5/14/2026 3:14:51 AM
AP05A,1351825,P702IP,517,505286-1,-,5/15/2026,False,5/14/2026 3:14:53 AM,False,5/14/2026 3:14:53 AM
AP05A,1351826,P702IP,517,505286-2,-,5/15/2026,False,5/14/2026 3:14:55 AM,False,5/14/2026 3:14:55 AM
AP05A,1351827,P702IP,517,505286-3,-,5/15/2026,False,5/14/2026 3:14:57 AM,False,5/14/2026 3:14:57 AM
AP05A,1351828,P702IP,518,505287-1,-,5/15/2026,False,5/14/2026 3:15:00 AM,False,5/14/2026 3:15:00 AM
AP05A,1351829,P702IP,518,505287-2,-,5/15/2026,False,5/14/2026 3:15:02 AM,False,5/14/2026 3:15:02 AM
AP05A,1351830,P702IP,518,505287-3,-,5/15/2026,False,5/14/2026 3:15:05 AM,False,5/14/2026 3:15:05 AM
AP05A,1351831,P702IP,519,505288-1,-,5/15/2026,False,5/14/2026 3:15:08 AM,False,5/14/2026 3:15:08 AM
AP05A,1351832,P702IP,519,505288-2,-,5/15/2026,False,5/14/2026 3:15:10 AM,False,5/14/2026 3:15:10 AM
AP05A,1351833,P702IP,519,505288-3,-,5/15/2026,False,5/14/2026 3:15:12 AM,False,5/14/2026 3:15:12 AM
AP05A,1351834,P702IP,520,505289-1,-,5/15/2026,False,5/14/2026 3:15:15 AM,False,5/14/2026 3:15:15 AM
AP05A,1351835,P702IP,520,505289-2,-,5/15/2026,False,5/14/2026 3:15:17 AM,False,5/14/2026 3:15:17 AM
AP05A,1351836,P702IP,520,505289-3,-,5/15/2026,False,5/14/2026 3:15:19 AM,False,5/14/2026 3:15:19 AM
AP05A,1351837,P702IP,521,505290-1,-,5/15/2026,False,5/14/2026 3:15:22 AM,False,5/14/2026 3:15:22 AM
AP05A,1351838,P702IP,521,505290-2,-,5/15/2026,False,5/14/2026 3:15:24 AM,False,5/14/2026 3:15:24 AM
AP05A,1351839,P702IP,521,505290-3,-,5/15/2026,False,5/14/2026 3:15:26 AM,False,5/14/2026 3:15:26 AM
AP05A,1351840,P702IP,522,505291-1,-,5/15/2026,False,5/14/2026 3:15:29 AM,False,5/14/2026 3:15:29 AM
AP05A,1351841,P702IP,522,505291-2,-,5/15/2026,False,5/14/2026 3:15:31 AM,False,5/14/2026 3:15:31 AM
AP05A,1351842,P702IP,522,505291-3,-,5/15/2026,False,5/14/2026 3:15:34 AM,False,5/14/2026 3:15:34 AM
AP05A,1351843,P702IP,523,505292-1,-,5/15/2026,False,5/14/2026 3:15:36 AM,False,5/14/2026 3:15:36 AM
AP05A,1351844,P702IP,523,505292-2,-,5/15/2026,False,5/14/2026 3:15:38 AM,False,5/14/2026 3:15:38 AM
AP05A,1351845,P702IP,523,505292-3,-,5/15/2026,False,5/14/2026 3:15:40 AM,False,5/14/2026 3:15:40 AM
AP05A,1351846,P702IP,524,505293-1,-,5/15/2026,False,5/14/2026 3:15:43 AM,False,5/14/2026 3:15:43 AM
AP05A,1351847,P702IP,524,505293-2,-,5/15/2026,False,5/14/2026 3:15:45 AM,False,5/14/2026 3:15:45 AM
AP05A,1351848,P702IP,524,505293-3,-,5/15/2026,False,5/14/2026 3:15:47 AM,False,5/14/2026 3:15:47 AM
AP05A,1351849,P702IP,525,505294-1,-,5/15/2026,False,5/14/2026 3:15:50 AM,False,5/14/2026 3:15:50 AM
AP05A,1351850,P702IP,525,505294-2,-,5/15/2026,False,5/14/2026 3:15:52 AM,False,5/14/2026 3:15:52 AM
AP05A,1351851,P702IP,525,505294-3,-,5/15/2026,False,5/14/2026 3:15:54 AM,False,5/14/2026 3:15:54 AM
AP05A,1351852,P702IP,526,505295-1,-,5/15/2026,False,5/14/2026 3:15:57 AM,False,5/14/2026 3:15:57 AM
AP05A,1351853,P702IP,526,505295-2,-,5/15/2026,False,5/14/2026 3:15:59 AM,False,5/14/2026 3:15:59 AM
AP05A,1351854,P702IP,526,505295-3,-,5/15/2026,False,5/14/2026 3:16:01 AM,False,5/14/2026 3:16:01 AM
AP05A,1351855,P702IP,527,505296-1,-,5/15/2026,False,5/14/2026 3:16:04 AM,False,5/14/2026 3:16:04 AM
AP05A,1351856,P702IP,527,505296-2,-,5/15/2026,False,5/14/2026 3:16:06 AM,False,5/14/2026 3:16:06 AM
AP05A,1351857,P702IP,527,505296-3,-,5/15/2026,False,5/14/2026 3:16:08 AM,False,5/14/2026 3:16:08 AM
AP05A,1351858,P702IP,528,505297-1,-,5/15/2026,False,5/14/2026 3:16:11 AM,False,5/14/2026 3:16:11 AM
AP05A,1351859,P702IP,528,505297-2,-,5/15/2026,False,5/14/2026 3:16:13 AM,False,5/14/2026 3:16:13 AM
AP05A,1351860,P702IP,528,505297-3,-,5/15/2026,False,5/14/2026 3:16:15 AM,False,5/14/2026 3:16:15 AM
AP05A,1351861,P702IP,529,505298-1,-,5/15/2026,False,5/14/2026 4:22:46 AM,False,5/14/2026 4:22:46 AM
AP05A,1351862,P702IP,529,505298-2,-,5/15/2026,False,5/14/2026 4:22:48 AM,False,5/14/2026 4:22:48 AM
AP05A,1351863,P702IP,529,505298-3,-,5/15/2026,False,5/14/2026 4:22:50 AM,False,5/14/2026 4:22:50 AM
AP05A,1351864,P702IP,530,505299-1,-,5/15/2026,False,5/14/2026 4:22:53 AM,False,5/14/2026 4:22:53 AM
AP05A,1351865,P702IP,530,505299-2,-,5/15/2026,False,5/14/2026 4:22:55 AM,False,5/14/2026 4:22:55 AM
AP05A,1351866,P702IP,530,505299-3,-,5/15/2026,False,5/14/2026 4:22:57 AM,False,5/14/2026 4:22:57 AM
AP05A,1351867,P702IP,531,505300-1,-,5/15/2026,False,5/14/2026 4:22:59 AM,False,5/14/2026 4:22:59 AM
AP05A,1351868,P702IP,531,505300-2,-,5/15/2026,False,5/14/2026 4:23:02 AM,False,5/14/2026 4:23:02 AM
AP05A,1351869,P702IP,531,505300-3,-,5/15/2026,False,5/14/2026 4:23:04 AM,False,5/14/2026 4:23:04 AM
AP05A,1351870,P702IP,532,505301-1,-,5/15/2026,False,5/14/2026 4:23:06 AM,False,5/14/2026 4:23:06 AM
AP05A,1351871,P702IP,532,505301-2,-,5/15/2026,False,5/14/2026 4:23:09 AM,False,5/14/2026 4:23:09 AM
AP05A,1351872,P702IP,532,505301-3,-,5/15/2026,False,5/14/2026 4:23:11 AM,False,5/14/2026 4:23:11 AM
AP05A,1351873,P702IP,533,505302-1,-,5/15/2026,False,5/14/2026 4:23:13 AM,False,5/14/2026 4:23:13 AM
AP05A,1351874,P702IP,533,505302-2,-,5/15/2026,False,5/14/2026 4:23:15 AM,False,5/14/2026 4:23:15 AM
AP05A,1351875,P702IP,533,505302-3,-,5/15/2026,False,5/14/2026 4:23:18 AM,False,5/14/2026 4:23:18 AM
AP05A,1351876,P702IP,534,505303-1,-,5/15/2026,False,5/14/2026 4:23:20 AM,False,5/14/2026 4:23:20 AM
AP05A,1351877,P702IP,534,505303-2,-,5/15/2026,False,5/14/2026 4:23:22 AM,False,5/14/2026 4:23:22 AM
AP05A,1351878,P702IP,534,505303-3,-,5/15/2026,False,5/14/2026 4:23:24 AM,False,5/14/2026 4:23:24 AM
AP05A,1351879,P702IP,535,505304-1,-,5/15/2026,False,5/14/2026 4:23:27 AM,False,5/14/2026 4:23:27 AM
AP05A,1351880,P702IP,535,505304-2,-,5/15/2026,False,5/14/2026 4:23:29 AM,False,5/14/2026 4:23:29 AM
AP05A,1351881,P702IP,535,505304-3,-,5/15/2026,False,5/14/2026 4:23:31 AM,False,5/14/2026 4:23:31 AM
AP05A,1351882,P702IP,536,505305-1,-,5/15/2026,False,5/14/2026 4:23:34 AM,False,5/14/2026 4:23:34 AM
AP05A,1351883,P702IP,536,505305-2,-,5/15/2026,False,5/14/2026 4:23:36 AM,False,5/14/2026 4:23:36 AM
AP05A,1351884,P702IP,536,505305-3,-,5/15/2026,False,5/14/2026 4:23:38 AM,False,5/14/2026 4:23:38 AM
AP05A,1351885,P702IP,537,505306-1,-,5/15/2026,False,5/14/2026 4:23:41 AM,False,5/14/2026 4:23:41 AM
AP05A,1351886,P702IP,537,505306-2,-,5/15/2026,False,5/14/2026 4:23:43 AM,False,5/14/2026 4:23:43 AM
AP05A,1351887,P702IP,537,505306-3,-,5/15/2026,False,5/14/2026 4:23:45 AM,False,5/14/2026 4:23:45 AM
AP05A,1351888,P702IP,538,505307-1,-,5/15/2026,False,5/14/2026 4:23:47 AM,False,5/14/2026 4:23:47 AM
AP05A,1351889,P702IP,538,505307-2,-,5/15/2026,False,5/14/2026 4:23:49 AM,False,5/14/2026 4:23:49 AM
AP05A,1351890,P702IP,538,505307-3,-,5/15/2026,False,5/14/2026 4:23:52 AM,False,5/14/2026 4:23:52 AM
AP05A,1351891,P702IP,539,505308-1,-,5/15/2026,False,5/14/2026 4:23:54 AM,False,5/14/2026 4:23:54 AM
AP05A,1351892,P702IP,539,505308-2,-,5/15/2026,False,5/14/2026 4:23:56 AM,False,5/14/2026 4:23:56 AM
AP05A,1351893,P702IP,539,505308-3,-,5/15/2026,False,5/14/2026 4:23:59 AM,False,5/14/2026 4:23:59 AM
AP05A,1351894,P702IP,540,505309-1,-,5/15/2026,False,5/14/2026 4:24:01 AM,False,5/14/2026 4:24:01 AM
AP05A,1351895,P702IP,540,505309-2,-,5/15/2026,False,5/14/2026 4:24:03 AM,False,5/14/2026 4:24:03 AM
AP05A,1351896,P702IP,540,505309-3,-,5/15/2026,False,5/14/2026 4:24:05 AM,False,5/14/2026 4:24:05 AM
AP05A,1351897,P702IP,541,505310-1,-,5/15/2026,False,5/14/2026 4:24:08 AM,False,5/14/2026 4:24:08 AM
AP05A,1351898,P702IP,541,505310-2,-,5/15/2026,False,5/14/2026 4:24:10 AM,False,5/14/2026 4:24:10 AM
AP05A,1351899,P702IP,541,505310-3,-,5/15/2026,False,5/14/2026 4:24:12 AM,False,5/14/2026 4:24:12 AM
AP05A,1351900,P702IP,542,505311-1,-,5/15/2026,False,5/14/2026 4:24:15 AM,False,5/14/2026 4:24:15 AM
AP05A,1351901,P702IP,542,505311-2,-,5/15/2026,False,5/14/2026 4:24:17 AM,False,5/14/2026 4:24:17 AM
AP05A,1351902,P702IP,542,505311-3,-,5/15/2026,False,5/14/2026 4:24:19 AM,False,5/14/2026 4:24:19 AM
AP05A,1351903,P702IP,543,505312-1,-,5/15/2026,False,5/14/2026 4:24:22 AM,False,5/14/2026 4:24:22 AM
AP05A,1351904,P702IP,543,505312-2,-,5/15/2026,False,5/14/2026 4:24:24 AM,False,5/14/2026 4:24:24 AM
AP05A,1351905,P702IP,543,505312-3,-,5/15/2026,False,5/14/2026 4:24:26 AM,False,5/14/2026 4:24:26 AM
AP05A,1351906,P702IP,544,505313-1,-,5/15/2026,False,5/14/2026 4:24:28 AM,False,5/14/2026 4:24:28 AM
AP05A,1351907,P702IP,544,505313-2,-,5/15/2026,False,5/14/2026 4:24:31 AM,False,5/14/2026 4:24:31 AM
AP05A,1351908,P702IP,544,505313-3,-,5/15/2026,False,5/14/2026 4:24:33 AM,False,5/14/2026 4:24:33 AM
AP05A,1351909,P702IP,545,505314-1,-,5/15/2026,False,5/14/2026 4:24:35 AM,False,5/14/2026 4:24:35 AM
AP05A,1351910,P702IP,545,505314-2,-,5/15/2026,False,5/14/2026 4:24:37 AM,False,5/14/2026 4:24:37 AM
AP05A,1351911,P702IP,545,505314-3,-,5/15/2026,False,5/14/2026 4:24:40 AM,False,5/14/2026 4:24:40 AM
AP05A,1351912,P702IP,546,505315-1,-,5/15/2026,False,5/14/2026 4:24:42 AM,False,5/14/2026 4:24:42 AM
AP05A,1351913,P702IP,546,505315-2,-,5/15/2026,False,5/14/2026 4:24:44 AM,False,5/14/2026 4:24:44 AM
AP05A,1351914,P702IP,546,505315-3,-,5/15/2026,False,5/14/2026 4:24:46 AM,False,5/14/2026 4:24:46 AM
AP05A,1351915,P702IP,547,505316-1,-,5/15/2026,False,5/14/2026 4:24:49 AM,False,5/14/2026 4:24:49 AM
AP05A,1351916,P702IP,547,505316-2,-,5/15/2026,False,5/14/2026 4:24:51 AM,False,5/14/2026 4:24:51 AM
AP05A,1351917,P702IP,547,505316-3,-,5/15/2026,False,5/14/2026 4:24:53 AM,False,5/14/2026 4:24:53 AM
AP05A,1351918,P702IP,548,505317-1,-,5/15/2026,False,5/14/2026 4:24:56 AM,False,5/14/2026 4:24:56 AM
AP05A,1351919,P702IP,548,505317-2,-,5/15/2026,False,5/14/2026 4:24:58 AM,False,5/14/2026 4:24:58 AM
AP05A,1351920,P702IP,548,505317-3,-,5/15/2026,False,5/14/2026 4:25:00 AM,False,5/14/2026 4:25:00 AM
AP05A,1351921,P702IP,549,505318-1,-,5/15/2026,False,5/14/2026 4:25:02 AM,False,5/14/2026 4:25:02 AM
AP05A,1351922,P702IP,549,505318-2,-,5/15/2026,False,5/14/2026 4:25:05 AM,False,5/14/2026 4:25:05 AM
AP05A,1351923,P702IP,549,505318-3,-,5/15/2026,False,5/14/2026 4:25:07 AM,False,5/14/2026 4:25:07 AM
AP05A,1351924,P702IP,550,505319-1,-,5/15/2026,False,5/14/2026 4:25:09 AM,False,5/14/2026 4:25:09 AM
AP05A,1351925,P702IP,550,505319-2,-,5/15/2026,False,5/14/2026 4:25:11 AM,False,5/14/2026 4:25:11 AM
AP05A,1351926,P702IP,550,505319-3,-,5/15/2026,False,5/14/2026 4:25:14 AM,False,5/14/2026 4:25:14 AM
AP05A,1351927,P702IP,551,505320-1,-,5/15/2026,False,5/14/2026 4:25:16 AM,False,5/14/2026 4:25:16 AM
AP05A,1351928,P702IP,551,505320-2,-,5/15/2026,False,5/14/2026 4:25:18 AM,False,5/14/2026 4:25:18 AM
AP05A,1351929,P702IP,551,505320-3,-,5/15/2026,False,5/14/2026 4:25:20 AM,False,5/14/2026 4:25:20 AM
AP05A,1351930,P702IP,552,505321-1,-,5/15/2026,False,5/14/2026 4:25:23 AM,False,5/14/2026 4:25:23 AM
AP05A,1351931,P702IP,552,505321-2,-,5/15/2026,False,5/14/2026 4:25:25 AM,False,5/14/2026 4:25:25 AM
AP05A,1351932,P702IP,552,505321-3,-,5/15/2026,False,5/14/2026 4:25:27 AM,False,5/14/2026 4:25:27 AM
AP05A,1351933,P702IP,553,505322-1,-,5/15/2026,False,5/14/2026 6:31:36 AM,False,5/14/2026 6:31:36 AM
AP05A,1351934,P702IP,553,505322-2,-,5/15/2026,False,5/14/2026 6:31:38 AM,False,5/14/2026 6:31:38 AM
AP05A,1351935,P702IP,553,505322-3,-,5/15/2026,False,5/14/2026 6:31:40 AM,False,5/14/2026 6:31:40 AM
AP05A,1351936,P702IP,554,505323-1,-,5/15/2026,False,5/14/2026 6:31:43 AM,False,5/14/2026 6:31:43 AM
AP05A,1351937,P702IP,554,505323-2,-,5/15/2026,False,5/14/2026 6:31:45 AM,False,5/14/2026 6:31:45 AM
AP05A,1351938,P702IP,554,505323-3,-,5/15/2026,False,5/14/2026 6:31:47 AM,False,5/14/2026 6:31:47 AM
AP05A,1351939,P702IP,555,505324-1,-,5/15/2026,False,5/14/2026 6:31:49 AM,False,5/14/2026 6:31:49 AM
AP05A,1351940,P702IP,555,505324-2,-,5/15/2026,False,5/14/2026 6:31:52 AM,False,5/14/2026 6:31:52 AM
AP05A,1351941,P702IP,555,505324-3,-,5/15/2026,False,5/14/2026 6:31:54 AM,False,5/14/2026 6:31:54 AM
AP05A,1351942,P702IP,556,505325-1,-,5/15/2026,False,5/14/2026 6:31:56 AM,False,5/14/2026 6:31:56 AM
AP05A,1351943,P702IP,556,505325-2,-,5/15/2026,False,5/14/2026 6:31:58 AM,False,5/14/2026 6:31:58 AM
AP05A,1351944,P702IP,556,505325-3,-,5/15/2026,False,5/14/2026 6:32:01 AM,False,5/14/2026 6:32:01 AM
AP05A,1351945,P702IP,557,505326-1,-,5/15/2026,False,5/14/2026 6:32:03 AM,False,5/14/2026 6:32:03 AM
AP05A,1351946,P702IP,557,505326-2,-,5/15/2026,False,5/14/2026 6:32:05 AM,False,5/14/2026 6:32:05 AM
AP05A,1351947,P702IP,557,505326-3,-,5/15/2026,False,5/14/2026 6:32:07 AM,False,5/14/2026 6:32:07 AM
AP05A,1351948,P702IP,558,505327-1,-,5/15/2026,False,5/14/2026 6:32:10 AM,False,5/14/2026 6:32:10 AM
AP05A,1351949,P702IP,558,505327-2,-,5/15/2026,False,5/14/2026 6:32:12 AM,False,5/14/2026 6:32:12 AM
AP05A,1351950,P702IP,558,505327-3,-,5/15/2026,False,5/14/2026 6:32:14 AM,False,5/14/2026 6:32:14 AM
AP05A,1351951,P702IP,559,505328-1,-,5/15/2026,False,5/14/2026 6:32:17 AM,False,5/14/2026 6:32:17 AM
AP05A,1351952,P702IP,559,505328-2,-,5/15/2026,False,5/14/2026 6:32:19 AM,False,5/14/2026 6:32:19 AM
AP05A,1351953,P702IP,559,505328-3,-,5/15/2026,False,5/14/2026 6:32:21 AM,False,5/14/2026 6:32:21 AM
AP05A,1351954,P702IP,560,505329-1,-,5/15/2026,False,5/14/2026 6:32:23 AM,False,5/14/2026 6:32:23 AM
AP05A,1351955,P702IP,560,505329-2,-,5/15/2026,False,5/14/2026 6:32:26 AM,False,5/14/2026 6:32:26 AM
AP05A,1351956,P702IP,560,505329-3,-,5/15/2026,False,5/14/2026 6:32:28 AM,False,5/14/2026 6:32:28 AM
AP05A,1351957,P702IP,561,505330-1,-,5/15/2026,False,5/14/2026 6:32:30 AM,False,5/14/2026 6:32:30 AM
AP05A,1351958,P702IP,561,505330-2,-,5/15/2026,False,5/14/2026 6:32:32 AM,False,5/14/2026 6:32:32 AM
AP05A,1351959,P702IP,561,505330-3,-,5/15/2026,False,5/14/2026 6:32:35 AM,False,5/14/2026 6:32:35 AM
AP05A,1351960,P702IP,562,505331-1,-,5/15/2026,False,5/14/2026 6:32:37 AM,False,5/14/2026 6:32:37 AM
AP05A,1351961,P702IP,562,505331-2,-,5/15/2026,False,5/14/2026 6:32:39 AM,False,5/14/2026 6:32:39 AM
AP05A,1351962,P702IP,562,505331-3,-,5/15/2026,False,5/14/2026 6:32:41 AM,False,5/14/2026 6:32:41 AM
AP05A,1351963,P702IP,563,505332-1,-,5/15/2026,False,5/14/2026 6:32:44 AM,False,5/14/2026 6:32:44 AM
AP05A,1351964,P702IP,563,505332-2,-,5/15/2026,False,5/14/2026 6:32:46 AM,False,5/14/2026 6:32:46 AM
AP05A,1351965,P702IP,563,505332-3,-,5/15/2026,False,5/14/2026 6:32:48 AM,False,5/14/2026 6:32:48 AM
AP05A,1351966,P702IP,564,505333-1,-,5/15/2026,False,5/14/2026 6:32:51 AM,False,5/14/2026 6:32:51 AM
AP05A,1351967,P702IP,564,505333-2,-,5/15/2026,False,5/14/2026 6:32:53 AM,False,5/14/2026 6:32:53 AM
AP05A,1351968,P702IP,564,505333-3,-,5/15/2026,False,5/14/2026 6:32:55 AM,False,5/14/2026 6:32:55 AM
AP05A,1351969,P702IP,565,505334-1,-,5/15/2026,False,5/14/2026 6:32:57 AM,False,5/14/2026 6:32:57 AM
AP05A,1351970,P702IP,565,505334-2,-,5/15/2026,False,5/14/2026 6:33:00 AM,False,5/14/2026 6:33:00 AM
AP05A,1351971,P702IP,565,505334-3,-,5/15/2026,False,5/14/2026 6:33:02 AM,False,5/14/2026 6:33:02 AM
AP05A,1351972,P702IP,566,505335-1,-,5/15/2026,False,5/14/2026 6:33:04 AM,False,5/14/2026 6:33:04 AM
AP05A,1351973,P702IP,566,505335-2,-,5/15/2026,False,5/14/2026 6:33:06 AM,False,5/14/2026 6:33:06 AM
AP05A,1351974,P702IP,566,505335-3,-,5/15/2026,False,5/14/2026 6:33:09 AM,False,5/14/2026 6:33:09 AM
AP05A,1351975,P702IP,567,505336-1,-,5/15/2026,False,5/14/2026 6:33:11 AM,False,5/14/2026 6:33:11 AM
AP05A,1351976,P702IP,567,505336-2,-,5/15/2026,False,5/14/2026 6:33:13 AM,False,5/14/2026 6:33:13 AM
AP05A,1351977,P702IP,567,505336-3,-,5/15/2026,False,5/14/2026 6:33:15 AM,False,5/14/2026 6:33:15 AM
AP05A,1351978,P702IP,568,505337-1,-,5/15/2026,False,5/14/2026 6:33:18 AM,False,5/14/2026 6:33:18 AM
AP05A,1351979,P702IP,568,505337-2,-,5/15/2026,False,5/14/2026 6:33:21 AM,False,5/14/2026 6:33:21 AM
AP05A,1351980,P702IP,568,505337-3,-,5/15/2026,False,5/14/2026 6:33:23 AM,False,5/14/2026 6:33:23 AM
AP05A,1351981,P702IP,569,505338-1,-,5/15/2026,False,5/14/2026 6:33:26 AM,False,5/14/2026 6:33:26 AM
AP05A,1351982,P702IP,569,505338-2,-,5/15/2026,False,5/14/2026 6:33:28 AM,False,5/14/2026 6:33:28 AM
AP05A,1351983,P702IP,569,505338-3,-,5/15/2026,False,5/14/2026 6:33:30 AM,False,5/14/2026 6:33:30 AM
AP05A,1351984,P702IP,570,505339-1,-,5/15/2026,False,5/14/2026 6:33:32 AM,False,5/14/2026 6:33:32 AM
AP05A,1351985,P702IP,570,505339-2,-,5/15/2026,False,5/14/2026 6:33:35 AM,False,5/14/2026 6:33:35 AM
AP05A,1351986,P702IP,570,505339-3,-,5/15/2026,False,5/14/2026 6:33:37 AM,False,5/14/2026 6:33:37 AM
AP05A,1351987,P702IP,571,505340-1,-,5/15/2026,False,5/14/2026 6:33:39 AM,False,5/14/2026 6:33:39 AM
AP05A,1351988,P702IP,571,505340-2,-,5/15/2026,False,5/14/2026 6:33:41 AM,False,5/14/2026 6:33:41 AM
AP05A,1351989,P702IP,571,505340-3,-,5/15/2026,False,5/14/2026 6:33:44 AM,False,5/14/2026 6:33:44 AM
AP05A,1351990,P702IP,572,505341-1,-,5/15/2026,False,5/14/2026 6:33:46 AM,False,5/14/2026 6:33:46 AM
AP05A,1351991,P702IP,572,505341-2,-,5/15/2026,False,5/14/2026 6:33:48 AM,False,5/14/2026 6:33:48 AM
AP05A,1351992,P702IP,572,505341-3,-,5/15/2026,False,5/14/2026 6:33:50 AM,False,5/14/2026 6:33:50 AM
AP05A,1351993,P702IP,573,505342-1,-,5/15/2026,False,5/14/2026 6:33:53 AM,False,5/14/2026 6:33:53 AM
AP05A,1351994,P702IP,573,505342-2,-,5/15/2026,False,5/14/2026 6:33:55 AM,False,5/14/2026 6:33:55 AM
AP05A,1351995,P702IP,573,505342-3,-,5/15/2026,False,5/14/2026 6:33:57 AM,False,5/14/2026 6:33:57 AM
AP05A,1351996,P702IP,574,505343-1,-,5/15/2026,False,5/14/2026 6:34:00 AM,False,5/14/2026 6:34:00 AM
AP05A,1351997,P702IP,574,505343-2,-,5/15/2026,False,5/14/2026 6:34:02 AM,False,5/14/2026 6:34:02 AM
AP05A,1351998,P702IP,574,505343-3,-,5/15/2026,False,5/14/2026 6:34:04 AM,False,5/14/2026 6:34:04 AM
AP05A,1351999,P702IP,575,505344-1,-,5/15/2026,False,5/14/2026 6:34:06 AM,False,5/14/2026 6:34:06 AM
AP05A,1352000,P702IP,575,505344-2,-,5/15/2026,False,5/14/2026 6:34:09 AM,False,5/14/2026 6:34:09 AM
AP05A,1352001,P702IP,575,505344-3,-,5/15/2026,False,5/14/2026 6:34:11 AM,False,5/14/2026 6:34:11 AM
AP05A,1352002,P702IP,576,505345-1,-,5/15/2026,False,5/14/2026 6:34:13 AM,False,5/14/2026 6:34:13 AM
AP05A,1352003,P702IP,576,505345-2,-,5/15/2026,False,5/14/2026 6:34:15 AM,False,5/14/2026 6:34:15 AM
AP05A,1352004,P702IP,576,505345-3,-,5/15/2026,False,5/14/2026 6:34:18 AM,False,5/14/2026 6:34:18 AM
AP05A,1352005,P702IP,577,505346-1,-,5/15/2026,False,5/14/2026 7:43:01 AM,False,5/14/2026 7:43:01 AM
AP05A,1352006,P702IP,577,505346-2,-,5/15/2026,False,5/14/2026 7:43:04 AM,False,5/14/2026 7:43:04 AM
AP05A,1352007,P702IP,577,505346-3,-,5/15/2026,False,5/14/2026 7:43:07 AM,False,5/14/2026 7:43:06 AM
AP05A,1352008,P702IP,578,505347-1,-,5/15/2026,False,5/14/2026 7:43:09 AM,False,5/14/2026 7:43:09 AM
AP05A,1352009,P702IP,578,505347-2,-,5/15/2026,False,5/14/2026 7:43:12 AM,False,5/14/2026 7:43:12 AM
AP05A,1352010,P702IP,578,505347-3,-,5/15/2026,False,5/14/2026 7:43:14 AM,False,5/14/2026 7:43:14 AM
AP05A,1352011,P702IP,579,505348-1,-,5/15/2026,False,5/14/2026 7:43:17 AM,False,5/14/2026 7:43:17 AM
AP05A,1352012,P702IP,579,505348-2,-,5/15/2026,False,5/14/2026 7:43:19 AM,False,5/14/2026 7:43:19 AM
AP05A,1352013,P702IP,579,505348-3,-,5/15/2026,False,5/14/2026 7:43:21 AM,False,5/14/2026 7:43:21 AM
AP05A,1352014,P702IP,580,505349-1,-,5/15/2026,False,5/14/2026 7:43:24 AM,False,5/14/2026 7:43:24 AM
AP05A,1352015,P702IP,580,505349-2,-,5/15/2026,False,5/14/2026 7:43:26 AM,False,5/14/2026 7:43:26 AM
AP05A,1352016,P702IP,580,505349-3,-,5/15/2026,False,5/14/2026 7:43:28 AM,False,5/14/2026 7:43:28 AM
AP05A,1352017,P702IP,581,505350-1,-,5/15/2026,False,5/14/2026 7:43:31 AM,False,5/14/2026 7:43:31 AM
AP05A,1352018,P702IP,581,505350-2,-,5/15/2026,False,5/14/2026 7:43:33 AM,False,5/14/2026 7:43:33 AM
AP05A,1352019,P702IP,581,505350-3,-,5/15/2026,False,5/14/2026 7:43:35 AM,False,5/14/2026 7:43:35 AM
AP05A,1352020,P702IP,582,505351-1,-,5/15/2026,False,5/14/2026 7:43:37 AM,False,5/14/2026 7:43:37 AM
AP05A,1352021,P702IP,582,505351-2,-,5/15/2026,False,5/14/2026 7:43:40 AM,False,5/14/2026 7:43:40 AM
AP05A,1352022,P702IP,582,505351-3,-,5/15/2026,False,5/14/2026 7:43:42 AM,False,5/14/2026 7:43:42 AM
AP05A,1352023,P702IP,583,505352-1,-,5/15/2026,False,5/14/2026 7:43:44 AM,False,5/14/2026 7:43:44 AM
AP05A,1352024,P702IP,583,505352-2,-,5/15/2026,False,5/14/2026 7:43:46 AM,False,5/14/2026 7:43:46 AM
AP05A,1352025,P702IP,583,505352-3,-,5/15/2026,False,5/14/2026 7:43:49 AM,False,5/14/2026 7:43:49 AM
AP05A,1352026,P702IP,584,505353-1,-,5/15/2026,False,5/14/2026 7:43:51 AM,False,5/14/2026 7:43:51 AM
AP05A,1352027,P702IP,584,505353-2,-,5/15/2026,False,5/14/2026 7:43:53 AM,False,5/14/2026 7:43:53 AM
AP05A,1352028,P702IP,584,505353-3,-,5/15/2026,False,5/14/2026 7:43:56 AM,False,5/14/2026 7:43:56 AM
AP05A,1352029,P702IP,585,505354-1,-,5/15/2026,False,5/14/2026 7:43:58 AM,False,5/14/2026 7:43:58 AM
AP05A,1352030,P702IP,585,505354-2,-,5/15/2026,False,5/14/2026 7:44:00 AM,False,5/14/2026 7:44:00 AM
AP05A,1352031,P702IP,585,505354-3,-,5/15/2026,False,5/14/2026 7:44:03 AM,False,5/14/2026 7:44:03 AM
AP05A,1352032,P702IP,586,505355-1,-,5/15/2026,False,5/14/2026 7:44:07 AM,False,5/14/2026 7:44:07 AM
AP05A,1352033,P702IP,586,505355-2,-,5/15/2026,False,5/14/2026 7:44:10 AM,False,5/14/2026 7:44:10 AM
AP05A,1352034,P702IP,586,505355-3,-,5/15/2026,False,5/14/2026 7:44:12 AM,False,5/14/2026 7:44:12 AM
AP05A,1352035,P702IP,587,505356-1,-,5/15/2026,False,5/14/2026 7:44:15 AM,False,5/14/2026 7:44:15 AM
AP05A,1352036,P702IP,587,505356-2,-,5/15/2026,False,5/14/2026 7:44:17 AM,False,5/14/2026 7:44:17 AM
AP05A,1352037,P702IP,587,505356-3,-,5/15/2026,False,5/14/2026 7:44:19 AM,False,5/14/2026 7:44:19 AM
AP05A,1352038,P702IP,588,505357-1,-,5/15/2026,False,5/14/2026 7:44:21 AM,False,5/14/2026 7:44:21 AM
AP05A,1352039,P702IP,588,505357-2,-,5/15/2026,False,5/14/2026 7:44:24 AM,False,5/14/2026 7:44:24 AM
AP05A,1352040,P702IP,588,505357-3,-,5/15/2026,False,5/14/2026 7:44:26 AM,False,5/14/2026 7:44:26 AM
AP05A,1352041,P702IP,589,505358-1,-,5/15/2026,False,5/14/2026 7:44:28 AM,False,5/14/2026 7:44:28 AM
AP05A,1352042,P702IP,589,505358-2,-,5/15/2026,False,5/14/2026 7:44:30 AM,False,5/14/2026 7:44:30 AM
AP05A,1352043,P702IP,589,505358-3,-,5/15/2026,False,5/14/2026 7:44:33 AM,False,5/14/2026 7:44:33 AM
AP05A,1352044,P702IP,590,505359-1,-,5/15/2026,False,5/14/2026 7:44:35 AM,False,5/14/2026 7:44:35 AM
AP05A,1352045,P702IP,590,505359-2,-,5/15/2026,False,5/14/2026 7:44:37 AM,False,5/14/2026 7:44:37 AM
AP05A,1352046,P702IP,590,505359-3,-,5/15/2026,False,5/14/2026 7:44:39 AM,False,5/14/2026 7:44:39 AM
AP05A,1352047,P702IP,591,505360-1,-,5/15/2026,False,5/14/2026 7:44:42 AM,False,5/14/2026 7:44:42 AM
AP05A,1352048,P702IP,591,505360-2,-,5/15/2026,False,5/14/2026 7:44:44 AM,False,5/14/2026 7:44:44 AM
AP05A,1352049,P702IP,591,505360-3,-,5/15/2026,False,5/14/2026 7:44:46 AM,False,5/14/2026 7:44:46 AM
AP05A,1352050,P702IP,592,505361-1,-,5/15/2026,False,5/14/2026 7:44:49 AM,False,5/14/2026 7:44:49 AM
AP05A,1352051,P702IP,592,505361-2,-,5/15/2026,False,5/14/2026 7:44:51 AM,False,5/14/2026 7:44:51 AM
AP05A,1352052,P702IP,592,505361-3,-,5/15/2026,False,5/14/2026 7:44:53 AM,False,5/14/2026 7:44:53 AM
AP05A,1352053,P702IP,593,505362-1,-,5/15/2026,False,5/14/2026 7:44:55 AM,False,5/14/2026 7:44:55 AM
AP05A,1352054,P702IP,593,505362-2,-,5/15/2026,False,5/14/2026 7:44:58 AM,False,5/14/2026 7:44:58 AM
AP05A,1352055,P702IP,593,505362-3,-,5/15/2026,False,5/14/2026 7:45:00 AM,False,5/14/2026 7:45:00 AM
AP05A,1352056,P702IP,594,505363-1,-,5/15/2026,False,5/14/2026 7:45:03 AM,False,5/14/2026 7:45:03 AM
AP05A,1352057,P702IP,594,505363-2,-,5/15/2026,False,5/14/2026 7:45:05 AM,False,5/14/2026 7:45:05 AM
AP05A,1352058,P702IP,594,505363-3,-,5/15/2026,False,5/14/2026 7:45:08 AM,False,5/14/2026 7:45:08 AM
AP05A,1352059,P702IP,595,505364-1,-,5/15/2026,False,5/14/2026 7:45:10 AM,False,5/14/2026 7:45:10 AM
AP05A,1352060,P702IP,595,505364-2,-,5/15/2026,False,5/14/2026 7:45:12 AM,False,5/14/2026 7:45:12 AM
AP05A,1352061,P702IP,595,505364-3,-,5/15/2026,False,5/14/2026 7:45:14 AM,False,5/14/2026 7:45:14 AM
AP05A,1352062,P702IP,596,505365-1,-,5/15/2026,False,5/14/2026 7:45:17 AM,False,5/14/2026 7:45:17 AM
AP05A,1352063,P702IP,596,505365-2,-,5/15/2026,False,5/14/2026 7:45:19 AM,False,5/14/2026 7:45:19 AM
AP05A,1352064,P702IP,596,505365-3,-,5/15/2026,False,5/14/2026 7:45:21 AM,False,5/14/2026 7:45:21 AM
AP05A,1352065,P702IP,597,505366-1,-,5/15/2026,False,5/14/2026 7:45:24 AM,False,5/14/2026 7:45:24 AM
AP05A,1352066,P702IP,597,505366-2,-,5/15/2026,False,5/14/2026 7:45:26 AM,False,5/14/2026 7:45:26 AM
AP05A,1352067,P702IP,597,505366-3,-,5/15/2026,False,5/14/2026 7:45:28 AM,False,5/14/2026 7:45:28 AM
AP05A,1352068,P702IP,598,505367-1,-,5/15/2026,False,5/14/2026 7:45:31 AM,False,5/14/2026 7:45:31 AM
AP05A,1352069,P702IP,598,505367-2,-,5/15/2026,False,5/14/2026 7:45:33 AM,False,5/14/2026 7:45:33 AM
AP05A,1352070,P702IP,598,505367-3,-,5/15/2026,False,5/14/2026 7:45:35 AM,False,5/14/2026 7:45:35 AM
AP05A,1352071,P702IP,599,505368-1,-,5/15/2026,False,5/14/2026 7:45:37 AM,False,5/14/2026 7:45:37 AM
AP05A,1352072,P702IP,599,505368-2,-,5/15/2026,False,5/14/2026 7:45:39 AM,False,5/14/2026 7:45:39 AM
AP05A,1352073,P702IP,599,505368-3,-,5/15/2026,False,5/14/2026 7:45:42 AM,False,5/14/2026 7:45:42 AM
AP05A,1352074,P702IP,600,505369-1,-,5/15/2026,False,5/14/2026 7:45:44 AM,False,5/14/2026 7:45:44 AM
AP05A,1352075,P702IP,600,505369-2,-,5/15/2026,False,5/14/2026 7:45:46 AM,False,5/14/2026 7:45:46 AM
AP05A,1352076,P702IP,600,505369-3,-,5/15/2026,False,5/14/2026 7:45:49 AM,False,5/14/2026 7:45:48 AM
AP05A,1352077,P702IP,601,505370-1,-,5/15/2026,False,5/14/2026 9:06:47 AM,False,5/14/2026 9:06:47 AM
AP05A,1352078,P702IP,601,505370-2,-,5/15/2026,False,5/14/2026 9:06:50 AM,False,5/14/2026 9:06:50 AM
AP05A,1352079,P702IP,601,505370-3,-,5/15/2026,False,5/14/2026 9:06:53 AM,False,5/14/2026 9:06:53 AM
AP05A,1352080,P702IP,602,505371-1,-,5/15/2026,False,5/14/2026 9:06:55 AM,False,5/14/2026 9:06:55 AM
AP05A,1352081,P702IP,602,505371-2,-,5/15/2026,False,5/14/2026 9:06:57 AM,False,5/14/2026 9:06:57 AM
AP05A,1352082,P702IP,602,505371-3,-,5/15/2026,False,5/14/2026 9:07:01 AM,False,5/14/2026 9:07:01 AM
AP05A,1352083,P702IP,603,505372-1,-,5/15/2026,False,5/14/2026 9:07:03 AM,False,5/14/2026 9:07:03 AM
AP05A,1352084,P702IP,603,505372-2,-,5/15/2026,False,5/14/2026 9:07:05 AM,False,5/14/2026 9:07:05 AM
AP05A,1352085,P702IP,603,505372-3,-,5/15/2026,False,5/14/2026 9:07:07 AM,False,5/14/2026 9:07:07 AM
AP05A,1352086,P702IP,604,505373-1,-,5/15/2026,False,5/14/2026 9:07:10 AM,False,5/14/2026 9:07:10 AM
AP05A,1352087,P702IP,604,505373-2,-,5/15/2026,False,5/14/2026 9:07:12 AM,False,5/14/2026 9:07:12 AM
AP05A,1352088,P702IP,604,505373-3,-,5/15/2026,False,5/14/2026 9:07:14 AM,False,5/14/2026 9:07:14 AM
AP05A,1352089,P702IP,605,505374-1,-,5/15/2026,False,5/14/2026 9:07:17 AM,False,5/14/2026 9:07:16 AM
AP05A,1352090,P702IP,605,505374-2,-,5/15/2026,False,5/14/2026 9:07:19 AM,False,5/14/2026 9:07:19 AM
AP05A,1352091,P702IP,605,505374-3,-,5/15/2026,False,5/14/2026 9:07:21 AM,False,5/14/2026 9:07:21 AM
AP05A,1352092,P702IP,606,505375-1,-,5/15/2026,False,5/14/2026 9:07:23 AM,False,5/14/2026 9:07:23 AM
AP05A,1352093,P702IP,606,505375-2,-,5/15/2026,False,5/14/2026 9:07:25 AM,False,5/14/2026 9:07:25 AM
AP05A,1352094,P702IP,606,505375-3,-,5/15/2026,False,5/14/2026 9:07:28 AM,False,5/14/2026 9:07:28 AM
AP05A,1352095,P702IP,607,505376-1,-,5/15/2026,False,5/14/2026 9:07:30 AM,False,5/14/2026 9:07:30 AM
AP05A,1352096,P702IP,607,505376-2,-,5/15/2026,False,5/14/2026 9:07:32 AM,False,5/14/2026 9:07:32 AM
AP05A,1352097,P702IP,607,505376-3,-,5/15/2026,False,5/14/2026 9:07:35 AM,False,5/14/2026 9:07:35 AM
AP05A,1352098,P702IP,608,505377-1,-,5/15/2026,False,5/14/2026 9:07:38 AM,False,5/14/2026 9:07:38 AM
AP05A,1352099,P702IP,608,505377-2,-,5/15/2026,False,5/14/2026 9:07:40 AM,False,5/14/2026 9:07:40 AM
AP05A,1352100,P702IP,608,505377-3,-,5/15/2026,False,5/14/2026 9:07:42 AM,False,5/14/2026 9:07:42 AM
AP05A,1352101,P702IP,609,505378-1,-,5/15/2026,False,5/14/2026 9:07:45 AM,False,5/14/2026 9:07:45 AM
AP05A,1352102,P702IP,609,505378-2,-,5/15/2026,False,5/14/2026 9:07:48 AM,False,5/14/2026 9:07:48 AM
AP05A,1352103,P702IP,609,505378-3,-,5/15/2026,False,5/14/2026 9:07:50 AM,False,5/14/2026 9:07:50 AM
AP05A,1352104,P702IP,610,505379-1,-,5/15/2026,False,5/14/2026 9:07:52 AM,False,5/14/2026 9:07:52 AM
AP05A,1352105,P702IP,610,505379-2,-,5/15/2026,False,5/14/2026 9:07:55 AM,False,5/14/2026 9:07:55 AM
AP05A,1352106,P702IP,610,505379-3,-,5/15/2026,False,5/14/2026 9:07:58 AM,False,5/14/2026 9:07:58 AM
AP05A,1352107,P702IP,611,505380-1,-,5/15/2026,False,5/14/2026 9:08:00 AM,False,5/14/2026 9:08:00 AM
AP05A,1352108,P702IP,611,505380-2,-,5/15/2026,False,5/14/2026 9:08:03 AM,False,5/14/2026 9:08:03 AM
AP05A,1352109,P702IP,611,505380-3,-,5/15/2026,False,5/14/2026 9:08:05 AM,False,5/14/2026 9:08:05 AM
AP05A,1352110,P702IP,612,505381-1,-,5/15/2026,False,5/14/2026 9:08:08 AM,False,5/14/2026 9:08:08 AM
AP05A,1352111,P702IP,612,505381-2,-,5/15/2026,False,5/14/2026 9:08:10 AM,False,5/14/2026 9:08:10 AM
AP05A,1352112,P702IP,612,505381-3,-,5/15/2026,False,5/14/2026 9:08:12 AM,False,5/14/2026 9:08:12 AM
AP05A,1352113,P702IP,613,505382-1,-,5/15/2026,False,5/14/2026 9:08:15 AM,False,5/14/2026 9:08:15 AM
AP05A,1352114,P702IP,613,505382-2,-,5/15/2026,False,5/14/2026 9:08:17 AM,False,5/14/2026 9:08:17 AM
AP05A,1352115,P702IP,613,505382-3,-,5/15/2026,False,5/14/2026 9:08:19 AM,False,5/14/2026 9:08:19 AM
AP05A,1352116,P702IP,614,505383-1,-,5/15/2026,False,5/14/2026 9:08:21 AM,False,5/14/2026 9:08:21 AM
AP05A,1352117,P702IP,614,505383-2,-,5/15/2026,False,5/14/2026 9:08:24 AM,False,5/14/2026 9:08:24 AM
AP05A,1352118,P702IP,614,505383-3,-,5/15/2026,False,5/14/2026 9:08:26 AM,False,5/14/2026 9:08:26 AM
AP05A,1352119,P702IP,615,505384-1,-,5/15/2026,False,5/14/2026 9:08:28 AM,False,5/14/2026 9:08:28 AM
AP05A,1352120,P702IP,615,505384-2,-,5/15/2026,False,5/14/2026 9:08:30 AM,False,5/14/2026 9:08:30 AM
AP05A,1352121,P702IP,615,505384-3,-,5/15/2026,False,5/14/2026 9:08:33 AM,False,5/14/2026 9:08:33 AM
AP05A,1352122,P702IP,616,505385-1,-,5/15/2026,False,5/14/2026 9:08:36 AM,False,5/14/2026 9:08:36 AM
AP05A,1352123,P702IP,616,505385-2,-,5/15/2026,False,5/14/2026 9:08:38 AM,False,5/14/2026 9:08:38 AM
AP05A,1352124,P702IP,616,505385-3,-,5/15/2026,False,5/14/2026 9:08:40 AM,False,5/14/2026 9:08:40 AM
AP05A,1352125,P702IP,617,505386-1,-,5/15/2026,False,5/14/2026 9:08:43 AM,False,5/14/2026 9:08:43 AM
AP05A,1352126,P702IP,617,505386-2,-,5/15/2026,False,5/14/2026 9:08:45 AM,False,5/14/2026 9:08:45 AM
AP05A,1352127,P702IP,617,505386-3,-,5/15/2026,False,5/14/2026 9:08:47 AM,False,5/14/2026 9:08:47 AM
AP05A,1352128,P702IP,618,505387-1,-,5/15/2026,False,5/14/2026 9:08:49 AM,False,5/14/2026 9:08:49 AM
AP05A,1352129,P702IP,618,505387-2,-,5/15/2026,False,5/14/2026 9:08:51 AM,False,5/14/2026 9:08:51 AM
AP05A,1352130,P702IP,618,505387-3,-,5/15/2026,False,5/14/2026 9:08:54 AM,False,5/14/2026 9:08:54 AM
AP05A,1352131,P702IP,619,505388-1,-,5/15/2026,False,5/14/2026 9:08:56 AM,False,5/14/2026 9:08:56 AM
AP05A,1352132,P702IP,619,505388-2,-,5/15/2026,False,5/14/2026 9:08:59 AM,False,5/14/2026 9:08:59 AM
AP05A,1352133,P702IP,619,505388-3,-,5/15/2026,False,5/14/2026 9:09:01 AM,False,5/14/2026 9:09:01 AM
AP05A,1352134,P702IP,620,505389-1,-,5/15/2026,False,5/14/2026 9:09:03 AM,False,5/14/2026 9:09:03 AM
AP05A,1352135,P702IP,620,505389-2,-,5/15/2026,False,5/14/2026 9:09:05 AM,False,5/14/2026 9:09:05 AM
AP05A,1352136,P702IP,620,505389-3,-,5/15/2026,False,5/14/2026 9:09:07 AM,False,5/14/2026 9:09:07 AM
AP05A,1352137,P702IP,621,505390-1,-,5/15/2026,False,5/14/2026 9:09:10 AM,False,5/14/2026 9:09:10 AM
AP05A,1352138,P702IP,621,505390-2,-,5/15/2026,False,5/14/2026 9:09:12 AM,False,5/14/2026 9:09:12 AM
AP05A,1352139,P702IP,621,505390-3,-,5/15/2026,False,5/14/2026 9:09:14 AM,False,5/14/2026 9:09:14 AM
AP05A,1352140,P702IP,622,505391-1,-,5/15/2026,False,5/14/2026 9:09:17 AM,False,5/14/2026 9:09:17 AM
AP05A,1352141,P702IP,622,505391-2,-,5/15/2026,False,5/14/2026 9:09:19 AM,False,5/14/2026 9:09:19 AM
AP05A,1352142,P702IP,622,505391-3,-,5/15/2026,False,5/14/2026 9:09:21 AM,False,5/14/2026 9:09:21 AM
AP05A,1352143,P702IP,623,505392-1,-,5/15/2026,False,5/14/2026 9:09:23 AM,False,5/14/2026 9:09:23 AM
AP05A,1352144,P702IP,623,505392-2,-,5/15/2026,False,5/14/2026 9:09:25 AM,False,5/14/2026 9:09:25 AM
AP05A,1352145,P702IP,623,505392-3,-,5/15/2026,False,5/14/2026 9:09:28 AM,False,5/14/2026 9:09:28 AM
AP05A,1352146,P702IP,624,505393-1,-,5/15/2026,False,5/14/2026 9:09:30 AM,False,5/14/2026 9:09:30 AM
AP05A,1352147,P702IP,624,505393-2,-,5/15/2026,False,5/14/2026 9:09:32 AM,False,5/14/2026 9:09:32 AM
AP05A,1352148,P702IP,624,505393-3,-,5/15/2026,False,5/14/2026 9:09:34 AM,False,5/14/2026 9:09:34 AM
AP05A,1352149,P702IP,625,505394-1,-,5/15/2026,False,5/14/2026 10:08:29 AM,False,5/14/2026 10:08:29 AM
AP05A,1352150,P702IP,625,505394-2,-,5/15/2026,False,5/14/2026 10:08:31 AM,False,5/14/2026 10:08:31 AM
AP05A,1352151,P702IP,625,505394-3,-,5/15/2026,False,5/14/2026 10:08:33 AM,False,5/14/2026 10:08:33 AM
AP05A,1352152,P702IP,626,505395-1,-,5/15/2026,False,5/14/2026 10:08:36 AM,False,5/14/2026 10:08:36 AM
AP05A,1352153,P702IP,626,505395-2,-,5/15/2026,False,5/14/2026 10:08:38 AM,False,5/14/2026 10:08:38 AM
AP05A,1352154,P702IP,626,505395-3,-,5/15/2026,False,5/14/2026 10:08:40 AM,False,5/14/2026 10:08:40 AM
AP05A,1352155,P702IP,627,505396-1,-,5/15/2026,False,5/14/2026 10:08:43 AM,False,5/14/2026 10:08:43 AM
AP05A,1352156,P702IP,627,505396-2,-,5/15/2026,False,5/14/2026 10:08:45 AM,False,5/14/2026 10:08:45 AM
AP05A,1352157,P702IP,627,505396-3,-,5/15/2026,False,5/14/2026 10:08:47 AM,False,5/14/2026 10:08:47 AM
AP05A,1352158,P702IP,628,505397-1,-,5/15/2026,False,5/14/2026 10:08:49 AM,False,5/14/2026 10:08:49 AM
AP05A,1352159,P702IP,628,505397-2,-,5/15/2026,False,5/14/2026 10:08:51 AM,False,5/14/2026 10:08:51 AM
AP05A,1352160,P702IP,628,505397-3,-,5/15/2026,False,5/14/2026 10:08:54 AM,False,5/14/2026 10:08:54 AM
AP05A,1352161,P702IP,629,505398-1,-,5/15/2026,False,5/14/2026 10:08:56 AM,False,5/14/2026 10:08:56 AM
AP05A,1352162,P702IP,629,505398-2,-,5/15/2026,False,5/14/2026 10:08:58 AM,False,5/14/2026 10:08:58 AM
AP05A,1352163,P702IP,629,505398-3,-,5/15/2026,False,5/14/2026 10:09:00 AM,False,5/14/2026 10:09:00 AM
AP05A,1352164,P702IP,630,505399-1,-,5/15/2026,False,5/14/2026 10:09:03 AM,False,5/14/2026 10:09:03 AM
AP05A,1352165,P702IP,630,505399-2,-,5/15/2026,False,5/14/2026 10:09:05 AM,False,5/14/2026 10:09:05 AM
AP05A,1352166,P702IP,630,505399-3,-,5/15/2026,False,5/14/2026 10:09:07 AM,False,5/14/2026 10:09:07 AM
AP05A,1352167,P702IP,631,505400-1,-,5/15/2026,False,5/14/2026 10:09:09 AM,False,5/14/2026 10:09:09 AM
AP05A,1352168,P702IP,631,505400-2,-,5/15/2026,False,5/14/2026 10:09:12 AM,False,5/14/2026 10:09:12 AM
AP05A,1352169,P702IP,631,505400-3,-,5/15/2026,False,5/14/2026 10:09:14 AM,False,5/14/2026 10:09:14 AM
AP05A,1352170,P702IP,632,505401-1,-,5/15/2026,False,5/14/2026 10:09:16 AM,False,5/14/2026 10:09:16 AM
AP05A,1352171,P702IP,632,505401-2,-,5/15/2026,False,5/14/2026 10:09:18 AM,False,5/14/2026 10:09:18 AM
AP05A,1352172,P702IP,632,505401-3,-,5/15/2026,False,5/14/2026 10:09:21 AM,False,5/14/2026 10:09:21 AM
AP05A,1352173,P702IP,633,505402-1,-,5/15/2026,False,5/14/2026 10:09:23 AM,False,5/14/2026 10:09:23 AM
AP05A,1352174,P702IP,633,505402-2,-,5/15/2026,False,5/14/2026 10:09:25 AM,False,5/14/2026 10:09:25 AM
AP05A,1352175,P702IP,633,505402-3,-,5/15/2026,False,5/14/2026 10:09:27 AM,False,5/14/2026 10:09:27 AM
AP05A,1352176,P702IP,634,505403-1,-,5/15/2026,False,5/14/2026 10:09:30 AM,False,5/14/2026 10:09:30 AM
AP05A,1352177,P702IP,634,505403-2,-,5/15/2026,False,5/14/2026 10:09:32 AM,False,5/14/2026 10:09:32 AM
AP05A,1352178,P702IP,634,505403-3,-,5/15/2026,False,5/14/2026 10:09:34 AM,False,5/14/2026 10:09:34 AM
AP05A,1352179,P702IP,635,505404-1,-,5/15/2026,False,5/14/2026 10:09:36 AM,False,5/14/2026 10:09:36 AM
AP05A,1352180,P702IP,635,505404-2,-,5/15/2026,False,5/14/2026 10:09:39 AM,False,5/14/2026 10:09:39 AM
AP05A,1352181,P702IP,635,505404-3,-,5/15/2026,False,5/14/2026 10:09:41 AM,False,5/14/2026 10:09:41 AM
AP05A,1352182,P702IP,636,505405-1,-,5/15/2026,False,5/14/2026 10:09:43 AM,False,5/14/2026 10:09:43 AM
AP05A,1352183,P702IP,636,505405-2,-,5/15/2026,False,5/14/2026 10:09:45 AM,False,5/14/2026 10:09:45 AM
AP05A,1352184,P702IP,636,505405-3,-,5/15/2026,False,5/14/2026 10:09:48 AM,False,5/14/2026 10:09:48 AM
AP05A,1352185,P702IP,637,505406-1,-,5/15/2026,False,5/14/2026 10:09:50 AM,False,5/14/2026 10:09:50 AM
AP05A,1352186,P702IP,637,505406-2,-,5/15/2026,False,5/14/2026 10:09:52 AM,False,5/14/2026 10:09:52 AM
AP05A,1352187,P702IP,637,505406-3,-,5/15/2026,False,5/14/2026 10:09:54 AM,False,5/14/2026 10:09:54 AM
AP05A,1352188,P702IP,638,505407-1,-,5/15/2026,False,5/14/2026 10:09:57 AM,False,5/14/2026 10:09:57 AM
AP05A,1352189,P702IP,638,505407-2,-,5/15/2026,False,5/14/2026 10:09:59 AM,False,5/14/2026 10:09:59 AM
AP05A,1352190,P702IP,638,505407-3,-,5/15/2026,False,5/14/2026 10:10:01 AM,False,5/14/2026 10:10:01 AM
AP05A,1352191,P702IP,639,505408-1,-,5/15/2026,False,5/14/2026 10:10:03 AM,False,5/14/2026 10:10:03 AM
AP05A,1352192,P702IP,639,505408-2,-,5/15/2026,False,5/14/2026 10:10:06 AM,False,5/14/2026 10:10:06 AM
AP05A,1352193,P702IP,639,505408-3,-,5/15/2026,False,5/14/2026 10:10:08 AM,False,5/14/2026 10:10:08 AM
AP05A,1352194,P702IP,640,505409-1,-,5/15/2026,False,5/14/2026 10:10:10 AM,False,5/14/2026 10:10:10 AM
AP05A,1352195,P702IP,640,505409-2,-,5/15/2026,False,5/14/2026 10:10:12 AM,False,5/14/2026 10:10:12 AM
AP05A,1352196,P702IP,640,505409-3,-,5/15/2026,False,5/14/2026 10:10:15 AM,False,5/14/2026 10:10:15 AM
AP05A,1352197,P702IP,641,505410-1,-,5/15/2026,False,5/14/2026 10:10:17 AM,False,5/14/2026 10:10:17 AM
AP05A,1352198,P702IP,641,505410-2,-,5/15/2026,False,5/14/2026 10:10:19 AM,False,5/14/2026 10:10:19 AM
AP05A,1352199,P702IP,641,505410-3,-,5/15/2026,False,5/14/2026 10:10:21 AM,False,5/14/2026 10:10:21 AM
AP05A,1352200,P702IP,642,505411-1,-,5/15/2026,False,5/14/2026 10:10:24 AM,False,5/14/2026 10:10:24 AM
AP05A,1352201,P702IP,642,505411-2,-,5/15/2026,False,5/14/2026 10:10:26 AM,False,5/14/2026 10:10:26 AM
AP05A,1352202,P702IP,642,505411-3,-,5/15/2026,False,5/14/2026 10:10:28 AM,False,5/14/2026 10:10:28 AM
AP05A,1352203,P702IP,643,505412-1,-,5/15/2026,False,5/14/2026 10:10:31 AM,False,5/14/2026 10:10:31 AM
AP05A,1352204,P702IP,643,505412-2,-,5/15/2026,False,5/14/2026 10:10:33 AM,False,5/14/2026 10:10:33 AM
AP05A,1352205,P702IP,643,505412-3,-,5/15/2026,False,5/14/2026 10:10:35 AM,False,5/14/2026 10:10:35 AM
AP05A,1352206,P702IP,644,505413-1,-,5/15/2026,False,5/14/2026 10:10:37 AM,False,5/14/2026 10:10:37 AM
AP05A,1352207,P702IP,644,505413-2,-,5/15/2026,False,5/14/2026 10:10:40 AM,False,5/14/2026 10:10:40 AM
AP05A,1352208,P702IP,644,505413-3,-,5/15/2026,False,5/14/2026 10:10:42 AM,False,5/14/2026 10:10:42 AM
AP05A,1352209,P702IP,645,505414-1,-,5/15/2026,False,5/14/2026 10:10:44 AM,False,5/14/2026 10:10:44 AM
AP05A,1352210,P702IP,645,505414-2,-,5/15/2026,False,5/14/2026 10:10:47 AM,False,5/14/2026 10:10:47 AM
AP05A,1352211,P702IP,645,505414-3,-,5/15/2026,False,5/14/2026 10:10:49 AM,False,5/14/2026 10:10:49 AM
AP05A,1352212,P702IP,646,505415-1,-,5/15/2026,False,5/14/2026 10:10:51 AM,False,5/14/2026 10:10:51 AM
AP05A,1352213,P702IP,646,505415-2,-,5/15/2026,False,5/14/2026 10:10:53 AM,False,5/14/2026 10:10:53 AM
AP05A,1352214,P702IP,646,505415-3,-,5/15/2026,False,5/14/2026 10:10:55 AM,False,5/14/2026 10:10:55 AM
AP05A,1352215,P702IP,647,505416-1,-,5/15/2026,False,5/14/2026 10:10:58 AM,False,5/14/2026 10:10:58 AM
AP05A,1352216,P702IP,647,505416-2,-,5/15/2026,False,5/14/2026 10:11:00 AM,False,5/14/2026 10:11:00 AM
AP05A,1352217,P702IP,647,505416-3,-,5/15/2026,False,5/14/2026 10:11:02 AM,False,5/14/2026 10:11:02 AM
AP05A,1352218,P702IP,648,505417-1,-,5/15/2026,False,5/14/2026 10:11:04 AM,False,5/14/2026 10:11:04 AM
AP05A,1352219,P702IP,648,505417-2,-,5/15/2026,False,5/14/2026 10:11:07 AM,False,5/14/2026 10:11:07 AM
AP05A,1352220,P702IP,648,505417-3,-,5/15/2026,False,5/14/2026 10:11:09 AM,False,5/14/2026 10:11:09 AM
AP05A,1352221,,,-,-,5/15/2026,False,,False,
AP05A,1352222,,,-,-,5/15/2026,False,,False,
AP05A,1352223,,,-,-,5/15/2026,False,,False,
AP05A,1352224,,,-,-,5/15/2026,False,,False,
AP05A,1352225,,,-,-,5/15/2026,False,,False,
AP05A,1352226,,,-,-,5/15/2026,False,,False,
AP05A,1352227,,,-,-,5/15/2026,False,,False,
AP05A,1352228,,,-,-,5/15/2026,False,,False,
AP05A,1352229,,,-,-,5/15/2026,False,,False,
AP05A,1352230,,,-,-,5/15/2026,False,,False,
AP05A,1352231,,,-,-,5/15/2026,False,,False,
AP05A,1352232,,,-,-,5/15/2026,False,,False,
AP05A,1352233,,,-,-,5/15/2026,False,,False,
AP05A,1352234,,,-,-,5/15/2026,False,,False,
AP05A,1352235,,,-,-,5/15/2026,False,,False,
AP05A,1352236,,,-,-,5/15/2026,False,,False,
AP05A,1352237,,,-,-,5/15/2026,False,,False,
AP05A,1352238,,,-,-,5/15/2026,False,,False,
AP05A,1352239,,,-,-,5/15/2026,False,,False,
AP05A,1352240,,,-,-,5/15/2026,False,,False,
AP05A,1352241,,,-,-,5/15/2026,False,,False,
AP05A,1352242,,,-,-,5/15/2026,False,,False,
AP05A,1352243,,,-,-,5/15/2026,False,,False,
AP05A,1352244,,,-,-,5/15/2026,False,,False,
AP05A,1352245,,,-,-,5/15/2026,False,,False,
AP05A,1352246,,,-,-,5/15/2026,False,,False,
AP05A,1352247,,,-,-,5/15/2026,False,,False,
AP05A,1352248,,,-,-,5/15/2026,False,,False,
AP05A,1352249,,,-,-,5/15/2026,False,,False,
AP05A,1352250,,,-,-,5/15/2026,False,,False,
AP05A,1352251,,,-,-,5/15/2026,False,,False,
AP05A,1352252,,,-,-,5/15/2026,False,,False,
AP05A,1352253,,,-,-,5/15/2026,False,,False,
AP05A,1352254,,,-,-,5/15/2026,False,,False,
AP05A,1352255,,,-,-,5/15/2026,False,,False,
AP05A,1352256,,,-,-,5/15/2026,False,,False,
AP05A,1352257,,,-,-,5/15/2026,False,,False,
AP05A,1352258,,,-,-,5/15/2026,False,,False,
AP05A,1352259,,,-,-,5/15/2026,False,,False,
AP05A,1352260,,,-,-,5/15/2026,False,,False,
AP05A,1352261,,,-,-,5/15/2026,False,,False,
AP05A,1352262,,,-,-,5/15/2026,False,,False,
AP05A,1352263,,,-,-,5/15/2026,False,,False,
AP05A,1352264,,,-,-,5/15/2026,False,,False,
AP05A,1352265,,,-,-,5/15/2026,False,,False,
AP05A,1352266,,,-,-,5/15/2026,False,,False,
AP05A,1352267,,,-,-,5/15/2026,False,,False,
AP05A,1352268,,,-,-,5/15/2026,False,,False,
AP05A,1359601,P702IP-9K,207,502436-1,1505-3,5/15/2026,True,5/13/2026 11:10:45 AM,True,5/8/2026 1:12:16 PM
AP05A,1359602,P702IP-9K,207,502436-2,1505-2,5/15/2026,True,5/13/2026 11:10:45 AM,True,5/8/2026 1:11:03 PM
AP05A,1359603,P702IP-9K,207,502436-3,1505-1,5/15/2026,True,5/13/2026 11:10:45 AM,True,5/8/2026 1:10:25 PM
AP05A,1362269,,,-,-,5/15/2026,False,,False,
AP05A,1362270,,,-,-,5/15/2026,False,,False,
AP05A,1362271,,,-,-,5/15/2026,False,,False,
AP05A,1362272,,,-,-,5/15/2026,False,,False,
AP05A,1362273,,,-,-,5/15/2026,False,,False,
AP05A,1362274,,,-,-,5/15/2026,False,,False,
AP05A,1362275,,,-,-,5/15/2026,False,,False,
AP05A,1362276,,,-,-,5/15/2026,False,,False,
AP05A,1362277,,,-,-,5/15/2026,False,,False,
AP05A,1362278,,,-,-,5/15/2026,False,,False,
AP05A,1362279,,,-,-,5/15/2026,False,,False,
AP05A,1362280,,,-,-,5/15/2026,False,,False,
AP05A,1362281,,,-,-,5/15/2026,False,,False,
AP05A,1362282,,,-,-,5/15/2026,False,,False,
AP05A,1362283,,,-,-,5/15/2026,False,,False,
AP05A,1362284,,,-,-,5/15/2026,False,,False,
AP05A,1362285,,,-,-,5/15/2026,False,,False,
AP05A,1362286,,,-,-,5/15/2026,False,,False,
AP05A,1362287,,,-,-,5/15/2026,False,,False,
AP05A,1362288,,,-,-,5/15/2026,False,,False,
AP05A,1362289,,,-,-,5/15/2026,False,,False,
AP05A,1362290,,,-,-,5/15/2026,False,,False,
AP05A,1362291,,,-,-,5/15/2026,False,,False,
AP05A,1362292,,,-,-,5/15/2026,False,,False,
AP05A,1362293,,,-,-,5/15/2026,False,,False,
AP05A,1362294,,,-,-,5/15/2026,False,,False,
AP05A,1362295,,,-,-,5/15/2026,False,,False,
AP05A,1362296,,,-,-,5/15/2026,False,,False,
AP05A,1362297,,,-,-,5/15/2026,False,,False,
AP05A,1362298,,,-,-,5/15/2026,False,,False,
AP05A,1362299,,,-,-,5/15/2026,False,,False,
AP05A,1362300,,,-,-,5/15/2026,False,,False,
AP05A,1362301,,,-,-,5/15/2026,False,,False,
AP05A,1362302,,,-,-,5/15/2026,False,,False,
AP05A,1362303,,,-,-,5/15/2026,False,,False,
AP05A,1362304,,,-,-,5/15/2026,False,,False,
AP05A,1362305,,,-,-,5/15/2026,False,,False,
AP05A,1362306,,,-,-,5/15/2026,False,,False,
AP05A,1362307,,,-,-,5/15/2026,False,,False,
AP05A,1362308,,,-,-,5/15/2026,False,,False,
AP05A,1362309,,,-,-,5/15/2026,False,,False,
AP05A,1362310,,,-,-,5/15/2026,False,,False,
AP05A,1362311,,,-,-,5/15/2026,False,,False,
AP05A,1362312,,,-,-,5/15/2026,False,,False,
AP05A,1362313,,,-,-,5/15/2026,False,,False,
AP05A,1362314,,,-,-,5/15/2026,False,,False,
AP05A,1362315,,,-,-,5/15/2026,False,,False,
AP05A,1362316,,,-,-,5/15/2026,False,,False,
AP05A,1362317,,,-,-,5/15/2026,False,,False,
AP05A,1362318,,,-,-,5/15/2026,False,,False,
AP05A,1362319,,,-,-,5/15/2026,False,,False,
AP05A,1362320,,,-,-,5/15/2026,False,,False,
AP05A,1362321,,,-,-,5/15/2026,False,,False,
AP05A,1362322,,,-,-,5/15/2026,False,,False,
AP05A,1362323,,,-,-,5/15/2026,False,,False,
AP05A,1362324,,,-,-,5/15/2026,False,,False,
AP05A,1362325,,,-,-,5/15/2026,False,,False,
AP05A,1362326,,,-,-,5/15/2026,False,,False,
AP05A,1362327,,,-,-,5/15/2026,False,,False,
AP05A,1362328,,,-,-,5/15/2026,False,,False,
AP05A,1362329,,,-,-,5/15/2026,False,,False,
AP05A,1362330,,,-,-,5/15/2026,False,,False,
AP05A,1362331,,,-,-,5/15/2026,False,,False,
AP05A,1362332,,,-,-,5/15/2026,False,,False,
AP05A,1362333,,,-,-,5/15/2026,False,,False,
AP05A,1362334,,,-,-,5/15/2026,False,,False,
AP05A,1362335,,,-,-,5/15/2026,False,,False,
AP05A,1362336,,,-,-,5/15/2026,False,,False,
AP05A,1362337,,,-,-,5/15/2026,False,,False,
AP05A,1362338,,,-,-,5/15/2026,False,,False,
AP05A,1362339,,,-,-,5/15/2026,False,,False,
AP05A,1362340,,,-,-,5/15/2026,False,,False,
AP05A,1362341,,,-,-,5/15/2026,False,,False,
AP05A,1362342,,,-,-,5/15/2026,False,,False,
AP05A,1362343,,,-,-,5/15/2026,False,,False,
AP05A,1362344,,,-,-,5/15/2026,False,,False,
AP05A,1362345,,,-,-,5/15/2026,False,,False,
AP05A,1362346,,,-,-,5/15/2026,False,,False,
AP05A,1362347,,,-,-,5/15/2026,False,,False,
AP05A,1362348,,,-,-,5/15/2026,False,,False,
AP05A,1362349,,,-,-,5/15/2026,False,,False,
AP05A,1362350,,,-,-,5/15/2026,False,,False,
AP05A,1362351,,,-,-,5/15/2026,False,,False,
AP05A,1362352,,,-,-,5/15/2026,False,,False,
AP05A,1362353,,,-,-,5/15/2026,False,,False,
AP05A,1362354,,,-,-,5/15/2026,False,,False,
AP05A,1362355,,,-,-,5/15/2026,False,,False,
AP05A,1362356,,,-,-,5/15/2026,False,,False,
AP05A,1362357,,,-,-,5/15/2026,False,,False,
AP05A,1362358,,,-,-,5/15/2026,False,,False,
AP05A,1362359,,,-,-,5/15/2026,False,,False,
AP05A,1362360,,,-,-,5/15/2026,False,,False,
AP05A,1362361,,,-,-,5/15/2026,False,,False,
AP05A,1362362,,,-,-,5/15/2026,False,,False,
AP05A,1362363,,,-,-,5/15/2026,False,,False,
AP05A,1362364,,,-,-,5/15/2026,False,,False,
AP05A,1362365,,,-,-,5/15/2026,False,,False,
AP05A,1362366,,,-,-,5/15/2026,False,,False,
AP05A,1362367,,,-,-,5/15/2026,False,,False,
AP05A,1362368,,,-,-,5/15/2026,False,,False,
AP05A,1362369,,,-,-,5/15/2026,False,,False,
AP05A,1362370,,,-,-,5/15/2026,False,,False,
AP05A,1362371,,,-,-,5/15/2026,False,,False,
AP05A,1362372,,,-,-,5/15/2026,False,,False,
AP05A,1362373,,,-,-,5/15/2026,False,,False,
AP05A,1362374,,,-,-,5/15/2026,False,,False,
AP05A,1362375,,,-,-,5/15/2026,False,,False,
AP05A,1362376,,,-,-,5/15/2026,False,,False,
AP05A,1362377,,,-,-,5/15/2026,False,,False,
AP05A,1362378,,,-,-,5/15/2026,False,,False,
AP05A,1362379,,,-,-,5/15/2026,False,,False,
AP05A,1362380,,,-,-,5/15/2026,False,,False,
AP05A,1362381,,,-,-,5/15/2026,False,,False,
AP05A,1362382,,,-,-,5/15/2026,False,,False,
AP05A,1362383,,,-,-,5/15/2026,False,,False,
AP05A,1362384,,,-,-,5/15/2026,False,,False,
AP05A,1362385,,,-,-,5/15/2026,False,,False,
AP05A,1362386,,,-,-,5/15/2026,False,,False,
AP05A,1362387,,,-,-,5/15/2026,False,,False,
AP05A,1362388,,,-,-,5/15/2026,False,,False,
AP05A,1362389,,,-,-,5/15/2026,False,,False,
AP05A,1362390,,,-,-,5/15/2026,False,,False,
AP05A,1362391,,,-,-,5/15/2026,False,,False,
AP05A,1362392,,,-,-,5/15/2026,False,,False,
AP05A,1362393,,,-,-,5/15/2026,False,,False,
AP05A,1362394,,,-,-,5/15/2026,False,,False,
AP05A,1362395,,,-,-,5/15/2026,False,,False,
AP05A,1362396,,,-,-,5/15/2026,False,,False,
AP05A,1362397,,,-,-,5/15/2026,False,,False,
AP05A,1362398,,,-,-,5/15/2026,False,,False,
AP05A,1362399,,,-,-,5/15/2026,False,,False,
AP05A,1362400,,,-,-,5/15/2026,False,,False,
AP05A,1362401,,,-,-,5/15/2026,False,,False,
AP05A,1362402,,,-,-,5/15/2026,False,,False,
AP05A,1362403,,,-,-,5/15/2026,False,,False,
AP05A,1362404,,,-,-,5/15/2026,False,,False,
AP05A,1362405,,,-,-,5/15/2026,False,,False,
AP05A,1362406,,,-,-,5/15/2026,False,,False,
AP05A,1362407,,,-,-,5/15/2026,False,,False,
AP05A,1362408,,,-,-,5/15/2026,False,,False,
AP05A,1362409,,,-,-,5/15/2026,False,,False,
AP05A,1362410,,,-,-,5/15/2026,False,,False,
AP05A,1362411,,,-,-,5/15/2026,False,,False,
AP05A,1362412,,,-,-,5/15/2026,False,,False,
AP05A,1362413,,,-,-,5/15/2026,False,,False,
AP05A,1362414,,,-,-,5/15/2026,False,,False,
AP05A,1362415,,,-,-,5/15/2026,False,,False,
AP05A,1362416,,,-,-,5/15/2026,False,,False,
AP05A,1362417,,,-,-,5/15/2026,False,,False,
AP05A,1362418,,,-,-,5/15/2026,False,,False,
AP05A,1362419,,,-,-,5/15/2026,False,,False,
AP05A,1362420,,,-,-,5/15/2026,False,,False,
AP05A,1362421,,,-,-,5/15/2026,False,,False,
AP05A,1362422,,,-,-,5/15/2026,False,,False,
AP05A,1362423,,,-,-,5/15/2026,False,,False,
AP05A,1362424,,,-,-,5/15/2026,False,,False,
AP05A,1362425,,,-,-,5/15/2026,False,,False,
AP05A,1362426,,,-,-,5/15/2026,False,,False,
AP05A,1362427,,,-,-,5/15/2026,False,,False,
AP05A,1362428,,,-,-,5/15/2026,False,,False,
AP05A,1362429,,,-,-,5/15/2026,False,,False,
AP05A,1362430,,,-,-,5/15/2026,False,,False,
AP05A,1362431,,,-,-,5/15/2026,False,,False,
AP05A,1362432,,,-,-,5/15/2026,False,,False,
AP05A,1362433,,,-,-,5/15/2026,False,,False,
AP05A,1362434,,,-,-,5/15/2026,False,,False,
AP05A,1362435,,,-,-,5/15/2026,False,,False,
AP05A,1362436,,,-,-,5/15/2026,False,,False,
AP05A,1362437,,,-,-,5/15/2026,False,,False,
AP05A,1362438,,,-,-,5/15/2026,False,,False,
AP05A,1362439,,,-,-,5/15/2026,False,,False,
AP05A,1362440,,,-,-,5/15/2026,False,,False,
AP05A,1362441,,,-,-,5/15/2026,False,,False,
AP05A,1362442,,,-,-,5/15/2026,False,,False,
AP05A,1362443,,,-,-,5/15/2026,False,,False,
AP05A,1362444,,,-,-,5/15/2026,False,,False,
AP05A,1362445,,,-,-,5/15/2026,False,,False,
AP05A,1362446,,,-,-,5/15/2026,False,,False,
AP05A,1362447,,,-,-,5/15/2026,False,,False,
AP05A,1362448,,,-,-,5/15/2026,False,,False,
AP05A,1362449,,,-,-,5/15/2026,False,,False,
AP05A,1362450,,,-,-,5/15/2026,False,,False,
AP05A,1362451,,,-,-,5/15/2026,False,,False,
AP05A,1362452,,,-,-,5/15/2026,False,,False,
AP05A,1362453,,,-,-,5/15/2026,False,,False,
AP05A,1362454,,,-,-,5/15/2026,False,,False,
AP05A,1362455,,,-,-,5/15/2026,False,,False,
AP05A,1362456,,,-,-,5/15/2026,False,,False,
AP05A,1362457,,,-,-,5/15/2026,False,,False,
AP05A,1362458,,,-,-,5/15/2026,False,,False,
AP05A,1362459,,,-,-,5/15/2026,False,,False,
AP05A,1362460,,,-,-,5/15/2026,False,,False,
AP05A,1362461,,,-,-,5/15/2026,False,,False,
AP05A,1362462,,,-,-,5/15/2026,False,,False,
AP05A,1362463,,,-,-,5/15/2026,False,,False,
AP05A,1362464,,,-,-,5/15/2026,False,,False,
AP05A,1362465,,,-,-,5/15/2026,False,,False,
AP05A,1362466,,,-,-,5/15/2026,False,,False,
AP05A,1362467,,,-,-,5/15/2026,False,,False,
AP05A,1362468,,,-,-,5/15/2026,False,,False,
AP05A,1362469,,,-,-,5/15/2026,False,,False,
AP05A,1362470,,,-,-,5/15/2026,False,,False,
AP05A,1362471,,,-,-,5/15/2026,False,,False,
AP05A,1362472,,,-,-,5/15/2026,False,,False,
AP05A,1362473,,,-,-,5/15/2026,False,,False,
AP05A,1362474,,,-,-,5/15/2026,False,,False,
AP05A,1362475,,,-,-,5/15/2026,False,,False,
AP05A,1362476,,,-,-,5/15/2026,False,,False,
AP05A,1362477,,,-,-,5/15/2026,False,,False,
AP05A,1362478,,,-,-,5/15/2026,False,,False,
AP05A,1362479,,,-,-,5/15/2026,False,,False,
AP05A,1362480,,,-,-,5/15/2026,False,,False,
AP05A,1362481,,,-,-,5/15/2026,False,,False,
AP05A,1362482,,,-,-,5/15/2026,False,,False,
AP05A,1362483,,,-,-,5/15/2026,False,,False,
AP05A,1362484,,,-,-,5/15/2026,False,,False,
AP05A,1362485,,,-,-,5/15/2026,False,,False,
AP05A,1362486,,,-,-,5/15/2026,False,,False,
AP05A,1362487,,,-,-,5/15/2026,False,,False,
AP05A,1362488,,,-,-,5/15/2026,False,,False,
AP05A,1362489,,,-,-,5/15/2026,False,,False,
AP05A,1362490,,,-,-,5/15/2026,False,,False,
AP05A,1362491,,,-,-,5/15/2026,False,,False,
AP05A,1362492,,,-,-,5/15/2026,False,,False,
AP05A,1362493,,,-,-,5/15/2026,False,,False,
AP05A,1362494,,,-,-,5/15/2026,False,,False,
AP05A,1362495,,,-,-,5/15/2026,False,,False,
AP05A,1362496,,,-,-,5/15/2026,False,,False,
AP05A,1362497,,,-,-,5/15/2026,False,,False,
AP05A,1362498,,,-,-,5/15/2026,False,,False,
AP05A,1362499,,,-,-,5/15/2026,False,,False,
AP05A,1362500,,,-,-,5/15/2026,False,,False,
AP05A,1362501,,,-,-,5/15/2026,False,,False,
AP05A,1362502,,,-,-,5/15/2026,False,,False,
AP05A,1362503,,,-,-,5/15/2026,False,,False,
AP05A,1362504,,,-,-,5/15/2026,False,,False,
AP05A,1362505,,,-,-,5/15/2026,False,,False,
AP05A,1362506,,,-,-,5/15/2026,False,,False,
AP05A,1362507,,,-,-,5/15/2026,False,,False,
AP05A,1362508,,,-,-,5/15/2026,False,,False,
AP05A,1362509,,,-,-,5/15/2026,False,,False,
AP05A,1362510,,,-,-,5/15/2026,False,,False,
AP05A,1362511,,,-,-,5/15/2026,False,,False,
AP05A,1362512,,,-,-,5/15/2026,False,,False,
AP05A,1362513,,,-,-,5/15/2026,False,,False,
AP05A,1362514,,,-,-,5/15/2026,False,,False,
AP05A,1362515,,,-,-,5/15/2026,False,,False,
AP05A,1362516,,,-,-,5/15/2026,False,,False,
AP05A,1362517,,,-,-,5/15/2026,False,,False,
AP05A,1362518,,,-,-,5/15/2026,False,,False,
AP05A,1362519,,,-,-,5/15/2026,False,,False,
AP05A,1362520,,,-,-,5/15/2026,False,,False,
AP05A,1362521,,,-,-,5/15/2026,False,,False,
AP05A,1362522,,,-,-,5/15/2026,False,,False,
AP05A,1362523,,,-,-,5/15/2026,False,,False,
AP05A,1362524,,,-,-,5/15/2026,False,,False,
AP05A,1362525,,,-,-,5/15/2026,False,,False,
AP05A,1362526,,,-,-,5/15/2026,False,,False,
AP05A,1362527,,,-,-,5/15/2026,False,,False,
AP05A,1362528,,,-,-,5/15/2026,False,,False,
AP05A,1362529,,,-,-,5/15/2026,False,,False,
AP05A,1362530,,,-,-,5/15/2026,False,,False,
AP05A,1362531,,,-,-,5/15/2026,False,,False,
AP05A,1362532,,,-,-,5/15/2026,False,,False,
AP05A,1362533,,,-,-,5/15/2026,False,,False,
AP05A,1362534,,,-,-,5/15/2026,False,,False,
AP05A,1362535,,,-,-,5/15/2026,False,,False,
AP05A,1362536,,,-,-,5/15/2026,False,,False,
AP05A,1362537,,,-,-,5/15/2026,False,,False,
AP05A,1362538,,,-,-,5/15/2026,False,,False,
AP05A,1362539,,,-,-,5/15/2026,False,,False,
AP05A,1362540,,,-,-,5/15/2026,False,,False,
AP05A,1362541,,,-,-,5/15/2026,False,,False,
AP05A,1362542,,,-,-,5/15/2026,False,,False,
AP05A,1362543,,,-,-,5/15/2026,False,,False,
AP05A,1362544,,,-,-,5/15/2026,False,,False,
AP05A,1362545,,,-,-,5/15/2026,False,,False,
AP05A,1362546,,,-,-,5/15/2026,False,,False,
AP05A,1362547,,,-,-,5/15/2026,False,,False,
AP05A,1362548,,,-,-,5/15/2026,False,,False,
AP05A,1362549,,,-,-,5/15/2026,False,,False,
AP05A,1362550,,,-,-,5/15/2026,False,,False,
AP05A,1362551,,,-,-,5/15/2026,False,,False,
AP05A,1362552,,,-,-,5/15/2026,False,,False,
AP05A,1362553,,,-,-,5/15/2026,False,,False,
AP05A,1362554,,,-,-,5/15/2026,False,,False,
AP05A,1362555,,,-,-,5/15/2026,False,,False,
AP05A,1362556,,,-,-,5/15/2026,False,,False,
AP05A,1362557,,,-,-,5/15/2026,False,,False,
AP05A,1362558,,,-,-,5/15/2026,False,,False,
AP05A,1362559,,,-,-,5/15/2026,False,,False,
AP05A,1362560,,,-,-,5/15/2026,False,,False,
AP05A,1362561,,,-,-,5/15/2026,False,,False,
AP05A,1362562,,,-,-,5/15/2026,False,,False,
AP05A,1362563,,,-,-,5/15/2026,False,,False,
AP05A,1362564,,,-,-,5/15/2026,False,,False,
AP05A,1362565,,,-,-,5/15/2026,False,,False,
AP05A,1362566,,,-,-,5/15/2026,False,,False,
AP05A,1362567,,,-,-,5/15/2026,False,,False,
AP05A,1362568,,,-,-,5/15/2026,False,,False,
AP05A,1362569,,,-,-,5/15/2026,False,,False,
AP05A,1362570,,,-,-,5/15/2026,False,,False,
AP05A,1362571,,,-,-,5/15/2026,False,,False,
AP05A,1362572,,,-,-,5/15/2026,False,,False,
AP05A,1362573,,,-,-,5/15/2026,False,,False,
AP05A,1362574,,,-,-,5/15/2026,False,,False,
AP05A,1362575,,,-,-,5/15/2026,False,,False,
AP05A,1362576,,,-,-,5/15/2026,False,,False,
AP05A,1362577,,,-,-,5/15/2026,False,,False,
AP05A,1362578,,,-,-,5/15/2026,False,,False,
AP05A,1362579,,,-,-,5/15/2026,False,,False,
AP05A,1362580,,,-,-,5/15/2026,False,,False,
AP05A,1362581,,,-,-,5/15/2026,False,,False,
AP05A,1362582,,,-,-,5/15/2026,False,,False,
AP05A,1362583,,,-,-,5/15/2026,False,,False,
AP05A,1362584,,,-,-,5/15/2026,False,,False,
AP05A,1362585,,,-,-,5/15/2026,False,,False,
AP05A,1362586,,,-,-,5/15/2026,False,,False,
AP05A,1362587,,,-,-,5/15/2026,False,,False,
AP05A,1362588,,,-,-,5/15/2026,False,,False,
AP05A,1362589,,,-,-,5/15/2026,False,,False,
AP05A,1362590,,,-,-,5/15/2026,False,,False,
AP05A,1362591,,,-,-,5/15/2026,False,,False,
AP05A,1362592,,,-,-,5/15/2026,False,,False,
AP05A,1362593,,,-,-,5/15/2026,False,,False,
AP05A,1362594,,,-,-,5/15/2026,False,,False,
AP05A,1362595,,,-,-,5/15/2026,False,,False,
AP05A,1362596,,,-,-,5/15/2026,False,,False,
AP05A,1362597,,,-,-,5/15/2026,False,,False,
AP05A,1362598,,,-,-,5/15/2026,False,,False,
AP05A,1362599,,,-,-,5/15/2026,False,,False,
AP05A,1362600,,,-,-,5/15/2026,False,,False,
AP05A,1362601,,,-,-,5/15/2026,False,,False,
AP05A,1362602,,,-,-,5/15/2026,False,,False,
AP05A,1362603,,,-,-,5/15/2026,False,,False,
AP05A,1362604,,,-,-,5/15/2026,False,,False,
AP05A,1362605,,,-,-,5/15/2026,False,,False,
AP05A,1362606,,,-,-,5/15/2026,False,,False,
AP05A,1362607,,,-,-,5/15/2026,False,,False,
AP05A,1362608,,,-,-,5/15/2026,False,,False,
AP05A,1362609,,,-,-,5/15/2026,False,,False,
AP05A,1362610,,,-,-,5/15/2026,False,,False,
AP05A,1362611,,,-,-,5/15/2026,False,,False,
AP05A,1362612,,,-,-,5/15/2026,False,,False,
AP05A,1362613,,,-,-,5/15/2026,False,,False,
AP05A,1362614,,,-,-,5/15/2026,False,,False,
AP05A,1362615,,,-,-,5/15/2026,False,,False,
AP05A,1362616,,,-,-,5/15/2026,False,,False,
AP05A,1362617,,,-,-,5/15/2026,False,,False,
AP05A,1362618,,,-,-,5/15/2026,False,,False,
AP05A,1362619,,,-,-,5/15/2026,False,,False,
AP05A,1362620,,,-,-,5/15/2026,False,,False,
AP05A,1362621,,,-,-,5/15/2026,False,,False,
AP05A,1362622,,,-,-,5/15/2026,False,,False,
AP05A,1362623,,,-,-,5/15/2026,False,,False,
AP05A,1362624,,,-,-,5/15/2026,False,,False,
AP05A,1362625,,,-,-,5/15/2026,False,,False,
AP05A,1362626,,,-,-,5/15/2026,False,,False,
AP05A,1362627,,,-,-,5/15/2026,False,,False,
AP05A,1362628,,,-,-,5/15/2026,False,,False,
AP05A,1362629,,,-,-,5/15/2026,False,,False,
AP05A,1362630,,,-,-,5/15/2026,False,,False,
AP05A,1362631,,,-,-,5/15/2026,False,,False,
AP05A,1362632,,,-,-,5/15/2026,False,,False,
AP05A,1362633,,,-,-,5/15/2026,False,,False,
AP05A,1362634,,,-,-,5/15/2026,False,,False,
AP05A,1362635,,,-,-,5/15/2026,False,,False,
AP05A,1362636,,,-,-,5/15/2026,False,,False,
AP05A,1362637,,,-,-,5/15/2026,False,,False,
AP05A,1362638,,,-,-,5/15/2026,False,,False,
AP05A,1362639,,,-,-,5/15/2026,False,,False,
AP05A,1362640,,,-,-,5/15/2026,False,,False,
AP05A,1362641,,,-,-,5/15/2026,False,,False,
AP05A,1362642,,,-,-,5/15/2026,False,,False,
AP05A,1362643,,,-,-,5/15/2026,False,,False,
AP05A,1362644,,,-,-,5/15/2026,False,,False,
AP05A,1362645,,,-,-,5/15/2026,False,,False,
AP05A,1362646,,,-,-,5/15/2026,False,,False,
AP05A,1362647,,,-,-,5/15/2026,False,,False,
AP05A,1362648,,,-,-,5/15/2026,False,,False,
AP05A,1362649,,,-,-,5/15/2026,False,,False,
AP05A,1362650,,,-,-,5/15/2026,False,,False,
AP05A,1362651,,,-,-,5/15/2026,False,,False,
AP05A,1362652,,,-,-,5/15/2026,False,,False,
AP05A,1362653,,,-,-,5/15/2026,False,,False,
AP05A,1362654,,,-,-,5/15/2026,False,,False,
AP05A,1362655,,,-,-,5/15/2026,False,,False,
AP05A,1362656,,,-,-,5/15/2026,False,,False,
AP05A,1362657,,,-,-,5/15/2026,False,,False,
AP05A,1362658,,,-,-,5/15/2026,False,,False,
AP05A,1362659,,,-,-,5/15/2026,False,,False,
AP05A,1362660,,,-,-,5/15/2026,False,,False,
AP05A,1362661,,,-,-,5/15/2026,False,,False,
AP05A,1362662,,,-,-,5/15/2026,False,,False,
AP05A,1362663,,,-,-,5/15/2026,False,,False,
AP05A,1362664,,,-,-,5/15/2026,False,,False,
AP05A,1362665,,,-,-,5/15/2026,False,,False,
AP05A,1362666,,,-,-,5/15/2026,False,,False,
AP05A,1362667,,,-,-,5/15/2026,False,,False,
AP05A,1362668,,,-,-,5/15/2026,False,,False,
AP05A,1362669,,,-,-,5/15/2026,False,,False,
AP05A,1362670,,,-,-,5/15/2026,False,,False,
AP05A,1362671,,,-,-,5/15/2026,False,,False,
AP05A,1362672,,,-,-,5/15/2026,False,,False,
AP05A,1362673,,,-,-,5/15/2026,False,,False,
AP05A,1362674,,,-,-,5/15/2026,False,,False,
AP05A,1362675,,,-,-,5/15/2026,False,,False,
AP05A,1362676,,,-,-,5/15/2026,False,,False,
AP05A,1362677,,,-,-,5/15/2026,False,,False,
AP05A,1362678,,,-,-,5/15/2026,False,,False,
AP05A,1362679,,,-,-,5/15/2026,False,,False,
AP05A,1362680,,,-,-,5/15/2026,False,,False,
AP05A,1362681,,,-,-,5/15/2026,False,,False,
AP05A,1362682,,,-,-,5/15/2026,False,,False,
AP05A,1362683,,,-,-,5/15/2026,False,,False,
AP05A,1362684,,,-,-,5/15/2026,False,,False,
AP05A,1362685,,,-,-,5/15/2026,False,,False,
AP05A,1362686,,,-,-,5/15/2026,False,,False,
AP05A,1362687,,,-,-,5/15/2026,False,,False,
AP05A,1362688,,,-,-,5/15/2026,False,,False,
AP05A,1362689,,,-,-,5/15/2026,False,,False,
AP05A,1362690,,,-,-,5/15/2026,False,,False,
AP05A,1362691,,,-,-,5/15/2026,False,,False,
AP05A,1362692,,,-,-,5/15/2026,False,,False,
AP05A,1362693,,,-,-,5/15/2026,False,,False,
AP05A,1362694,,,-,-,5/15/2026,False,,False,
AP05A,1362695,,,-,-,5/15/2026,False,,False,
AP05A,1362696,,,-,-,5/15/2026,False,,False,
AP05A,1362697,,,-,-,5/15/2026,False,,False,
AP05A,1362698,,,-,-,5/15/2026,False,,False,
AP05A,1362699,,,-,-,5/15/2026,False,,False,
AP05A,1362700,,,-,-,5/15/2026,False,,False,
AP05A,1362701,,,-,-,5/15/2026,False,,False,
AP05A,1362702,,,-,-,5/15/2026,False,,False,
AP05A,1362703,,,-,-,5/15/2026,False,,False,
AP05A,1362704,,,-,-,5/15/2026,False,,False,
AP05A,1362705,,,-,-,5/15/2026,False,,False,
AP05A,1362706,,,-,-,5/15/2026,False,,False,
AP05A,1362707,,,-,-,5/15/2026,False,,False,
AP05A,1362708,,,-,-,5/15/2026,False,,False,
AP05A,1362709,,,-,-,5/15/2026,False,,False,
AP05A,1362710,,,-,-,5/15/2026,False,,False,
AP05A,1362711,,,-,-,5/15/2026,False,,False,
AP05A,1362712,,,-,-,5/15/2026,False,,False,
AP05A,1362713,,,-,-,5/15/2026,False,,False,
AP05A,1362714,,,-,-,5/15/2026,False,,False,
AP05A,1362715,,,-,-,5/15/2026,False,,False,
AP05A,1362716,,,-,-,5/15/2026,False,,False,
AP05A,1362717,,,-,-,5/15/2026,False,,False,
AP05A,1362718,,,-,-,5/15/2026,False,,False,
AP05A,1362719,,,-,-,5/15/2026,False,,False,
AP05A,1362720,,,-,-,5/15/2026,False,,False,
AP05A,1362721,,,-,-,5/15/2026,False,,False,
AP05A,1362722,,,-,-,5/15/2026,False,,False,
AP05A,1362723,,,-,-,5/15/2026,False,,False,
AP05A,1362724,,,-,-,5/15/2026,False,,False,
AP05A,1362725,,,-,-,5/15/2026,False,,False,
AP05A,1362726,,,-,-,5/15/2026,False,,False,
AP05A,1362727,,,-,-,5/15/2026,False,,False,
AP05A,1362728,,,-,-,5/15/2026,False,,False,
AP05A,1362729,,,-,-,5/15/2026,False,,False,
AP05A,1362730,,,-,-,5/15/2026,False,,False,
AP05A,1362731,,,-,-,5/15/2026,False,,False,
AP05A,1362732,,,-,-,5/15/2026,False,,False,
AP05A,1362733,,,-,-,5/15/2026,False,,False,
AP05A,1362734,,,-,-,5/15/2026,False,,False,
AP05A,1362735,,,-,-,5/15/2026,False,,False,
AP05A,1362736,,,-,-,5/15/2026,False,,False,
AP05A,1362737,,,-,-,5/15/2026,False,,False,
AP05A,1362738,,,-,-,5/15/2026,False,,False,
AP05A,1362739,,,-,-,5/15/2026,False,,False,
AP05A,1362740,,,-,-,5/15/2026,False,,False,
AP05A,1362741,,,-,-,5/15/2026,False,,False,
AP05A,1362742,,,-,-,5/15/2026,False,,False,
AP05A,1362743,,,-,-,5/15/2026,False,,False,
AP05A,1362744,,,-,-,5/15/2026,False,,False,
AP05A,1362745,,,-,-,5/15/2026,False,,False,
AP05A,1362746,,,-,-,5/15/2026,False,,False,
AP05A,1362747,,,-,-,5/15/2026,False,,False,
AP05A,1362748,,,-,-,5/15/2026,False,,False,
AP05A,1362749,,,-,-,5/15/2026,False,,False,
AP05A,1362750,,,-,-,5/15/2026,False,,False,
AP05A,1362751,,,-,-,5/15/2026,False,,False,
AP05A,1362752,,,-,-,5/15/2026,False,,False,
AP05A,1362753,,,-,-,5/15/2026,False,,False,
AP05A,1362754,,,-,-,5/15/2026,False,,False,
AP05A,1362755,,,-,-,5/15/2026,False,,False,
AP05A,1362756,,,-,-,5/15/2026,False,,False,
AP05A,1362757,,,-,-,5/15/2026,False,,False,
AP05A,1362758,,,-,-,5/15/2026,False,,False,
AP05A,1362759,,,-,-,5/15/2026,False,,False,
AP05A,1362760,,,-,-,5/15/2026,False,,False,
AP05A,1362761,,,-,-,5/15/2026,False,,False,
AP05A,1362762,,,-,-,5/15/2026,False,,False,
AP05A,1362763,,,-,-,5/15/2026,False,,False,
AP05A,1362764,,,-,-,5/15/2026,False,,False,
AP05A,1362765,,,-,-,5/15/2026,False,,False,
AP05A,1362766,,,-,-,5/16/2026,False,,False,
AP05A,1362767,,,-,-,5/16/2026,False,,False,
AP05A,1362768,,,-,-,5/16/2026,False,,False,
AP05A,1362769,,,-,-,5/16/2026,False,,False,
AP05A,1362770,,,-,-,5/16/2026,False,,False,
AP05A,1362771,,,-,-,5/16/2026,False,,False,
AP05A,1362772,,,-,-,5/16/2026,False,,False,
AP05A,1362773,,,-,-,5/16/2026,False,,False,
AP05A,1362774,,,-,-,5/16/2026,False,,False,
AP05A,1362775,,,-,-,5/16/2026,False,,False,
AP05A,1362776,,,-,-,5/16/2026,False,,False,
AP05A,1362777,,,-,-,5/16/2026,False,,False,
AP05A,1362778,,,-,-,5/16/2026,False,,False,
AP05A,1362779,,,-,-,5/16/2026,False,,False,
AP05A,1362780,,,-,-,5/16/2026,False,,False,
AP05A,1362781,,,-,-,5/16/2026,False,,False,
AP05A,1362782,,,-,-,5/16/2026,False,,False,
AP05A,1362783,,,-,-,5/16/2026,False,,False,
AP05A,1362784,,,-,-,5/16/2026,False,,False,
AP05A,1362785,,,-,-,5/16/2026,False,,False,
AP05A,1362786,,,-,-,5/16/2026,False,,False,
AP05A,1362787,,,-,-,5/16/2026,False,,False,
AP05A,1362788,,,-,-,5/16/2026,False,,False,
AP05A,1362789,,,-,-,5/16/2026,False,,False,
AP05A,1362790,,,-,-,5/16/2026,False,,False,
AP05A,1362791,,,-,-,5/16/2026,False,,False,
AP05A,1362792,,,-,-,5/16/2026,False,,False,
AP05A,1362793,,,-,-,5/16/2026,False,,False,
AP05A,1362794,,,-,-,5/16/2026,False,,False,
AP05A,1362795,,,-,-,5/16/2026,False,,False,
AP05A,1362796,,,-,-,5/16/2026,False,,False,
AP05A,1362797,,,-,-,5/16/2026,False,,False,
AP05A,1362798,,,-,-,5/16/2026,False,,False,
AP05A,1362799,,,-,-,5/16/2026,False,,False,
AP05A,1362800,,,-,-,5/16/2026,False,,False,
AP05A,1362801,,,-,-,5/16/2026,False,,False,
AP05A,1362802,,,-,-,5/16/2026,False,,False,
AP05A,1362803,,,-,-,5/16/2026,False,,False,
AP05A,1362804,,,-,-,5/16/2026,False,,False,
AP05A,1362805,,,-,-,5/16/2026,False,,False,
AP05A,1362806,,,-,-,5/16/2026,False,,False,
AP05A,1362807,,,-,-,5/16/2026,False,,False,
AP05A,1362808,,,-,-,5/16/2026,False,,False,
AP05A,1362809,,,-,-,5/16/2026,False,,False,
AP05A,1362810,,,-,-,5/16/2026,False,,False,
AP05A,1362811,,,-,-,5/16/2026,False,,False,
AP05A,1362812,,,-,-,5/16/2026,False,,False,
AP05A,1362813,,,-,-,5/16/2026,False,,False,
AP05A,1362814,,,-,-,5/16/2026,False,,False,
AP05A,1362815,,,-,-,5/16/2026,False,,False,
AP05A,1362816,,,-,-,5/16/2026,False,,False,
AP05A,1362817,,,-,-,5/16/2026,False,,False,
AP05A,1362818,,,-,-,5/16/2026,False,,False,
AP05A,1362819,,,-,-,5/16/2026,False,,False,
AP05A,1362820,,,-,-,5/16/2026,False,,False,
AP05A,1362821,,,-,-,5/16/2026,False,,False,
AP05A,1362822,,,-,-,5/16/2026,False,,False,
AP05A,1362823,,,-,-,5/16/2026,False,,False,
AP05A,1362824,,,-,-,5/16/2026,False,,False,
AP05A,1362825,,,-,-,5/16/2026,False,,False,
AP05A,1362826,,,-,-,5/16/2026,False,,False,
AP05A,1362827,,,-,-,5/16/2026,False,,False,
AP05A,1362828,,,-,-,5/16/2026,False,,False,
AP05A,1362829,,,-,-,5/16/2026,False,,False,
AP05A,1362830,,,-,-,5/16/2026,False,,False,
AP05A,1362831,,,-,-,5/16/2026,False,,False,
AP05A,1362832,,,-,-,5/16/2026,False,,False,
AP05A,1362833,,,-,-,5/16/2026,False,,False,
AP05A,1362834,,,-,-,5/16/2026,False,,False,
AP05A,1362835,,,-,-,5/16/2026,False,,False,
AP05A,1362836,,,-,-,5/16/2026,False,,False,
AP05A,1362837,,,-,-,5/16/2026,False,,False,
AP05A,1362838,,,-,-,5/16/2026,False,,False,
AP05A,1372839,,,-,-,5/16/2026,False,,False,
AP05A,1372840,,,-,-,5/16/2026,False,,False,
AP05A,1372841,,,-,-,5/16/2026,False,,False,
AP05A,1372842,,,-,-,5/16/2026,False,,False,
AP05A,1372843,,,-,-,5/16/2026,False,,False,
AP05A,1372844,,,-,-,5/16/2026,False,,False,
AP05A,1372845,,,-,-,5/16/2026,False,,False,
AP05A,1372846,,,-,-,5/16/2026,False,,False,
AP05A,1372847,,,-,-,5/16/2026,False,,False,
AP05A,1372848,,,-,-,5/16/2026,False,,False,
AP05A,1372849,,,-,-,5/16/2026,False,,False,
AP05A,1372850,,,-,-,5/16/2026,False,,False,
AP05A,1372851,,,-,-,5/16/2026,False,,False,
AP05A,1372852,,,-,-,5/16/2026,False,,False,
AP05A,1372853,,,-,-,5/16/2026,False,,False,
AP05A,1372854,,,-,-,5/16/2026,False,,False,
AP05A,1372855,,,-,-,5/16/2026,False,,False,
AP05A,1372856,,,-,-,5/16/2026,False,,False,
AP05A,1372857,,,-,-,5/16/2026,False,,False,
AP05A,1372858,,,-,-,5/16/2026,False,,False,
AP05A,1372859,,,-,-,5/16/2026,False,,False,
AP05A,1372860,,,-,-,5/16/2026,False,,False,
AP05A,1372861,,,-,-,5/16/2026,False,,False,
AP05A,1372862,,,-,-,5/16/2026,False,,False,
AP05A,1372863,,,-,-,5/16/2026,False,,False,
AP05A,1372864,,,-,-,5/16/2026,False,,False,
AP05A,1372865,,,-,-,5/16/2026,False,,False,
AP05A,1372866,,,-,-,5/16/2026,False,,False,
AP05A,1372867,,,-,-,5/16/2026,False,,False,
AP05A,1372868,,,-,-,5/16/2026,False,,False,
AP05A,1372869,,,-,-,5/16/2026,False,,False,
AP05A,1372870,,,-,-,5/16/2026,False,,False,
AP05A,1372871,,,-,-,5/16/2026,False,,False,
AP05A,1372872,,,-,-,5/16/2026,False,,False,
AP05A,1372873,,,-,-,5/16/2026,False,,False,
AP05A,1372874,,,-,-,5/16/2026,False,,False,
AP05A,1372875,,,-,-,5/16/2026,False,,False,
AP05A,1372876,,,-,-,5/16/2026,False,,False,
AP05A,1372877,,,-,-,5/16/2026,False,,False,
AP05A,1372878,,,-,-,5/16/2026,False,,False,
AP05A,1372879,,,-,-,5/16/2026,False,,False,
AP05A,1372880,,,-,-,5/16/2026,False,,False,
AP05A,1372881,,,-,-,5/16/2026,False,,False,
AP05A,1372882,,,-,-,5/16/2026,False,,False,
AP05A,1372883,,,-,-,5/16/2026,False,,False,
AP05A,1372884,,,-,-,5/16/2026,False,,False,
AP05A,1372885,,,-,-,5/16/2026,False,,False,
AP05A,1372886,,,-,-,5/16/2026,False,,False,
AP05A,1372887,,,-,-,5/16/2026,False,,False,
AP05A,1372888,,,-,-,5/16/2026,False,,False,
AP05A,1372889,,,-,-,5/16/2026,False,,False,
AP05A,1372890,,,-,-,5/16/2026,False,,False,
AP05A,1372891,,,-,-,5/16/2026,False,,False,
AP05A,1372892,,,-,-,5/16/2026,False,,False,
AP05A,1372893,,,-,-,5/16/2026,False,,False,
AP05A,1372894,,,-,-,5/16/2026,False,,False,
AP05A,1372895,,,-,-,5/16/2026,False,,False,
AP05A,1372896,,,-,-,5/16/2026,False,,False,
AP05A,1372897,,,-,-,5/16/2026,False,,False,
AP05A,1372898,,,-,-,5/16/2026,False,,False,
AP05A,1372899,,,-,-,5/16/2026,False,,False,
AP05A,1372900,,,-,-,5/16/2026,False,,False,
AP05A,1372901,,,-,-,5/16/2026,False,,False,
AP05A,1372902,,,-,-,5/16/2026,False,,False,
AP05A,1372903,,,-,-,5/16/2026,False,,False,
AP05A,1372904,,,-,-,5/16/2026,False,,False,
AP05A,1372905,,,-,-,5/16/2026,False,,False,
AP05A,1372906,,,-,-,5/16/2026,False,,False,
AP05A,1372907,,,-,-,5/16/2026,False,,False,
AP05A,1372908,,,-,-,5/16/2026,False,,False,
AP05A,1372909,,,-,-,5/16/2026,False,,False,
AP05A,1372910,,,-,-,5/16/2026,False,,False,
AP05A,1372911,,,-,-,5/16/2026,False,,False,
AP05A,1372912,,,-,-,5/16/2026,False,,False,
AP05A,1372913,,,-,-,5/16/2026,False,,False,
AP05A,1372914,,,-,-,5/16/2026,False,,False,
AP05A,1372915,,,-,-,5/16/2026,False,,False,
AP05A,1372916,,,-,-,5/16/2026,False,,False,
AP05A,1372917,,,-,-,5/16/2026,False,,False,
AP05A,1372918,,,-,-,5/16/2026,False,,False,
AP05A,1372919,,,-,-,5/16/2026,False,,False,
AP05A,1372920,,,-,-,5/16/2026,False,,False,
AP05A,1372921,,,-,-,5/16/2026,False,,False,
AP05A,1372922,,,-,-,5/16/2026,False,,False,
AP05A,1372923,,,-,-,5/16/2026,False,,False,
AP05A,1372924,,,-,-,5/16/2026,False,,False,
AP05A,1372925,,,-,-,5/16/2026,False,,False,
AP05A,1372926,,,-,-,5/16/2026,False,,False,
AP05A,1372927,,,-,-,5/16/2026,False,,False,
AP05A,1372928,,,-,-,5/16/2026,False,,False,
AP05A,1372929,,,-,-,5/16/2026,False,,False,
AP05A,1372930,,,-,-,5/16/2026,False,,False,
AP05A,1372931,,,-,-,5/16/2026,False,,False,
AP05A,1372932,,,-,-,5/16/2026,False,,False,
AP05A,1372933,,,-,-,5/16/2026,False,,False,
AP05A,1372934,,,-,-,5/16/2026,False,,False,
AP05A,1372935,,,-,-,5/16/2026,False,,False,
AP05A,1372936,,,-,-,5/16/2026,False,,False,
AP05A,1372937,,,-,-,5/16/2026,False,,False,
AP05A,1372938,,,-,-,5/16/2026,False,,False,
AP05A,1372939,,,-,-,5/16/2026,False,,False,
AP05A,1372940,,,-,-,5/16/2026,False,,False,
AP05A,1372941,,,-,-,5/16/2026,False,,False,
AP05A,1372942,,,-,-,5/16/2026,False,,False,
AP05A,1372943,,,-,-,5/16/2026,False,,False,
AP05A,1372944,,,-,-,5/16/2026,False,,False,
AP05A,1372945,,,-,-,5/16/2026,False,,False,
AP05A,1372946,,,-,-,5/16/2026,False,,False,
AP05A,1372947,,,-,-,5/16/2026,False,,False,
AP05A,1372948,,,-,-,5/16/2026,False,,False,
AP05A,1372949,,,-,-,5/16/2026,False,,False,
AP05A,1372950,,,-,-,5/16/2026,False,,False,
AP05A,1372951,,,-,-,5/16/2026,False,,False,
AP05A,1372952,,,-,-,5/16/2026,False,,False,
AP05A,1372953,,,-,-,5/16/2026,False,,False,
AP05A,1372954,,,-,-,5/16/2026,False,,False,
AP05A,1372955,,,-,-,5/16/2026,False,,False,
AP05A,1372956,,,-,-,5/16/2026,False,,False,
AP05A,1372957,,,-,-,5/16/2026,False,,False,
AP05A,1372958,,,-,-,5/16/2026,False,,False,
AP05A,1372959,,,-,-,5/16/2026,False,,False,
AP05A,1372960,,,-,-,5/16/2026,False,,False,
AP05A,1372961,,,-,-,5/16/2026,False,,False,
AP05A,1372962,,,-,-,5/16/2026,False,,False,
AP05A,1372963,,,-,-,5/16/2026,False,,False,
AP05A,1372964,,,-,-,5/16/2026,False,,False,
AP05A,1372965,,,-,-,5/16/2026,False,,False,
AP05A,1372966,,,-,-,5/16/2026,False,,False,
AP05A,1372967,,,-,-,5/16/2026,False,,False,
AP05A,1372968,,,-,-,5/16/2026,False,,False,
AP05A,1372969,,,-,-,5/16/2026,False,,False,
AP05A,1372970,,,-,-,5/16/2026,False,,False,
AP05A,1372971,,,-,-,5/16/2026,False,,False,
AP05A,1372972,,,-,-,5/16/2026,False,,False,
AP05A,1372973,,,-,-,5/16/2026,False,,False,
AP05A,1372974,,,-,-,5/16/2026,False,,False,
AP05A,1372975,,,-,-,5/16/2026,False,,False,
AP05A,1372976,,,-,-,5/16/2026,False,,False,
AP05A,1372977,,,-,-,5/16/2026,False,,False,
AP05A,1372978,,,-,-,5/16/2026,False,,False,
AP05A,1372979,,,-,-,5/16/2026,False,,False,
AP05A,1372980,,,-,-,5/16/2026,False,,False,
AP05A,1372981,,,-,-,5/16/2026,False,,False,
AP05A,1372982,,,-,-,5/16/2026,False,,False,
AP05A,1372983,,,-,-,5/16/2026,False,,False,
AP05A,1372984,,,-,-,5/16/2026,False,,False,
AP05A,1372985,,,-,-,5/16/2026,False,,False,
AP05A,1372986,,,-,-,5/16/2026,False,,False,
AP05A,1372987,,,-,-,5/16/2026,False,,False,
AP05A,1372988,,,-,-,5/16/2026,False,,False,
AP05A,1372989,,,-,-,5/16/2026,False,,False,
AP05A,1372990,,,-,-,5/16/2026,False,,False,
AP05A,1372991,,,-,-,5/16/2026,False,,False,
AP05A,1372992,,,-,-,5/16/2026,False,,False,
AP05A,1372993,,,-,-,5/16/2026,False,,False,
AP05A,1372994,,,-,-,5/16/2026,False,,False,
AP05A,1372995,,,-,-,5/16/2026,False,,False,
AP05A,1372996,,,-,-,5/16/2026,False,,False,
AP05A,1372997,,,-,-,5/16/2026,False,,False,
AP05A,1372998,,,-,-,5/16/2026,False,,False,
AP05A,1372999,,,-,-,5/16/2026,False,,False,
AP05A,1373000,,,-,-,5/16/2026,False,,False,
AP05A,1373001,,,-,-,5/16/2026,False,,False,
AP05A,1373002,,,-,-,5/16/2026,False,,False,
AP05A,1373003,,,-,-,5/16/2026,False,,False,
AP05A,1373004,,,-,-,5/16/2026,False,,False,
AP05A,1373005,,,-,-,5/16/2026,False,,False,
AP05A,1373006,,,-,-,5/16/2026,False,,False,
AP05A,1373007,,,-,-,5/16/2026,False,,False,
AP05A,1373008,,,-,-,5/16/2026,False,,False,
AP05A,1373009,,,-,-,5/16/2026,False,,False,
AP05A,1373010,,,-,-,5/16/2026,False,,False,
AP05A,1373011,,,-,-,5/16/2026,False,,False,
AP05A,1373012,,,-,-,5/16/2026,False,,False,
AP05A,1373013,,,-,-,5/16/2026,False,,False,
AP05A,1373014,,,-,-,5/16/2026,False,,False,
AP05A,1373015,,,-,-,5/16/2026,False,,False,
AP05A,1373016,,,-,-,5/16/2026,False,,False,
AP05A,1373017,,,-,-,5/16/2026,False,,False,
AP05A,1373018,,,-,-,5/16/2026,False,,False,
AP05A,1373019,,,-,-,5/16/2026,False,,False,
AP05A,1373020,,,-,-,5/16/2026,False,,False,
AP05A,1373021,,,-,-,5/16/2026,False,,False,
AP05A,1373022,,,-,-,5/16/2026,False,,False,
AP05A,1373023,,,-,-,5/16/2026,False,,False,
AP05A,1373024,,,-,-,5/16/2026,False,,False,
AP05A,1373025,,,-,-,5/16/2026,False,,False,
AP05A,1373026,,,-,-,5/16/2026,False,,False,
AP05A,1373027,,,-,-,5/16/2026,False,,False,
AP05A,1373028,,,-,-,5/16/2026,False,,False,
AP05A,1373029,,,-,-,5/16/2026,False,,False,
AP05A,1373030,,,-,-,5/16/2026,False,,False,
AP05A,1373031,,,-,-,5/16/2026,False,,False,
AP05A,1373032,,,-,-,5/16/2026,False,,False,
AP05A,1373033,,,-,-,5/16/2026,False,,False,
AP05A,1373034,,,-,-,5/16/2026,False,,False,
AP05A,1373035,,,-,-,5/16/2026,False,,False,
AP05A,1373036,,,-,-,5/16/2026,False,,False,
AP05A,1373037,,,-,-,5/16/2026,False,,False,
AP05A,1373038,,,-,-,5/16/2026,False,,False,
AP05A,1373039,,,-,-,5/16/2026,False,,False,
AP05A,1373040,,,-,-,5/16/2026,False,,False,
AP05A,1373041,,,-,-,5/16/2026,False,,False,
AP05A,1373042,,,-,-,5/16/2026,False,,False,
AP05A,1373043,,,-,-,5/16/2026,False,,False,
AP05A,1373044,,,-,-,5/16/2026,False,,False,
AP05A,1373045,,,-,-,5/16/2026,False,,False,
AP05A,1373046,,,-,-,5/16/2026,False,,False,
AP05A,1373047,,,-,-,5/16/2026,False,,False,
AP05A,1373048,,,-,-,5/16/2026,False,,False,
AP05A,1373049,,,-,-,5/16/2026,False,,False,
AP05A,1373050,,,-,-,5/16/2026,False,,False,
AP05A,1373051,,,-,-,5/16/2026,False,,False,
AP05A,1373052,,,-,-,5/16/2026,False,,False,
AP05A,1373053,,,-,-,5/16/2026,False,,False,
AP05A,1373054,,,-,-,5/16/2026,False,,False,
AP05A,1373055,,,-,-,5/16/2026,False,,False,
AP05A,1373056,,,-,-,5/16/2026,False,,False,
AP05A,1373057,,,-,-,5/16/2026,False,,False,
AP05A,1373058,,,-,-,5/16/2026,False,,False,
AP05A,1373059,,,-,-,5/16/2026,False,,False,
AP05A,1373060,,,-,-,5/16/2026,False,,False,
AP05A,1373061,,,-,-,5/16/2026,False,,False,
AP05A,1373062,,,-,-,5/16/2026,False,,False,
AP05A,1373063,,,-,-,5/16/2026,False,,False,
AP05A,1373064,,,-,-,5/16/2026,False,,False,
AP05A,1373065,,,-,-,5/16/2026,False,,False,
AP05A,1373066,,,-,-,5/16/2026,False,,False,
AP05A,1373067,,,-,-,5/16/2026,False,,False,
AP05A,1373068,,,-,-,5/16/2026,False,,False,
AP05A,1373069,,,-,-,5/16/2026,False,,False,
AP05A,1373070,,,-,-,5/16/2026,False,,False,
AP05A,1373071,,,-,-,5/16/2026,False,,False,
AP05A,1373072,,,-,-,5/16/2026,False,,False,
AP05A,1373073,,,-,-,5/16/2026,False,,False,
AP05A,1373074,,,-,-,5/16/2026,False,,False,
AP05A,1373075,,,-,-,5/16/2026,False,,False,
AP05A,1373076,,,-,-,5/16/2026,False,,False,
AP05A,1373077,,,-,-,5/16/2026,False,,False,
AP05A,1373078,,,-,-,5/16/2026,False,,False,
AP05A,1373079,,,-,-,5/16/2026,False,,False,
AP05A,1373080,,,-,-,5/16/2026,False,,False,
AP05A,1373081,,,-,-,5/16/2026,False,,False,
AP05A,1373082,,,-,-,5/16/2026,False,,False,
AP05A,1373083,,,-,-,5/16/2026,False,,False,
AP05A,1373084,,,-,-,5/16/2026,False,,False,
AP05A,1373085,,,-,-,5/16/2026,False,,False,
AP05A,1373086,,,-,-,5/16/2026,False,,False,
AP05A,1373087,,,-,-,5/16/2026,False,,False,
AP05A,1373088,,,-,-,5/16/2026,False,,False,
AP05A,1373089,,,-,-,5/16/2026,False,,False,
AP05A,1373090,,,-,-,5/16/2026,False,,False,
AP05A,1373091,,,-,-,5/16/2026,False,,False,
AP05A,1373092,,,-,-,5/16/2026,False,,False,
AP05A,1373093,,,-,-,5/16/2026,False,,False,
AP05A,1373094,,,-,-,5/16/2026,False,,False,
AP05A,1373095,,,-,-,5/16/2026,False,,False,
AP05A,1373096,,,-,-,5/16/2026,False,,False,
AP05A,1373097,,,-,-,5/16/2026,False,,False,
AP05A,1373098,,,-,-,5/16/2026,False,,False,
AP05A,1373099,,,-,-,5/16/2026,False,,False,
AP05A,1373100,,,-,-,5/16/2026,False,,False,
AP05A,1373101,,,-,-,5/16/2026,False,,False,
AP05A,1373102,,,-,-,5/16/2026,False,,False,
AP05A,1373103,,,-,-,5/16/2026,False,,False,
AP05A,1373104,,,-,-,5/16/2026,False,,False,
AP05A,1373105,,,-,-,5/16/2026,False,,False,
AP05A,1373106,,,-,-,5/16/2026,False,,False,
AP05A,1373107,,,-,-,5/16/2026,False,,False,
AP05A,1373108,,,-,-,5/16/2026,False,,False,
AP05A,1373109,,,-,-,5/16/2026,False,,False,
AP05A,1373110,,,-,-,5/16/2026,False,,False,
AP05A,1373111,,,-,-,5/16/2026,False,,False,
AP05A,1373112,,,-,-,5/16/2026,False,,False,
AP05A,1373113,,,-,-,5/16/2026,False,,False,
AP05A,1373114,,,-,-,5/16/2026,False,,False,
AP05A,1373115,,,-,-,5/16/2026,False,,False,
AP05A,1373116,,,-,-,5/16/2026,False,,False,
AP05A,1373117,,,-,-,5/16/2026,False,,False,
AP05A,1373118,,,-,-,5/16/2026,False,,False,
AP05A,1373119,,,-,-,5/16/2026,False,,False,
AP05A,1373120,,,-,-,5/16/2026,False,,False,
AP05A,1373121,,,-,-,5/16/2026,False,,False,
AP05A,1373122,,,-,-,5/16/2026,False,,False,
AP05A,1373123,,,-,-,5/16/2026,False,,False,
AP05A,1373124,,,-,-,5/16/2026,False,,False,
AP05A,1373125,,,-,-,5/16/2026,False,,False,
AP05A,1373126,,,-,-,5/16/2026,False,,False,
AP05A,1373127,,,-,-,5/16/2026,False,,False,
AP05A,1373128,,,-,-,5/16/2026,False,,False,
AP05A,1373129,,,-,-,5/16/2026,False,,False,
AP05A,1373130,,,-,-,5/16/2026,False,,False,
AP05A,1373131,,,-,-,5/16/2026,False,,False,
AP05A,1373132,,,-,-,5/16/2026,False,,False,
AP05A,1373133,,,-,-,5/16/2026,False,,False,
AP05A,1373134,,,-,-,5/16/2026,False,,False,
AP05A,1373135,,,-,-,5/16/2026,False,,False,
AP05A,1373136,,,-,-,5/16/2026,False,,False,
AP05A,1373137,,,-,-,5/16/2026,False,,False,
AP05A,1373138,,,-,-,5/16/2026,False,,False,
AP05A,1373139,,,-,-,5/16/2026,False,,False,
AP05A,1373140,,,-,-,5/16/2026,False,,False,
AP05A,1373141,,,-,-,5/16/2026,False,,False,
AP05A,1373142,,,-,-,5/16/2026,False,,False,
AP05A,1373143,,,-,-,5/16/2026,False,,False,
AP05A,1373144,,,-,-,5/16/2026,False,,False,
AP05A,1373145,,,-,-,5/16/2026,False,,False,
AP05A,1373146,,,-,-,5/16/2026,False,,False,
AP05A,1373147,,,-,-,5/16/2026,False,,False,
AP05A,1373148,,,-,-,5/16/2026,False,,False,
AP05A,1373149,,,-,-,5/16/2026,False,,False,
AP05A,1373150,,,-,-,5/16/2026,False,,False,
AP05A,1373151,,,-,-,5/16/2026,False,,False,
AP05A,1373152,,,-,-,5/16/2026,False,,False,
AP05A,1373153,,,-,-,5/16/2026,False,,False,
AP05A,1373154,,,-,-,5/16/2026,False,,False,
AP05A,1373155,,,-,-,5/16/2026,False,,False,
AP05A,1373156,,,-,-,5/16/2026,False,,False,
AP05A,1373157,,,-,-,5/16/2026,False,,False,
AP05A,1373158,,,-,-,5/16/2026,False,,False,
AP05A,1373159,,,-,-,5/16/2026,False,,False,
AP05A,1373160,,,-,-,5/16/2026,False,,False,
AP05A,1373161,,,-,-,5/16/2026,False,,False,
AP05A,1373162,,,-,-,5/16/2026,False,,False,
AP05A,1373163,,,-,-,5/16/2026,False,,False,
AP05A,1373164,,,-,-,5/16/2026,False,,False,
AP05A,1373165,,,-,-,5/16/2026,False,,False,
AP05A,1373166,,,-,-,5/16/2026,False,,False,
AP05A,1373167,,,-,-,5/16/2026,False,,False,
AP05A,1373168,,,-,-,5/16/2026,False,,False,
AP05A,1373169,,,-,-,5/16/2026,False,,False,
AP05A,1373170,,,-,-,5/16/2026,False,,False,
AP05A,1373171,,,-,-,5/16/2026,False,,False,
AP05A,1373172,,,-,-,5/16/2026,False,,False,
AP05A,1373173,,,-,-,5/16/2026,False,,False,
AP05A,1373174,,,-,-,5/16/2026,False,,False,
AP05A,1373175,,,-,-,5/16/2026,False,,False,
AP05A,1373176,,,-,-,5/16/2026,False,,False,
AP05A,1373177,,,-,-,5/16/2026,False,,False,
AP05A,1373178,,,-,-,5/16/2026,False,,False,
AP05A,1373179,,,-,-,5/16/2026,False,,False,
AP05A,1373180,,,-,-,5/16/2026,False,,False,
AP05A,1373181,,,-,-,5/16/2026,False,,False,
AP05A,1373182,,,-,-,5/16/2026,False,,False,
AP05A,1373183,,,-,-,5/16/2026,False,,False,
AP05A,1373184,,,-,-,5/16/2026,False,,False,
AP05A,1373185,,,-,-,5/16/2026,False,,False,
AP05A,1373186,,,-,-,5/16/2026,False,,False,
AP05A,1373187,,,-,-,5/16/2026,False,,False,
AP05A,1373188,,,-,-,5/16/2026,False,,False,
AP05A,1373189,,,-,-,5/16/2026,False,,False,
AP05A,1373190,,,-,-,5/16/2026,False,,False,
AP05A,1373191,,,-,-,5/16/2026,False,,False,
AP05A,1373192,,,-,-,5/16/2026,False,,False,
AP05A,1373193,,,-,-,5/16/2026,False,,False,
AP05A,1373194,,,-,-,5/16/2026,False,,False,
AP05A,1373195,,,-,-,5/16/2026,False,,False,
AP05A,1373196,,,-,-,5/16/2026,False,,False,
AP05A,1373197,,,-,-,5/16/2026,False,,False,
AP05A,1373198,,,-,-,5/16/2026,False,,False,
AP05A,1373199,,,-,-,5/16/2026,False,,False,
AP05A,1373200,,,-,-,5/16/2026,False,,False,
AP05A,1373201,,,-,-,5/16/2026,False,,False,
AP05A,1373202,,,-,-,5/16/2026,False,,False,
AP05A,1373203,,,-,-,5/16/2026,False,,False,
AP05A,1373204,,,-,-,5/16/2026,False,,False,
AP05A,1373205,,,-,-,5/16/2026,False,,False,
AP05A,1373206,,,-,-,5/16/2026,False,,False,
AP05A,1373207,,,-,-,5/16/2026,False,,False,
AP05A,1373208,,,-,-,5/16/2026,False,,False,
AP05A,1373209,,,-,-,5/16/2026,False,,False,
AP05A,1373210,,,-,-,5/16/2026,False,,False,
AP05A,1373211,,,-,-,5/16/2026,False,,False,
AP05A,1373212,,,-,-,5/16/2026,False,,False,
AP05A,1373213,,,-,-,5/16/2026,False,,False,
AP05A,1373214,,,-,-,5/16/2026,False,,False,
AP05A,1373215,,,-,-,5/16/2026,False,,False,
AP05A,1373216,,,-,-,5/16/2026,False,,False,
AP05A,1373217,,,-,-,5/16/2026,False,,False,
AP05A,1373218,,,-,-,5/16/2026,False,,False,
AP05A,1373219,,,-,-,5/16/2026,False,,False,
AP05A,1373220,,,-,-,5/16/2026,False,,False,
AP05A,1373221,,,-,-,5/16/2026,False,,False,
AP05A,1373222,,,-,-,5/16/2026,False,,False,
AP05A,1373223,,,-,-,5/16/2026,False,,False,
AP05A,1373224,,,-,-,5/16/2026,False,,False,
AP05A,1373225,,,-,-,5/16/2026,False,,False,
AP05A,1373226,,,-,-,5/17/2026,False,,False,
AP05A,1373227,,,-,-,5/17/2026,False,,False,
AP05A,1373228,,,-,-,5/17/2026,False,,False,
AP05A,1373229,,,-,-,5/17/2026,False,,False,
AP05A,1373230,,,-,-,5/17/2026,False,,False,
AP05A,1373231,,,-,-,5/17/2026,False,,False,
AP05A,1373232,,,-,-,5/17/2026,False,,False,
AP05A,1373233,,,-,-,5/17/2026,False,,False,
AP05A,1373234,,,-,-,5/17/2026,False,,False,
AP05A,1373235,,,-,-,5/17/2026,False,,False,
AP05A,1373236,,,-,-,5/17/2026,False,,False,
AP05A,1373237,,,-,-,5/17/2026,False,,False,
AP05A,1373238,,,-,-,5/17/2026,False,,False,
AP05A,1373239,,,-,-,5/17/2026,False,,False,
AP05A,1373240,,,-,-,5/17/2026,False,,False,
AP05A,1373241,,,-,-,5/17/2026,False,,False,
AP05A,1373242,,,-,-,5/17/2026,False,,False,
AP05A,1373243,,,-,-,5/17/2026,False,,False,
AP05A,1373244,,,-,-,5/17/2026,False,,False,
AP05A,1373245,,,-,-,5/17/2026,False,,False,
AP05A,1373246,,,-,-,5/17/2026,False,,False,
AP05A,1373247,,,-,-,5/17/2026,False,,False,
AP05A,1373248,,,-,-,5/17/2026,False,,False,
AP05A,1373249,,,-,-,5/17/2026,False,,False,
AP05A,1373250,,,-,-,5/17/2026,False,,False,
AP05A,1373251,,,-,-,5/17/2026,False,,False,
AP05A,1373252,,,-,-,5/17/2026,False,,False,
AP05A,1373253,,,-,-,5/17/2026,False,,False,
AP05A,1373254,,,-,-,5/17/2026,False,,False,
AP05A,1373255,,,-,-,5/17/2026,False,,False,
AP05A,1373256,,,-,-,5/17/2026,False,,False,
AP05A,1373257,,,-,-,5/17/2026,False,,False,
AP05A,1373258,,,-,-,5/17/2026,False,,False,
AP05A,1373259,,,-,-,5/17/2026,False,,False,
AP05A,1373260,,,-,-,5/17/2026,False,,False,
AP05A,1373261,,,-,-,5/17/2026,False,,False,
AP05A,1373262,,,-,-,5/17/2026,False,,False,
AP05A,1373263,,,-,-,5/17/2026,False,,False,
AP05A,1373264,,,-,-,5/17/2026,False,,False,
AP05A,1373265,,,-,-,5/17/2026,False,,False,
AP05A,1373266,,,-,-,5/17/2026,False,,False,
AP05A,1373267,,,-,-,5/17/2026,False,,False,
AP05A,1373268,,,-,-,5/17/2026,False,,False,
AP05A,1373269,,,-,-,5/17/2026,False,,False,
AP05A,1373270,,,-,-,5/17/2026,False,,False,
AP05A,1373271,,,-,-,5/17/2026,False,,False,
AP05A,1373272,,,-,-,5/17/2026,False,,False,
AP05A,1373273,,,-,-,5/17/2026,False,,False,
AP05A,1373274,,,-,-,5/17/2026,False,,False,
AP05A,1373275,,,-,-,5/17/2026,False,,False,
AP05A,1373276,,,-,-,5/17/2026,False,,False,
AP05A,1373277,,,-,-,5/17/2026,False,,False,
AP05A,1373278,,,-,-,5/17/2026,False,,False,
AP05A,1373279,,,-,-,5/17/2026,False,,False,
AP05A,1373280,,,-,-,5/17/2026,False,,False,
AP05A,1373281,,,-,-,5/17/2026,False,,False,
AP05A,1373282,,,-,-,5/17/2026,False,,False,
AP05A,1373283,,,-,-,5/17/2026,False,,False,
AP05A,1373284,,,-,-,5/17/2026,False,,False,
AP05A,1373285,,,-,-,5/17/2026,False,,False,
AP05A,1373286,,,-,-,5/17/2026,False,,False,
AP05A,1373287,,,-,-,5/17/2026,False,,False,
AP05A,1373288,,,-,-,5/17/2026,False,,False,
AP05A,1373289,,,-,-,5/17/2026,False,,False,
AP05A,1373290,,,-,-,5/17/2026,False,,False,
AP05A,1373291,,,-,-,5/17/2026,False,,False,
AP05A,1373292,,,-,-,5/17/2026,False,,False,
AP05A,1373293,,,-,-,5/17/2026,False,,False,
AP05A,1373294,,,-,-,5/17/2026,False,,False,
AP05A,1373295,,,-,-,5/17/2026,False,,False,
AP05A,1373296,,,-,-,5/17/2026,False,,False,
AP05A,1373297,,,-,-,5/17/2026,False,,False,
AP05A,1373298,,,-,-,5/17/2026,False,,False,
AP05A,1373299,,,-,-,5/17/2026,False,,False,
AP05A,1373300,,,-,-,5/17/2026,False,,False,
AP05A,1373301,,,-,-,5/17/2026,False,,False,
AP05A,1373302,,,-,-,5/17/2026,False,,False,
AP05A,1373303,,,-,-,5/17/2026,False,,False,
AP05A,1373304,,,-,-,5/17/2026,False,,False,
AP05A,1373305,,,-,-,5/17/2026,False,,False,
AP05A,1373306,,,-,-,5/17/2026,False,,False,
AP05A,1373307,,,-,-,5/17/2026,False,,False,
AP05A,1373308,,,-,-,5/17/2026,False,,False,
AP05A,1373309,,,-,-,5/17/2026,False,,False,
AP05A,1373310,,,-,-,5/17/2026,False,,False,
AP05A,1373311,,,-,-,5/17/2026,False,,False,
AP05A,1373312,,,-,-,5/17/2026,False,,False,
AP05A,1373313,,,-,-,5/17/2026,False,,False,
AP05A,1373314,,,-,-,5/17/2026,False,,False,
AP05A,1373315,,,-,-,5/17/2026,False,,False,
AP05A,1373316,,,-,-,5/17/2026,False,,False,
AP05A,1373317,,,-,-,5/17/2026,False,,False,
AP05A,1373318,,,-,-,5/17/2026,False,,False,
AP05A,1373319,,,-,-,5/17/2026,False,,False,
AP05A,1373320,,,-,-,5/17/2026,False,,False,
AP05A,1373321,,,-,-,5/17/2026,False,,False,
AP05A,1373322,,,-,-,5/17/2026,False,,False,
AP05A,1373323,,,-,-,5/17/2026,False,,False,
AP05A,1373324,,,-,-,5/17/2026,False,,False,
AP05A,1373325,,,-,-,5/17/2026,False,,False,
AP05A,1373326,,,-,-,5/17/2026,False,,False,
AP05A,1373327,,,-,-,5/17/2026,False,,False,
AP05A,1373328,,,-,-,5/17/2026,False,,False,
AP05A,1373329,,,-,-,5/17/2026,False,,False,
AP05A,1373330,,,-,-,5/17/2026,False,,False,
AP05A,1373331,,,-,-,5/17/2026,False,,False,
AP05A,1373332,,,-,-,5/17/2026,False,,False,
AP05A,1373333,,,-,-,5/17/2026,False,,False,
AP05A,1373334,,,-,-,5/17/2026,False,,False,
AP05A,1373335,,,-,-,5/17/2026,False,,False,
AP05A,1373336,,,-,-,5/17/2026,False,,False,
AP05A,1373337,,,-,-,5/17/2026,False,,False,
AP05A,1373338,,,-,-,5/17/2026,False,,False,
AP05A,1373339,,,-,-,5/17/2026,False,,False,
AP05A,1373340,,,-,-,5/17/2026,False,,False,
AP05A,1373341,,,-,-,5/17/2026,False,,False,
AP05A,1373342,,,-,-,5/17/2026,False,,False,
AP05A,1373343,,,-,-,5/17/2026,False,,False,
AP05A,1373344,,,-,-,5/17/2026,False,,False,
AP05A,1373345,,,-,-,5/17/2026,False,,False,
AP05A,1373346,,,-,-,5/17/2026,False,,False,
AP05A,1373347,,,-,-,5/17/2026,False,,False,
AP05A,1373348,,,-,-,5/17/2026,False,,False,
AP05A,1373349,,,-,-,5/17/2026,False,,False,
AP05A,1373350,,,-,-,5/17/2026,False,,False,
AP05A,1373351,,,-,-,5/17/2026,False,,False,
AP05A,1373352,,,-,-,5/17/2026,False,,False,
AP05A,1373353,,,-,-,5/17/2026,False,,False,
AP05A,1373354,,,-,-,5/17/2026,False,,False,
AP05A,1373355,,,-,-,5/17/2026,False,,False,
AP05A,1373356,,,-,-,5/17/2026,False,,False,
AP05A,1373357,,,-,-,5/17/2026,False,,False,
AP05A,1373358,,,-,-,5/17/2026,False,,False,
AP05A,1373359,,,-,-,5/17/2026,False,,False,
AP05A,1373360,,,-,-,5/17/2026,False,,False,
AP05A,1373361,,,-,-,5/17/2026,False,,False,
AP05A,1373362,,,-,-,5/17/2026,False,,False,
AP05A,1373363,,,-,-,5/17/2026,False,,False,
AP05A,1373364,,,-,-,5/17/2026,False,,False,
AP05A,1373365,,,-,-,5/17/2026,False,,False,
AP05A,1373366,,,-,-,5/17/2026,False,,False,
AP05A,1373367,,,-,-,5/17/2026,False,,False,
AP05A,1373368,,,-,-,5/17/2026,False,,False,
AP05A,1373369,,,-,-,5/17/2026,False,,False,
AP05A,1373370,,,-,-,5/17/2026,False,,False,
AP05A,1373371,,,-,-,5/17/2026,False,,False,
AP05A,1373372,,,-,-,5/17/2026,False,,False,
AP05A,1373373,,,-,-,5/17/2026,False,,False,
AP05A,1373374,,,-,-,5/17/2026,False,,False,
AP05A,1373375,,,-,-,5/17/2026,False,,False,
AP05A,1373376,,,-,-,5/17/2026,False,,False,
AP05A,1373377,,,-,-,5/17/2026,False,,False,
AP05A,1373378,,,-,-,5/17/2026,False,,False,
AP05A,1373379,,,-,-,5/17/2026,False,,False,
AP05A,1373380,,,-,-,5/17/2026,False,,False,
AP05A,1373381,,,-,-,5/17/2026,False,,False,
AP05A,1373382,,,-,-,5/17/2026,False,,False,
AP05A,1373383,,,-,-,5/17/2026,False,,False,
AP05A,1373384,,,-,-,5/17/2026,False,,False,
AP05A,1373385,,,-,-,5/17/2026,False,,False,
AP05A,1373386,,,-,-,5/17/2026,False,,False,
AP05A,1373387,,,-,-,5/17/2026,False,,False,
AP05A,1373388,,,-,-,5/17/2026,False,,False,
AP05A,1373389,,,-,-,5/17/2026,False,,False,
AP05A,1373390,,,-,-,5/17/2026,False,,False,
AP05A,1373391,,,-,-,5/17/2026,False,,False,
AP05A,1373392,,,-,-,5/17/2026,False,,False,
AP05A,1373393,,,-,-,5/17/2026,False,,False,
AP05A,1373394,,,-,-,5/17/2026,False,,False,
AP05A,1373395,,,-,-,5/17/2026,False,,False,
AP05A,1373396,,,-,-,5/17/2026,False,,False,
AP05A,1373397,,,-,-,5/17/2026,False,,False,
AP05A,1373398,,,-,-,5/17/2026,False,,False,
AP05A,1373399,,,-,-,5/17/2026,False,,False,
AP05A,1373400,,,-,-,5/17/2026,False,,False,
AP05A,1373401,,,-,-,5/17/2026,False,,False,
AP05A,1373402,,,-,-,5/17/2026,False,,False,
AP05A,1373403,,,-,-,5/17/2026,False,,False,
AP05A,1373404,,,-,-,5/17/2026,False,,False,
AP05A,1373405,,,-,-,5/17/2026,False,,False,
AP05A,1373406,,,-,-,5/17/2026,False,,False,
AP05A,1373407,,,-,-,5/17/2026,False,,False,
AP05A,1373408,,,-,-,5/17/2026,False,,False,
AP05A,1383409,,,-,-,5/17/2026,False,,False,
AP05A,1383410,,,-,-,5/17/2026,False,,False,
AP05A,1383411,,,-,-,5/17/2026,False,,False,
AP05A,1383412,,,-,-,5/17/2026,False,,False,
AP05A,1383413,,,-,-,5/17/2026,False,,False,
AP05A,1383414,,,-,-,5/17/2026,False,,False,
AP05A,1383415,,,-,-,5/17/2026,False,,False,
AP05A,1383416,,,-,-,5/17/2026,False,,False,
AP05A,1383417,,,-,-,5/17/2026,False,,False,
AP05A,1383418,,,-,-,5/17/2026,False,,False,
AP05A,1383419,,,-,-,5/17/2026,False,,False,
AP05A,1383420,,,-,-,5/17/2026,False,,False,
AP05A,1383421,,,-,-,5/17/2026,False,,False,
AP05A,1383422,,,-,-,5/17/2026,False,,False,
AP05A,1383423,,,-,-,5/17/2026,False,,False,
AP05A,1383424,,,-,-,5/17/2026,False,,False,
AP05A,1383425,,,-,-,5/17/2026,False,,False,
AP05A,1383426,,,-,-,5/17/2026,False,,False,
AP05A,1383427,,,-,-,5/17/2026,False,,False,
AP05A,1383428,,,-,-,5/17/2026,False,,False,
AP05A,1383429,,,-,-,5/17/2026,False,,False,
AP05A,1383430,,,-,-,5/17/2026,False,,False,
AP05A,1383431,,,-,-,5/17/2026,False,,False,
AP05A,1383432,,,-,-,5/17/2026,False,,False,
AP05A,1383433,,,-,-,5/17/2026,False,,False,
AP05A,1383434,,,-,-,5/17/2026,False,,False,
AP05A,1383435,,,-,-,5/17/2026,False,,False,
AP05A,1383436,,,-,-,5/17/2026,False,,False,
AP05A,1383437,,,-,-,5/17/2026,False,,False,
AP05A,1383438,,,-,-,5/17/2026,False,,False,
AP05A,1383439,,,-,-,5/17/2026,False,,False,
AP05A,1383440,,,-,-,5/17/2026,False,,False,
AP05A,1383441,,,-,-,5/17/2026,False,,False,
AP05A,1383442,,,-,-,5/17/2026,False,,False,
AP05A,1383443,,,-,-,5/17/2026,False,,False,
AP05A,1383444,,,-,-,5/17/2026,False,,False,
AP05A,1383445,,,-,-,5/17/2026,False,,False,
AP05A,1383446,,,-,-,5/17/2026,False,,False,
AP05A,1383447,,,-,-,5/17/2026,False,,False,
AP05A,1383448,,,-,-,5/17/2026,False,,False,
AP05A,1383449,,,-,-,5/17/2026,False,,False,
AP05A,1383450,,,-,-,5/17/2026,False,,False,
AP05A,1383451,,,-,-,5/17/2026,False,,False,
AP05A,1383452,,,-,-,5/17/2026,False,,False,
AP05A,1383453,,,-,-,5/17/2026,False,,False,
AP05A,1383454,,,-,-,5/17/2026,False,,False,
AP05A,1383455,,,-,-,5/17/2026,False,,False,
AP05A,1383456,,,-,-,5/17/2026,False,,False,
AP05A,1383457,,,-,-,5/17/2026,False,,False,
AP05A,1383458,,,-,-,5/17/2026,False,,False,
AP05A,1383459,,,-,-,5/17/2026,False,,False,
AP05A,1383460,,,-,-,5/17/2026,False,,False,
AP05A,1383461,,,-,-,5/17/2026,False,,False,
AP05A,1383462,,,-,-,5/17/2026,False,,False,
AP05A,1383463,,,-,-,5/17/2026,False,,False,
AP05A,1383464,,,-,-,5/17/2026,False,,False,
AP05A,1383465,,,-,-,5/17/2026,False,,False,
AP05A,1383466,,,-,-,5/17/2026,False,,False,
AP05A,1383467,,,-,-,5/17/2026,False,,False,
AP05A,1383468,,,-,-,5/17/2026,False,,False,
AP05A,1383469,,,-,-,5/17/2026,False,,False,
AP05A,1383470,,,-,-,5/17/2026,False,,False,
AP05A,1383471,,,-,-,5/17/2026,False,,False,
AP05A,1383472,,,-,-,5/17/2026,False,,False,
AP05A,1383473,,,-,-,5/17/2026,False,,False,
AP05A,1383474,,,-,-,5/17/2026,False,,False,
AP05A,1383475,,,-,-,5/17/2026,False,,False,
AP05A,1383476,,,-,-,5/17/2026,False,,False,
AP05A,1383477,,,-,-,5/17/2026,False,,False,
AP05A,1383478,,,-,-,5/17/2026,False,,False,
AP05A,1383479,,,-,-,5/17/2026,False,,False,
AP05A,1383480,,,-,-,5/17/2026,False,,False,
AP05A,1383481,,,-,-,5/17/2026,False,,False,
AP05A,1383482,,,-,-,5/17/2026,False,,False,
AP05A,1383483,,,-,-,5/17/2026,False,,False,
AP05A,1383484,,,-,-,5/17/2026,False,,False,
AP05A,1383485,,,-,-,5/17/2026,False,,False,
AP05A,1383486,,,-,-,5/17/2026,False,,False,
AP05A,1383487,,,-,-,5/17/2026,False,,False,
AP05A,1383488,,,-,-,5/17/2026,False,,False,
AP05A,1383489,,,-,-,5/17/2026,False,,False,
AP05A,1383490,,,-,-,5/17/2026,False,,False,
AP05A,1383491,,,-,-,5/17/2026,False,,False,
AP05A,1383492,,,-,-,5/17/2026,False,,False,
AP05A,1383493,,,-,-,5/17/2026,False,,False,
AP05A,1383494,,,-,-,5/17/2026,False,,False,
AP05A,1383495,,,-,-,5/17/2026,False,,False,
AP05A,1383496,,,-,-,5/17/2026,False,,False,
AP05A,1383497,,,-,-,5/17/2026,False,,False,
AP05A,1383498,,,-,-,5/17/2026,False,,False,
AP05A,1383499,,,-,-,5/17/2026,False,,False,
AP05A,1383500,,,-,-,5/17/2026,False,,False,
AP05A,1383501,,,-,-,5/17/2026,False,,False,
AP05A,1383502,,,-,-,5/17/2026,False,,False,
AP05A,1383503,,,-,-,5/17/2026,False,,False,
AP05A,1383504,,,-,-,5/17/2026,False,,False,
AP05A,1383505,,,-,-,5/17/2026,False,,False,
AP05A,1383506,,,-,-,5/17/2026,False,,False,
AP05A,1383507,,,-,-,5/17/2026,False,,False,
AP05A,1383508,,,-,-,5/17/2026,False,,False,
AP05A,1383509,,,-,-,5/17/2026,False,,False,
AP05A,1383510,,,-,-,5/17/2026,False,,False,
AP05A,1383511,,,-,-,5/17/2026,False,,False,
AP05A,1383512,,,-,-,5/17/2026,False,,False,
AP05A,1383513,,,-,-,5/17/2026,False,,False,
AP05A,1383514,,,-,-,5/17/2026,False,,False,
AP05A,1383515,,,-,-,5/17/2026,False,,False,
AP05A,1383516,,,-,-,5/17/2026,False,,False,
AP05A,1383517,,,-,-,5/17/2026,False,,False,
AP05A,1383518,,,-,-,5/17/2026,False,,False,
AP05A,1383519,,,-,-,5/17/2026,False,,False,
AP05A,1383520,,,-,-,5/17/2026,False,,False,
AP05A,1383521,,,-,-,5/17/2026,False,,False,
AP05A,1383522,,,-,-,5/17/2026,False,,False,
AP05A,1383523,,,-,-,5/17/2026,False,,False,
AP05A,1383524,,,-,-,5/17/2026,False,,False,
AP05A,1383525,,,-,-,5/17/2026,False,,False,
AP05A,1383526,,,-,-,5/17/2026,False,,False,
AP05A,1383527,,,-,-,5/17/2026,False,,False,
AP05A,1383528,,,-,-,5/17/2026,False,,False,
AP05A,1383529,,,-,-,5/17/2026,False,,False,
AP05A,1383530,,,-,-,5/17/2026,False,,False,
AP05A,1383531,,,-,-,5/17/2026,False,,False,
AP05A,1383532,,,-,-,5/17/2026,False,,False,
AP05A,1383533,,,-,-,5/17/2026,False,,False,
AP05A,1383534,,,-,-,5/17/2026,False,,False,
AP05A,1383535,,,-,-,5/17/2026,False,,False,
AP05A,1383536,,,-,-,5/17/2026,False,,False,
AP05A,1383537,,,-,-,5/17/2026,False,,False,
AP05A,1383538,,,-,-,5/17/2026,False,,False,
AP05A,1383539,,,-,-,5/17/2026,False,,False,
AP05A,1383540,,,-,-,5/17/2026,False,,False,
AP05A,1383541,,,-,-,5/17/2026,False,,False,
AP05A,1383542,,,-,-,5/17/2026,False,,False,
AP05A,1383543,,,-,-,5/17/2026,False,,False,
AP05A,1383544,,,-,-,5/17/2026,False,,False,
AP05A,1383545,,,-,-,5/17/2026,False,,False,
AP05A,1383546,,,-,-,5/17/2026,False,,False,
AP05A,1383547,,,-,-,5/17/2026,False,,False,
AP05A,1383548,,,-,-,5/17/2026,False,,False,
AP05A,1383549,,,-,-,5/17/2026,False,,False,
AP05A,1383550,,,-,-,5/17/2026,False,,False,
AP05A,1383551,,,-,-,5/17/2026,False,,False,
AP05A,1383552,,,-,-,5/17/2026,False,,False,
AP05A,1383553,,,-,-,5/17/2026,False,,False,
AP05A,1383554,,,-,-,5/17/2026,False,,False,
AP05A,1383555,,,-,-,5/17/2026,False,,False,
AP05A,1383556,,,-,-,5/17/2026,False,,False,
AP05A,1383557,,,-,-,5/17/2026,False,,False,
AP05A,1383558,,,-,-,5/17/2026,False,,False,
AP05A,1383559,,,-,-,5/17/2026,False,,False,
AP05A,1383560,,,-,-,5/17/2026,False,,False,
AP05A,1383561,,,-,-,5/17/2026,False,,False,
AP05A,1383562,,,-,-,5/17/2026,False,,False,
AP05A,1383563,,,-,-,5/17/2026,False,,False,
AP05A,1383564,,,-,-,5/17/2026,False,,False,
AP05A,1383565,,,-,-,5/17/2026,False,,False,
AP05A,1383566,,,-,-,5/17/2026,False,,False,
AP05A,1383567,,,-,-,5/17/2026,False,,False,
AP05A,1383568,,,-,-,5/17/2026,False,,False,
AP05A,1383569,,,-,-,5/17/2026,False,,False,
AP05A,1383570,,,-,-,5/17/2026,False,,False,
AP05A,1383571,,,-,-,5/17/2026,False,,False,
AP05A,1383572,,,-,-,5/17/2026,False,,False,
AP05A,1383573,,,-,-,5/17/2026,False,,False,
AP05A,1383574,,,-,-,5/17/2026,False,,False,
AP05A,1383575,,,-,-,5/17/2026,False,,False,
AP05A,1383576,,,-,-,5/17/2026,False,,False,
AP05A,1383577,,,-,-,5/17/2026,False,,False,
AP05A,1383578,,,-,-,5/17/2026,False,,False,
AP05A,1383579,,,-,-,5/17/2026,False,,False,
AP05A,1383580,,,-,-,5/17/2026,False,,False,
AP05A,1383581,,,-,-,5/17/2026,False,,False,
AP05A,1383582,,,-,-,5/17/2026,False,,False,
AP05A,1383583,,,-,-,5/17/2026,False,,False,
AP05A,1383584,,,-,-,5/17/2026,False,,False,
AP05A,1383585,,,-,-,5/17/2026,False,,False,
AP05A,1383586,,,-,-,5/17/2026,False,,False,
AP05A,1383587,,,-,-,5/17/2026,False,,False,
AP05A,1383588,,,-,-,5/17/2026,False,,False,
AP05A,1383589,,,-,-,5/17/2026,False,,False,
AP05A,1383590,,,-,-,5/17/2026,False,,False,
AP05A,1383591,,,-,-,5/17/2026,False,,False,
AP05A,1383592,,,-,-,5/17/2026,False,,False,
AP05A,1383593,,,-,-,5/17/2026,False,,False,
AP05A,1383594,,,-,-,5/17/2026,False,,False,
AP05A,1383595,,,-,-,5/17/2026,False,,False,
AP05A,1383596,,,-,-,5/17/2026,False,,False,
AP05A,1383597,,,-,-,5/17/2026,False,,False,
AP05A,1383598,,,-,-,5/17/2026,False,,False,
AP05A,1383599,,,-,-,5/17/2026,False,,False,
AP05A,1383600,,,-,-,5/17/2026,False,,False,
AP05A,1383601,,,-,-,5/17/2026,False,,False,
AP05A,1383602,,,-,-,5/17/2026,False,,False,
AP05A,1383603,,,-,-,5/17/2026,False,,False,
AP05A,1383604,,,-,-,5/17/2026,False,,False,
AP05A,1383605,,,-,-,5/17/2026,False,,False,
AP05A,1383606,,,-,-,5/17/2026,False,,False,
AP05A,1383607,,,-,-,5/17/2026,False,,False,
AP05A,1383608,,,-,-,5/17/2026,False,,False,
AP05A,1383609,,,-,-,5/17/2026,False,,False,
AP05A,1383610,,,-,-,5/17/2026,False,,False,
AP05A,1383611,,,-,-,5/17/2026,False,,False,
AP05A,1383612,,,-,-,5/17/2026,False,,False,
AP05A,1383613,,,-,-,5/17/2026,False,,False,
AP05A,1383614,,,-,-,5/17/2026,False,,False,
AP05A,1383615,,,-,-,5/17/2026,False,,False,
AP05A,1383616,,,-,-,5/17/2026,False,,False,
AP05A,1383617,,,-,-,5/17/2026,False,,False,
AP05A,1383618,,,-,-,5/17/2026,False,,False,
AP05A,1383619,,,-,-,5/17/2026,False,,False,
AP05A,1383620,,,-,-,5/17/2026,False,,False,
AP05A,1383621,,,-,-,5/17/2026,False,,False,
AP05A,1383622,,,-,-,5/17/2026,False,,False,
AP05A,1383623,,,-,-,5/17/2026,False,,False,
AP05A,1383624,,,-,-,5/17/2026,False,,False,
AP05A,1383625,,,-,-,5/17/2026,False,,False,
AP05A,1383626,,,-,-,5/17/2026,False,,False,
AP05A,1383627,,,-,-,5/17/2026,False,,False,
AP05A,1383628,,,-,-,5/17/2026,False,,False,
AP05A,1383629,,,-,-,5/17/2026,False,,False,
AP05A,1383630,,,-,-,5/17/2026,False,,False,
AP05A,1383631,,,-,-,5/17/2026,False,,False,
AP05A,1383632,,,-,-,5/17/2026,False,,False,
AP05A,1383633,,,-,-,5/17/2026,False,,False,
AP05A,1383634,,,-,-,5/17/2026,False,,False,
AP05A,1383635,,,-,-,5/17/2026,False,,False,
AP05A,1383636,,,-,-,5/17/2026,False,,False,
AP05A,1383637,,,-,-,5/17/2026,False,,False,
AP05A,1383638,,,-,-,5/17/2026,False,,False,
AP05A,1383639,,,-,-,5/17/2026,False,,False,
AP05A,1383640,,,-,-,5/17/2026,False,,False,
AP05A,1383641,,,-,-,5/17/2026,False,,False,
AP05A,1383642,,,-,-,5/17/2026,False,,False,
AP05A,1383643,,,-,-,5/17/2026,False,,False,
AP05A,1383644,,,-,-,5/17/2026,False,,False,
AP05A,1383645,,,-,-,5/17/2026,False,,False,
AP05A,1383646,,,-,-,5/17/2026,False,,False,
AP05A,1383647,,,-,-,5/17/2026,False,,False,
AP05A,1383648,,,-,-,5/17/2026,False,,False,
AP05A,1383649,,,-,-,5/17/2026,False,,False,
AP05A,1383650,,,-,-,5/17/2026,False,,False,
AP05A,1383651,,,-,-,5/17/2026,False,,False,
AP05A,1383652,,,-,-,5/17/2026,False,,False,
AP05A,1383653,,,-,-,5/17/2026,False,,False,
AP05A,1383654,,,-,-,5/17/2026,False,,False,
AP05A,1383655,,,-,-,5/17/2026,False,,False,
AP05A,1383656,,,-,-,5/17/2026,False,,False,
AP05A,1383657,,,-,-,5/17/2026,False,,False,
AP05A,1383658,,,-,-,5/17/2026,False,,False,
AP05A,1383659,,,-,-,5/17/2026,False,,False,
AP05A,1383660,,,-,-,5/17/2026,False,,False,
AP05A,1383661,,,-,-,5/17/2026,False,,False,
AP05A,1383662,,,-,-,5/17/2026,False,,False,
AP05A,1383663,,,-,-,5/17/2026,False,,False,
AP05A,1383664,,,-,-,5/17/2026,False,,False,
AP05A,1383665,,,-,-,5/17/2026,False,,False,
AP05A,1383666,,,-,-,5/17/2026,False,,False,
AP05A,1383667,,,-,-,5/17/2026,False,,False,
AP05A,1383668,,,-,-,5/17/2026,False,,False,
AP05A,1383669,,,-,-,5/17/2026,False,,False,
AP05A,1383670,,,-,-,5/17/2026,False,,False,
AP05A,1383671,,,-,-,5/17/2026,False,,False,
AP05A,1383672,,,-,-,5/17/2026,False,,False,
AP05A,1383673,,,-,-,5/17/2026,False,,False,
AP05A,1383674,,,-,-,5/17/2026,False,,False,
AP05A,1383675,,,-,-,5/17/2026,False,,False,
AP05A,1383676,,,-,-,5/17/2026,False,,False,
AP05A,1383677,,,-,-,5/17/2026,False,,False,
AP05A,1383678,,,-,-,5/17/2026,False,,False,
AP05A,1383679,,,-,-,5/17/2026,False,,False,
AP05A,1383680,,,-,-,5/17/2026,False,,False,
AP05A,1383681,,,-,-,5/17/2026,False,,False,
AP05A,1383682,,,-,-,5/17/2026,False,,False,
AP05A,1383683,,,-,-,5/17/2026,False,,False,
AP05A,1383684,,,-,-,5/17/2026,False,,False,
AP05A,1383685,,,-,-,5/17/2026,False,,False,
AP05A,1383686,,,-,-,5/17/2026,False,,False,
AP05A,1383687,,,-,-,5/17/2026,False,,False,
AP05A,1383688,,,-,-,5/17/2026,False,,False,
AP05A,1383689,,,-,-,5/17/2026,False,,False,
AP05A,1383690,,,-,-,5/17/2026,False,,False,
AP05A,1383691,,,-,-,5/17/2026,False,,False,
AP05A,1383692,,,-,-,5/17/2026,False,,False,
AP05A,1383693,,,-,-,5/17/2026,False,,False,
AP05A,1383694,,,-,-,5/17/2026,False,,False,
AP05A,1383695,,,-,-,5/17/2026,False,,False,
AP05A,1383696,,,-,-,5/17/2026,False,,False,
AP05A,1383697,,,-,-,5/17/2026,False,,False,
AP05A,1383698,,,-,-,5/17/2026,False,,False,
AP05A,1383699,,,-,-,5/17/2026,False,,False,
AP05A,1383700,,,-,-,5/17/2026,False,,False,
AP05A,1383701,,,-,-,5/17/2026,False,,False,
AP05A,1383702,,,-,-,5/17/2026,False,,False,
AP05A,1383703,,,-,-,5/17/2026,False,,False,
AP05A,1383704,,,-,-,5/17/2026,False,,False,
AP05A,1383705,,,-,-,5/17/2026,False,,False,
AP05A,1383706,,,-,-,5/17/2026,False,,False,
AP05A,1383707,,,-,-,5/17/2026,False,,False,
AP05A,1383708,,,-,-,5/17/2026,False,,False,
AP05A,1383709,,,-,-,5/17/2026,False,,False,
AP05A,1383710,,,-,-,5/17/2026,False,,False,
AP05A,1383711,,,-,-,5/17/2026,False,,False,
AP05A,1383712,,,-,-,5/17/2026,False,,False,
AP05A,1383713,,,-,-,5/17/2026,False,,False,
AP05A,1383714,,,-,-,5/17/2026,False,,False,
AP05A,1383715,,,-,-,5/17/2026,False,,False,
AP05A,1383716,,,-,-,5/17/2026,False,,False,
AP05A,1383717,,,-,-,5/17/2026,False,,False,
AP05A,1383718,,,-,-,5/17/2026,False,,False,
AP05A,1383719,,,-,-,5/17/2026,False,,False,
AP05A,1383720,,,-,-,5/17/2026,False,,False,
AP05A,1383721,,,-,-,5/17/2026,False,,False,
AP05A,1383722,,,-,-,5/17/2026,False,,False,
AP05A,1383723,,,-,-,5/17/2026,False,,False,
AP05A,1383724,,,-,-,5/17/2026,False,,False,
AP05A,1383725,,,-,-,5/17/2026,False,,False,
AP05A,1383726,,,-,-,5/17/2026,False,,False,
AP05A,1383727,,,-,-,5/17/2026,False,,False,
AP05A,1383728,,,-,-,5/17/2026,False,,False,
AP05A,1383729,,,-,-,5/17/2026,False,,False,
AP05A,1383730,,,-,-,5/17/2026,False,,False,
AP05A,1383731,,,-,-,5/17/2026,False,,False,
AP05A,1383732,,,-,-,5/17/2026,False,,False,
AP05A,1383733,,,-,-,5/17/2026,False,,False,
AP05A,1383734,,,-,-,5/17/2026,False,,False,
AP05A,1383735,,,-,-,5/17/2026,False,,False,
AP05A,1383736,,,-,-,5/17/2026,False,,False,
AP05A,1383737,,,-,-,5/17/2026,False,,False,
AP05A,1383738,,,-,-,5/17/2026,False,,False,
AP05A,1383739,,,-,-,5/17/2026,False,,False,
AP05A,1383740,,,-,-,5/17/2026,False,,False,
AP05A,1383741,,,-,-,5/17/2026,False,,False,
AP05A,1383742,,,-,-,5/17/2026,False,,False,
AP05A,1383743,,,-,-,5/17/2026,False,,False,
AP05A,1383744,,,-,-,5/17/2026,False,,False,
AP05A,1383745,,,-,-,5/17/2026,False,,False,
AP05A,1383746,,,-,-,5/17/2026,False,,False,
AP05A,1383747,,,-,-,5/17/2026,False,,False,
AP05A,1383748,,,-,-,5/17/2026,False,,False,
AP05A,1383749,,,-,-,5/17/2026,False,,False,
AP05A,1383750,,,-,-,5/17/2026,False,,False,
AP05A,1383751,,,-,-,5/17/2026,False,,False,
AP05A,1383752,,,-,-,5/17/2026,False,,False,
AP05A,1383753,,,-,-,5/17/2026,False,,False,
AP05A,1383754,,,-,-,5/17/2026,False,,False,
AP05A,1383755,,,-,-,5/17/2026,False,,False,
AP05A,1383756,,,-,-,5/17/2026,False,,False,
AP05A,1383757,,,-,-,5/17/2026,False,,False,
AP05A,1383758,,,-,-,5/17/2026,False,,False,
AP05A,1383759,,,-,-,5/17/2026,False,,False,
AP05A,1383760,,,-,-,5/17/2026,False,,False,
AP05A,1383761,,,-,-,5/17/2026,False,,False,
AP05A,1383762,,,-,-,5/17/2026,False,,False,
AP05A,1383763,,,-,-,5/17/2026,False,,False,
AP05A,1383764,,,-,-,5/17/2026,False,,False,
AP05A,1383765,,,-,-,5/17/2026,False,,False,
AP05A,1383766,,,-,-,5/17/2026,False,,False,
AP05A,1383767,,,-,-,5/17/2026,False,,False,
AP05A,1383768,,,-,-,5/17/2026,False,,False,
AP05A,1383769,,,-,-,5/17/2026,False,,False,
AP05A,1383770,,,-,-,5/17/2026,False,,False,
AP05A,1383771,,,-,-,5/17/2026,False,,False,
AP05A,1383772,,,-,-,5/17/2026,False,,False,
AP05A,1383773,,,-,-,5/17/2026,False,,False,
AP05A,1383774,,,-,-,5/17/2026,False,,False,
AP05A,1383775,,,-,-,5/17/2026,False,,False,
AP05A,1383776,,,-,-,5/17/2026,False,,False,
AP05A,1383777,,,-,-,5/17/2026,False,,False,
AP05A,1383778,,,-,-,5/17/2026,False,,False,
AP05A,1383779,,,-,-,5/17/2026,False,,False,
AP05A,1383780,,,-,-,5/17/2026,False,,False,
AP05A,1383781,,,-,-,5/17/2026,False,,False,
AP05A,1383782,,,-,-,5/17/2026,False,,False,
AP05A,1383783,,,-,-,5/17/2026,False,,False,
AP05A,1383784,,,-,-,5/17/2026,False,,False,
AP05A,1383785,,,-,-,5/17/2026,False,,False,
AP05A,1383786,,,-,-,5/17/2026,False,,False,
AP05A,1383787,,,-,-,5/17/2026,False,,False,
AP05A,1383788,,,-,-,5/17/2026,False,,False,
AP05A,1383789,,,-,-,5/17/2026,False,,False,
AP05A,1383790,,,-,-,5/17/2026,False,,False,
AP05A,1383791,,,-,-,5/17/2026,False,,False,
AP05A,1383792,,,-,-,5/17/2026,False,,False,
AP05A,1383793,,,-,-,5/17/2026,False,,False,
AP05A,1383794,,,-,-,5/17/2026,False,,False,
AP05A,1383795,,,-,-,5/17/2026,False,,False,
AP05A,1383796,,,-,-,5/17/2026,False,,False,
AP05A,1383797,,,-,-,5/17/2026,False,,False,
AP05A,1383798,,,-,-,5/17/2026,False,,False,
AP05A,1383799,,,-,-,5/17/2026,False,,False,
AP05A,1383800,,,-,-,5/17/2026,False,,False,
AP05A,1383801,,,-,-,5/17/2026,False,,False,
AP05A,1383802,,,-,-,5/17/2026,False,,False,
AP05A,1383803,,,-,-,5/17/2026,False,,False,
AP05A,1383804,,,-,-,5/17/2026,False,,False,
AP05A,1383805,,,-,-,5/17/2026,False,,False,
AP05A,1383806,,,-,-,5/17/2026,False,,False,
AP05A,1383807,,,-,-,5/17/2026,False,,False,
AP05A,1383808,,,-,-,5/17/2026,False,,False,
AP05A,1383809,,,-,-,5/17/2026,False,,False,
AP05A,1383810,,,-,-,5/17/2026,False,,False,
AP05A,1383811,,,-,-,5/17/2026,False,,False,
AP05A,1383812,,,-,-,5/17/2026,False,,False,
AP05A,1383813,,,-,-,5/17/2026,False,,False,
AP05A,1383814,,,-,-,5/17/2026,False,,False,
AP05A,1383815,,,-,-,5/17/2026,False,,False,
AP05A,1383816,,,-,-,5/17/2026,False,,False,
AP05A,1383817,,,-,-,5/17/2026,False,,False,
AP05A,1383818,,,-,-,5/17/2026,False,,False,
AP05A,1383819,,,-,-,5/17/2026,False,,False,
AP05A,1383820,,,-,-,5/17/2026,False,,False,
AP05A,1383821,,,-,-,5/17/2026,False,,False,
AP05A,1383822,,,-,-,5/17/2026,False,,False,
AP05A,1383823,,,-,-,5/17/2026,False,,False,
AP05A,1383824,,,-,-,5/17/2026,False,,False,
AP05A,1383825,,,-,-,5/17/2026,False,,False,
AP05A,1383826,,,-,-,5/17/2026,False,,False,
AP05A,1383827,,,-,-,5/17/2026,False,,False,
AP05A,1383828,,,-,-,5/17/2026,False,,False,
AP05A,1383829,,,-,-,5/17/2026,False,,False,
AP05A,1383830,,,-,-,5/17/2026,False,,False,
AP05A,1383831,,,-,-,5/17/2026,False,,False,
AP05A,1383832,,,-,-,5/17/2026,False,,False,
AP05A,1383833,,,-,-,5/17/2026,False,,False,
AP05A,1383834,,,-,-,5/17/2026,False,,False,
AP05A,1383835,,,-,-,5/17/2026,False,,False,
AP05A,1383836,,,-,-,5/17/2026,False,,False,
AP05A,1383837,,,-,-,5/17/2026,False,,False,
AP05A,1383838,,,-,-,5/17/2026,False,,False,
AP05A,1383839,,,-,-,5/17/2026,False,,False,
AP05A,1383840,,,-,-,5/17/2026,False,,False,
AP05A,1383841,,,-,-,5/17/2026,False,,False,
AP05A,1383842,,,-,-,5/17/2026,False,,False,
AP05A,1383843,,,-,-,5/17/2026,False,,False,
AP05A,1383844,,,-,-,5/17/2026,False,,False,
AP05A,1383845,,,-,-,5/17/2026,False,,False,
AP05A,1383846,,,-,-,5/17/2026,False,,False,
AP05A,1383847,,,-,-,5/17/2026,False,,False,
AP05A,1383848,,,-,-,5/17/2026,False,,False,
AP05A,1383849,,,-,-,5/17/2026,False,,False,
AP05A,1383850,,,-,-,5/17/2026,False,,False,
AP05A,1383851,,,-,-,5/17/2026,False,,False,
AP05A,1383852,,,-,-,5/17/2026,False,,False,
AP05A,1383853,,,-,-,5/17/2026,False,,False,
AP05A,1383854,,,-,-,5/17/2026,False,,False,
AP05A,1383855,,,-,-,5/17/2026,False,,False,
AP05A,1383856,,,-,-,5/17/2026,False,,False,
AP05A,1383857,,,-,-,5/17/2026,False,,False,
AP05A,1383858,,,-,-,5/17/2026,False,,False,
AP05A,1383859,,,-,-,5/17/2026,False,,False,
AP05A,1383860,,,-,-,5/17/2026,False,,False,
AP05A,1383861,,,-,-,5/17/2026,False,,False,
AP05A,1383862,,,-,-,5/17/2026,False,,False,
AP05A,1383863,,,-,-,5/17/2026,False,,False,
AP05A,1383864,,,-,-,5/17/2026,False,,False,
AP05A,1383865,,,-,-,5/17/2026,False,,False,
AP05A,1383866,,,-,-,5/17/2026,False,,False,
AP05A,1383867,,,-,-,5/17/2026,False,,False,
AP05A,1383868,,,-,-,5/17/2026,False,,False,
AP05A,1383869,,,-,-,5/17/2026,False,,False,
AP05A,1383870,,,-,-,5/17/2026,False,,False,
AP05A,1383871,,,-,-,5/17/2026,False,,False,
AP05A,1383872,,,-,-,5/17/2026,False,,False,
AP05A,1383873,,,-,-,5/17/2026,False,,False,
AP05A,1383874,,,-,-,5/17/2026,False,,False,
AP05A,1383875,,,-,-,5/17/2026,False,,False,
AP05A,1383876,,,-,-,5/17/2026,False,,False,
AP05A,1383877,,,-,-,5/17/2026,False,,False,
AP05A,1383878,,,-,-,5/17/2026,False,,False,
AP05A,1383879,,,-,-,5/17/2026,False,,False,
AP05A,1383880,,,-,-,5/17/2026,False,,False,
AP05A,1383881,,,-,-,5/17/2026,False,,False,
AP05A,1383882,,,-,-,5/17/2026,False,,False,
AP05A,1383883,,,-,-,5/17/2026,False,,False,
AP05A,1383884,,,-,-,5/17/2026,False,,False,
AP05A,1383885,,,-,-,5/17/2026,False,,False,
AP05A,1383886,,,-,-,5/17/2026,False,,False,
AP05A,1383887,,,-,-,5/17/2026,False,,False,
AP05A,1383888,,,-,-,5/17/2026,False,,False,
AP05A,1383889,,,-,-,5/17/2026,False,,False,
AP05A,1383890,,,-,-,5/17/2026,False,,False,
AP05A,1383891,,,-,-,5/17/2026,False,,False,
AP05A,1383892,,,-,-,5/17/2026,False,,False,
AP05A,1383893,,,-,-,5/17/2026,False,,False,
AP05A,1383894,,,-,-,5/17/2026,False,,False,
AP05A,1383895,,,-,-,5/17/2026,False,,False,
AP05A,1383896,,,-,-,5/17/2026,False,,False,
AP05A,1383897,,,-,-,5/17/2026,False,,False,
AP05A,1383898,,,-,-,5/17/2026,False,,False,
AP05A,1383899,,,-,-,5/17/2026,False,,False,
AP05A,1383900,,,-,-,5/17/2026,False,,False,
AP05A,1383901,,,-,-,5/17/2026,False,,False,
AP05A,1383902,,,-,-,5/17/2026,False,,False,
AP05A,1383903,,,-,-,5/17/2026,False,,False,
AP05A,1383904,,,-,-,5/17/2026,False,,False,
AP05A,1383905,,,-,-,5/18/2026,False,,False,
AP05A,1383906,,,-,-,5/18/2026,False,,False,
AP05A,1383907,,,-,-,5/18/2026,False,,False,
AP05A,1383908,,,-,-,5/18/2026,False,,False,
AP05A,1383909,,,-,-,5/18/2026,False,,False,
AP05A,1383910,,,-,-,5/18/2026,False,,False,
AP05A,1383911,,,-,-,5/18/2026,False,,False,
AP05A,1383912,,,-,-,5/18/2026,False,,False,
AP05A,1383913,,,-,-,5/18/2026,False,,False,
AP05A,1383914,,,-,-,5/18/2026,False,,False,
AP05A,1383915,,,-,-,5/18/2026,False,,False,
AP05A,1383916,,,-,-,5/18/2026,False,,False,
AP05A,1383917,,,-,-,5/18/2026,False,,False,
AP05A,1383918,,,-,-,5/18/2026,False,,False,
AP05A,1383919,,,-,-,5/18/2026,False,,False,
AP05A,1383920,,,-,-,5/18/2026,False,,False,
AP05A,1383921,,,-,-,5/18/2026,False,,False,
AP05A,1383922,,,-,-,5/18/2026,False,,False,
AP05A,1383923,,,-,-,5/18/2026,False,,False,
AP05A,1383924,,,-,-,5/18/2026,False,,False,
AP05A,1383925,,,-,-,5/18/2026,False,,False,
AP05A,1383926,,,-,-,5/18/2026,False,,False,
AP05A,1383927,,,-,-,5/18/2026,False,,False,
AP05A,1383928,,,-,-,5/18/2026,False,,False,
AP05A,1383929,,,-,-,5/18/2026,False,,False,
AP05A,1383930,,,-,-,5/18/2026,False,,False,
AP05A,1383931,,,-,-,5/18/2026,False,,False,
AP05A,1383932,,,-,-,5/18/2026,False,,False,
AP05A,1383933,,,-,-,5/18/2026,False,,False,
AP05A,1383934,,,-,-,5/18/2026,False,,False,
AP05A,1383935,,,-,-,5/18/2026,False,,False,
AP05A,1383936,,,-,-,5/18/2026,False,,False,
AP05A,1383937,,,-,-,5/18/2026,False,,False,
AP05A,1383938,,,-,-,5/18/2026,False,,False,
AP05A,1383939,,,-,-,5/18/2026,False,,False,
AP05A,1383940,,,-,-,5/18/2026,False,,False,
AP05A,1383941,,,-,-,5/18/2026,False,,False,
AP05A,1383942,,,-,-,5/18/2026,False,,False,
AP05A,1383943,,,-,-,5/18/2026,False,,False,
AP05A,1383944,,,-,-,5/18/2026,False,,False,
AP05A,1383945,,,-,-,5/18/2026,False,,False,
AP05A,1383946,,,-,-,5/18/2026,False,,False,
AP05A,1383947,,,-,-,5/18/2026,False,,False,
AP05A,1383948,,,-,-,5/18/2026,False,,False,
AP05A,1383949,,,-,-,5/18/2026,False,,False,
AP05A,1383950,,,-,-,5/18/2026,False,,False,
AP05A,1383951,,,-,-,5/18/2026,False,,False,
AP05A,1383952,,,-,-,5/18/2026,False,,False,
AP05A,1383953,,,-,-,5/18/2026,False,,False,
AP05A,1383954,,,-,-,5/18/2026,False,,False,
AP05A,1383955,,,-,-,5/18/2026,False,,False,
AP05A,1383956,,,-,-,5/18/2026,False,,False,
AP05A,1383957,,,-,-,5/18/2026,False,,False,
AP05A,1383958,,,-,-,5/18/2026,False,,False,
AP05A,1383959,,,-,-,5/18/2026,False,,False,
AP05A,1383960,,,-,-,5/18/2026,False,,False,
AP05A,1383961,,,-,-,5/18/2026,False,,False,
AP05A,1383962,,,-,-,5/18/2026,False,,False,
AP05A,1383963,,,-,-,5/18/2026,False,,False,
AP05A,1383964,,,-,-,5/18/2026,False,,False,
AP05A,1383965,,,-,-,5/18/2026,False,,False,
AP05A,1383966,,,-,-,5/18/2026,False,,False,
AP05A,1383967,,,-,-,5/18/2026,False,,False,
AP05A,1383968,,,-,-,5/18/2026,False,,False,
AP05A,1383969,,,-,-,5/18/2026,False,,False,
AP05A,1383970,,,-,-,5/18/2026,False,,False,
AP05A,1383971,,,-,-,5/18/2026,False,,False,
AP05A,1383972,,,-,-,5/18/2026,False,,False,
AP05A,1383973,,,-,-,5/18/2026,False,,False,
AP05A,1383974,,,-,-,5/18/2026,False,,False,
AP05A,1383975,,,-,-,5/18/2026,False,,False,
AP05A,1383976,,,-,-,5/18/2026,False,,False,
AP05A,1383977,,,-,-,5/18/2026,False,,False,
AP05A,1383978,,,-,-,5/18/2026,False,,False,
AP05A,1383979,,,-,-,5/18/2026,False,,False,
AP05A,1383980,,,-,-,5/18/2026,False,,False,
AP05A,1383981,,,-,-,5/18/2026,False,,False,
AP05A,1383982,,,-,-,5/18/2026,False,,False,
AP05A,1383983,,,-,-,5/18/2026,False,,False,
AP05A,1383984,,,-,-,5/18/2026,False,,False,
AP05A,1383985,,,-,-,5/18/2026,False,,False,
AP05A,1383986,,,-,-,5/18/2026,False,,False,
AP05A,1383987,,,-,-,5/18/2026,False,,False,
AP05A,1383988,,,-,-,5/18/2026,False,,False,
AP05A,1383989,,,-,-,5/18/2026,False,,False,
AP05A,1383990,,,-,-,5/18/2026,False,,False,
AP05A,1383991,,,-,-,5/18/2026,False,,False,
AP05A,1383992,,,-,-,5/18/2026,False,,False,
AP05A,1383993,,,-,-,5/18/2026,False,,False,
AP05A,1383994,,,-,-,5/18/2026,False,,False,
AP05A,1383995,,,-,-,5/18/2026,False,,False,
AP05A,1383996,,,-,-,5/18/2026,False,,False,
AP05A,1383997,,,-,-,5/18/2026,False,,False,
AP05A,1383998,,,-,-,5/18/2026,False,,False,
AP05A,1383999,,,-,-,5/18/2026,False,,False,
AP05A,1384000,,,-,-,5/18/2026,False,,False,
AP05A,1384001,,,-,-,5/18/2026,False,,False,
AP05A,1384002,,,-,-,5/18/2026,False,,False,
AP05A,1384003,,,-,-,5/18/2026,False,,False,
AP05A,1384004,,,-,-,5/18/2026,False,,False,
AP05A,1384005,,,-,-,5/18/2026,False,,False,
AP05A,1384006,,,-,-,5/18/2026,False,,False,
AP05A,1384007,,,-,-,5/18/2026,False,,False,
AP05A,1384008,,,-,-,5/18/2026,False,,False,
AP05A,1384009,,,-,-,5/18/2026,False,,False,
AP05A,1384010,,,-,-,5/18/2026,False,,False,
AP05A,1384011,,,-,-,5/18/2026,False,,False,
AP05A,1384012,,,-,-,5/18/2026,False,,False,
AP05A,1384013,,,-,-,5/18/2026,False,,False,
AP05A,1384014,,,-,-,5/18/2026,False,,False,
AP05A,1384015,,,-,-,5/18/2026,False,,False,
AP05A,1384016,,,-,-,5/18/2026,False,,False,
AP05A,1384017,,,-,-,5/18/2026,False,,False,
AP05A,1384018,,,-,-,5/18/2026,False,,False,
AP05A,1384019,,,-,-,5/18/2026,False,,False,
AP05A,1384020,,,-,-,5/18/2026,False,,False,
AP05A,1384021,,,-,-,5/18/2026,False,,False,
AP05A,1384022,,,-,-,5/18/2026,False,,False,
AP05A,1384023,,,-,-,5/18/2026,False,,False,
AP05A,1384024,,,-,-,5/18/2026,False,,False,
AP05A,1384025,,,-,-,5/18/2026,False,,False,
AP05A,1384026,,,-,-,5/18/2026,False,,False,
AP05A,1384027,,,-,-,5/18/2026,False,,False,
AP05A,1384028,,,-,-,5/18/2026,False,,False,
AP05A,1384029,,,-,-,5/18/2026,False,,False,
AP05A,1384030,,,-,-,5/18/2026,False,,False,
AP05A,1384031,,,-,-,5/18/2026,False,,False,
AP05A,1384032,,,-,-,5/18/2026,False,,False,
AP05A,1384033,,,-,-,5/18/2026,False,,False,
AP05A,1384034,,,-,-,5/18/2026,False,,False,
AP05A,1384035,,,-,-,5/18/2026,False,,False,
AP05A,1384036,,,-,-,5/18/2026,False,,False,
AP05A,1384037,,,-,-,5/18/2026,False,,False,
AP05A,1384038,,,-,-,5/18/2026,False,,False,
AP05A,1384039,,,-,-,5/18/2026,False,,False,
AP05A,1384040,,,-,-,5/18/2026,False,,False,
AP05A,1384041,,,-,-,5/18/2026,False,,False,
AP05A,1384042,,,-,-,5/18/2026,False,,False,
AP05A,1384043,,,-,-,5/18/2026,False,,False,
AP05A,1384044,,,-,-,5/18/2026,False,,False,
AP05A,1384045,,,-,-,5/18/2026,False,,False,
AP05A,1384046,,,-,-,5/18/2026,False,,False,
AP05A,1384047,,,-,-,5/18/2026,False,,False,
AP05A,1384048,,,-,-,5/18/2026,False,,False,
AP05A,1384049,,,-,-,5/18/2026,False,,False,
AP05A,1384050,,,-,-,5/18/2026,False,,False,
AP05A,1384051,,,-,-,5/18/2026,False,,False,
AP05A,1384052,,,-,-,5/18/2026,False,,False,
AP05A,1384053,,,-,-,5/18/2026,False,,False,
AP05A,1384054,,,-,-,5/18/2026,False,,False,
AP05A,1384055,,,-,-,5/18/2026,False,,False,
AP05A,1384056,,,-,-,5/18/2026,False,,False,
AP05A,1384057,,,-,-,5/18/2026,False,,False,
AP05A,1384058,,,-,-,5/18/2026,False,,False,
AP05A,1384059,,,-,-,5/18/2026,False,,False,
AP05A,1384060,,,-,-,5/18/2026,False,,False,
AP05A,1384061,,,-,-,5/18/2026,False,,False,
AP05A,1384062,,,-,-,5/18/2026,False,,False,
AP05A,1384063,,,-,-,5/18/2026,False,,False,
AP05A,1384064,,,-,-,5/18/2026,False,,False,
AP05A,1384065,,,-,-,5/18/2026,False,,False,
AP05A,1384066,,,-,-,5/18/2026,False,,False,
AP05A,1384067,,,-,-,5/18/2026,False,,False,
AP05A,1384068,,,-,-,5/18/2026,False,,False,
AP05A,1384069,,,-,-,5/18/2026,False,,False,
AP05A,1384070,,,-,-,5/18/2026,False,,False,
AP05A,1384071,,,-,-,5/18/2026,False,,False,
AP05A,1384072,,,-,-,5/18/2026,False,,False,
AP05A,1384073,,,-,-,5/18/2026,False,,False,
AP05A,1384074,,,-,-,5/18/2026,False,,False,
AP05A,1384075,,,-,-,5/18/2026,False,,False,
AP05A,1384076,,,-,-,5/18/2026,False,,False,
AP05A,1384077,,,-,-,5/18/2026,False,,False,
AP05A,1384078,,,-,-,5/18/2026,False,,False,
AP05A,1384079,,,-,-,5/18/2026,False,,False,
AP05A,1384080,,,-,-,5/18/2026,False,,False,
AP05A,1384081,,,-,-,5/18/2026,False,,False,
AP05A,1384082,,,-,-,5/18/2026,False,,False,
AP05A,1384083,,,-,-,5/18/2026,False,,False,
AP05A,1384084,,,-,-,5/18/2026,False,,False,
AP05A,1384085,,,-,-,5/18/2026,False,,False,
AP05A,1384086,,,-,-,5/18/2026,False,,False,
AP05A,1384087,,,-,-,5/18/2026,False,,False,
AP05A,1384088,,,-,-,5/18/2026,False,,False,
AP05A,1384089,,,-,-,5/18/2026,False,,False,
AP05A,1384090,,,-,-,5/18/2026,False,,False,
AP05A,1384091,,,-,-,5/18/2026,False,,False,
AP05A,1384092,,,-,-,5/18/2026,False,,False,
AP05A,1384093,,,-,-,5/18/2026,False,,False,
AP05A,1384094,,,-,-,5/18/2026,False,,False,
AP05A,1384095,,,-,-,5/18/2026,False,,False,
AP05A,1384096,,,-,-,5/18/2026,False,,False,
AP05A,1384097,,,-,-,5/18/2026,False,,False,
AP05A,1384098,,,-,-,5/18/2026,False,,False,
AP05A,1384099,,,-,-,5/18/2026,False,,False,
AP05A,1384100,,,-,-,5/18/2026,False,,False,
AP05A,1384101,,,-,-,5/18/2026,False,,False,
AP05A,1384102,,,-,-,5/18/2026,False,,False,
AP05A,1384103,,,-,-,5/18/2026,False,,False,
AP05A,1384104,,,-,-,5/18/2026,False,,False,
AP05A,1384105,,,-,-,5/18/2026,False,,False,
AP05A,1384106,,,-,-,5/18/2026,False,,False,
AP05A,1384107,,,-,-,5/18/2026,False,,False,
AP05A,1384108,,,-,-,5/18/2026,False,,False,
AP05A,1384109,,,-,-,5/18/2026,False,,False,
AP05A,1384110,,,-,-,5/18/2026,False,,False,
AP05A,1384111,,,-,-,5/18/2026,False,,False,
AP05A,1384112,,,-,-,5/18/2026,False,,False,
AP05A,1384113,,,-,-,5/18/2026,False,,False,
AP05A,1384114,,,-,-,5/18/2026,False,,False,
AP05A,1384115,,,-,-,5/18/2026,False,,False,
AP05A,1384116,,,-,-,5/18/2026,False,,False,
AP05A,1384117,,,-,-,5/18/2026,False,,False,
AP05A,1384118,,,-,-,5/18/2026,False,,False,
AP05A,1384119,,,-,-,5/18/2026,False,,False,
AP05A,1384120,,,-,-,5/18/2026,False,,False,
AP05A,1384121,,,-,-,5/18/2026,False,,False,
AP05A,1384122,,,-,-,5/18/2026,False,,False,
AP05A,1384123,,,-,-,5/18/2026,False,,False,
AP05A,1384124,,,-,-,5/18/2026,False,,False,
AP05A,1384125,,,-,-,5/18/2026,False,,False,
AP05A,1384126,,,-,-,5/18/2026,False,,False,
AP05A,1384127,,,-,-,5/18/2026,False,,False,
AP05A,1384128,,,-,-,5/18/2026,False,,False,
AP05A,1384129,,,-,-,5/18/2026,False,,False,
AP05A,1384130,,,-,-,5/18/2026,False,,False,
AP05A,1384131,,,-,-,5/18/2026,False,,False,
AP05A,1384132,,,-,-,5/18/2026,False,,False,
AP05A,1384133,,,-,-,5/18/2026,False,,False,
AP05A,1384134,,,-,-,5/18/2026,False,,False,
AP05A,1384135,,,-,-,5/18/2026,False,,False,
AP05A,1384136,,,-,-,5/18/2026,False,,False,
AP05A,1384137,,,-,-,5/18/2026,False,,False,
AP05A,1384138,,,-,-,5/18/2026,False,,False,
AP05A,1384139,,,-,-,5/18/2026,False,,False,
AP05A,1384140,,,-,-,5/18/2026,False,,False,
AP05A,1384141,,,-,-,5/18/2026,False,,False,
AP05A,1384142,,,-,-,5/18/2026,False,,False,
AP05A,1384143,,,-,-,5/18/2026,False,,False,
AP05A,1384144,,,-,-,5/18/2026,False,,False,
AP05A,1384145,,,-,-,5/18/2026,False,,False,
AP05A,1384146,,,-,-,5/18/2026,False,,False,
AP05A,1384147,,,-,-,5/18/2026,False,,False,
AP05A,1384148,,,-,-,5/18/2026,False,,False,
AP05A,1384149,,,-,-,5/18/2026,False,,False,
AP05A,1384150,,,-,-,5/18/2026,False,,False,
AP05A,1384151,,,-,-,5/18/2026,False,,False,
AP05A,1384152,,,-,-,5/18/2026,False,,False,
AP05A,1384153,,,-,-,5/18/2026,False,,False,
AP05A,1384154,,,-,-,5/18/2026,False,,False,
AP05A,1384155,,,-,-,5/18/2026,False,,False,
AP05A,1384156,,,-,-,5/18/2026,False,,False,
AP05A,1384157,,,-,-,5/18/2026,False,,False,
AP05A,1384158,,,-,-,5/18/2026,False,,False,
AP05A,1384159,,,-,-,5/18/2026,False,,False,
AP05A,1384160,,,-,-,5/18/2026,False,,False,
AP05A,1384161,,,-,-,5/18/2026,False,,False,
AP05A,1384162,,,-,-,5/18/2026,False,,False,
AP05A,1384163,,,-,-,5/18/2026,False,,False,
AP05A,1384164,,,-,-,5/18/2026,False,,False,
AP05A,1384165,,,-,-,5/18/2026,False,,False,
AP05A,1384166,,,-,-,5/18/2026,False,,False,
AP05A,1384167,,,-,-,5/18/2026,False,,False,
AP05A,1384168,,,-,-,5/18/2026,False,,False,
AP05A,1384169,,,-,-,5/18/2026,False,,False,
AP05A,1384170,,,-,-,5/18/2026,False,,False,
AP05A,1384171,,,-,-,5/18/2026,False,,False,
AP05A,1384172,,,-,-,5/18/2026,False,,False,
AP05A,1384173,,,-,-,5/18/2026,False,,False,
AP05A,1384174,,,-,-,5/18/2026,False,,False,
AP05A,1384175,,,-,-,5/18/2026,False,,False,
AP05A,1384176,,,-,-,5/18/2026,False,,False,
AP05A,1384177,,,-,-,5/18/2026,False,,False,
AP05A,1384178,,,-,-,5/18/2026,False,,False,
AP05A,1384179,,,-,-,5/18/2026,False,,False,
AP05A,1384180,,,-,-,5/18/2026,False,,False,
AP05A,1384181,,,-,-,5/18/2026,False,,False,
AP05A,1384182,,,-,-,5/18/2026,False,,False,
AP05A,1384183,,,-,-,5/18/2026,False,,False,
AP05A,1384184,,,-,-,5/18/2026,False,,False,
AP05A,1384185,,,-,-,5/18/2026,False,,False,
AP05A,1384186,,,-,-,5/18/2026,False,,False,
AP05A,1384187,,,-,-,5/18/2026,False,,False,
AP05A,1384188,,,-,-,5/18/2026,False,,False,
AP05A,1384189,,,-,-,5/18/2026,False,,False,
AP05A,1384190,,,-,-,5/18/2026,False,,False,
AP05A,1384191,,,-,-,5/18/2026,False,,False,
AP05A,1384192,,,-,-,5/18/2026,False,,False,
AP05A,1384193,,,-,-,5/18/2026,False,,False,
AP05A,1384194,,,-,-,5/18/2026,False,,False,
AP05A,1384195,,,-,-,5/18/2026,False,,False,
AP05A,1384196,,,-,-,5/18/2026,False,,False,
AP05A,1384197,,,-,-,5/18/2026,False,,False,
AP05A,1384198,,,-,-,5/18/2026,False,,False,
AP05A,1384199,,,-,-,5/18/2026,False,,False,
AP05A,1384200,,,-,-,5/18/2026,False,,False,
AP05A,1384201,,,-,-,5/18/2026,False,,False,
AP05A,1384202,,,-,-,5/18/2026,False,,False,
AP05A,1384203,,,-,-,5/18/2026,False,,False,
AP05A,1384204,,,-,-,5/18/2026,False,,False,
AP05A,1384205,,,-,-,5/18/2026,False,,False,
AP05A,1384206,,,-,-,5/18/2026,False,,False,
AP05A,1384207,,,-,-,5/18/2026,False,,False,
AP05A,1384208,,,-,-,5/18/2026,False,,False,
AP05A,1384209,,,-,-,5/18/2026,False,,False,
AP05A,1384210,,,-,-,5/18/2026,False,,False,
AP05A,1384211,,,-,-,5/18/2026,False,,False,
AP05A,1384212,,,-,-,5/18/2026,False,,False,
AP05A,1384213,,,-,-,5/18/2026,False,,False,
AP05A,1384214,,,-,-,5/18/2026,False,,False,
AP05A,1384215,,,-,-,5/18/2026,False,,False,
AP05A,1384216,,,-,-,5/18/2026,False,,False,
AP05A,1384217,,,-,-,5/18/2026,False,,False,
AP05A,1384218,,,-,-,5/18/2026,False,,False,
AP05A,1384219,,,-,-,5/18/2026,False,,False,
AP05A,1384220,,,-,-,5/18/2026,False,,False,
AP05A,1384221,,,-,-,5/18/2026,False,,False,
AP05A,1384222,,,-,-,5/18/2026,False,,False,
AP05A,1384223,,,-,-,5/18/2026,False,,False,
AP05A,1384224,,,-,-,5/18/2026,False,,False,
AP05A,1384225,,,-,-,5/18/2026,False,,False,
AP05A,1384226,,,-,-,5/18/2026,False,,False,
AP05A,1384227,,,-,-,5/18/2026,False,,False,
AP05A,1384228,,,-,-,5/18/2026,False,,False,
AP05A,1384229,,,-,-,5/18/2026,False,,False,
AP05A,1384230,,,-,-,5/18/2026,False,,False,
AP05A,1384231,,,-,-,5/18/2026,False,,False,
AP05A,1384232,,,-,-,5/18/2026,False,,False,
AP05A,1384233,,,-,-,5/18/2026,False,,False,
AP05A,1384234,,,-,-,5/18/2026,False,,False,
AP05A,1384235,,,-,-,5/18/2026,False,,False,
AP05A,1384236,,,-,-,5/18/2026,False,,False,
AP05A,1384237,,,-,-,5/18/2026,False,,False,
AP05A,1384238,,,-,-,5/18/2026,False,,False,
AP05A,1384239,,,-,-,5/18/2026,False,,False,
AP05A,1384240,,,-,-,5/18/2026,False,,False,
AP05A,1384241,,,-,-,5/18/2026,False,,False,
AP05A,1384242,,,-,-,5/18/2026,False,,False,
AP05A,1384243,,,-,-,5/18/2026,False,,False,
AP05A,1384244,,,-,-,5/18/2026,False,,False,
AP05A,1384245,,,-,-,5/18/2026,False,,False,
AP05A,1384246,,,-,-,5/18/2026,False,,False,
AP05A,1384247,,,-,-,5/18/2026,False,,False,
AP05A,1384248,,,-,-,5/18/2026,False,,False,
AP05A,1384249,,,-,-,5/18/2026,False,,False,
AP05A,1384250,,,-,-,5/18/2026,False,,False,
AP05A,1384251,,,-,-,5/18/2026,False,,False,
AP05A,1384252,,,-,-,5/18/2026,False,,False,
AP05A,1384253,,,-,-,5/18/2026,False,,False,
AP05A,1384254,,,-,-,5/18/2026,False,,False,
AP05A,1384255,,,-,-,5/18/2026,False,,False,
AP05A,1384256,,,-,-,5/18/2026,False,,False,
AP05A,1384257,,,-,-,5/18/2026,False,,False,
AP05A,1384258,,,-,-,5/18/2026,False,,False,
AP05A,1384259,,,-,-,5/18/2026,False,,False,
AP05A,1384260,,,-,-,5/18/2026,False,,False,
AP05A,1384261,,,-,-,5/18/2026,False,,False,
AP05A,1384262,,,-,-,5/18/2026,False,,False,
AP05A,1384263,,,-,-,5/18/2026,False,,False,
AP05A,1384264,,,-,-,5/18/2026,False,,False,
AP05A,1384265,,,-,-,5/18/2026,False,,False,
AP05A,1384266,,,-,-,5/18/2026,False,,False,
AP05A,1384267,,,-,-,5/18/2026,False,,False,
AP05A,1384268,,,-,-,5/18/2026,False,,False,
AP05A,1384269,,,-,-,5/18/2026,False,,False,
AP05A,1384270,,,-,-,5/18/2026,False,,False,
AP05A,1384271,,,-,-,5/18/2026,False,,False,
AP05A,1384272,,,-,-,5/18/2026,False,,False,
AP05A,1384273,,,-,-,5/18/2026,False,,False,
AP05A,1384274,,,-,-,5/18/2026,False,,False,
AP05A,1384275,,,-,-,5/18/2026,False,,False,
AP05A,1384276,,,-,-,5/18/2026,False,,False,
AP05A,1384277,,,-,-,5/18/2026,False,,False,
AP05A,1384278,,,-,-,5/18/2026,False,,False,
AP05A,1384279,,,-,-,5/18/2026,False,,False,
AP05A,1384280,,,-,-,5/18/2026,False,,False,
AP05A,1384281,,,-,-,5/18/2026,False,,False,
AP05A,1384282,,,-,-,5/18/2026,False,,False,
AP05A,1384283,,,-,-,5/18/2026,False,,False,
AP05A,1384284,,,-,-,5/18/2026,False,,False,
AP05A,1384285,,,-,-,5/18/2026,False,,False,
AP05A,1384286,,,-,-,5/18/2026,False,,False,
AP05A,1384287,,,-,-,5/18/2026,False,,False,
AP05A,1384288,,,-,-,5/18/2026,False,,False,
AP05A,1384289,,,-,-,5/18/2026,False,,False,
AP05A,1384290,,,-,-,5/18/2026,False,,False,
AP05A,1384291,,,-,-,5/18/2026,False,,False,
AP05A,1384292,,,-,-,5/18/2026,False,,False,
AP05A,1384293,,,-,-,5/18/2026,False,,False,
AP05A,1384294,,,-,-,5/18/2026,False,,False,
AP05A,1384295,,,-,-,5/18/2026,False,,False,
AP05A,1384296,,,-,-,5/18/2026,False,,False,
AP05A,1384297,,,-,-,5/18/2026,False,,False,
AP05A,1384298,,,-,-,5/18/2026,False,,False,
AP05A,1384299,,,-,-,5/18/2026,False,,False,
AP05A,1384300,,,-,-,5/18/2026,False,,False,
AP05A,1384301,,,-,-,5/18/2026,False,,False,
AP05A,1384302,,,-,-,5/18/2026,False,,False,
AP05A,1384303,,,-,-,5/18/2026,False,,False,
AP05A,1384304,,,-,-,5/18/2026,False,,False,
AP05A,1384305,,,-,-,5/18/2026,False,,False,
AP05A,1384306,,,-,-,5/18/2026,False,,False,
AP05A,1384307,,,-,-,5/18/2026,False,,False,
AP05A,1384308,,,-,-,5/18/2026,False,,False,
AP05A,1384309,,,-,-,5/18/2026,False,,False,
AP05A,1384310,,,-,-,5/18/2026,False,,False,
AP05A,1384311,,,-,-,5/18/2026,False,,False,
AP05A,1384312,,,-,-,5/18/2026,False,,False,
AP05A,1384313,,,-,-,5/18/2026,False,,False,
AP05A,1384314,,,-,-,5/18/2026,False,,False,
AP05A,1384315,,,-,-,5/18/2026,False,,False,
AP05A,1384316,,,-,-,5/18/2026,False,,False,
AP05A,1384317,,,-,-,5/18/2026,False,,False,
AP05A,1384318,,,-,-,5/18/2026,False,,False,
AP05A,1384319,,,-,-,5/18/2026,False,,False,
AP05A,1384320,,,-,-,5/18/2026,False,,False,
AP05A,1384321,,,-,-,5/18/2026,False,,False,
AP05A,1384322,,,-,-,5/18/2026,False,,False,
AP05A,1384323,,,-,-,5/18/2026,False,,False,
AP05A,1384324,,,-,-,5/18/2026,False,,False,
AP05A,1384325,,,-,-,5/18/2026,False,,False,
AP05A,1384326,,,-,-,5/18/2026,False,,False,
AP05A,1384327,,,-,-,5/18/2026,False,,False,
AP05A,1384328,,,-,-,5/18/2026,False,,False,
AP05A,1384329,,,-,-,5/18/2026,False,,False,
AP05A,1384330,,,-,-,5/18/2026,False,,False,
AP05A,1384331,,,-,-,5/18/2026,False,,False,
AP05A,1384332,,,-,-,5/18/2026,False,,False,
AP05A,1384333,,,-,-,5/18/2026,False,,False,
AP05A,1384334,,,-,-,5/18/2026,False,,False,
AP05A,1384335,,,-,-,5/18/2026,False,,False,
AP05A,1384336,,,-,-,5/18/2026,False,,False,
AP05A,1384337,,,-,-,5/18/2026,False,,False,
AP05A,1384338,,,-,-,5/18/2026,False,,False,
AP05A,1384339,,,-,-,5/18/2026,False,,False,
AP05A,1384340,,,-,-,5/18/2026,False,,False,
AP05A,1384341,,,-,-,5/18/2026,False,,False,
AP05A,1384342,,,-,-,5/18/2026,False,,False,
AP05A,1384343,,,-,-,5/18/2026,False,,False,
AP05A,1384344,,,-,-,5/18/2026,False,,False,
AP05A,1384345,,,-,-,5/18/2026,False,,False,
AP05A,1384346,,,-,-,5/18/2026,False,,False,
AP05A,1384347,,,-,-,5/18/2026,False,,False,
AP05A,1384348,,,-,-,5/18/2026,False,,False,
AP05A,1384349,,,-,-,5/18/2026,False,,False,
AP05A,1384350,,,-,-,5/18/2026,False,,False,
AP05A,1384351,,,-,-,5/18/2026,False,,False,
AP05A,1384352,,,-,-,5/18/2026,False,,False,
AP05A,1384353,,,-,-,5/18/2026,False,,False,
AP05A,1384354,,,-,-,5/18/2026,False,,False,
AP05A,1384355,,,-,-,5/18/2026,False,,False,
AP05A,1384356,,,-,-,5/18/2026,False,,False,
AP05A,1384357,,,-,-,5/18/2026,False,,False,
AP05A,1384358,,,-,-,5/18/2026,False,,False,
AP05A,1384359,,,-,-,5/18/2026,False,,False,
AP05A,1384360,,,-,-,5/18/2026,False,,False,
AP05A,1384361,,,-,-,5/18/2026,False,,False,
AP05A,1384362,,,-,-,5/18/2026,False,,False,
AP05A,1384363,,,-,-,5/18/2026,False,,False,
AP05A,1384364,,,-,-,5/18/2026,False,,False,
AP05A,1384365,,,-,-,5/18/2026,False,,False,
AP05A,1384366,,,-,-,5/18/2026,False,,False,
AP05A,1384367,,,-,-,5/18/2026,False,,False,
AP05A,1384368,,,-,-,5/18/2026,False,,False,
AP05A,1384369,,,-,-,5/18/2026,False,,False,
AP05A,1384370,,,-,-,5/18/2026,False,,False,
AP05A,1384371,,,-,-,5/18/2026,False,,False,
AP05A,1384372,,,-,-,5/18/2026,False,,False,
AP05A,1384373,,,-,-,5/18/2026,False,,False,
AP05A,1384374,,,-,-,5/18/2026,False,,False,
AP05A,1384375,,,-,-,5/18/2026,False,,False,
AP05A,1384376,,,-,-,5/18/2026,False,,False,
AP05A,1384377,,,-,-,5/18/2026,False,,False,
AP05A,1384378,,,-,-,5/18/2026,False,,False,
AP05A,1384379,,,-,-,5/18/2026,False,,False,
AP05A,1384380,,,-,-,5/18/2026,False,,False,
AP05A,1384381,,,-,-,5/18/2026,False,,False,
AP05A,1384382,,,-,-,5/18/2026,False,,False,
AP05A,1384383,,,-,-,5/18/2026,False,,False,
AP05A,1384384,,,-,-,5/18/2026,False,,False,
AP05A,1384385,,,-,-,5/18/2026,False,,False,
AP05A,1384386,,,-,-,5/18/2026,False,,False,
AP05A,1384387,,,-,-,5/18/2026,False,,False,
AP05A,1384388,,,-,-,5/18/2026,False,,False,
AP05A,1384389,,,-,-,5/18/2026,False,,False,
AP05A,1384390,,,-,-,5/18/2026,False,,False,
AP05A,1384391,,,-,-,5/18/2026,False,,False,
AP05A,1384392,,,-,-,5/18/2026,False,,False,
AP05A,1384393,,,-,-,5/18/2026,False,,False,
AP05A,1384394,,,-,-,5/18/2026,False,,False,
AP05A,1384395,,,-,-,5/18/2026,False,,False,
AP05A,1384396,,,-,-,5/18/2026,False,,False,
AP05A,1384397,,,-,-,5/18/2026,False,,False,
AP05A,1384398,,,-,-,5/18/2026,False,,False,
AP05A,1384399,,,-,-,5/18/2026,False,,False,
AP05A,1384400,,,-,-,5/18/2026,False,,False,
AP05A,1384401,,,-,-,5/18/2026,False,,False,
AP05A,1384402,,,-,-,5/18/2026,False,,False,
AP05A,1384403,,,-,-,5/18/2026,False,,False,
AP05A,1384404,,,-,-,5/18/2026,False,,False,
AP05A,1384405,,,-,-,5/18/2026,False,,False,
AP05A,1384406,,,-,-,5/18/2026,False,,False,
AP05A,1384407,,,-,-,5/18/2026,False,,False,
AP05A,1384408,,,-,-,5/18/2026,False,,False,
AP05A,1384409,,,-,-,5/18/2026,False,,False,
AP05A,1384410,,,-,-,5/18/2026,False,,False,
AP05A,1384411,,,-,-,5/18/2026,False,,False,
AP05A,1384412,,,-,-,5/18/2026,False,,False,
AP05A,1384413,,,-,-,5/18/2026,False,,False,
AP05A,1384414,,,-,-,5/18/2026,False,,False,
AP05A,1384415,,,-,-,5/18/2026,False,,False,
AP05A,1384416,,,-,-,5/18/2026,False,,False,
AP05A,1384417,,,-,-,5/18/2026,False,,False,
AP05A,1384418,,,-,-,5/18/2026,False,,False,
AP05A,1384419,,,-,-,5/18/2026,False,,False,
AP05A,1384420,,,-,-,5/18/2026,False,,False,
AP05A,1384421,,,-,-,5/18/2026,False,,False,
AP05A,1384422,,,-,-,5/18/2026,False,,False,
AP05A,1384423,,,-,-,5/18/2026,False,,False,
AP05A,1384424,,,-,-,5/18/2026,False,,False,
AP05A,1384425,,,-,-,5/18/2026,False,,False,
AP05A,1384426,,,-,-,5/18/2026,False,,False,
AP05A,1384427,,,-,-,5/18/2026,False,,False,
AP05A,1384428,,,-,-,5/18/2026,False,,False,
AP05A,1384429,,,-,-,5/18/2026,False,,False,
AP05A,1384430,,,-,-,5/18/2026,False,,False,
AP05A,1384431,,,-,-,5/18/2026,False,,False,
AP05A,1384432,,,-,-,5/18/2026,False,,False,
AP05A,1384433,,,-,-,5/18/2026,False,,False,
AP05A,1384434,,,-,-,5/18/2026,False,,False,
AP05A,1384435,,,-,-,5/18/2026,False,,False,
AP05A,1384436,,,-,-,5/18/2026,False,,False,
AP05A,1384437,,,-,-,5/18/2026,False,,False,
AP05A,1384438,,,-,-,5/18/2026,False,,False,
AP05A,1384439,,,-,-,5/18/2026,False,,False,
AP05A,1384440,,,-,-,5/18/2026,False,,False,
AP05A,1384441,,,-,-,5/18/2026,False,,False,
AP05A,1384442,,,-,-,5/18/2026,False,,False,
AP05A,1384443,,,-,-,5/18/2026,False,,False,
AP05A,1384444,,,-,-,5/18/2026,False,,False,
AP05A,1384445,,,-,-,5/18/2026,False,,False,
AP05A,1384446,,,-,-,5/18/2026,False,,False,
AP05A,1384447,,,-,-,5/18/2026,False,,False,
AP05A,1384448,,,-,-,5/18/2026,False,,False,
AP05A,1384449,,,-,-,5/18/2026,False,,False,
AP05A,1384450,,,-,-,5/18/2026,False,,False,
AP05A,1384451,,,-,-,5/18/2026,False,,False,
AP05A,1384452,,,-,-,5/18/2026,False,,False,
AP05A,1384453,,,-,-,5/18/2026,False,,False,
AP05A,1384454,,,-,-,5/18/2026,False,,False,
AP05A,1384455,,,-,-,5/18/2026,False,,False,
AP05A,1384456,,,-,-,5/18/2026,False,,False,
AP05A,1384457,,,-,-,5/18/2026,False,,False,
AP05A,1384458,,,-,-,5/18/2026,False,,False,
AP05A,1384459,,,-,-,5/18/2026,False,,False,
AP05A,1384460,,,-,-,5/18/2026,False,,False,
AP05A,1384461,,,-,-,5/18/2026,False,,False,
AP05A,1384462,,,-,-,5/18/2026,False,,False,
AP05A,1384463,,,-,-,5/18/2026,False,,False,
AP05A,1384464,,,-,-,5/18/2026,False,,False,
AP05A,1384465,,,-,-,5/18/2026,False,,False,
AP05A,1384466,,,-,-,5/18/2026,False,,False,
AP05A,1384467,,,-,-,5/18/2026,False,,False,
AP05A,1384468,,,-,-,5/18/2026,False,,False,
AP05A,1384469,,,-,-,5/18/2026,False,,False,
AP05A,1384470,,,-,-,5/18/2026,False,,False,
AP05A,1384471,,,-,-,5/18/2026,False,,False,
AP05A,1384472,,,-,-,5/18/2026,False,,False,
AP05A,1384473,,,-,-,5/18/2026,False,,False,
AP05A,1384474,,,-,-,5/18/2026,False,,False,
AP05A,1384475,,,-,-,5/18/2026,False,,False,
AP05A,1384476,,,-,-,5/18/2026,False,,False,
AP05A,1384477,,,-,-,5/18/2026,False,,False,
AP05A,1384478,,,-,-,5/18/2026,False,,False,
AP05A,1384479,,,-,-,5/18/2026,False,,False,
AP05A,1384480,,,-,-,5/18/2026,False,,False,
AP05A,1384481,,,-,-,5/18/2026,False,,False,
AP05A,1384482,,,-,-,5/18/2026,False,,False,
AP05A,1384483,,,-,-,5/18/2026,False,,False,
AP05A,1384484,,,-,-,5/18/2026,False,,False,
AP05A,1384485,,,-,-,5/18/2026,False,,False,
AP05A,1384486,,,-,-,5/18/2026,False,,False,
AP05A,1384487,,,-,-,5/18/2026,False,,False,
AP05A,1384488,,,-,-,5/18/2026,False,,False,
AP05A,1384489,,,-,-,5/18/2026,False,,False,
AP05A,1384490,,,-,-,5/18/2026,False,,False,
AP05A,1384491,,,-,-,5/18/2026,False,,False,
AP05A,1384492,,,-,-,5/18/2026,False,,False,
AP05A,1384493,,,-,-,5/18/2026,False,,False,
AP05A,1384494,,,-,-,5/18/2026,False,,False,
AP05A,1384495,,,-,-,5/18/2026,False,,False,
AP05A,1384496,,,-,-,5/18/2026,False,,False,
AP05A,1384497,,,-,-,5/18/2026,False,,False,
AP05A,1384498,,,-,-,5/18/2026,False,,False,
AP05A,1384499,,,-,-,5/18/2026,False,,False,
AP05A,1384500,,,-,-,5/18/2026,False,,False,
AP05A,1384501,,,-,-,5/18/2026,False,,False,
AP05A,1384502,,,-,-,5/18/2026,False,,False,
AP05A,1384503,,,-,-,5/18/2026,False,,False,
AP05A,1384504,,,-,-,5/18/2026,False,,False,
AP05A,1384505,,,-,-,5/18/2026,False,,False,
AP05A,1384506,,,-,-,5/18/2026,False,,False,
AP05A,1384507,,,-,-,5/18/2026,False,,False,
AP05A,1384508,,,-,-,5/18/2026,False,,False,
AP05A,1384509,,,-,-,5/18/2026,False,,False,
AP05A,1384510,,,-,-,5/18/2026,False,,False,
AP05A,1384511,,,-,-,5/18/2026,False,,False,
AP05A,1384512,,,-,-,5/18/2026,False,,False,
AP05A,1384513,,,-,-,5/18/2026,False,,False,
AP05A,1384514,,,-,-,5/18/2026,False,,False,
AP05A,1384515,,,-,-,5/18/2026,False,,False,
AP05A,1384516,,,-,-,5/18/2026,False,,False,
AP05A,1384517,,,-,-,5/18/2026,False,,False,
AP05A,1384518,,,-,-,5/18/2026,False,,False,
AP05A,1384519,,,-,-,5/18/2026,False,,False,
AP05A,1384520,,,-,-,5/18/2026,False,,False,
AP05A,1384521,,,-,-,5/18/2026,False,,False,
AP05A,1384522,,,-,-,5/18/2026,False,,False,
AP05A,1384523,,,-,-,5/18/2026,False,,False,
AP05A,1384524,,,-,-,5/18/2026,False,,False,
AP05A,1384525,,,-,-,5/18/2026,False,,False,
AP05A,1384526,,,-,-,5/18/2026,False,,False,
AP05A,1384527,,,-,-,5/18/2026,False,,False,
AP05A,1384528,,,-,-,5/18/2026,False,,False,
AP05A,1384529,,,-,-,5/18/2026,False,,False,
AP05A,1384530,,,-,-,5/18/2026,False,,False,
AP05A,1384531,,,-,-,5/18/2026,False,,False,
AP05A,1384532,,,-,-,5/18/2026,False,,False,
AP05A,1384533,,,-,-,5/18/2026,False,,False,
AP05A,1384534,,,-,-,5/18/2026,False,,False,
AP05A,1384535,,,-,-,5/18/2026,False,,False,
AP05A,1384536,,,-,-,5/18/2026,False,,False,
AP05A,1384537,,,-,-,5/18/2026,False,,False,
AP05A,1384538,,,-,-,5/18/2026,False,,False,
AP05A,1384539,,,-,-,5/18/2026,False,,False,
AP05A,1384540,,,-,-,5/18/2026,False,,False,
AP05A,1384541,,,-,-,5/18/2026,False,,False,
AP05A,1384542,,,-,-,5/18/2026,False,,False,
AP05A,1384543,,,-,-,5/18/2026,False,,False,
AP05A,1384544,,,-,-,5/18/2026,False,,False,
AP05A,1384545,,,-,-,5/18/2026,False,,False,
AP05A,1384546,,,-,-,5/18/2026,False,,False,
AP05A,1384547,,,-,-,5/18/2026,False,,False,
AP05A,1384548,,,-,-,5/18/2026,False,,False,
AP05A,1394549,,,-,-,5/18/2026,False,,False,
AP05A,1394550,,,-,-,5/18/2026,False,,False,
AP05A,1394551,,,-,-,5/18/2026,False,,False,
AP05A,1394552,,,-,-,5/18/2026,False,,False,
AP05A,1394553,,,-,-,5/18/2026,False,,False,
AP05A,1394554,,,-,-,5/18/2026,False,,False,
AP05A,1394555,,,-,-,5/18/2026,False,,False,
AP05A,1394556,,,-,-,5/18/2026,False,,False,
AP05A,1394557,,,-,-,5/18/2026,False,,False,
AP05A,1394558,,,-,-,5/18/2026,False,,False,
AP05A,1394559,,,-,-,5/18/2026,False,,False,
AP05A,1394560,,,-,-,5/18/2026,False,,False,
AP05A,1394561,,,-,-,5/18/2026,False,,False,
AP05A,1394562,,,-,-,5/18/2026,False,,False,
AP05A,1394563,,,-,-,5/18/2026,False,,False,
AP05A,1394564,,,-,-,5/18/2026,False,,False,
AP05A,1394565,,,-,-,5/18/2026,False,,False,
AP05A,1394566,,,-,-,5/18/2026,False,,False,
AP05A,1394567,,,-,-,5/18/2026,False,,False,
AP05A,1394568,,,-,-,5/18/2026,False,,False,
AP05A,1394569,,,-,-,5/18/2026,False,,False,
AP05A,1394570,,,-,-,5/18/2026,False,,False,
AP05A,1394571,,,-,-,5/18/2026,False,,False,
AP05A,1394572,,,-,-,5/18/2026,False,,False,
AP05A,1394573,,,-,-,5/18/2026,False,,False,
AP05A,1394574,,,-,-,5/18/2026,False,,False,
AP05A,1394575,,,-,-,5/18/2026,False,,False,
AP05A,1394576,,,-,-,5/18/2026,False,,False,
AP05A,1394577,,,-,-,5/18/2026,False,,False,
AP05A,1394578,,,-,-,5/18/2026,False,,False,
AP05A,1394579,,,-,-,5/18/2026,False,,False,
AP05A,1394580,,,-,-,5/18/2026,False,,False,
AP05A,1394581,,,-,-,5/18/2026,False,,False,
AP05A,1394582,,,-,-,5/18/2026,False,,False,
AP05A,1394583,,,-,-,5/18/2026,False,,False,
AP05A,1394584,,,-,-,5/18/2026,False,,False,
AP05A,1394585,,,-,-,5/18/2026,False,,False,
AP05A,1394586,,,-,-,5/18/2026,False,,False,
AP05A,1394587,,,-,-,5/18/2026,False,,False,
AP05A,1394588,,,-,-,5/18/2026,False,,False,
AP05A,1394589,,,-,-,5/18/2026,False,,False,
AP05A,1394590,,,-,-,5/18/2026,False,,False,
AP05A,1394591,,,-,-,5/18/2026,False,,False,
AP05A,1394592,,,-,-,5/18/2026,False,,False,
AP05A,1394593,,,-,-,5/18/2026,False,,False,
AP05A,1394594,,,-,-,5/18/2026,False,,False,
AP05A,1394595,,,-,-,5/18/2026,False,,False,
AP05A,1394596,,,-,-,5/18/2026,False,,False,
AP05A,1394597,,,-,-,5/18/2026,False,,False,
AP05A,1394598,,,-,-,5/18/2026,False,,False,
AP05A,1394599,,,-,-,5/18/2026,False,,False,
AP05A,1394600,,,-,-,5/18/2026,False,,False,
AP05A,1394601,,,-,-,5/18/2026,False,,False,
AP05A,1394602,,,-,-,5/18/2026,False,,False,
AP05A,1394603,,,-,-,5/18/2026,False,,False,
AP05A,1394604,,,-,-,5/18/2026,False,,False,
AP05A,1394605,,,-,-,5/18/2026,False,,False,
AP05A,1394606,,,-,-,5/18/2026,False,,False,
AP05A,1394607,,,-,-,5/18/2026,False,,False,
AP05A,1394608,,,-,-,5/18/2026,False,,False,
AP05A,1394609,,,-,-,5/18/2026,False,,False,
AP05A,1394610,,,-,-,5/18/2026,False,,False,
AP05A,1394611,,,-,-,5/18/2026,False,,False,
AP05A,1394612,,,-,-,5/18/2026,False,,False,
AP05A,1394613,,,-,-,5/18/2026,False,,False,
AP05A,1394614,,,-,-,5/18/2026,False,,False,
AP05A,1394615,,,-,-,5/18/2026,False,,False,
AP05A,1394616,,,-,-,5/18/2026,False,,False,
AP05A,1394617,,,-,-,5/18/2026,False,,False,
AP05A,1394618,,,-,-,5/18/2026,False,,False,
AP05A,1394619,,,-,-,5/18/2026,False,,False,
AP05A,1394620,,,-,-,5/18/2026,False,,False,
AP05A,1394621,,,-,-,5/18/2026,False,,False,
AP05A,1394622,,,-,-,5/18/2026,False,,False,
AP05A,1394623,,,-,-,5/18/2026,False,,False,
AP05A,1394624,,,-,-,5/18/2026,False,,False,
AP05A,1394625,,,-,-,5/18/2026,False,,False,
AP05A,1394626,,,-,-,5/18/2026,False,,False,
AP05A,1394627,,,-,-,5/18/2026,False,,False,
AP05A,1394628,,,-,-,5/18/2026,False,,False,
AP05A,1394629,,,-,-,5/18/2026,False,,False,
AP05A,1394630,,,-,-,5/18/2026,False,,False,
AP05A,1394631,,,-,-,5/18/2026,False,,False,
AP05A,1394632,,,-,-,5/18/2026,False,,False,
AP05A,1394633,,,-,-,5/18/2026,False,,False,
AP05A,1394634,,,-,-,5/18/2026,False,,False,
AP05A,1394635,,,-,-,5/18/2026,False,,False,
AP05A,1394636,,,-,-,5/18/2026,False,,False,
AP05A,1394637,,,-,-,5/18/2026,False,,False,
AP05A,1394638,,,-,-,5/18/2026,False,,False,
AP05A,1394639,,,-,-,5/18/2026,False,,False,
AP05A,1394640,,,-,-,5/18/2026,False,,False,
AP05A,1394641,,,-,-,5/18/2026,False,,False,
AP05A,1394642,,,-,-,5/18/2026,False,,False,
AP05A,1394643,,,-,-,5/18/2026,False,,False,
AP05A,1394644,,,-,-,5/18/2026,False,,False,
AP05A,1394645,,,-,-,5/18/2026,False,,False,
AP05A,1394646,,,-,-,5/18/2026,False,,False,
AP05A,1394647,,,-,-,5/18/2026,False,,False,
AP05A,1394648,,,-,-,5/18/2026,False,,False,
AP05A,1394649,,,-,-,5/18/2026,False,,False,
AP05A,1394650,,,-,-,5/18/2026,False,,False,
AP05A,1394651,,,-,-,5/18/2026,False,,False,
AP05A,1394652,,,-,-,5/18/2026,False,,False,
AP05A,1394653,,,-,-,5/18/2026,False,,False,
AP05A,1394654,,,-,-,5/18/2026,False,,False,
AP05A,1394655,,,-,-,5/18/2026,False,,False,
AP05A,1394656,,,-,-,5/18/2026,False,,False,
AP05A,1394657,,,-,-,5/18/2026,False,,False,
AP05A,1394658,,,-,-,5/18/2026,False,,False,
AP05A,1394659,,,-,-,5/18/2026,False,,False,
AP05A,1394660,,,-,-,5/18/2026,False,,False,
AP05A,1394661,,,-,-,5/18/2026,False,,False,
AP05A,1394662,,,-,-,5/18/2026,False,,False,
AP05A,1394663,,,-,-,5/18/2026,False,,False,
AP05A,1394664,,,-,-,5/18/2026,False,,False,
AP05A,1394665,,,-,-,5/18/2026,False,,False,
AP05A,1394666,,,-,-,5/18/2026,False,,False,
AP05A,1394667,,,-,-,5/18/2026,False,,False,
AP05A,1394668,,,-,-,5/18/2026,False,,False,
AP05A,1394669,,,-,-,5/18/2026,False,,False,
AP05A,1394670,,,-,-,5/18/2026,False,,False,
AP05A,1394671,,,-,-,5/18/2026,False,,False,
AP05A,1394672,,,-,-,5/18/2026,False,,False,
AP05A,1394673,,,-,-,5/18/2026,False,,False,
AP05A,1394674,,,-,-,5/18/2026,False,,False,
AP05A,1394675,,,-,-,5/18/2026,False,,False,
AP05A,1394676,,,-,-,5/18/2026,False,,False,
AP05A,1394677,,,-,-,5/18/2026,False,,False,
AP05A,1394678,,,-,-,5/18/2026,False,,False,
AP05A,1394679,,,-,-,5/18/2026,False,,False,
AP05A,1394680,,,-,-,5/18/2026,False,,False,
AP05A,1394681,,,-,-,5/18/2026,False,,False,
AP05A,1394682,,,-,-,5/18/2026,False,,False,
AP05A,1394683,,,-,-,5/18/2026,False,,False,
AP05A,1394684,,,-,-,5/18/2026,False,,False,
AP05A,1394685,,,-,-,5/18/2026,False,,False,
AP05A,1394686,,,-,-,5/18/2026,False,,False,
AP05A,1394687,,,-,-,5/18/2026,False,,False,
AP05A,1394688,,,-,-,5/18/2026,False,,False,
AP05A,1394689,,,-,-,5/18/2026,False,,False,
AP05A,1394690,,,-,-,5/18/2026,False,,False,
AP05A,1394691,,,-,-,5/18/2026,False,,False,
AP05A,1394692,,,-,-,5/18/2026,False,,False,
AP05A,1394693,,,-,-,5/18/2026,False,,False,
AP05A,1394694,,,-,-,5/18/2026,False,,False,
AP05A,1394695,,,-,-,5/18/2026,False,,False,
AP05A,1394696,,,-,-,5/18/2026,False,,False,
AP05A,1394697,,,-,-,5/18/2026,False,,False,
AP05A,1394698,,,-,-,5/18/2026,False,,False,
AP05A,1394699,,,-,-,5/18/2026,False,,False,
AP05A,1394700,,,-,-,5/18/2026,False,,False,
AP05A,1394701,,,-,-,5/18/2026,False,,False,
AP05A,1394702,,,-,-,5/18/2026,False,,False,
AP05A,1394703,,,-,-,5/18/2026,False,,False,
AP05A,1394704,,,-,-,5/18/2026,False,,False,
AP05A,1394705,,,-,-,5/18/2026,False,,False,
AP05A,1394706,,,-,-,5/18/2026,False,,False,
AP05A,1394707,,,-,-,5/18/2026,False,,False,
AP05A,1394708,,,-,-,5/18/2026,False,,False,
AP05A,1394709,,,-,-,5/18/2026,False,,False,
AP05A,1394710,,,-,-,5/18/2026,False,,False,
AP05A,1394711,,,-,-,5/18/2026,False,,False,
AP05A,1394712,,,-,-,5/18/2026,False,,False,
AP05A,1394713,,,-,-,5/18/2026,False,,False,
AP05A,1394714,,,-,-,5/18/2026,False,,False,
AP05A,1394715,,,-,-,5/18/2026,False,,False,
AP05A,1394716,,,-,-,5/18/2026,False,,False,
AP05A,1394717,,,-,-,5/18/2026,False,,False,
AP05A,1394718,,,-,-,5/18/2026,False,,False,
AP05A,1394719,,,-,-,5/18/2026,False,,False,
AP05A,1394720,,,-,-,5/18/2026,False,,False,
AP05A,1394721,,,-,-,5/18/2026,False,,False,
AP05A,1394722,,,-,-,5/18/2026,False,,False,
AP05A,1394723,,,-,-,5/18/2026,False,,False,
AP05A,1394724,,,-,-,5/18/2026,False,,False,
AP05A,1394725,,,-,-,5/18/2026,False,,False,
AP05A,1394726,,,-,-,5/18/2026,False,,False,
AP05A,1394727,,,-,-,5/18/2026,False,,False,
AP05A,1394728,,,-,-,5/18/2026,False,,False,
AP05A,1394729,,,-,-,5/18/2026,False,,False,
AP05A,1394730,,,-,-,5/18/2026,False,,False,
AP05A,1394731,,,-,-,5/18/2026,False,,False,
AP05A,1394732,,,-,-,5/18/2026,False,,False,
AP05A,1394733,,,-,-,5/18/2026,False,,False,
AP05A,1394734,,,-,-,5/18/2026,False,,False,
AP05A,1394735,,,-,-,5/18/2026,False,,False,
AP05A,1394736,,,-,-,5/18/2026,False,,False,
AP05A,1394737,,,-,-,5/18/2026,False,,False,
AP05A,1394738,,,-,-,5/18/2026,False,,False,
AP05A,1394739,,,-,-,5/18/2026,False,,False,
AP05A,1394740,,,-,-,5/18/2026,False,,False,
AP05A,1394741,,,-,-,5/18/2026,False,,False,
AP05A,1394742,,,-,-,5/18/2026,False,,False,
AP05A,1394743,,,-,-,5/18/2026,False,,False,
AP05A,1394744,,,-,-,5/18/2026,False,,False,
AP05A,1394745,,,-,-,5/18/2026,False,,False,
AP05A,1394746,,,-,-,5/18/2026,False,,False,
AP05A,1394747,,,-,-,5/18/2026,False,,False,
AP05A,1394748,,,-,-,5/18/2026,False,,False,
AP05A,1394749,,,-,-,5/18/2026,False,,False,
AP05A,1394750,,,-,-,5/18/2026,False,,False,
AP05A,1394751,,,-,-,5/18/2026,False,,False,
AP05A,1394752,,,-,-,5/18/2026,False,,False,
AP05A,1394753,,,-,-,5/18/2026,False,,False,
AP05A,1394754,,,-,-,5/18/2026,False,,False,
AP05A,1394755,,,-,-,5/18/2026,False,,False,
AP05A,1394756,,,-,-,5/18/2026,False,,False,
AP05A,1394757,,,-,-,5/18/2026,False,,False,
AP05A,1394758,,,-,-,5/18/2026,False,,False,
AP05A,1394759,,,-,-,5/18/2026,False,,False,
AP05A,1394760,,,-,-,5/18/2026,False,,False,
AP05A,1394761,,,-,-,5/18/2026,False,,False,
AP05A,1394762,,,-,-,5/18/2026,False,,False,
AP05A,1394763,,,-,-,5/18/2026,False,,False,
AP05A,1394764,,,-,-,5/18/2026,False,,False,
AP05A,1394765,,,-,-,5/18/2026,False,,False,
AP05A,1394766,,,-,-,5/18/2026,False,,False,
AP05A,1394767,,,-,-,5/18/2026,False,,False,
AP05A,1394768,,,-,-,5/18/2026,False,,False,
AP05A,1394769,,,-,-,5/18/2026,False,,False,
AP05A,1394770,,,-,-,5/18/2026,False,,False,
AP05A,1394771,,,-,-,5/18/2026,False,,False,
AP05A,1394772,,,-,-,5/18/2026,False,,False,
AP05A,1394773,,,-,-,5/18/2026,False,,False,
AP05A,1394774,,,-,-,5/18/2026,False,,False,
AP05A,1394775,,,-,-,5/18/2026,False,,False,
AP05A,1394776,,,-,-,5/18/2026,False,,False,
AP05A,1394777,,,-,-,5/18/2026,False,,False,
AP05A,1394778,,,-,-,5/18/2026,False,,False,
AP05A,1394779,,,-,-,5/18/2026,False,,False,
AP05A,1394780,,,-,-,5/18/2026,False,,False,
AP05A,1394781,,,-,-,5/18/2026,False,,False,
AP05A,1394782,,,-,-,5/18/2026,False,,False,
AP05A,1394783,,,-,-,5/18/2026,False,,False,
AP05A,1394784,,,-,-,5/18/2026,False,,False,
AP05A,1394785,,,-,-,5/18/2026,False,,False,
AP05A,1394786,,,-,-,5/18/2026,False,,False,
AP05A,1394787,,,-,-,5/18/2026,False,,False,
AP05A,1394788,,,-,-,5/18/2026,False,,False,
AP05A,1394789,,,-,-,5/18/2026,False,,False,
AP05A,1394790,,,-,-,5/18/2026,False,,False,
AP05A,1394791,,,-,-,5/18/2026,False,,False,
AP05A,1394792,,,-,-,5/18/2026,False,,False,
AP05A,1394793,,,-,-,5/18/2026,False,,False,
AP05A,1394794,,,-,-,5/18/2026,False,,False,
AP05A,1394795,,,-,-,5/18/2026,False,,False,
AP05A,1394796,,,-,-,5/18/2026,False,,False,
AP05A,1394797,,,-,-,5/18/2026,False,,False,
AP05A,1394798,,,-,-,5/18/2026,False,,False,
AP05A,1394799,,,-,-,5/18/2026,False,,False,
AP05A,1394800,,,-,-,5/18/2026,False,,False,
AP05A,1394801,,,-,-,5/18/2026,False,,False,
AP05A,1394802,,,-,-,5/18/2026,False,,False,
AP05A,1394803,,,-,-,5/18/2026,False,,False,
AP05A,1394804,,,-,-,5/18/2026,False,,False,
AP05A,1394805,,,-,-,5/18/2026,False,,False,
AP05A,1394806,,,-,-,5/18/2026,False,,False,
AP05A,1394807,,,-,-,5/18/2026,False,,False,
AP05A,1394808,,,-,-,5/18/2026,False,,False,
AP05A,1394809,,,-,-,5/18/2026,False,,False,
AP05A,1394810,,,-,-,5/18/2026,False,,False,
AP05A,1394811,,,-,-,5/18/2026,False,,False,
AP05A,1394812,,,-,-,5/18/2026,False,,False,
AP05A,1394813,,,-,-,5/18/2026,False,,False,
AP05A,1394814,,,-,-,5/18/2026,False,,False,
AP05A,1394815,,,-,-,5/18/2026,False,,False,
AP05A,1394816,,,-,-,5/18/2026,False,,False,
AP05A,1394817,,,-,-,5/18/2026,False,,False,
AP05A,1394818,,,-,-,5/18/2026,False,,False,
AP05A,1394819,,,-,-,5/18/2026,False,,False,
AP05A,1394820,,,-,-,5/18/2026,False,,False,
AP05A,1394821,,,-,-,5/18/2026,False,,False,
AP05A,1394822,,,-,-,5/18/2026,False,,False,
AP05A,1394823,,,-,-,5/18/2026,False,,False,
AP05A,1394824,,,-,-,5/18/2026,False,,False,
AP05A,1394825,,,-,-,5/18/2026,False,,False,
AP05A,1394826,,,-,-,5/18/2026,False,,False,
AP05A,1394827,,,-,-,5/18/2026,False,,False,
AP05A,1394828,,,-,-,5/18/2026,False,,False,
AP05A,1394829,,,-,-,5/18/2026,False,,False,
AP05A,1394830,,,-,-,5/18/2026,False,,False,
AP05A,1394831,,,-,-,5/18/2026,False,,False,
AP05A,1394832,,,-,-,5/18/2026,False,,False,
AP05A,1394833,,,-,-,5/18/2026,False,,False,
AP05A,1394834,,,-,-,5/18/2026,False,,False,
AP05A,1394835,,,-,-,5/18/2026,False,,False,
AP05A,1394836,,,-,-,5/18/2026,False,,False,
AP05A,1394837,,,-,-,5/18/2026,False,,False,
AP05A,1394838,,,-,-,5/18/2026,False,,False,
AP05A,1394839,,,-,-,5/18/2026,False,,False,
AP05A,1394840,,,-,-,5/18/2026,False,,False,
AP05A,1394841,,,-,-,5/18/2026,False,,False,
AP05A,1394842,,,-,-,5/18/2026,False,,False,
AP05A,1394843,,,-,-,5/18/2026,False,,False,
AP05A,1394844,,,-,-,5/18/2026,False,,False,
AP05A,1394845,,,-,-,5/18/2026,False,,False,
AP05A,1394846,,,-,-,5/18/2026,False,,False,
AP05A,1394847,,,-,-,5/18/2026,False,,False,
AP05A,1394848,,,-,-,5/18/2026,False,,False,
AP05A,1394849,,,-,-,5/18/2026,False,,False,
AP05A,1394850,,,-,-,5/18/2026,False,,False,
AP05A,1394851,,,-,-,5/18/2026,False,,False,
AP05A,1394852,,,-,-,5/18/2026,False,,False,
AP05A,1394853,,,-,-,5/18/2026,False,,False,
AP05A,1394854,,,-,-,5/18/2026,False,,False,
AP05A,1394855,,,-,-,5/18/2026,False,,False,
AP05A,1394856,,,-,-,5/18/2026,False,,False,
AP05A,1394857,,,-,-,5/18/2026,False,,False,
AP05A,1394858,,,-,-,5/18/2026,False,,False,
AP05A,1394859,,,-,-,5/18/2026,False,,False,
AP05A,1394860,,,-,-,5/18/2026,False,,False,
AP05A,1394861,,,-,-,5/18/2026,False,,False,
AP05A,1394862,,,-,-,5/18/2026,False,,False,
AP05A,1394863,,,-,-,5/18/2026,False,,False,
AP05A,1394864,,,-,-,5/18/2026,False,,False,
AP05A,1394865,,,-,-,5/18/2026,False,,False,
AP05A,1394866,,,-,-,5/18/2026,False,,False,
AP05A,1394867,,,-,-,5/18/2026,False,,False,
AP05A,1394868,,,-,-,5/18/2026,False,,False,
AP05A,1394869,,,-,-,5/18/2026,False,,False,
AP05A,1394870,,,-,-,5/18/2026,False,,False,
AP05A,1394871,,,-,-,5/18/2026,False,,False,
AP05A,1394872,,,-,-,5/18/2026,False,,False,
AP05A,1394873,,,-,-,5/18/2026,False,,False,
AP05A,1394874,,,-,-,5/18/2026,False,,False,
AP05A,1394875,,,-,-,5/18/2026,False,,False,
AP05A,1394876,,,-,-,5/18/2026,False,,False,
AP05A,1394877,,,-,-,5/18/2026,False,,False,
AP05A,1394878,,,-,-,5/18/2026,False,,False,
AP05A,1394879,,,-,-,5/18/2026,False,,False,
AP05A,1394880,,,-,-,5/18/2026,False,,False,
AP05A,1394881,,,-,-,5/18/2026,False,,False,
AP05A,1394882,,,-,-,5/18/2026,False,,False,
AP05A,1394883,,,-,-,5/18/2026,False,,False,
AP05A,1394884,,,-,-,5/18/2026,False,,False,
AP05A,1394885,,,-,-,5/18/2026,False,,False,
AP05A,1394886,,,-,-,5/18/2026,False,,False,
AP05A,1394887,,,-,-,5/18/2026,False,,False,
AP05A,1394888,,,-,-,5/18/2026,False,,False,
AP05A,1394889,,,-,-,5/18/2026,False,,False,
AP05A,1394890,,,-,-,5/18/2026,False,,False,
AP05A,1394891,,,-,-,5/18/2026,False,,False,
AP05A,1394892,,,-,-,5/18/2026,False,,False,
AP05A,1394893,,,-,-,5/18/2026,False,,False,
AP05A,1394894,,,-,-,5/18/2026,False,,False,
AP05A,1394895,,,-,-,5/18/2026,False,,False,
AP05A,1394896,,,-,-,5/18/2026,False,,False,
AP05A,1394897,,,-,-,5/18/2026,False,,False,
AP05A,1394898,,,-,-,5/18/2026,False,,False,
AP05A,1394899,,,-,-,5/18/2026,False,,False,
AP05A,1394900,,,-,-,5/18/2026,False,,False,
AP05A,1394901,,,-,-,5/18/2026,False,,False,
AP05A,1394902,,,-,-,5/18/2026,False,,False,
AP05A,1394903,,,-,-,5/18/2026,False,,False,
AP05A,1394904,,,-,-,5/18/2026,False,,False,
AP05A,1394905,,,-,-,5/18/2026,False,,False,
AP05A,1394906,,,-,-,5/18/2026,False,,False,
AP05A,1394907,,,-,-,5/18/2026,False,,False,
AP05A,1394908,,,-,-,5/18/2026,False,,False,
AP05A,1394909,,,-,-,5/18/2026,False,,False,
AP05A,1394910,,,-,-,5/18/2026,False,,False,
AP05A,1394911,,,-,-,5/18/2026,False,,False,
AP05A,1394912,,,-,-,5/18/2026,False,,False,
AP05A,1394913,,,-,-,5/18/2026,False,,False,
AP05A,1394914,,,-,-,5/18/2026,False,,False,
AP05A,1394915,,,-,-,5/18/2026,False,,False,
AP05A,1394916,,,-,-,5/18/2026,False,,False,
AP05A,1394917,,,-,-,5/18/2026,False,,False,
AP05A,1394918,,,-,-,5/18/2026,False,,False,
AP05A,1394919,,,-,-,5/18/2026,False,,False,
AP05A,1394920,,,-,-,5/18/2026,False,,False,
AP05A,1394921,,,-,-,5/18/2026,False,,False,
AP05A,1394922,,,-,-,5/18/2026,False,,False,
AP05A,1394923,,,-,-,5/18/2026,False,,False,
AP05A,1394924,,,-,-,5/18/2026,False,,False,
AP05A,1394925,,,-,-,5/18/2026,False,,False,
AP05A,1394926,,,-,-,5/18/2026,False,,False,
AP05A,1394927,,,-,-,5/18/2026,False,,False,
AP05A,1394928,,,-,-,5/18/2026,False,,False,
AP05A,1394929,,,-,-,5/18/2026,False,,False,
AP05A,1394930,,,-,-,5/18/2026,False,,False,
AP05A,1394931,,,-,-,5/18/2026,False,,False,
AP05A,1394932,,,-,-,5/18/2026,False,,False,
AP05A,1394933,,,-,-,5/18/2026,False,,False,
AP05A,1394934,,,-,-,5/18/2026,False,,False,
AP05A,1394935,,,-,-,5/18/2026,False,,False,
AP05A,1394936,,,-,-,5/18/2026,False,,False,
AP05A,1394937,,,-,-,5/18/2026,False,,False,
AP05A,1394938,,,-,-,5/18/2026,False,,False,
AP05A,1394939,,,-,-,5/18/2026,False,,False,
AP05A,1394940,,,-,-,5/18/2026,False,,False,
AP05A,1394941,,,-,-,5/18/2026,False,,False,
AP05A,1394942,,,-,-,5/18/2026,False,,False,
AP05A,1394943,,,-,-,5/18/2026,False,,False,
AP05A,1394944,,,-,-,5/18/2026,False,,False,
AP05A,1394945,,,-,-,5/18/2026,False,,False,
AP05A,1394946,,,-,-,5/18/2026,False,,False,
AP05A,1394947,,,-,-,5/18/2026,False,,False,
AP05A,1394948,,,-,-,5/18/2026,False,,False,
AP05A,1394949,,,-,-,5/18/2026,False,,False,
AP05A,1394950,,,-,-,5/18/2026,False,,False,
AP05A,1394951,,,-,-,5/18/2026,False,,False,
AP05A,1394952,,,-,-,5/18/2026,False,,False,
AP05A,1394953,,,-,-,5/18/2026,False,,False,
AP05A,1394954,,,-,-,5/18/2026,False,,False,
AP05A,1394955,,,-,-,5/18/2026,False,,False,
AP05A,1394956,,,-,-,5/18/2026,False,,False,
AP05A,1394957,,,-,-,5/18/2026,False,,False,
AP05A,1394958,,,-,-,5/18/2026,False,,False,
AP05A,1394959,,,-,-,5/18/2026,False,,False,
AP05A,1394960,,,-,-,5/18/2026,False,,False,
AP05A,1394961,,,-,-,5/18/2026,False,,False,
AP05A,1394962,,,-,-,5/18/2026,False,,False,
AP05A,1394963,,,-,-,5/18/2026,False,,False,
AP05A,1394964,,,-,-,5/18/2026,False,,False,
AP05A,1394965,,,-,-,5/18/2026,False,,False,
AP05A,1394966,,,-,-,5/18/2026,False,,False,
AP05A,1394967,,,-,-,5/18/2026,False,,False,
AP05A,1394968,,,-,-,5/18/2026,False,,False,
AP05A,1394969,,,-,-,5/18/2026,False,,False,
AP05A,1394970,,,-,-,5/18/2026,False,,False,
AP05A,1394971,,,-,-,5/18/2026,False,,False,
AP05A,1394972,,,-,-,5/18/2026,False,,False,
AP05A,1394973,,,-,-,5/18/2026,False,,False,
AP05A,1394974,,,-,-,5/18/2026,False,,False,
AP05A,1394975,,,-,-,5/18/2026,False,,False,
AP05A,1394976,,,-,-,5/18/2026,False,,False,
AP05A,1394977,,,-,-,5/18/2026,False,,False,
AP05A,1394978,,,-,-,5/18/2026,False,,False,
AP05A,1394979,,,-,-,5/18/2026,False,,False,
AP05A,1394980,,,-,-,5/18/2026,False,,False,
AP05A,1394981,,,-,-,5/18/2026,False,,False,
AP05A,1394982,,,-,-,5/18/2026,False,,False,
AP05A,1394983,,,-,-,5/18/2026,False,,False,
AP05A,1394984,,,-,-,5/18/2026,False,,False,
AP05A,1394985,,,-,-,5/18/2026,False,,False,
AP05A,1394986,,,-,-,5/18/2026,False,,False,
AP05A,1394987,,,-,-,5/18/2026,False,,False,
AP05A,1394988,,,-,-,5/18/2026,False,,False,
AP05A,1394989,,,-,-,5/18/2026,False,,False,
AP05A,1394990,,,-,-,5/18/2026,False,,False,
AP05A,1394991,,,-,-,5/18/2026,False,,False,
AP05A,1394992,,,-,-,5/18/2026,False,,False,
AP05A,1394993,,,-,-,5/18/2026,False,,False,
AP05A,1394994,,,-,-,5/18/2026,False,,False,
AP05A,1394995,,,-,-,5/18/2026,False,,False,
AP05A,1394996,,,-,-,5/18/2026,False,,False,
AP05A,1394997,,,-,-,5/18/2026,False,,False,
AP05A,1394998,,,-,-,5/18/2026,False,,False,
AP05A,1394999,,,-,-,5/18/2026,False,,False,
AP05A,1395000,,,-,-,5/18/2026,False,,False,
AP05A,1395001,,,-,-,5/18/2026,False,,False,
AP05A,1395002,,,-,-,5/18/2026,False,,False,
AP05A,1395003,,,-,-,5/18/2026,False,,False,
AP05A,1395004,,,-,-,5/18/2026,False,,False,
AP05A,1395005,,,-,-,5/18/2026,False,,False,
AP05A,1395006,,,-,-,5/18/2026,False,,False,
AP05A,1395007,,,-,-,5/18/2026,False,,False,
AP05A,1395008,,,-,-,5/18/2026,False,,False,
AP05A,1395009,,,-,-,5/18/2026,False,,False,
AP05A,1395010,,,-,-,5/18/2026,False,,False,
AP05A,1395011,,,-,-,5/18/2026,False,,False,
AP05A,1395012,,,-,-,5/18/2026,False,,False,
AP05A,1395013,,,-,-,5/18/2026,False,,False,
AP05A,1395014,,,-,-,5/18/2026,False,,False,
AP05A,1395015,,,-,-,5/18/2026,False,,False,
AP05A,1395016,,,-,-,5/18/2026,False,,False,
AP05A,1395017,,,-,-,5/18/2026,False,,False,
AP05A,1395018,,,-,-,5/18/2026,False,,False,
AP05A,1395019,,,-,-,5/18/2026,False,,False,
AP05A,1395020,,,-,-,5/18/2026,False,,False,
AP05A,1395021,,,-,-,5/18/2026,False,,False,
AP05A,1395022,,,-,-,5/18/2026,False,,False,
AP05A,1395023,,,-,-,5/18/2026,False,,False,
AP05A,1395024,,,-,-,5/18/2026,False,,False,
AP05A,1395025,,,-,-,5/18/2026,False,,False,
AP05A,1395026,,,-,-,5/18/2026,False,,False,
AP05A,1395027,,,-,-,5/18/2026,False,,False,
AP05A,1395028,,,-,-,5/18/2026,False,,False,
AP05A,1395029,,,-,-,5/18/2026,False,,False,
AP05A,1395030,,,-,-,5/18/2026,False,,False,
AP05A,1395031,,,-,-,5/19/2026,False,,False,
AP05A,1395032,,,-,-,5/19/2026,False,,False,
AP05A,1395033,,,-,-,5/19/2026,False,,False,
AP05A,1395034,,,-,-,5/19/2026,False,,False,
AP05A,1395035,,,-,-,5/19/2026,False,,False,
AP05A,1395036,,,-,-,5/19/2026,False,,False,
AP05A,1395037,,,-,-,5/19/2026,False,,False,
AP05A,1395038,,,-,-,5/19/2026,False,,False,
AP05A,1395039,,,-,-,5/19/2026,False,,False,
AP05A,1395040,,,-,-,5/19/2026,False,,False,
AP05A,1395041,,,-,-,5/19/2026,False,,False,
AP05A,1395042,,,-,-,5/19/2026,False,,False,
AP05A,1395043,,,-,-,5/19/2026,False,,False,
AP05A,1395044,,,-,-,5/19/2026,False,,False,
AP05A,1395045,,,-,-,5/19/2026,False,,False,
AP05A,1395046,,,-,-,5/19/2026,False,,False,
AP05A,1395047,,,-,-,5/19/2026,False,,False,
AP05A,1395048,,,-,-,5/19/2026,False,,False,
AP05A,1395049,,,-,-,5/19/2026,False,,False,
AP05A,1395050,,,-,-,5/19/2026,False,,False,
AP05A,1395051,,,-,-,5/19/2026,False,,False,
AP05A,1395052,,,-,-,5/19/2026,False,,False,
AP05A,1395053,,,-,-,5/19/2026,False,,False,
AP05A,1395054,,,-,-,5/19/2026,False,,False,
AP05A,1395055,,,-,-,5/19/2026,False,,False,
AP05A,1395056,,,-,-,5/19/2026,False,,False,
AP05A,1395057,,,-,-,5/19/2026,False,,False,
AP05A,1395058,,,-,-,5/19/2026,False,,False,
AP05A,1395059,,,-,-,5/19/2026,False,,False,
AP05A,1395060,,,-,-,5/19/2026,False,,False,
AP05A,1395061,,,-,-,5/19/2026,False,,False,
AP05A,1395062,,,-,-,5/19/2026,False,,False,
AP05A,1395063,,,-,-,5/19/2026,False,,False,
AP05A,1395064,,,-,-,5/19/2026,False,,False,
AP05A,1395065,,,-,-,5/19/2026,False,,False,
AP05A,1395066,,,-,-,5/19/2026,False,,False,
AP05A,1395067,,,-,-,5/19/2026,False,,False,
AP05A,1395068,,,-,-,5/19/2026,False,,False,
AP05A,1395069,,,-,-,5/19/2026,False,,False,
AP05A,1395070,,,-,-,5/19/2026,False,,False,
AP05A,1395071,,,-,-,5/19/2026,False,,False,
AP05A,1395072,,,-,-,5/19/2026,False,,False,
AP05A,1395073,,,-,-,5/19/2026,False,,False,
AP05A,1395074,,,-,-,5/19/2026,False,,False,
AP05A,1395075,,,-,-,5/19/2026,False,,False,
AP05A,1395076,,,-,-,5/19/2026,False,,False,
AP05A,1395077,,,-,-,5/19/2026,False,,False,
AP05A,1395078,,,-,-,5/19/2026,False,,False,
AP05A,1395079,,,-,-,5/19/2026,False,,False,
AP05A,1395080,,,-,-,5/19/2026,False,,False,
AP05A,1395081,,,-,-,5/19/2026,False,,False,
AP05A,1395082,,,-,-,5/19/2026,False,,False,
AP05A,1395083,,,-,-,5/19/2026,False,,False,
AP05A,1395084,,,-,-,5/19/2026,False,,False,
AP05A,1395085,,,-,-,5/19/2026,False,,False,
AP05A,1395086,,,-,-,5/19/2026,False,,False,
AP05A,1395087,,,-,-,5/19/2026,False,,False,
AP05A,1395088,,,-,-,5/19/2026,False,,False,
AP05A,1395089,,,-,-,5/19/2026,False,,False,
AP05A,1395090,,,-,-,5/19/2026,False,,False,
AP05A,1395091,,,-,-,5/19/2026,False,,False,
AP05A,1395092,,,-,-,5/19/2026,False,,False,
AP05A,1395093,,,-,-,5/19/2026,False,,False,
AP05A,1395094,,,-,-,5/19/2026,False,,False,
AP05A,1395095,,,-,-,5/19/2026,False,,False,
AP05A,1395096,,,-,-,5/19/2026,False,,False,
AP05A,1395097,,,-,-,5/19/2026,False,,False,
AP05A,1395098,,,-,-,5/19/2026,False,,False,
AP05A,1395099,,,-,-,5/19/2026,False,,False,
AP05A,1395100,,,-,-,5/19/2026,False,,False,
AP05A,1395101,,,-,-,5/19/2026,False,,False,
AP05A,1395102,,,-,-,5/19/2026,False,,False,
AP05A,1395103,,,-,-,5/19/2026,False,,False,
AP05A,1395104,,,-,-,5/19/2026,False,,False,
AP05A,1395105,,,-,-,5/19/2026,False,,False,
AP05A,1395106,,,-,-,5/19/2026,False,,False,
AP05A,1395107,,,-,-,5/19/2026,False,,False,
AP05A,1395108,,,-,-,5/19/2026,False,,False,
AP05A,1395109,,,-,-,5/19/2026,False,,False,
AP05A,1395110,,,-,-,5/19/2026,False,,False,
AP05A,1395111,,,-,-,5/19/2026,False,,False,
AP05A,1395112,,,-,-,5/19/2026,False,,False,
AP05A,1395113,,,-,-,5/19/2026,False,,False,
AP05A,1395114,,,-,-,5/19/2026,False,,False,
AP05A,1395115,,,-,-,5/19/2026,False,,False,
AP05A,1395116,,,-,-,5/19/2026,False,,False,
AP05A,1395117,,,-,-,5/19/2026,False,,False,
AP05A,1395118,,,-,-,5/19/2026,False,,False,
AP05A,1395119,,,-,-,5/19/2026,False,,False,
AP05A,1395120,,,-,-,5/19/2026,False,,False,
AP05A,1395121,,,-,-,5/19/2026,False,,False,
AP05A,1395122,,,-,-,5/19/2026,False,,False,
AP05A,1395123,,,-,-,5/19/2026,False,,False,
AP05A,1395124,,,-,-,5/19/2026,False,,False,
AP05A,1395125,,,-,-,5/19/2026,False,,False,
AP05A,1395126,,,-,-,5/19/2026,False,,False,
AP05A,1395127,,,-,-,5/19/2026,False,,False,
AP05A,1395128,,,-,-,5/19/2026,False,,False,
AP05A,1395129,,,-,-,5/19/2026,False,,False,
AP05A,1395130,,,-,-,5/19/2026,False,,False,
AP05A,1395131,,,-,-,5/19/2026,False,,False,
AP05A,1395132,,,-,-,5/19/2026,False,,False,
AP05A,1395133,,,-,-,5/19/2026,False,,False,
AP05A,1395134,,,-,-,5/19/2026,False,,False,
AP05A,1395135,,,-,-,5/19/2026,False,,False,
AP05A,1395136,,,-,-,5/19/2026,False,,False,
AP05A,1395137,,,-,-,5/19/2026,False,,False,
AP05A,1395138,,,-,-,5/19/2026,False,,False,
AP05A,1395139,,,-,-,5/19/2026,False,,False,
AP05A,1395140,,,-,-,5/19/2026,False,,False,
AP05A,1395141,,,-,-,5/19/2026,False,,False,
AP05A,1395142,,,-,-,5/19/2026,False,,False,
AP05A,1395143,,,-,-,5/19/2026,False,,False,
AP05A,1395144,,,-,-,5/19/2026,False,,False,
AP05A,1395145,,,-,-,5/19/2026,False,,False,
AP05A,1395146,,,-,-,5/19/2026,False,,False,
AP05A,1395147,,,-,-,5/19/2026,False,,False,
AP05A,1395148,,,-,-,5/19/2026,False,,False,
AP05A,1395149,,,-,-,5/19/2026,False,,False,
AP05A,1395150,,,-,-,5/19/2026,False,,False,
AP05A,1395151,,,-,-,5/19/2026,False,,False,
AP05A,1395152,,,-,-,5/19/2026,False,,False,
AP05A,1395153,,,-,-,5/19/2026,False,,False,
AP05A,1395154,,,-,-,5/19/2026,False,,False,
AP05A,1395155,,,-,-,5/19/2026,False,,False,
AP05A,1395156,,,-,-,5/19/2026,False,,False,
AP05A,1395157,,,-,-,5/19/2026,False,,False,
AP05A,1395158,,,-,-,5/19/2026,False,,False,
AP05A,1395159,,,-,-,5/19/2026,False,,False,
AP05A,1395160,,,-,-,5/19/2026,False,,False,
AP05A,1395161,,,-,-,5/19/2026,False,,False,
AP05A,1395162,,,-,-,5/19/2026,False,,False,
AP05A,1395163,,,-,-,5/19/2026,False,,False,
AP05A,1395164,,,-,-,5/19/2026,False,,False,
AP05A,1395165,,,-,-,5/19/2026,False,,False,
AP05A,1395166,,,-,-,5/19/2026,False,,False,
AP05A,1395167,,,-,-,5/19/2026,False,,False,
AP05A,1395168,,,-,-,5/19/2026,False,,False,
AP05A,1395169,,,-,-,5/19/2026,False,,False,
AP05A,1395170,,,-,-,5/19/2026,False,,False,
AP05A,1395171,,,-,-,5/19/2026,False,,False,
AP05A,1395172,,,-,-,5/19/2026,False,,False,
AP05A,1395173,,,-,-,5/19/2026,False,,False,
AP05A,1395174,,,-,-,5/19/2026,False,,False,
AP05A,1395175,,,-,-,5/19/2026,False,,False,
AP05A,1395176,,,-,-,5/19/2026,False,,False,
AP05A,1395177,,,-,-,5/19/2026,False,,False,
AP05A,1395178,,,-,-,5/19/2026,False,,False,
AP05A,1395179,,,-,-,5/19/2026,False,,False,
AP05A,1395180,,,-,-,5/19/2026,False,,False,
AP05A,1395181,,,-,-,5/19/2026,False,,False,
AP05A,1395182,,,-,-,5/19/2026,False,,False,
AP05A,1395183,,,-,-,5/19/2026,False,,False,
AP05A,1395184,,,-,-,5/19/2026,False,,False,
AP05A,1395185,,,-,-,5/19/2026,False,,False,
AP05A,1395186,,,-,-,5/19/2026,False,,False,
AP05A,1395187,,,-,-,5/19/2026,False,,False,
AP05A,1395188,,,-,-,5/19/2026,False,,False,
AP05A,1395189,,,-,-,5/19/2026,False,,False,
AP05A,1395190,,,-,-,5/19/2026,False,,False,
AP05A,1395191,,,-,-,5/19/2026,False,,False,
AP05A,1395192,,,-,-,5/19/2026,False,,False,
AP05A,1395193,,,-,-,5/19/2026,False,,False,
AP05A,1395194,,,-,-,5/19/2026,False,,False,
AP05A,1395195,,,-,-,5/19/2026,False,,False,
AP05A,1395196,,,-,-,5/19/2026,False,,False,
AP05A,1395197,,,-,-,5/19/2026,False,,False,
AP05A,1395198,,,-,-,5/19/2026,False,,False,
AP05A,1395199,,,-,-,5/19/2026,False,,False,
AP05A,1395200,,,-,-,5/19/2026,False,,False,
AP05A,1395201,,,-,-,5/19/2026,False,,False,
AP05A,1395202,,,-,-,5/19/2026,False,,False,
AP05A,1395203,,,-,-,5/19/2026,False,,False,
AP05A,1395204,,,-,-,5/19/2026,False,,False,
AP05A,1395205,,,-,-,5/19/2026,False,,False,
AP05A,1395206,,,-,-,5/19/2026,False,,False,
AP05A,1395207,,,-,-,5/19/2026,False,,False,
AP05A,1395208,,,-,-,5/19/2026,False,,False,
AP05A,1395209,,,-,-,5/19/2026,False,,False,
AP05A,1395210,,,-,-,5/19/2026,False,,False,
AP05A,1395211,,,-,-,5/19/2026,False,,False,
AP05A,1395212,,,-,-,5/19/2026,False,,False,
AP05A,1395213,,,-,-,5/19/2026,False,,False,
AP05A,1395214,,,-,-,5/19/2026,False,,False,
AP05A,1395215,,,-,-,5/19/2026,False,,False,
AP05A,1395216,,,-,-,5/19/2026,False,,False,
AP05A,1395217,,,-,-,5/19/2026,False,,False,
AP05A,1395218,,,-,-,5/19/2026,False,,False,
AP05A,1395219,,,-,-,5/19/2026,False,,False,
AP05A,1395220,,,-,-,5/19/2026,False,,False,
AP05A,1395221,,,-,-,5/19/2026,False,,False,
AP05A,1395222,,,-,-,5/19/2026,False,,False,
AP05A,1395223,,,-,-,5/19/2026,False,,False,
AP05A,1395224,,,-,-,5/19/2026,False,,False,
AP05A,1395225,,,-,-,5/19/2026,False,,False,
AP05A,1395226,,,-,-,5/19/2026,False,,False,
AP05A,1395227,,,-,-,5/19/2026,False,,False,
AP05A,1395228,,,-,-,5/19/2026,False,,False,
AP05A,1395229,,,-,-,5/19/2026,False,,False,
AP05A,1395230,,,-,-,5/19/2026,False,,False,
AP05A,1395231,,,-,-,5/19/2026,False,,False,
AP05A,1395232,,,-,-,5/19/2026,False,,False,
AP05A,1395233,,,-,-,5/19/2026,False,,False,
AP05A,1395234,,,-,-,5/19/2026,False,,False,
AP05A,1395235,,,-,-,5/19/2026,False,,False,
AP05A,1395236,,,-,-,5/19/2026,False,,False,
AP05A,1395237,,,-,-,5/19/2026,False,,False,
AP05A,1395238,,,-,-,5/19/2026,False,,False,
AP05A,1395239,,,-,-,5/19/2026,False,,False,
AP05A,1395240,,,-,-,5/19/2026,False,,False,
AP05A,1395241,,,-,-,5/19/2026,False,,False,
AP05A,1395242,,,-,-,5/19/2026,False,,False,
AP05A,1395243,,,-,-,5/19/2026,False,,False,
AP05A,1395244,,,-,-,5/19/2026,False,,False,
AP05A,1395245,,,-,-,5/19/2026,False,,False,
AP05A,1395246,,,-,-,5/19/2026,False,,False,
AP05A,1395247,,,-,-,5/19/2026,False,,False,
AP05A,1395248,,,-,-,5/19/2026,False,,False,
AP05A,1395249,,,-,-,5/19/2026,False,,False,
AP05A,1395250,,,-,-,5/19/2026,False,,False,
AP05A,1395251,,,-,-,5/19/2026,False,,False,
AP05A,1395252,,,-,-,5/19/2026,False,,False,
AP05A,1395253,,,-,-,5/19/2026,False,,False,
AP05A,1395254,,,-,-,5/19/2026,False,,False,
AP05A,1395255,,,-,-,5/19/2026,False,,False,
AP05A,1395256,,,-,-,5/19/2026,False,,False,
AP05A,1395257,,,-,-,5/19/2026,False,,False,
AP05A,1395258,,,-,-,5/19/2026,False,,False,
AP05A,1395259,,,-,-,5/19/2026,False,,False,
AP05A,1395260,,,-,-,5/19/2026,False,,False,
AP05A,1395261,,,-,-,5/19/2026,False,,False,
AP05A,1395262,,,-,-,5/19/2026,False,,False,
AP05A,1395263,,,-,-,5/19/2026,False,,False,
AP05A,1395264,,,-,-,5/19/2026,False,,False,
AP05A,1395265,,,-,-,5/19/2026,False,,False,
AP05A,1395266,,,-,-,5/19/2026,False,,False,
AP05A,1395267,,,-,-,5/19/2026,False,,False,
AP05A,1395268,,,-,-,5/19/2026,False,,False,
AP05A,1395269,,,-,-,5/19/2026,False,,False,
AP05A,1395270,,,-,-,5/19/2026,False,,False,
AP05A,1395271,,,-,-,5/19/2026,False,,False,
AP05A,1395272,,,-,-,5/19/2026,False,,False,
AP05A,1395273,,,-,-,5/19/2026,False,,False,
AP05A,1395274,,,-,-,5/19/2026,False,,False,
AP05A,1395275,,,-,-,5/19/2026,False,,False,
AP05A,1395276,,,-,-,5/19/2026,False,,False,
AP05A,1395277,,,-,-,5/19/2026,False,,False,
AP05A,1395278,,,-,-,5/19/2026,False,,False,
AP05A,1395279,,,-,-,5/19/2026,False,,False,
AP05A,1395280,,,-,-,5/19/2026,False,,False,
AP05A,1395281,,,-,-,5/19/2026,False,,False,
AP05A,1395282,,,-,-,5/19/2026,False,,False,
AP05A,1395283,,,-,-,5/19/2026,False,,False,
AP05A,1395284,,,-,-,5/19/2026,False,,False,
AP05A,1395285,,,-,-,5/19/2026,False,,False,
AP05A,1395286,,,-,-,5/19/2026,False,,False,
AP05A,1395287,,,-,-,5/19/2026,False,,False,
AP05A,1395288,,,-,-,5/19/2026,False,,False,
AP05A,1395289,,,-,-,5/19/2026,False,,False,
AP05A,1395290,,,-,-,5/19/2026,False,,False,
AP05A,1395291,,,-,-,5/19/2026,False,,False,
AP05A,1395292,,,-,-,5/19/2026,False,,False,
AP05A,1395293,,,-,-,5/19/2026,False,,False,
AP05A,1395294,,,-,-,5/19/2026,False,,False,
AP05A,1395295,,,-,-,5/19/2026,False,,False,
AP05A,1395296,,,-,-,5/19/2026,False,,False,
AP05A,1395297,,,-,-,5/19/2026,False,,False,
AP05A,1395298,,,-,-,5/19/2026,False,,False,
AP05A,1395299,,,-,-,5/19/2026,False,,False,
AP05A,1395300,,,-,-,5/19/2026,False,,False,
AP05A,1395301,,,-,-,5/19/2026,False,,False,
AP05A,1395302,,,-,-,5/19/2026,False,,False,
AP05A,1395303,,,-,-,5/19/2026,False,,False,
AP05A,1395304,,,-,-,5/19/2026,False,,False,
AP05A,1395305,,,-,-,5/19/2026,False,,False,
AP05A,1395306,,,-,-,5/19/2026,False,,False,
AP05A,1395307,,,-,-,5/19/2026,False,,False,
AP05A,1395308,,,-,-,5/19/2026,False,,False,
AP05A,1395309,,,-,-,5/19/2026,False,,False,
AP05A,1395310,,,-,-,5/19/2026,False,,False,
AP05A,1395311,,,-,-,5/19/2026,False,,False,
AP05A,1395312,,,-,-,5/19/2026,False,,False,
AP05A,1395313,,,-,-,5/19/2026,False,,False,
AP05A,1395314,,,-,-,5/19/2026,False,,False,
AP05A,1395315,,,-,-,5/19/2026,False,,False,
AP05A,1395316,,,-,-,5/19/2026,False,,False,
AP05A,1395317,,,-,-,5/19/2026,False,,False,
AP05A,1395318,,,-,-,5/19/2026,False,,False,
AP05A,1395319,,,-,-,5/19/2026,False,,False,
AP05A,1395320,,,-,-,5/19/2026,False,,False,
AP05A,1395321,,,-,-,5/19/2026,False,,False,
AP05A,1395322,,,-,-,5/19/2026,False,,False,
AP05A,1395323,,,-,-,5/19/2026,False,,False,
AP05A,1395324,,,-,-,5/19/2026,False,,False,
AP05A,1395325,,,-,-,5/19/2026,False,,False,
AP05A,1395326,,,-,-,5/19/2026,False,,False,
AP05A,1395327,,,-,-,5/19/2026,False,,False,
AP05A,1395328,,,-,-,5/19/2026,False,,False,
AP05A,1395329,,,-,-,5/19/2026,False,,False,
AP05A,1395330,,,-,-,5/19/2026,False,,False,
AP05A,1395331,,,-,-,5/19/2026,False,,False,
AP05A,1395332,,,-,-,5/19/2026,False,,False,
AP05A,1395333,,,-,-,5/19/2026,False,,False,
AP05A,1395334,,,-,-,5/19/2026,False,,False,
AP05A,1395335,,,-,-,5/19/2026,False,,False,
AP05A,1395336,,,-,-,5/19/2026,False,,False,
AP05A,1395337,,,-,-,5/19/2026,False,,False,
AP05A,1395338,,,-,-,5/19/2026,False,,False,
AP05A,1395339,,,-,-,5/19/2026,False,,False,
AP05A,1395340,,,-,-,5/19/2026,False,,False,
AP05A,1395341,,,-,-,5/19/2026,False,,False,
AP05A,1395342,,,-,-,5/19/2026,False,,False,
AP05A,1395343,,,-,-,5/19/2026,False,,False,
AP05A,1395344,,,-,-,5/19/2026,False,,False,
AP05A,1395345,,,-,-,5/19/2026,False,,False,
AP05A,1395346,,,-,-,5/19/2026,False,,False,
AP05A,1395347,,,-,-,5/19/2026,False,,False,
AP05A,1395348,,,-,-,5/19/2026,False,,False,
AP05A,1395349,,,-,-,5/19/2026,False,,False,
AP05A,1395350,,,-,-,5/19/2026,False,,False,
AP05A,1395351,,,-,-,5/19/2026,False,,False,
AP05A,1395352,,,-,-,5/19/2026,False,,False,
AP05A,1395353,,,-,-,5/19/2026,False,,False,
AP05A,1395354,,,-,-,5/19/2026,False,,False,
AP05A,1395355,,,-,-,5/19/2026,False,,False,
AP05A,1395356,,,-,-,5/19/2026,False,,False,
AP05A,1395357,,,-,-,5/19/2026,False,,False,
AP05A,1395358,,,-,-,5/19/2026,False,,False,
AP05A,1395359,,,-,-,5/19/2026,False,,False,
AP05A,1395360,,,-,-,5/19/2026,False,,False,
AP05A,1395361,,,-,-,5/19/2026,False,,False,
AP05A,1395362,,,-,-,5/19/2026,False,,False,
AP05A,1395363,,,-,-,5/19/2026,False,,False,
AP05A,1395364,,,-,-,5/19/2026,False,,False,
AP05A,1395365,,,-,-,5/19/2026,False,,False,
AP05A,1395366,,,-,-,5/19/2026,False,,False,
AP05A,1395367,,,-,-,5/19/2026,False,,False,
AP05A,1395368,,,-,-,5/19/2026,False,,False,
AP05A,1395369,,,-,-,5/19/2026,False,,False,
AP05A,1395370,,,-,-,5/19/2026,False,,False,
AP05A,1395371,,,-,-,5/19/2026,False,,False,
AP05A,1395372,,,-,-,5/19/2026,False,,False,
AP05A,1395373,,,-,-,5/19/2026,False,,False,
AP05A,1395374,,,-,-,5/19/2026,False,,False,
AP05A,1395375,,,-,-,5/19/2026,False,,False,
AP05A,1395376,,,-,-,5/19/2026,False,,False,
AP05A,1395377,,,-,-,5/19/2026,False,,False,
AP05A,1395378,,,-,-,5/19/2026,False,,False,
AP05A,1395379,,,-,-,5/19/2026,False,,False,
AP05A,1395380,,,-,-,5/19/2026,False,,False,
AP05A,1395381,,,-,-,5/19/2026,False,,False,
AP05A,1395382,,,-,-,5/19/2026,False,,False,
AP05A,1395383,,,-,-,5/19/2026,False,,False,
AP05A,1395384,,,-,-,5/19/2026,False,,False,
AP05A,1395385,,,-,-,5/19/2026,False,,False,
AP05A,1395386,,,-,-,5/19/2026,False,,False,
AP05A,1395387,,,-,-,5/19/2026,False,,False,
AP05A,1395388,,,-,-,5/19/2026,False,,False,
AP05A,1395389,,,-,-,5/19/2026,False,,False,
AP05A,1395390,,,-,-,5/19/2026,False,,False,
AP05A,1395391,,,-,-,5/19/2026,False,,False,
AP05A,1395392,,,-,-,5/19/2026,False,,False,
AP05A,1395393,,,-,-,5/19/2026,False,,False,
AP05A,1395394,,,-,-,5/19/2026,False,,False,
AP05A,1395395,,,-,-,5/19/2026,False,,False,
AP05A,1395396,,,-,-,5/19/2026,False,,False,
AP05A,1395397,,,-,-,5/19/2026,False,,False,
AP05A,1395398,,,-,-,5/19/2026,False,,False,
AP05A,1395399,,,-,-,5/19/2026,False,,False,
AP05A,1395400,,,-,-,5/19/2026,False,,False,
AP05A,1395401,,,-,-,5/19/2026,False,,False,
AP05A,1395402,,,-,-,5/19/2026,False,,False,
AP05A,1395403,,,-,-,5/19/2026,False,,False,
AP05A,1395404,,,-,-,5/19/2026,False,,False,
AP05A,1395405,,,-,-,5/19/2026,False,,False,
AP05A,1395406,,,-,-,5/19/2026,False,,False,
AP05A,1395407,,,-,-,5/19/2026,False,,False,
AP05A,1395408,,,-,-,5/19/2026,False,,False,
AP05A,1395409,,,-,-,5/19/2026,False,,False,
AP05A,1395410,,,-,-,5/19/2026,False,,False,
AP05A,1395411,,,-,-,5/19/2026,False,,False,
AP05A,1395412,,,-,-,5/19/2026,False,,False,
AP05A,1395413,,,-,-,5/19/2026,False,,False,
AP05A,1395414,,,-,-,5/19/2026,False,,False,
AP05A,1395415,,,-,-,5/19/2026,False,,False,
AP05A,1395416,,,-,-,5/19/2026,False,,False,
AP05A,1395417,,,-,-,5/19/2026,False,,False,
AP05A,1395418,,,-,-,5/19/2026,False,,False,
AP05A,1395419,,,-,-,5/19/2026,False,,False,
AP05A,1395420,,,-,-,5/19/2026,False,,False,
AP05A,1395421,,,-,-,5/19/2026,False,,False,
AP05A,1395422,,,-,-,5/19/2026,False,,False,
AP05A,1395423,,,-,-,5/19/2026,False,,False,
AP05A,1395424,,,-,-,5/19/2026,False,,False,
AP05A,1395425,,,-,-,5/19/2026,False,,False,
AP05A,1395426,,,-,-,5/19/2026,False,,False,
AP05A,1395427,,,-,-,5/19/2026,False,,False,
AP05A,1395428,,,-,-,5/19/2026,False,,False,
AP05A,1395429,,,-,-,5/19/2026,False,,False,
AP05A,1395430,,,-,-,5/19/2026,False,,False,
AP05A,1395431,,,-,-,5/19/2026,False,,False,
AP05A,1395432,,,-,-,5/19/2026,False,,False,
AP05A,1395433,,,-,-,5/19/2026,False,,False,
AP05A,1395434,,,-,-,5/19/2026,False,,False,
AP05A,1395435,,,-,-,5/19/2026,False,,False,
AP05A,1395436,,,-,-,5/19/2026,False,,False,
AP05A,1395437,,,-,-,5/19/2026,False,,False,
AP05A,1395438,,,-,-,5/19/2026,False,,False,
AP05A,1395439,,,-,-,5/19/2026,False,,False,
AP05A,1395440,,,-,-,5/19/2026,False,,False,
AP05A,1395441,,,-,-,5/19/2026,False,,False,
AP05A,1395442,,,-,-,5/19/2026,False,,False,
AP05A,1395443,,,-,-,5/19/2026,False,,False,
AP05A,1395444,,,-,-,5/19/2026,False,,False,
AP05A,1395445,,,-,-,5/19/2026,False,,False,
AP05A,1395446,,,-,-,5/19/2026,False,,False,
AP05A,1395447,,,-,-,5/19/2026,False,,False,
AP05A,1395448,,,-,-,5/19/2026,False,,False,
AP05A,1395449,,,-,-,5/19/2026,False,,False,
AP05A,1395450,,,-,-,5/19/2026,False,,False,
AP05A,1395451,,,-,-,5/19/2026,False,,False,
AP05A,1395452,,,-,-,5/19/2026,False,,False,
AP05A,1395453,,,-,-,5/19/2026,False,,False,
AP05A,1395454,,,-,-,5/19/2026,False,,False,
AP05A,1395455,,,-,-,5/19/2026,False,,False,
AP05A,1395456,,,-,-,5/19/2026,False,,False,
AP05A,1395457,,,-,-,5/19/2026,False,,False,
AP05A,1395458,,,-,-,5/19/2026,False,,False,
AP05A,1395459,,,-,-,5/19/2026,False,,False,
AP05A,1395460,,,-,-,5/19/2026,False,,False,
AP05A,1395461,,,-,-,5/19/2026,False,,False,
AP05A,1395462,,,-,-,5/19/2026,False,,False,
AP05A,1395463,,,-,-,5/19/2026,False,,False,
AP05A,1395464,,,-,-,5/19/2026,False,,False,
AP05A,1395465,,,-,-,5/19/2026,False,,False,
AP05A,1395466,,,-,-,5/19/2026,False,,False,
AP05A,1395467,,,-,-,5/19/2026,False,,False,
AP05A,1395468,,,-,-,5/19/2026,False,,False,
AP05A,1395469,,,-,-,5/19/2026,False,,False,
AP05A,1395470,,,-,-,5/19/2026,False,,False,
AP05A,1395471,,,-,-,5/19/2026,False,,False,
AP05A,1395472,,,-,-,5/19/2026,False,,False,
AP05A,1395473,,,-,-,5/19/2026,False,,False,
AP05A,1395474,,,-,-,5/19/2026,False,,False,
AP05A,1395475,,,-,-,5/19/2026,False,,False,
AP05A,1395476,,,-,-,5/19/2026,False,,False,
AP05A,1395477,,,-,-,5/19/2026,False,,False,
AP05A,1395478,,,-,-,5/19/2026,False,,False,
AP05A,1395479,,,-,-,5/19/2026,False,,False,
AP05A,1395480,,,-,-,5/19/2026,False,,False,
AP05A,1395481,,,-,-,5/19/2026,False,,False,
AP05A,1395482,,,-,-,5/19/2026,False,,False,
AP05A,1395483,,,-,-,5/19/2026,False,,False,
AP05A,1395484,,,-,-,5/19/2026,False,,False,
AP05A,1395485,,,-,-,5/19/2026,False,,False,
AP05A,1395486,,,-,-,5/19/2026,False,,False,
AP05A,1395487,,,-,-,5/19/2026,False,,False,
AP05A,1395488,,,-,-,5/19/2026,False,,False,
AP05A,1395489,,,-,-,5/19/2026,False,,False,
AP05A,1395490,,,-,-,5/19/2026,False,,False,
AP05A,1395491,,,-,-,5/19/2026,False,,False,
AP05A,1395492,,,-,-,5/19/2026,False,,False,
AP05A,1395493,,,-,-,5/19/2026,False,,False,
AP05A,1395494,,,-,-,5/19/2026,False,,False,
AP05A,1395495,,,-,-,5/19/2026,False,,False,
AP05A,1395496,,,-,-,5/19/2026,False,,False,
AP05A,1395497,,,-,-,5/19/2026,False,,False,
AP05A,1395498,,,-,-,5/19/2026,False,,False,
AP05A,1395499,,,-,-,5/19/2026,False,,False,
AP05A,1395500,,,-,-,5/19/2026,False,,False,
AP05A,1395501,,,-,-,5/19/2026,False,,False,
AP05A,1395502,,,-,-,5/19/2026,False,,False,
AP05A,1395503,,,-,-,5/19/2026,False,,False,
AP05A,1395504,,,-,-,5/19/2026,False,,False,
AP05A,1395505,,,-,-,5/19/2026,False,,False,
AP05A,1395506,,,-,-,5/19/2026,False,,False,
AP05A,1395507,,,-,-,5/19/2026,False,,False,
AP05A,1395508,,,-,-,5/19/2026,False,,False,
AP05A,1395509,,,-,-,5/19/2026,False,,False,
AP05A,1395510,,,-,-,5/19/2026,False,,False,
AP05A,1395511,,,-,-,5/19/2026,False,,False,
AP05A,1395512,,,-,-,5/19/2026,False,,False,
AP05A,1395513,,,-,-,5/19/2026,False,,False,
AP05A,1395514,,,-,-,5/19/2026,False,,False,
AP05A,1395515,,,-,-,5/19/2026,False,,False,
AP05A,1395516,,,-,-,5/19/2026,False,,False,
AP05A,1395517,,,-,-,5/19/2026,False,,False,
AP05A,1395518,,,-,-,5/19/2026,False,,False,
AP05A,1395519,,,-,-,5/19/2026,False,,False,
AP05A,1395520,,,-,-,5/19/2026,False,,False,
AP05A,1395521,,,-,-,5/19/2026,False,,False,
AP05A,1395522,,,-,-,5/19/2026,False,,False,
AP05A,1395523,,,-,-,5/19/2026,False,,False,
AP05A,1395524,,,-,-,5/19/2026,False,,False,
AP05A,1395525,,,-,-,5/19/2026,False,,False,
AP05A,1395526,,,-,-,5/19/2026,False,,False,
AP05A,1395527,,,-,-,5/19/2026,False,,False,
AP05A,1395528,,,-,-,5/19/2026,False,,False,
AP05A,1395529,,,-,-,5/19/2026,False,,False,
AP05A,1395530,,,-,-,5/19/2026,False,,False,
AP05A,1395531,,,-,-,5/19/2026,False,,False,
AP05A,1395532,,,-,-,5/19/2026,False,,False,
AP05A,1395533,,,-,-,5/19/2026,False,,False,
AP05A,1395534,,,-,-,5/19/2026,False,,False,
AP05A,1395535,,,-,-,5/19/2026,False,,False,
AP05A,1395536,,,-,-,5/19/2026,False,,False,
AP05A,1395537,,,-,-,5/19/2026,False,,False,
AP05A,1395538,,,-,-,5/19/2026,False,,False,
AP05A,1395539,,,-,-,5/19/2026,False,,False,
AP05A,1395540,,,-,-,5/19/2026,False,,False,
AP05A,1395541,,,-,-,5/19/2026,False,,False,
AP05A,1395542,,,-,-,5/19/2026,False,,False,
AP05A,1395543,,,-,-,5/19/2026,False,,False,
AP05A,1395544,,,-,-,5/19/2026,False,,False,
AP05A,1395545,,,-,-,5/19/2026,False,,False,
AP05A,1395546,,,-,-,5/19/2026,False,,False,
AP05A,1395547,,,-,-,5/19/2026,False,,False,
AP05A,1395548,,,-,-,5/19/2026,False,,False,
AP05A,1395549,,,-,-,5/19/2026,False,,False,
AP05A,1395550,,,-,-,5/19/2026,False,,False,
AP05A,1395551,,,-,-,5/19/2026,False,,False,
AP05A,1395552,,,-,-,5/19/2026,False,,False,
AP05A,1395553,,,-,-,5/19/2026,False,,False,
AP05A,1395554,,,-,-,5/19/2026,False,,False,
AP05A,1395555,,,-,-,5/19/2026,False,,False,
AP05A,1395556,,,-,-,5/19/2026,False,,False,
AP05A,1395557,,,-,-,5/19/2026,False,,False,
AP05A,1395558,,,-,-,5/19/2026,False,,False,
AP05A,1395559,,,-,-,5/19/2026,False,,False,
AP05A,1395560,,,-,-,5/19/2026,False,,False,
AP05A,1395561,,,-,-,5/19/2026,False,,False,
AP05A,1395562,,,-,-,5/19/2026,False,,False,
AP05A,1395563,,,-,-,5/19/2026,False,,False,
AP05A,1395564,,,-,-,5/19/2026,False,,False,
AP05A,1395565,,,-,-,5/19/2026,False,,False,
AP05A,1395566,,,-,-,5/19/2026,False,,False,
AP05A,1395567,,,-,-,5/19/2026,False,,False,
AP05A,1395568,,,-,-,5/19/2026,False,,False,
AP05A,1395569,,,-,-,5/19/2026,False,,False,
AP05A,1395570,,,-,-,5/19/2026,False,,False,
AP05A,1395571,,,-,-,5/19/2026,False,,False,
AP05A,1395572,,,-,-,5/19/2026,False,,False,
AP05A,1395573,,,-,-,5/19/2026,False,,False,
AP05A,1395574,,,-,-,5/19/2026,False,,False,
AP05A,1395575,,,-,-,5/19/2026,False,,False,
AP05A,1395576,,,-,-,5/19/2026,False,,False,
AP05A,1395577,,,-,-,5/19/2026,False,,False,
AP05A,1395578,,,-,-,5/19/2026,False,,False,
AP05A,1395579,,,-,-,5/19/2026,False,,False,
AP05A,1395580,,,-,-,5/19/2026,False,,False,
AP05A,1395581,,,-,-,5/19/2026,False,,False,
AP05A,1395582,,,-,-,5/19/2026,False,,False,
AP05A,1395583,,,-,-,5/19/2026,False,,False,
AP05A,1395584,,,-,-,5/19/2026,False,,False,
AP05A,1395585,,,-,-,5/19/2026,False,,False,
AP05A,1395586,,,-,-,5/19/2026,False,,False,
AP05A,1395587,,,-,-,5/19/2026,False,,False,
AP05A,1395588,,,-,-,5/19/2026,False,,False,
AP05A,1395589,,,-,-,5/19/2026,False,,False,
AP05A,1395590,,,-,-,5/19/2026,False,,False,
AP05A,1395591,,,-,-,5/19/2026,False,,False,
AP05A,1395592,,,-,-,5/19/2026,False,,False,
AP05A,1395593,,,-,-,5/19/2026,False,,False,
AP05A,1395594,,,-,-,5/19/2026,False,,False,
AP05A,1395595,,,-,-,5/19/2026,False,,False,
AP05A,1395596,,,-,-,5/19/2026,False,,False,
AP05A,1395597,,,-,-,5/19/2026,False,,False,
AP05A,1395598,,,-,-,5/19/2026,False,,False,
AP05A,1395599,,,-,-,5/19/2026,False,,False,
AP05A,1395600,,,-,-,5/19/2026,False,,False,
AP05A,1395601,,,-,-,5/19/2026,False,,False,
AP05A,1395602,,,-,-,5/19/2026,False,,False,
AP05A,1395603,,,-,-,5/19/2026,False,,False,
AP05A,1395604,,,-,-,5/19/2026,False,,False,
AP05A,1395605,,,-,-,5/19/2026,False,,False,
AP05A,1395606,,,-,-,5/19/2026,False,,False,
AP05A,1395607,,,-,-,5/19/2026,False,,False,
AP05A,1395608,,,-,-,5/19/2026,False,,False,
AP05A,1395609,,,-,-,5/19/2026,False,,False,
AP05A,1395610,,,-,-,5/19/2026,False,,False,
AP05A,1395611,,,-,-,5/19/2026,False,,False,
AP05A,1395612,,,-,-,5/19/2026,False,,False,
AP05A,1395613,,,-,-,5/19/2026,False,,False,
AP05A,1395614,,,-,-,5/19/2026,False,,False,
AP05A,1395615,,,-,-,5/19/2026,False,,False,
AP05A,1395616,,,-,-,5/19/2026,False,,False,
AP05A,1395617,,,-,-,5/19/2026,False,,False,
AP05A,1395618,,,-,-,5/19/2026,False,,False,
AP05A,1395619,,,-,-,5/19/2026,False,,False,
AP05A,1395620,,,-,-,5/19/2026,False,,False,
AP05A,1395621,,,-,-,5/19/2026,False,,False,
AP05A,1395622,,,-,-,5/19/2026,False,,False,
AP05A,1395623,,,-,-,5/19/2026,False,,False,
AP05A,1395624,,,-,-,5/19/2026,False,,False,
AP05A,1395625,,,-,-,5/19/2026,False,,False,
AP05A,1395626,,,-,-,5/19/2026,False,,False,
AP05A,1395627,,,-,-,5/19/2026,False,,False,
AP05A,1395628,,,-,-,5/19/2026,False,,False,
AP05A,1395629,,,-,-,5/19/2026,False,,False,
AP05A,1395630,,,-,-,5/19/2026,False,,False,
AP05A,1395631,,,-,-,5/19/2026,False,,False,
AP05A,1395632,,,-,-,5/19/2026,False,,False,
AP05A,1395633,,,-,-,5/19/2026,False,,False,
AP05A,1395634,,,-,-,5/19/2026,False,,False,
AP05A,1395635,,,-,-,5/19/2026,False,,False,
AP05A,1395636,,,-,-,5/19/2026,False,,False,
AP05A,1395637,,,-,-,5/19/2026,False,,False,
AP05A,1395638,,,-,-,5/19/2026,False,,False,
AP05A,1395639,,,-,-,5/19/2026,False,,False,
AP05A,1395640,,,-,-,5/19/2026,False,,False,
AP05A,1395641,,,-,-,5/19/2026,False,,False,
AP05A,1395642,,,-,-,5/19/2026,False,,False,
AP05A,1395643,,,-,-,5/19/2026,False,,False,
AP05A,1395644,,,-,-,5/19/2026,False,,False,
AP05A,1395645,,,-,-,5/19/2026,False,,False,
AP05A,1395646,,,-,-,5/19/2026,False,,False,
AP05A,1395647,,,-,-,5/19/2026,False,,False,
AP05A,1395648,,,-,-,5/19/2026,False,,False,
AP05A,1395649,,,-,-,5/19/2026,False,,False,
AP05A,1395650,,,-,-,5/19/2026,False,,False,
AP05A,1395651,,,-,-,5/19/2026,False,,False,
AP05A,1395652,,,-,-,5/19/2026,False,,False,
AP05A,1395653,,,-,-,5/19/2026,False,,False,
AP05A,1395654,,,-,-,5/19/2026,False,,False,
AP05A,1395655,,,-,-,5/19/2026,False,,False,
AP05A,1395656,,,-,-,5/19/2026,False,,False,
AP05A,1395657,,,-,-,5/19/2026,False,,False,
AP05A,1395658,,,-,-,5/19/2026,False,,False,
AP05A,1395659,,,-,-,5/19/2026,False,,False,
AP05A,1395660,,,-,-,5/19/2026,False,,False,
AP05A,1395661,,,-,-,5/19/2026,False,,False,
AP05A,1395662,,,-,-,5/19/2026,False,,False,
AP05A,1395663,,,-,-,5/19/2026,False,,False,
AP05A,1395664,,,-,-,5/19/2026,False,,False,
AP05A,1395665,,,-,-,5/19/2026,False,,False,
AP05A,1395666,,,-,-,5/19/2026,False,,False,
AP05A,1395667,,,-,-,5/19/2026,False,,False,
AP05A,1395668,,,-,-,5/19/2026,False,,False,
AP05A,1395669,,,-,-,5/19/2026,False,,False,
AP05A,1395670,,,-,-,5/19/2026,False,,False,
AP05A,1395671,,,-,-,5/19/2026,False,,False,
AP05A,1395672,,,-,-,5/19/2026,False,,False,
AP05A,1395673,,,-,-,5/19/2026,False,,False,
AP05A,1395674,,,-,-,5/19/2026,False,,False,
AP05A,1395675,,,-,-,5/19/2026,False,,False,
AP05A,1395676,,,-,-,5/19/2026,False,,False,
AP05A,1395677,,,-,-,5/19/2026,False,,False,
AP05A,1395678,,,-,-,5/19/2026,False,,False,
AP05A,1395679,,,-,-,5/19/2026,False,,False,
AP05A,1395680,,,-,-,5/19/2026,False,,False,
AP05A,1395681,,,-,-,5/19/2026,False,,False,
AP05A,1395682,,,-,-,5/19/2026,False,,False,
AP05A,1395683,,,-,-,5/19/2026,False,,False,
AP05A,1395684,,,-,-,5/19/2026,False,,False,
AP05A,1395685,,,-,-,5/19/2026,False,,False,
AP05A,1395686,,,-,-,5/19/2026,False,,False,
AP05A,1395687,,,-,-,5/19/2026,False,,False,
AP05A,1395688,,,-,-,5/19/2026,False,,False,
AP05A,1405689,,,-,-,5/19/2026,False,,False,
AP05A,1405690,,,-,-,5/19/2026,False,,False,
AP05A,1405691,,,-,-,5/19/2026,False,,False,
AP05A,1405692,,,-,-,5/19/2026,False,,False,
AP05A,1405693,,,-,-,5/19/2026,False,,False,
AP05A,1405694,,,-,-,5/19/2026,False,,False,
AP05A,1405695,,,-,-,5/19/2026,False,,False,
AP05A,1405696,,,-,-,5/19/2026,False,,False,
AP05A,1405697,,,-,-,5/19/2026,False,,False,
AP05A,1405698,,,-,-,5/19/2026,False,,False,
AP05A,1405699,,,-,-,5/19/2026,False,,False,
AP05A,1405700,,,-,-,5/19/2026,False,,False,
AP05A,1405701,,,-,-,5/19/2026,False,,False,
AP05A,1405702,,,-,-,5/19/2026,False,,False,
AP05A,1405703,,,-,-,5/19/2026,False,,False,
AP05A,1405704,,,-,-,5/19/2026,False,,False,
AP05A,1405705,,,-,-,5/19/2026,False,,False,
AP05A,1405706,,,-,-,5/19/2026,False,,False,
AP05A,1405707,,,-,-,5/19/2026,False,,False,
AP05A,1405708,,,-,-,5/19/2026,False,,False,
AP05A,1405709,,,-,-,5/19/2026,False,,False,
AP05A,1405710,,,-,-,5/19/2026,False,,False,
AP05A,1405711,,,-,-,5/19/2026,False,,False,
AP05A,1405712,,,-,-,5/19/2026,False,,False,
AP05A,1405713,,,-,-,5/19/2026,False,,False,
AP05A,1405714,,,-,-,5/19/2026,False,,False,
AP05A,1405715,,,-,-,5/19/2026,False,,False,
AP05A,1405716,,,-,-,5/19/2026,False,,False,
AP05A,1405717,,,-,-,5/19/2026,False,,False,
AP05A,1405718,,,-,-,5/19/2026,False,,False,
AP05A,1405719,,,-,-,5/19/2026,False,,False,
AP05A,1405720,,,-,-,5/19/2026,False,,False,
AP05A,1405721,,,-,-,5/19/2026,False,,False,
AP05A,1405722,,,-,-,5/19/2026,False,,False,
AP05A,1405723,,,-,-,5/19/2026,False,,False,
AP05A,1405724,,,-,-,5/19/2026,False,,False,
AP05A,1405725,,,-,-,5/19/2026,False,,False,
AP05A,1405726,,,-,-,5/19/2026,False,,False,
AP05A,1405727,,,-,-,5/19/2026,False,,False,
AP05A,1405728,,,-,-,5/19/2026,False,,False,
AP05A,1405729,,,-,-,5/19/2026,False,,False,
AP05A,1405730,,,-,-,5/19/2026,False,,False,
AP05A,1405731,,,-,-,5/19/2026,False,,False,
AP05A,1405732,,,-,-,5/19/2026,False,,False,
AP05A,1405733,,,-,-,5/19/2026,False,,False,
AP05A,1405734,,,-,-,5/19/2026,False,,False,
AP05A,1405735,,,-,-,5/19/2026,False,,False,
AP05A,1405736,,,-,-,5/19/2026,False,,False,
AP05A,1405737,,,-,-,5/19/2026,False,,False,
AP05A,1405738,,,-,-,5/19/2026,False,,False,
AP05A,1405739,,,-,-,5/19/2026,False,,False,
AP05A,1405740,,,-,-,5/19/2026,False,,False,
AP05A,1405741,,,-,-,5/19/2026,False,,False,
AP05A,1405742,,,-,-,5/19/2026,False,,False,
AP05A,1405743,,,-,-,5/19/2026,False,,False,
AP05A,1405744,,,-,-,5/19/2026,False,,False,
AP05A,1405745,,,-,-,5/19/2026,False,,False,
AP05A,1405746,,,-,-,5/19/2026,False,,False,
AP05A,1405747,,,-,-,5/19/2026,False,,False,
AP05A,1405748,,,-,-,5/19/2026,False,,False,
AP05A,1405749,,,-,-,5/19/2026,False,,False,
AP05A,1405750,,,-,-,5/19/2026,False,,False,
AP05A,1405751,,,-,-,5/19/2026,False,,False,
AP05A,1405752,,,-,-,5/19/2026,False,,False,
AP05A,1405753,,,-,-,5/19/2026,False,,False,
AP05A,1405754,,,-,-,5/19/2026,False,,False,
AP05A,1405755,,,-,-,5/19/2026,False,,False,
AP05A,1405756,,,-,-,5/19/2026,False,,False,
AP05A,1405757,,,-,-,5/19/2026,False,,False,
AP05A,1405758,,,-,-,5/19/2026,False,,False,
AP05A,1405759,,,-,-,5/19/2026,False,,False,
AP05A,1405760,,,-,-,5/19/2026,False,,False,
AP05A,1405761,,,-,-,5/19/2026,False,,False,
AP05A,1405762,,,-,-,5/19/2026,False,,False,
AP05A,1405763,,,-,-,5/19/2026,False,,False,
AP05A,1405764,,,-,-,5/19/2026,False,,False,
AP05A,1405765,,,-,-,5/19/2026,False,,False,
AP05A,1405766,,,-,-,5/19/2026,False,,False,
AP05A,1405767,,,-,-,5/19/2026,False,,False,
AP05A,1405768,,,-,-,5/19/2026,False,,False,
AP05A,1405769,,,-,-,5/19/2026,False,,False,
AP05A,1405770,,,-,-,5/19/2026,False,,False,
AP05A,1405771,,,-,-,5/19/2026,False,,False,
AP05A,1405772,,,-,-,5/19/2026,False,,False,
AP05A,1405773,,,-,-,5/19/2026,False,,False,
AP05A,1405774,,,-,-,5/19/2026,False,,False,
AP05A,1405775,,,-,-,5/19/2026,False,,False,
AP05A,1405776,,,-,-,5/19/2026,False,,False,
AP05A,1405777,,,-,-,5/19/2026,False,,False,
AP05A,1405778,,,-,-,5/19/2026,False,,False,
AP05A,1405779,,,-,-,5/19/2026,False,,False,
AP05A,1405780,,,-,-,5/19/2026,False,,False,
AP05A,1405781,,,-,-,5/19/2026,False,,False,
AP05A,1405782,,,-,-,5/19/2026,False,,False,
AP05A,1405783,,,-,-,5/19/2026,False,,False,
AP05A,1405784,,,-,-,5/19/2026,False,,False,
AP05A,1405785,,,-,-,5/19/2026,False,,False,
AP05A,1405786,,,-,-,5/19/2026,False,,False,
AP05A,1405787,,,-,-,5/19/2026,False,,False,
AP05A,1405788,,,-,-,5/19/2026,False,,False,
AP05A,1405789,,,-,-,5/19/2026,False,,False,
AP05A,1405790,,,-,-,5/19/2026,False,,False,
AP05A,1405791,,,-,-,5/19/2026,False,,False,
AP05A,1405792,,,-,-,5/19/2026,False,,False,
AP05A,1405793,,,-,-,5/19/2026,False,,False,
AP05A,1405794,,,-,-,5/19/2026,False,,False,
AP05A,1405795,,,-,-,5/19/2026,False,,False,
AP05A,1405796,,,-,-,5/19/2026,False,,False,
AP05A,1405797,,,-,-,5/19/2026,False,,False,
AP05A,1405798,,,-,-,5/19/2026,False,,False,
AP05A,1405799,,,-,-,5/19/2026,False,,False,
AP05A,1405800,,,-,-,5/19/2026,False,,False,
AP05A,1405801,,,-,-,5/19/2026,False,,False,
AP05A,1405802,,,-,-,5/19/2026,False,,False,
AP05A,1405803,,,-,-,5/19/2026,False,,False,
AP05A,1405804,,,-,-,5/19/2026,False,,False,
AP05A,1405805,,,-,-,5/19/2026,False,,False,
AP05A,1405806,,,-,-,5/19/2026,False,,False,
AP05A,1405807,,,-,-,5/19/2026,False,,False,
AP05A,1405808,,,-,-,5/19/2026,False,,False,
AP05A,1405809,,,-,-,5/19/2026,False,,False,
AP05A,1405810,,,-,-,5/19/2026,False,,False,
AP05A,1405811,,,-,-,5/19/2026,False,,False,
AP05A,1405812,,,-,-,5/19/2026,False,,False,
AP05A,1405813,,,-,-,5/19/2026,False,,False,
AP05A,1405814,,,-,-,5/19/2026,False,,False,
AP05A,1405815,,,-,-,5/19/2026,False,,False,
AP05A,1405816,,,-,-,5/19/2026,False,,False,
AP05A,1405817,,,-,-,5/19/2026,False,,False,
AP05A,1405818,,,-,-,5/19/2026,False,,False,
AP05A,1405819,,,-,-,5/19/2026,False,,False,
AP05A,1405820,,,-,-,5/19/2026,False,,False,
AP05A,1405821,,,-,-,5/19/2026,False,,False,
AP05A,1405822,,,-,-,5/19/2026,False,,False,
AP05A,1405823,,,-,-,5/19/2026,False,,False,
AP05A,1405824,,,-,-,5/19/2026,False,,False,
AP05A,1405825,,,-,-,5/19/2026,False,,False,
AP05A,1405826,,,-,-,5/19/2026,False,,False,
AP05A,1405827,,,-,-,5/19/2026,False,,False,
AP05A,1405828,,,-,-,5/19/2026,False,,False,
AP05A,1405829,,,-,-,5/19/2026,False,,False,
AP05A,1405830,,,-,-,5/19/2026,False,,False,
AP05A,1405831,,,-,-,5/19/2026,False,,False,
AP05A,1405832,,,-,-,5/19/2026,False,,False,
AP05A,1405833,,,-,-,5/19/2026,False,,False,
AP05A,1405834,,,-,-,5/19/2026,False,,False,
AP05A,1405835,,,-,-,5/19/2026,False,,False,
AP05A,1405836,,,-,-,5/19/2026,False,,False,
AP05A,1405837,,,-,-,5/19/2026,False,,False,
AP05A,1405838,,,-,-,5/19/2026,False,,False,
AP05A,1405839,,,-,-,5/19/2026,False,,False,
AP05A,1405840,,,-,-,5/19/2026,False,,False,
AP05A,1405841,,,-,-,5/19/2026,False,,False,
AP05A,1405842,,,-,-,5/19/2026,False,,False,
AP05A,1405843,,,-,-,5/19/2026,False,,False,
AP05A,1405844,,,-,-,5/19/2026,False,,False,
AP05A,1405845,,,-,-,5/19/2026,False,,False,
AP05A,1405846,,,-,-,5/19/2026,False,,False,
AP05A,1405847,,,-,-,5/19/2026,False,,False,
AP05A,1405848,,,-,-,5/19/2026,False,,False,
AP05A,1405849,,,-,-,5/19/2026,False,,False,
AP05A,1405850,,,-,-,5/19/2026,False,,False,
AP05A,1405851,,,-,-,5/19/2026,False,,False,
AP05A,1405852,,,-,-,5/19/2026,False,,False,
AP05A,1405853,,,-,-,5/19/2026,False,,False,
AP05A,1405854,,,-,-,5/19/2026,False,,False,
AP05A,1405855,,,-,-,5/19/2026,False,,False,
AP05A,1405856,,,-,-,5/19/2026,False,,False,
AP05A,1405857,,,-,-,5/19/2026,False,,False,
AP05A,1405858,,,-,-,5/19/2026,False,,False,
AP05A,1405859,,,-,-,5/19/2026,False,,False,
AP05A,1405860,,,-,-,5/19/2026,False,,False,
AP05A,1405861,,,-,-,5/19/2026,False,,False,
AP05A,1405862,,,-,-,5/19/2026,False,,False,
AP05A,1405863,,,-,-,5/19/2026,False,,False,
AP05A,1405864,,,-,-,5/19/2026,False,,False,
AP05A,1405865,,,-,-,5/19/2026,False,,False,
AP05A,1405866,,,-,-,5/19/2026,False,,False,
AP05A,1405867,,,-,-,5/19/2026,False,,False,
AP05A,1405868,,,-,-,5/19/2026,False,,False,
AP05A,1405869,,,-,-,5/19/2026,False,,False,
AP05A,1405870,,,-,-,5/19/2026,False,,False,
AP05A,1405871,,,-,-,5/19/2026,False,,False,
AP05A,1405872,,,-,-,5/19/2026,False,,False,
AP05A,1405873,,,-,-,5/19/2026,False,,False,
AP05A,1405874,,,-,-,5/19/2026,False,,False,
AP05A,1405875,,,-,-,5/19/2026,False,,False,
AP05A,1405876,,,-,-,5/19/2026,False,,False,
AP05A,1405877,,,-,-,5/19/2026,False,,False,
AP05A,1405878,,,-,-,5/19/2026,False,,False,
AP05A,1405879,,,-,-,5/19/2026,False,,False,
AP05A,1405880,,,-,-,5/19/2026,False,,False,
AP05A,1405881,,,-,-,5/19/2026,False,,False,
AP05A,1405882,,,-,-,5/19/2026,False,,False,
AP05A,1405883,,,-,-,5/19/2026,False,,False,
AP05A,1405884,,,-,-,5/19/2026,False,,False,
AP05A,1405885,,,-,-,5/19/2026,False,,False,
AP05A,1405886,,,-,-,5/19/2026,False,,False,
AP05A,1405887,,,-,-,5/19/2026,False,,False,
AP05A,1405888,,,-,-,5/19/2026,False,,False,
AP05A,1405889,,,-,-,5/19/2026,False,,False,
AP05A,1405890,,,-,-,5/19/2026,False,,False,
AP05A,1405891,,,-,-,5/19/2026,False,,False,
AP05A,1405892,,,-,-,5/19/2026,False,,False,
AP05A,1405893,,,-,-,5/19/2026,False,,False,
AP05A,1405894,,,-,-,5/19/2026,False,,False,
AP05A,1405895,,,-,-,5/19/2026,False,,False,
AP05A,1405896,,,-,-,5/19/2026,False,,False,
AP05A,1405897,,,-,-,5/19/2026,False,,False,
AP05A,1405898,,,-,-,5/19/2026,False,,False,
AP05A,1405899,,,-,-,5/19/2026,False,,False,
AP05A,1405900,,,-,-,5/19/2026,False,,False,
AP05A,1405901,,,-,-,5/19/2026,False,,False,
AP05A,1405902,,,-,-,5/19/2026,False,,False,
AP05A,1405903,,,-,-,5/19/2026,False,,False,
AP05A,1405904,,,-,-,5/19/2026,False,,False,
AP05A,1405905,,,-,-,5/19/2026,False,,False,
AP05A,1405906,,,-,-,5/19/2026,False,,False,
AP05A,1405907,,,-,-,5/19/2026,False,,False,
AP05A,1405908,,,-,-,5/19/2026,False,,False,
AP05A,1405909,,,-,-,5/19/2026,False,,False,
AP05A,1405910,,,-,-,5/19/2026,False,,False,
AP05A,1405911,,,-,-,5/19/2026,False,,False,
AP05A,1405912,,,-,-,5/19/2026,False,,False,
AP05A,1405913,,,-,-,5/19/2026,False,,False,
AP05A,1405914,,,-,-,5/19/2026,False,,False,
AP05A,1405915,,,-,-,5/19/2026,False,,False,
AP05A,1405916,,,-,-,5/19/2026,False,,False,
AP05A,1405917,,,-,-,5/19/2026,False,,False,
AP05A,1405918,,,-,-,5/19/2026,False,,False,
AP05A,1405919,,,-,-,5/19/2026,False,,False,
AP05A,1405920,,,-,-,5/19/2026,False,,False,
AP05A,1405921,,,-,-,5/19/2026,False,,False,
AP05A,1405922,,,-,-,5/19/2026,False,,False,
AP05A,1405923,,,-,-,5/19/2026,False,,False,
AP05A,1405924,,,-,-,5/19/2026,False,,False,
AP05A,1405925,,,-,-,5/19/2026,False,,False,
AP05A,1405926,,,-,-,5/19/2026,False,,False,
AP05A,1405927,,,-,-,5/19/2026,False,,False,
AP05A,1405928,,,-,-,5/19/2026,False,,False,
AP05A,1405929,,,-,-,5/19/2026,False,,False,
AP05A,1405930,,,-,-,5/19/2026,False,,False,
AP05A,1405931,,,-,-,5/19/2026,False,,False,
AP05A,1405932,,,-,-,5/19/2026,False,,False,
AP05A,1405933,,,-,-,5/19/2026,False,,False,
AP05A,1405934,,,-,-,5/19/2026,False,,False,
AP05A,1405935,,,-,-,5/19/2026,False,,False,
AP05A,1405936,,,-,-,5/19/2026,False,,False,
AP05A,1405937,,,-,-,5/19/2026,False,,False,
AP05A,1405938,,,-,-,5/19/2026,False,,False,
AP05A,1405939,,,-,-,5/19/2026,False,,False,
AP05A,1405940,,,-,-,5/19/2026,False,,False,
AP05A,1405941,,,-,-,5/19/2026,False,,False,
AP05A,1405942,,,-,-,5/19/2026,False,,False,
AP05A,1405943,,,-,-,5/19/2026,False,,False,
AP05A,1405944,,,-,-,5/19/2026,False,,False,
AP05A,1405945,,,-,-,5/19/2026,False,,False,
AP05A,1405946,,,-,-,5/19/2026,False,,False,
AP05A,1405947,,,-,-,5/19/2026,False,,False,
AP05A,1405948,,,-,-,5/19/2026,False,,False,
AP05A,1405949,,,-,-,5/19/2026,False,,False,
AP05A,1405950,,,-,-,5/19/2026,False,,False,
AP05A,1405951,,,-,-,5/19/2026,False,,False,
AP05A,1405952,,,-,-,5/19/2026,False,,False,
AP05A,1405953,,,-,-,5/19/2026,False,,False,
AP05A,1405954,,,-,-,5/19/2026,False,,False,
AP05A,1405955,,,-,-,5/19/2026,False,,False,
AP05A,1405956,,,-,-,5/19/2026,False,,False,
AP05A,1405957,,,-,-,5/19/2026,False,,False,
AP05A,1405958,,,-,-,5/19/2026,False,,False,
AP05A,1405959,,,-,-,5/19/2026,False,,False,
AP05A,1405960,,,-,-,5/19/2026,False,,False,
AP05A,1405961,,,-,-,5/19/2026,False,,False,
AP05A,1405962,,,-,-,5/19/2026,False,,False,
AP05A,1405963,,,-,-,5/19/2026,False,,False,
AP05A,1405964,,,-,-,5/19/2026,False,,False,
AP05A,1405965,,,-,-,5/19/2026,False,,False,
AP05A,1405966,,,-,-,5/19/2026,False,,False,
AP05A,1405967,,,-,-,5/19/2026,False,,False,
AP05A,1405968,,,-,-,5/19/2026,False,,False,
AP05A,1405969,,,-,-,5/19/2026,False,,False,
AP05A,1405970,,,-,-,5/19/2026,False,,False,
AP05A,1405971,,,-,-,5/19/2026,False,,False,
AP05A,1405972,,,-,-,5/19/2026,False,,False,
AP05A,1405973,,,-,-,5/19/2026,False,,False,
AP05A,1405974,,,-,-,5/19/2026,False,,False,
AP05A,1405975,,,-,-,5/19/2026,False,,False,
AP05A,1405976,,,-,-,5/19/2026,False,,False,
AP05A,1405977,,,-,-,5/19/2026,False,,False,
AP05A,1405978,,,-,-,5/19/2026,False,,False,
AP05A,1405979,,,-,-,5/19/2026,False,,False,
AP05A,1405980,,,-,-,5/19/2026,False,,False,
AP05A,1405981,,,-,-,5/19/2026,False,,False,
AP05A,1405982,,,-,-,5/19/2026,False,,False,
AP05A,1405983,,,-,-,5/19/2026,False,,False,
AP05A,1405984,,,-,-,5/19/2026,False,,False,
AP05A,1405985,,,-,-,5/19/2026,False,,False,
AP05A,1405986,,,-,-,5/19/2026,False,,False,
AP05A,1405987,,,-,-,5/19/2026,False,,False,
AP05A,1405988,,,-,-,5/19/2026,False,,False,
AP05A,1405989,,,-,-,5/19/2026,False,,False,
AP05A,1405990,,,-,-,5/19/2026,False,,False,
AP05A,1405991,,,-,-,5/19/2026,False,,False,
AP05A,1405992,,,-,-,5/19/2026,False,,False,
AP05A,1405993,,,-,-,5/19/2026,False,,False,
AP05A,1405994,,,-,-,5/19/2026,False,,False,
AP05A,1405995,,,-,-,5/19/2026,False,,False,
AP05A,1405996,,,-,-,5/19/2026,False,,False,
AP05A,1405997,,,-,-,5/19/2026,False,,False,
AP05A,1405998,,,-,-,5/19/2026,False,,False,
AP05A,1405999,,,-,-,5/19/2026,False,,False,
AP05A,1406000,,,-,-,5/19/2026,False,,False,
AP05A,1406001,,,-,-,5/19/2026,False,,False,
AP05A,1406002,,,-,-,5/19/2026,False,,False,
AP05A,1406003,,,-,-,5/19/2026,False,,False,
AP05A,1406004,,,-,-,5/19/2026,False,,False,
AP05A,1406005,,,-,-,5/19/2026,False,,False,
AP05A,1406006,,,-,-,5/19/2026,False,,False,
AP05A,1406007,,,-,-,5/19/2026,False,,False,
AP05A,1406008,,,-,-,5/19/2026,False,,False,
AP05A,1406009,,,-,-,5/19/2026,False,,False,
AP05A,1406010,,,-,-,5/19/2026,False,,False,
AP05A,1406011,,,-,-,5/19/2026,False,,False,
AP05A,1406012,,,-,-,5/19/2026,False,,False,
AP05A,1406013,,,-,-,5/19/2026,False,,False,
AP05A,1406014,,,-,-,5/19/2026,False,,False,
AP05A,1406015,,,-,-,5/19/2026,False,,False,
AP05A,1406016,,,-,-,5/19/2026,False,,False,
AP05A,1406017,,,-,-,5/19/2026,False,,False,
AP05A,1406018,,,-,-,5/19/2026,False,,False,
AP05A,1406019,,,-,-,5/19/2026,False,,False,
AP05A,1406020,,,-,-,5/19/2026,False,,False,
AP05A,1406021,,,-,-,5/19/2026,False,,False,
AP05A,1406022,,,-,-,5/19/2026,False,,False,
AP05A,1406023,,,-,-,5/19/2026,False,,False,
AP05A,1406024,,,-,-,5/19/2026,False,,False,
AP05A,1406025,,,-,-,5/19/2026,False,,False,
AP05A,1406026,,,-,-,5/19/2026,False,,False,
AP05A,1406027,,,-,-,5/19/2026,False,,False,
AP05A,1406028,,,-,-,5/19/2026,False,,False,
AP05A,1406029,,,-,-,5/19/2026,False,,False,
AP05A,1406030,,,-,-,5/19/2026,False,,False,
AP05A,1406031,,,-,-,5/19/2026,False,,False,
AP05A,1406032,,,-,-,5/19/2026,False,,False,
AP05A,1406033,,,-,-,5/19/2026,False,,False,
AP05A,1406034,,,-,-,5/19/2026,False,,False,
AP05A,1406035,,,-,-,5/19/2026,False,,False,
AP05A,1406036,,,-,-,5/19/2026,False,,False,
AP05A,1406037,,,-,-,5/19/2026,False,,False,
AP05A,1406038,,,-,-,5/19/2026,False,,False,
AP05A,1406039,,,-,-,5/19/2026,False,,False,
AP05A,1406040,,,-,-,5/19/2026,False,,False,
AP05A,1406041,,,-,-,5/19/2026,False,,False,
AP05A,1406042,,,-,-,5/19/2026,False,,False,
AP05A,1406043,,,-,-,5/19/2026,False,,False,
AP05A,1406044,,,-,-,5/19/2026,False,,False,
AP05A,1406045,,,-,-,5/19/2026,False,,False,
AP05A,1406046,,,-,-,5/19/2026,False,,False,
AP05A,1406047,,,-,-,5/19/2026,False,,False,
AP05A,1406048,,,-,-,5/19/2026,False,,False,
AP05A,1406049,,,-,-,5/19/2026,False,,False,
AP05A,1406050,,,-,-,5/19/2026,False,,False,
AP05A,1406051,,,-,-,5/19/2026,False,,False,
AP05A,1406052,,,-,-,5/19/2026,False,,False,
AP05A,1406053,,,-,-,5/19/2026,False,,False,
AP05A,1406054,,,-,-,5/19/2026,False,,False,
AP05A,1406055,,,-,-,5/19/2026,False,,False,
AP05A,1406056,,,-,-,5/19/2026,False,,False,
AP05A,1406057,,,-,-,5/19/2026,False,,False,
AP05A,1406058,,,-,-,5/19/2026,False,,False,
AP05A,1406059,,,-,-,5/19/2026,False,,False,
AP05A,1406060,,,-,-,5/19/2026,False,,False,
AP05A,1406061,,,-,-,5/19/2026,False,,False,
AP05A,1406062,,,-,-,5/19/2026,False,,False,
AP05A,1406063,,,-,-,5/19/2026,False,,False,
AP05A,1406064,,,-,-,5/19/2026,False,,False,
AP05A,1406065,,,-,-,5/19/2026,False,,False,
AP05A,1406066,,,-,-,5/19/2026,False,,False,
AP05A,1406067,,,-,-,5/19/2026,False,,False,
AP05A,1406068,,,-,-,5/19/2026,False,,False,
AP05A,1406069,,,-,-,5/19/2026,False,,False,
AP05A,1406070,,,-,-,5/19/2026,False,,False,
AP05A,1406071,,,-,-,5/19/2026,False,,False,
AP05A,1406072,,,-,-,5/19/2026,False,,False,
AP05A,1406073,,,-,-,5/19/2026,False,,False,
AP05A,1406074,,,-,-,5/19/2026,False,,False,
AP05A,1406075,,,-,-,5/19/2026,False,,False,
AP05A,1406076,,,-,-,5/19/2026,False,,False,
AP05A,1406077,,,-,-,5/19/2026,False,,False,
AP05A,1406078,,,-,-,5/19/2026,False,,False,
AP05A,1406079,,,-,-,5/19/2026,False,,False,
AP05A,1406080,,,-,-,5/19/2026,False,,False,
AP05A,1406081,,,-,-,5/19/2026,False,,False,
AP05A,1406082,,,-,-,5/19/2026,False,,False,
AP05A,1406083,,,-,-,5/19/2026,False,,False,
AP05A,1406084,,,-,-,5/19/2026,False,,False,
AP05A,1406085,,,-,-,5/19/2026,False,,False,
AP05A,1406086,,,-,-,5/19/2026,False,,False,
AP05A,1406087,,,-,-,5/19/2026,False,,False,
AP05A,1406088,,,-,-,5/19/2026,False,,False,
AP05A,1406089,,,-,-,5/19/2026,False,,False,
AP05A,1406090,,,-,-,5/19/2026,False,,False,
AP05A,1406091,,,-,-,5/19/2026,False,,False,
AP05A,1406092,,,-,-,5/19/2026,False,,False,
AP05A,1406093,,,-,-,5/19/2026,False,,False,
AP05A,1406094,,,-,-,5/19/2026,False,,False,
AP05A,1406095,,,-,-,5/19/2026,False,,False,
AP05A,1406096,,,-,-,5/19/2026,False,,False,
AP05A,1406097,,,-,-,5/19/2026,False,,False,
AP05A,1406098,,,-,-,5/19/2026,False,,False,
AP05A,1406099,,,-,-,5/19/2026,False,,False,
AP05A,1406100,,,-,-,5/19/2026,False,,False,
AP05A,1406101,,,-,-,5/19/2026,False,,False,
AP05A,1406102,,,-,-,5/19/2026,False,,False,
AP05A,1406103,,,-,-,5/19/2026,False,,False,
AP05A,1406104,,,-,-,5/19/2026,False,,False,
AP05A,1406105,,,-,-,5/19/2026,False,,False,
AP05A,1406106,,,-,-,5/19/2026,False,,False,
AP05A,1406107,,,-,-,5/19/2026,False,,False,
AP05A,1406108,,,-,-,5/19/2026,False,,False,
AP05A,1406109,,,-,-,5/19/2026,False,,False,
AP05A,1406110,,,-,-,5/19/2026,False,,False,
AP05A,1406111,,,-,-,5/19/2026,False,,False,
AP05A,1406112,,,-,-,5/19/2026,False,,False,
AP05A,1406113,,,-,-,5/19/2026,False,,False,
AP05A,1406114,,,-,-,5/19/2026,False,,False,
AP05A,1406115,,,-,-,5/19/2026,False,,False,
AP05A,1406116,,,-,-,5/19/2026,False,,False,
AP05A,1406117,,,-,-,5/19/2026,False,,False,
AP05A,1406118,,,-,-,5/19/2026,False,,False,
AP05A,1406119,,,-,-,5/19/2026,False,,False,
AP05A,1406120,,,-,-,5/19/2026,False,,False,
AP05A,1406121,,,-,-,5/19/2026,False,,False,
AP05A,1406122,,,-,-,5/19/2026,False,,False,
AP05A,1406123,,,-,-,5/19/2026,False,,False,
AP05A,1406124,,,-,-,5/19/2026,False,,False,
AP05A,1406125,,,-,-,5/19/2026,False,,False,
AP05A,1406126,,,-,-,5/19/2026,False,,False,
AP05A,1406127,,,-,-,5/19/2026,False,,False,
AP05A,1406128,,,-,-,5/19/2026,False,,False,
AP05A,1406129,,,-,-,5/19/2026,False,,False,
AP05A,1406130,,,-,-,5/19/2026,False,,False,
AP05A,1406131,,,-,-,5/19/2026,False,,False,
AP05A,1406132,,,-,-,5/19/2026,False,,False,
AP05A,1406133,,,-,-,5/19/2026,False,,False,
AP05A,1406134,,,-,-,5/19/2026,False,,False,
AP05A,1406135,,,-,-,5/19/2026,False,,False,
AP05A,1406136,,,-,-,5/19/2026,False,,False,
AP05A,1406137,,,-,-,5/19/2026,False,,False,
AP05A,1406138,,,-,-,5/19/2026,False,,False,
AP05A,1406139,,,-,-,5/19/2026,False,,False,
AP05A,1406140,,,-,-,5/19/2026,False,,False,
AP05A,1406141,,,-,-,5/19/2026,False,,False,
AP05A,1406142,,,-,-,5/19/2026,False,,False,
AP05A,1406143,,,-,-,5/19/2026,False,,False,
AP05A,1406144,,,-,-,5/19/2026,False,,False,
AP05A,1406145,,,-,-,5/19/2026,False,,False,
AP05A,1406146,,,-,-,5/19/2026,False,,False,
AP05A,1406147,,,-,-,5/19/2026,False,,False,
AP05A,1406148,,,-,-,5/19/2026,False,,False,
AP05A,1406149,,,-,-,5/19/2026,False,,False,
AP05A,1406150,,,-,-,5/19/2026,False,,False,
AP05A,1406151,,,-,-,5/19/2026,False,,False,
AP05A,1406152,,,-,-,5/19/2026,False,,False,
AP05A,1406153,,,-,-,5/19/2026,False,,False,
AP05A,1406154,,,-,-,5/19/2026,False,,False,
AP05A,1406155,,,-,-,5/19/2026,False,,False,
AP05A,1406156,,,-,-,5/19/2026,False,,False,
AP05A,1406157,,,-,-,5/19/2026,False,,False,
AP05A,1406158,,,-,-,5/20/2026,False,,False,
AP05A,1406159,,,-,-,5/20/2026,False,,False,
AP05A,1406160,,,-,-,5/20/2026,False,,False,
AP05A,1406161,,,-,-,5/20/2026,False,,False,
AP05A,1406162,,,-,-,5/20/2026,False,,False,
AP05A,1406163,,,-,-,5/20/2026,False,,False,
AP05A,1406164,,,-,-,5/20/2026,False,,False,
AP05A,1406165,,,-,-,5/20/2026,False,,False,
AP05A,1406166,,,-,-,5/20/2026,False,,False,
AP05A,1406167,,,-,-,5/20/2026,False,,False,
AP05A,1406168,,,-,-,5/20/2026,False,,False,
AP05A,1406169,,,-,-,5/20/2026,False,,False,
AP05A,1406170,,,-,-,5/20/2026,False,,False,
AP05A,1406171,,,-,-,5/20/2026,False,,False,
AP05A,1406172,,,-,-,5/20/2026,False,,False,
AP05A,1406173,,,-,-,5/20/2026,False,,False,
AP05A,1406174,,,-,-,5/20/2026,False,,False,
AP05A,1406175,,,-,-,5/20/2026,False,,False,
AP05A,1406176,,,-,-,5/20/2026,False,,False,
AP05A,1406177,,,-,-,5/20/2026,False,,False,
AP05A,1406178,,,-,-,5/20/2026,False,,False,
AP05A,1406179,,,-,-,5/20/2026,False,,False,
AP05A,1406180,,,-,-,5/20/2026,False,,False,
AP05A,1406181,,,-,-,5/20/2026,False,,False,
AP05A,1406182,,,-,-,5/20/2026,False,,False,
AP05A,1406183,,,-,-,5/20/2026,False,,False,
AP05A,1406184,,,-,-,5/20/2026,False,,False,
AP05A,1406185,,,-,-,5/20/2026,False,,False,
AP05A,1406186,,,-,-,5/20/2026,False,,False,
AP05A,1406187,,,-,-,5/20/2026,False,,False,
AP05A,1406188,,,-,-,5/20/2026,False,,False,
AP05A,1406189,,,-,-,5/20/2026,False,,False,
AP05A,1406190,,,-,-,5/20/2026,False,,False,
AP05A,1406191,,,-,-,5/20/2026,False,,False,
AP05A,1406192,,,-,-,5/20/2026,False,,False,
AP05A,1406193,,,-,-,5/20/2026,False,,False,
AP05A,1406194,,,-,-,5/20/2026,False,,False,
AP05A,1406195,,,-,-,5/20/2026,False,,False,
AP05A,1406196,,,-,-,5/20/2026,False,,False,
AP05A,1406197,,,-,-,5/20/2026,False,,False,
AP05A,1406198,,,-,-,5/20/2026,False,,False,
AP05A,1406199,,,-,-,5/20/2026,False,,False,
AP05A,1406200,,,-,-,5/20/2026,False,,False,
AP05A,1406201,,,-,-,5/20/2026,False,,False,
AP05A,1406202,,,-,-,5/20/2026,False,,False,
AP05A,1406203,,,-,-,5/20/2026,False,,False,
AP05A,1406204,,,-,-,5/20/2026,False,,False,
AP05A,1406205,,,-,-,5/20/2026,False,,False,
AP05A,1406206,,,-,-,5/20/2026,False,,False,
AP05A,1406207,,,-,-,5/20/2026,False,,False,
AP05A,1406208,,,-,-,5/20/2026,False,,False,
AP05A,1406209,,,-,-,5/20/2026,False,,False,
AP05A,1406210,,,-,-,5/20/2026,False,,False,
AP05A,1406211,,,-,-,5/20/2026,False,,False,
AP05A,1406212,,,-,-,5/20/2026,False,,False,
AP05A,1406213,,,-,-,5/20/2026,False,,False,
AP05A,1406214,,,-,-,5/20/2026,False,,False,
AP05A,1406215,,,-,-,5/20/2026,False,,False,
AP05A,1406216,,,-,-,5/20/2026,False,,False,
AP05A,1406217,,,-,-,5/20/2026,False,,False,
AP05A,1406218,,,-,-,5/20/2026,False,,False,
AP05A,1406219,,,-,-,5/20/2026,False,,False,
AP05A,1406220,,,-,-,5/20/2026,False,,False,
AP05A,1406221,,,-,-,5/20/2026,False,,False,
AP05A,1406222,,,-,-,5/20/2026,False,,False,
AP05A,1406223,,,-,-,5/20/2026,False,,False,
AP05A,1406224,,,-,-,5/20/2026,False,,False,
AP05A,1406225,,,-,-,5/20/2026,False,,False,
AP05A,1406226,,,-,-,5/20/2026,False,,False,
AP05A,1406227,,,-,-,5/20/2026,False,,False,
AP05A,1406228,,,-,-,5/20/2026,False,,False,
AP05A,1406229,,,-,-,5/20/2026,False,,False,
AP05A,1406230,,,-,-,5/20/2026,False,,False,
AP05A,1406231,,,-,-,5/20/2026,False,,False,
AP05A,1406232,,,-,-,5/20/2026,False,,False,
AP05A,1406233,,,-,-,5/20/2026,False,,False,
AP05A,1406234,,,-,-,5/20/2026,False,,False,
AP05A,1406235,,,-,-,5/20/2026,False,,False,
AP05A,1406236,,,-,-,5/20/2026,False,,False,
AP05A,1406237,,,-,-,5/20/2026,False,,False,
AP05A,1406238,,,-,-,5/20/2026,False,,False,
AP05A,1406239,,,-,-,5/20/2026,False,,False,
AP05A,1406240,,,-,-,5/20/2026,False,,False,
AP05A,1406241,,,-,-,5/20/2026,False,,False,
AP05A,1406242,,,-,-,5/20/2026,False,,False,
AP05A,1406243,,,-,-,5/20/2026,False,,False,
AP05A,1406244,,,-,-,5/20/2026,False,,False,
AP05A,1406245,,,-,-,5/20/2026,False,,False,
AP05A,1406246,,,-,-,5/20/2026,False,,False,
AP05A,1406247,,,-,-,5/20/2026,False,,False,
AP05A,1406248,,,-,-,5/20/2026,False,,False,
AP05A,1406249,,,-,-,5/20/2026,False,,False,
AP05A,1406250,,,-,-,5/20/2026,False,,False,
AP05A,1406251,,,-,-,5/20/2026,False,,False,
AP05A,1406252,,,-,-,5/20/2026,False,,False,
AP05A,1406253,,,-,-,5/20/2026,False,,False,
AP05A,1406254,,,-,-,5/20/2026,False,,False,
AP05A,1406255,,,-,-,5/20/2026,False,,False,
AP05A,1406256,,,-,-,5/20/2026,False,,False,
AP05A,1406257,,,-,-,5/20/2026,False,,False,
AP05A,1406258,,,-,-,5/20/2026,False,,False,
AP05A,1406259,,,-,-,5/20/2026,False,,False,
AP05A,1406260,,,-,-,5/20/2026,False,,False,
AP05A,1406261,,,-,-,5/20/2026,False,,False,
AP05A,1406262,,,-,-,5/20/2026,False,,False,
AP05A,1406263,,,-,-,5/20/2026,False,,False,
AP05A,1406264,,,-,-,5/20/2026,False,,False,
AP05A,1406265,,,-,-,5/20/2026,False,,False,
AP05A,1406266,,,-,-,5/20/2026,False,,False,
AP05A,1406267,,,-,-,5/20/2026,False,,False,
AP05A,1406268,,,-,-,5/20/2026,False,,False,
AP05A,1406269,,,-,-,5/20/2026,False,,False,
AP05A,1406270,,,-,-,5/20/2026,False,,False,
AP05A,1406271,,,-,-,5/20/2026,False,,False,
AP05A,1406272,,,-,-,5/20/2026,False,,False,
AP05A,1406273,,,-,-,5/20/2026,False,,False,
AP05A,1406274,,,-,-,5/20/2026,False,,False,
AP05A,1406275,,,-,-,5/20/2026,False,,False,
AP05A,1406276,,,-,-,5/20/2026,False,,False,
AP05A,1406277,,,-,-,5/20/2026,False,,False,
AP05A,1406278,,,-,-,5/20/2026,False,,False,
AP05A,1406279,,,-,-,5/20/2026,False,,False,
AP05A,1406280,,,-,-,5/20/2026,False,,False,
AP05A,1406281,,,-,-,5/20/2026,False,,False,
AP05A,1406282,,,-,-,5/20/2026,False,,False,
AP05A,1406283,,,-,-,5/20/2026,False,,False,
AP05A,1406284,,,-,-,5/20/2026,False,,False,
AP05A,1406285,,,-,-,5/20/2026,False,,False,
AP05A,1406286,,,-,-,5/20/2026,False,,False,
AP05A,1406287,,,-,-,5/20/2026,False,,False,
AP05A,1406288,,,-,-,5/20/2026,False,,False,
AP05A,1406289,,,-,-,5/20/2026,False,,False,
AP05A,1406290,,,-,-,5/20/2026,False,,False,
AP05A,1406291,,,-,-,5/20/2026,False,,False,
AP05A,1406292,,,-,-,5/20/2026,False,,False,
AP05A,1406293,,,-,-,5/20/2026,False,,False,
AP05A,1406294,,,-,-,5/20/2026,False,,False,
AP05A,1406295,,,-,-,5/20/2026,False,,False,
AP05A,1406296,,,-,-,5/20/2026,False,,False,
AP05A,1406297,,,-,-,5/20/2026,False,,False,
AP05A,1406298,,,-,-,5/20/2026,False,,False,
AP05A,1406299,,,-,-,5/20/2026,False,,False,
AP05A,1406300,,,-,-,5/20/2026,False,,False,
AP05A,1406301,,,-,-,5/20/2026,False,,False,
AP05A,1406302,,,-,-,5/20/2026,False,,False,
AP05A,1406303,,,-,-,5/20/2026,False,,False,
AP05A,1406304,,,-,-,5/20/2026,False,,False,
AP05A,1406305,,,-,-,5/20/2026,False,,False,
AP05A,1406306,,,-,-,5/20/2026,False,,False,
AP05A,1406307,,,-,-,5/20/2026,False,,False,
AP05A,1406308,,,-,-,5/20/2026,False,,False,
AP05A,1406309,,,-,-,5/20/2026,False,,False,
AP05A,1406310,,,-,-,5/20/2026,False,,False,
AP05A,1406311,,,-,-,5/20/2026,False,,False,
AP05A,1406312,,,-,-,5/20/2026,False,,False,
AP05A,1406313,,,-,-,5/20/2026,False,,False,
AP05A,1406314,,,-,-,5/20/2026,False,,False,
AP05A,1406315,,,-,-,5/20/2026,False,,False,
AP05A,1406316,,,-,-,5/20/2026,False,,False,
AP05A,1406317,,,-,-,5/20/2026,False,,False,
AP05A,1406318,,,-,-,5/20/2026,False,,False,
AP05A,1406319,,,-,-,5/20/2026,False,,False,
AP05A,1406320,,,-,-,5/20/2026,False,,False,
AP05A,1406321,,,-,-,5/20/2026,False,,False,
AP05A,1406322,,,-,-,5/20/2026,False,,False,
AP05A,1406323,,,-,-,5/20/2026,False,,False,
AP05A,1406324,,,-,-,5/20/2026,False,,False,
AP05A,1406325,,,-,-,5/20/2026,False,,False,
AP05A,1406326,,,-,-,5/20/2026,False,,False,
AP05A,1406327,,,-,-,5/20/2026,False,,False,
AP05A,1406328,,,-,-,5/20/2026,False,,False,
AP05A,1406329,,,-,-,5/20/2026,False,,False,
AP05A,1406330,,,-,-,5/20/2026,False,,False,
AP05A,1406331,,,-,-,5/20/2026,False,,False,
AP05A,1406332,,,-,-,5/20/2026,False,,False,
AP05A,1406333,,,-,-,5/20/2026,False,,False,
AP05A,1406334,,,-,-,5/20/2026,False,,False,
AP05A,1406335,,,-,-,5/20/2026,False,,False,
AP05A,1406336,,,-,-,5/20/2026,False,,False,
AP05A,1406337,,,-,-,5/20/2026,False,,False,
AP05A,1406338,,,-,-,5/20/2026,False,,False,
AP05A,1406339,,,-,-,5/20/2026,False,,False,
AP05A,1406340,,,-,-,5/20/2026,False,,False,
AP05A,1406341,,,-,-,5/20/2026,False,,False,
AP05A,1406342,,,-,-,5/20/2026,False,,False,
AP05A,1406343,,,-,-,5/20/2026,False,,False,
AP05A,1406344,,,-,-,5/20/2026,False,,False,
AP05A,1406345,,,-,-,5/20/2026,False,,False,
AP05A,1406346,,,-,-,5/20/2026,False,,False,
AP05A,1406347,,,-,-,5/20/2026,False,,False,
AP05A,1406348,,,-,-,5/20/2026,False,,False,
AP05A,1406349,,,-,-,5/20/2026,False,,False,
AP05A,1406350,,,-,-,5/20/2026,False,,False,
AP05A,1406351,,,-,-,5/20/2026,False,,False,
AP05A,1406352,,,-,-,5/20/2026,False,,False,
AP05A,1406353,,,-,-,5/20/2026,False,,False,
AP05A,1406354,,,-,-,5/20/2026,False,,False,
AP05A,1406355,,,-,-,5/20/2026,False,,False,
AP05A,1406356,,,-,-,5/20/2026,False,,False,
AP05A,1406357,,,-,-,5/20/2026,False,,False,
AP05A,1406358,,,-,-,5/20/2026,False,,False,
AP05A,1406359,,,-,-,5/20/2026,False,,False,
AP05A,1406360,,,-,-,5/20/2026,False,,False,
AP05A,1406361,,,-,-,5/20/2026,False,,False,
AP05A,1406362,,,-,-,5/20/2026,False,,False,
AP05A,1406363,,,-,-,5/20/2026,False,,False,
AP05A,1406364,,,-,-,5/20/2026,False,,False,
AP05A,1406365,,,-,-,5/20/2026,False,,False,
AP05A,1406366,,,-,-,5/20/2026,False,,False,
AP05A,1406367,,,-,-,5/20/2026,False,,False,
AP05A,1406368,,,-,-,5/20/2026,False,,False,
AP05A,1406369,,,-,-,5/20/2026,False,,False,
AP05A,1406370,,,-,-,5/20/2026,False,,False,
AP05A,1406371,,,-,-,5/20/2026,False,,False,
AP05A,1406372,,,-,-,5/20/2026,False,,False,
AP05A,1406373,,,-,-,5/20/2026,False,,False,
AP05A,1406374,,,-,-,5/20/2026,False,,False,
AP05A,1406375,,,-,-,5/20/2026,False,,False,
AP05A,1406376,,,-,-,5/20/2026,False,,False,
AP05A,1406377,,,-,-,5/20/2026,False,,False,
AP05A,1406378,,,-,-,5/20/2026,False,,False,
AP05A,1406379,,,-,-,5/20/2026,False,,False,
AP05A,1406380,,,-,-,5/20/2026,False,,False,
AP05A,1406381,,,-,-,5/20/2026,False,,False,
AP05A,1406382,,,-,-,5/20/2026,False,,False,
AP05A,1406383,,,-,-,5/20/2026,False,,False,
AP05A,1406384,,,-,-,5/20/2026,False,,False,
AP05A,1406385,,,-,-,5/20/2026,False,,False,
AP05A,1406386,,,-,-,5/20/2026,False,,False,
AP05A,1406387,,,-,-,5/20/2026,False,,False,
AP05A,1406388,,,-,-,5/20/2026,False,,False,
AP05A,1406389,,,-,-,5/20/2026,False,,False,
AP05A,1406390,,,-,-,5/20/2026,False,,False,
AP05A,1406391,,,-,-,5/20/2026,False,,False,
AP05A,1406392,,,-,-,5/20/2026,False,,False,
AP05A,1406393,,,-,-,5/20/2026,False,,False,
AP05A,1406394,,,-,-,5/20/2026,False,,False,
AP05A,1406395,,,-,-,5/20/2026,False,,False,
AP05A,1406396,,,-,-,5/20/2026,False,,False,
AP05A,1406397,,,-,-,5/20/2026,False,,False,
AP05A,1406398,,,-,-,5/20/2026,False,,False,
AP05A,1406399,,,-,-,5/20/2026,False,,False,
AP05A,1406400,,,-,-,5/20/2026,False,,False,
AP05A,1406401,,,-,-,5/20/2026,False,,False,
AP05A,1406402,,,-,-,5/20/2026,False,,False,
AP05A,1406403,,,-,-,5/20/2026,False,,False,
AP05A,1406404,,,-,-,5/20/2026,False,,False,
AP05A,1406405,,,-,-,5/20/2026,False,,False,
AP05A,1406406,,,-,-,5/20/2026,False,,False,
AP05A,1406407,,,-,-,5/20/2026,False,,False,
AP05A,1406408,,,-,-,5/20/2026,False,,False,
AP05A,1406409,,,-,-,5/20/2026,False,,False,
AP05A,1406410,,,-,-,5/20/2026,False,,False,
AP05A,1406411,,,-,-,5/20/2026,False,,False,
AP05A,1406412,,,-,-,5/20/2026,False,,False,
AP05A,1406413,,,-,-,5/20/2026,False,,False,
AP05A,1406414,,,-,-,5/20/2026,False,,False,
AP05A,1406415,,,-,-,5/20/2026,False,,False,
AP05A,1406416,,,-,-,5/20/2026,False,,False,
AP05A,1406417,,,-,-,5/20/2026,False,,False,
AP05A,1406418,,,-,-,5/20/2026,False,,False,
AP05A,1406419,,,-,-,5/20/2026,False,,False,
AP05A,1406420,,,-,-,5/20/2026,False,,False,
AP05A,1406421,,,-,-,5/20/2026,False,,False,
AP05A,1406422,,,-,-,5/20/2026,False,,False,
AP05A,1406423,,,-,-,5/20/2026,False,,False,
AP05A,1406424,,,-,-,5/20/2026,False,,False,
AP05A,1406425,,,-,-,5/20/2026,False,,False,
AP05A,1406426,,,-,-,5/20/2026,False,,False,
AP05A,1406427,,,-,-,5/20/2026,False,,False,
AP05A,1406428,,,-,-,5/20/2026,False,,False,
AP05A,1406429,,,-,-,5/20/2026,False,,False,
AP05A,1406430,,,-,-,5/20/2026,False,,False,
AP05A,1406431,,,-,-,5/20/2026,False,,False,
AP05A,1406432,,,-,-,5/20/2026,False,,False,
AP05A,1406433,,,-,-,5/20/2026,False,,False,
AP05A,1406434,,,-,-,5/20/2026,False,,False,
AP05A,1406435,,,-,-,5/20/2026,False,,False,
AP05A,1406436,,,-,-,5/20/2026,False,,False,
AP05A,1406437,,,-,-,5/20/2026,False,,False,
AP05A,1406438,,,-,-,5/20/2026,False,,False,
AP05A,1406439,,,-,-,5/20/2026,False,,False,
AP05A,1406440,,,-,-,5/20/2026,False,,False,
AP05A,1406441,,,-,-,5/20/2026,False,,False,
AP05A,1406442,,,-,-,5/20/2026,False,,False,
AP05A,1406443,,,-,-,5/20/2026,False,,False,
AP05A,1406444,,,-,-,5/20/2026,False,,False,
AP05A,1406445,,,-,-,5/20/2026,False,,False,
AP05A,1406446,,,-,-,5/20/2026,False,,False,
AP05A,1406447,,,-,-,5/20/2026,False,,False,
AP05A,1406448,,,-,-,5/20/2026,False,,False,
AP05A,1406449,,,-,-,5/20/2026,False,,False,
AP05A,1406450,,,-,-,5/20/2026,False,,False,
AP05A,1406451,,,-,-,5/20/2026,False,,False,
AP05A,1406452,,,-,-,5/20/2026,False,,False,
AP05A,1406453,,,-,-,5/20/2026,False,,False,
AP05A,1406454,,,-,-,5/20/2026,False,,False,
AP05A,1406455,,,-,-,5/20/2026,False,,False,
AP05A,1406456,,,-,-,5/20/2026,False,,False,
AP05A,1406457,,,-,-,5/20/2026,False,,False,
AP05A,1406458,,,-,-,5/20/2026,False,,False,
AP05A,1406459,,,-,-,5/20/2026,False,,False,
AP05A,1406460,,,-,-,5/20/2026,False,,False,
AP05A,1406461,,,-,-,5/20/2026,False,,False,
AP05A,1406462,,,-,-,5/20/2026,False,,False,
AP05A,1406463,,,-,-,5/20/2026,False,,False,
AP05A,1406464,,,-,-,5/20/2026,False,,False,
AP05A,1406465,,,-,-,5/20/2026,False,,False,
AP05A,1406466,,,-,-,5/20/2026,False,,False,
AP05A,1406467,,,-,-,5/20/2026,False,,False,
AP05A,1406468,,,-,-,5/20/2026,False,,False,
AP05A,1406469,,,-,-,5/20/2026,False,,False,
AP05A,1406470,,,-,-,5/20/2026,False,,False,
AP05A,1406471,,,-,-,5/20/2026,False,,False,
AP05A,1406472,,,-,-,5/20/2026,False,,False,
AP05A,1406473,,,-,-,5/20/2026,False,,False,
AP05A,1406474,,,-,-,5/20/2026,False,,False,
AP05A,1406475,,,-,-,5/20/2026,False,,False,
AP05A,1406476,,,-,-,5/20/2026,False,,False,
AP05A,1406477,,,-,-,5/20/2026,False,,False,
AP05A,1406478,,,-,-,5/20/2026,False,,False,
AP05A,1406479,,,-,-,5/20/2026,False,,False,
AP05A,1406480,,,-,-,5/20/2026,False,,False,
AP05A,1406481,,,-,-,5/20/2026,False,,False,
AP05A,1406482,,,-,-,5/20/2026,False,,False,
AP05A,1406483,,,-,-,5/20/2026,False,,False,
AP05A,1406484,,,-,-,5/20/2026,False,,False,
AP05A,1406485,,,-,-,5/20/2026,False,,False,
AP05A,1406486,,,-,-,5/20/2026,False,,False,
AP05A,1406487,,,-,-,5/20/2026,False,,False,
AP05A,1406488,,,-,-,5/20/2026,False,,False,
AP05A,1406489,,,-,-,5/20/2026,False,,False,
AP05A,1406490,,,-,-,5/20/2026,False,,False,
AP05A,1406491,,,-,-,5/20/2026,False,,False,
AP05A,1406492,,,-,-,5/20/2026,False,,False,
AP05A,1406493,,,-,-,5/20/2026,False,,False,
AP05A,1406494,,,-,-,5/20/2026,False,,False,
AP05A,1406495,,,-,-,5/20/2026,False,,False,
AP05A,1406496,,,-,-,5/20/2026,False,,False,
AP05A,1406497,,,-,-,5/20/2026,False,,False,
AP05A,1406498,,,-,-,5/20/2026,False,,False,
AP05A,1406499,,,-,-,5/20/2026,False,,False,
AP05A,1406500,,,-,-,5/20/2026,False,,False,
AP05A,1406501,,,-,-,5/20/2026,False,,False,
AP05A,1406502,,,-,-,5/20/2026,False,,False,
AP05A,1406503,,,-,-,5/20/2026,False,,False,
AP05A,1406504,,,-,-,5/20/2026,False,,False,
AP05A,1406505,,,-,-,5/20/2026,False,,False,
AP05A,1406506,,,-,-,5/20/2026,False,,False,
AP05A,1406507,,,-,-,5/20/2026,False,,False,
AP05A,1406508,,,-,-,5/20/2026,False,,False,
AP05A,1406509,,,-,-,5/20/2026,False,,False,
AP05A,1406510,,,-,-,5/20/2026,False,,False,
AP05A,1406511,,,-,-,5/20/2026,False,,False,
AP05A,1406512,,,-,-,5/20/2026,False,,False,
AP05A,1406513,,,-,-,5/20/2026,False,,False,
AP05A,1406514,,,-,-,5/20/2026,False,,False,
AP05A,1406515,,,-,-,5/20/2026,False,,False,
AP05A,1406516,,,-,-,5/20/2026,False,,False,
AP05A,1406517,,,-,-,5/20/2026,False,,False,
AP05A,1406518,,,-,-,5/20/2026,False,,False,
AP05A,1406519,,,-,-,5/20/2026,False,,False,
AP05A,1406520,,,-,-,5/20/2026,False,,False,
AP05A,1406521,,,-,-,5/20/2026,False,,False,
AP05A,1406522,,,-,-,5/20/2026,False,,False,
AP05A,1406523,,,-,-,5/20/2026,False,,False,
AP05A,1406524,,,-,-,5/20/2026,False,,False,
AP05A,1406525,,,-,-,5/20/2026,False,,False,
AP05A,1406526,,,-,-,5/20/2026,False,,False,
AP05A,1406527,,,-,-,5/20/2026,False,,False,
AP05A,1406528,,,-,-,5/20/2026,False,,False,
AP05A,1406529,,,-,-,5/20/2026,False,,False,
AP05A,1406530,,,-,-,5/20/2026,False,,False,
AP05A,1406531,,,-,-,5/20/2026,False,,False,
AP05A,1406532,,,-,-,5/20/2026,False,,False,
AP05A,1406533,,,-,-,5/20/2026,False,,False,
AP05A,1406534,,,-,-,5/20/2026,False,,False,
AP05A,1406535,,,-,-,5/20/2026,False,,False,
AP05A,1406536,,,-,-,5/20/2026,False,,False,
AP05A,1406537,,,-,-,5/20/2026,False,,False,
AP05A,1406538,,,-,-,5/20/2026,False,,False,
AP05A,1406539,,,-,-,5/20/2026,False,,False,
AP05A,1406540,,,-,-,5/20/2026,False,,False,
AP05A,1406541,,,-,-,5/20/2026,False,,False,
AP05A,1406542,,,-,-,5/20/2026,False,,False,
AP05A,1406543,,,-,-,5/20/2026,False,,False,
AP05A,1406544,,,-,-,5/20/2026,False,,False,
AP05A,1406545,,,-,-,5/20/2026,False,,False,
AP05A,1406546,,,-,-,5/20/2026,False,,False,
AP05A,1406547,,,-,-,5/20/2026,False,,False,
AP05A,1406548,,,-,-,5/20/2026,False,,False,
AP05A,1406549,,,-,-,5/20/2026,False,,False,
AP05A,1406550,,,-,-,5/20/2026,False,,False,
AP05A,1406551,,,-,-,5/20/2026,False,,False,
AP05A,1406552,,,-,-,5/20/2026,False,,False,
AP05A,1406553,,,-,-,5/20/2026,False,,False,
AP05A,1406554,,,-,-,5/20/2026,False,,False,
AP05A,1406555,,,-,-,5/20/2026,False,,False,
AP05A,1406556,,,-,-,5/20/2026,False,,False,
AP05A,1406557,,,-,-,5/20/2026,False,,False,
AP05A,1406558,,,-,-,5/20/2026,False,,False,
AP05A,1406559,,,-,-,5/20/2026,False,,False,
AP05A,1406560,,,-,-,5/20/2026,False,,False,
AP05A,1406561,,,-,-,5/20/2026,False,,False,
AP05A,1406562,,,-,-,5/20/2026,False,,False,
AP05A,1406563,,,-,-,5/20/2026,False,,False,
AP05A,1406564,,,-,-,5/20/2026,False,,False,
AP05A,1406565,,,-,-,5/20/2026,False,,False,
AP05A,1406566,,,-,-,5/20/2026,False,,False,
AP05A,1406567,,,-,-,5/20/2026,False,,False,
AP05A,1406568,,,-,-,5/20/2026,False,,False,
AP05A,1406569,,,-,-,5/20/2026,False,,False,
AP05A,1406570,,,-,-,5/20/2026,False,,False,
AP05A,1406571,,,-,-,5/20/2026,False,,False,
AP05A,1406572,,,-,-,5/20/2026,False,,False,
AP05A,1406573,,,-,-,5/20/2026,False,,False,
AP05A,1406574,,,-,-,5/20/2026,False,,False,
AP05A,1406575,,,-,-,5/20/2026,False,,False,
AP05A,1406576,,,-,-,5/20/2026,False,,False,
AP05A,1406577,,,-,-,5/20/2026,False,,False,
AP05A,1406578,,,-,-,5/20/2026,False,,False,
AP05A,1406579,,,-,-,5/20/2026,False,,False,
AP05A,1406580,,,-,-,5/20/2026,False,,False,
AP05A,1406581,,,-,-,5/20/2026,False,,False,
AP05A,1406582,,,-,-,5/20/2026,False,,False,
AP05A,1406583,,,-,-,5/20/2026,False,,False,
AP05A,1406584,,,-,-,5/20/2026,False,,False,
AP05A,1406585,,,-,-,5/20/2026,False,,False,
AP05A,1406586,,,-,-,5/20/2026,False,,False,
AP05A,1406587,,,-,-,5/20/2026,False,,False,
AP05A,1406588,,,-,-,5/20/2026,False,,False,
AP05A,1406589,,,-,-,5/20/2026,False,,False,
AP05A,1406590,,,-,-,5/20/2026,False,,False,
AP05A,1406591,,,-,-,5/20/2026,False,,False,
AP05A,1406592,,,-,-,5/20/2026,False,,False,
AP05A,1406593,,,-,-,5/20/2026,False,,False,
AP05A,1406594,,,-,-,5/20/2026,False,,False,
AP05A,1406595,,,-,-,5/20/2026,False,,False,
AP05A,1406596,,,-,-,5/20/2026,False,,False,
AP05A,1406597,,,-,-,5/20/2026,False,,False,
AP05A,1406598,,,-,-,5/20/2026,False,,False,
AP05A,1406599,,,-,-,5/20/2026,False,,False,
AP05A,1406600,,,-,-,5/20/2026,False,,False,
AP05A,1406601,,,-,-,5/20/2026,False,,False,
AP05A,1406602,,,-,-,5/20/2026,False,,False,
AP05A,1406603,,,-,-,5/20/2026,False,,False,
AP05A,1406604,,,-,-,5/20/2026,False,,False,
AP05A,1406605,,,-,-,5/20/2026,False,,False,
AP05A,1406606,,,-,-,5/20/2026,False,,False,
AP05A,1406607,,,-,-,5/20/2026,False,,False,
AP05A,1406608,,,-,-,5/20/2026,False,,False,
AP05A,1406609,,,-,-,5/20/2026,False,,False,
AP05A,1406610,,,-,-,5/20/2026,False,,False,
AP05A,1406611,,,-,-,5/20/2026,False,,False,
AP05A,1406612,,,-,-,5/20/2026,False,,False,
AP05A,1406613,,,-,-,5/20/2026,False,,False,
AP05A,1406614,,,-,-,5/20/2026,False,,False,
AP05A,1406615,,,-,-,5/20/2026,False,,False,
AP05A,1406616,,,-,-,5/20/2026,False,,False,
AP05A,1406617,,,-,-,5/20/2026,False,,False,
AP05A,1406618,,,-,-,5/20/2026,False,,False,
AP05A,1406619,,,-,-,5/20/2026,False,,False,
AP05A,1406620,,,-,-,5/20/2026,False,,False,
AP05A,1406621,,,-,-,5/20/2026,False,,False,
AP05A,1406622,,,-,-,5/20/2026,False,,False,
AP05A,1406623,,,-,-,5/20/2026,False,,False,
AP05A,1406624,,,-,-,5/20/2026,False,,False,
AP05A,1406625,,,-,-,5/20/2026,False,,False,
AP05A,1406626,,,-,-,5/20/2026,False,,False,
AP05A,1406627,,,-,-,5/20/2026,False,,False,
AP05A,1406628,,,-,-,5/20/2026,False,,False,
AP05A,1406629,,,-,-,5/20/2026,False,,False,
AP05A,1406630,,,-,-,5/20/2026,False,,False,
AP05A,1406631,,,-,-,5/20/2026,False,,False,
AP05A,1406632,,,-,-,5/20/2026,False,,False,
AP05A,1406633,,,-,-,5/20/2026,False,,False,
AP05A,1406634,,,-,-,5/20/2026,False,,False,
AP05A,1406635,,,-,-,5/20/2026,False,,False,
AP05A,1406636,,,-,-,5/20/2026,False,,False,
AP05A,1406637,,,-,-,5/20/2026,False,,False,
AP05A,1406638,,,-,-,5/20/2026,False,,False,
AP05A,1406639,,,-,-,5/20/2026,False,,False,
AP05A,1406640,,,-,-,5/20/2026,False,,False,
AP05A,1406641,,,-,-,5/20/2026,False,,False,
AP05A,1406642,,,-,-,5/20/2026,False,,False,
AP05A,1406643,,,-,-,5/20/2026,False,,False,
AP05A,1406644,,,-,-,5/20/2026,False,,False,
AP05A,1406645,,,-,-,5/20/2026,False,,False,
AP05A,1406646,,,-,-,5/20/2026,False,,False,
AP05A,1406647,,,-,-,5/20/2026,False,,False,
AP05A,1406648,,,-,-,5/20/2026,False,,False,
AP05A,1406649,,,-,-,5/20/2026,False,,False,
AP05A,1406650,,,-,-,5/20/2026,False,,False,
AP05A,1406651,,,-,-,5/20/2026,False,,False,
AP05A,1406652,,,-,-,5/20/2026,False,,False,
AP05A,1406653,,,-,-,5/20/2026,False,,False,
AP05A,1406654,,,-,-,5/20/2026,False,,False,
AP05A,1406655,,,-,-,5/20/2026,False,,False,
AP05A,1406656,,,-,-,5/20/2026,False,,False,
AP05A,1406657,,,-,-,5/20/2026,False,,False,
AP05A,1406658,,,-,-,5/20/2026,False,,False,
AP05A,1406659,,,-,-,5/20/2026,False,,False,
AP05A,1406660,,,-,-,5/20/2026,False,,False,
AP05A,1406661,,,-,-,5/20/2026,False,,False,
AP05A,1406662,,,-,-,5/20/2026,False,,False,
AP05A,1406663,,,-,-,5/20/2026,False,,False,
AP05A,1406664,,,-,-,5/20/2026,False,,False,
AP05A,1406665,,,-,-,5/20/2026,False,,False,
AP05A,1406666,,,-,-,5/20/2026,False,,False,
AP05A,1406667,,,-,-,5/20/2026,False,,False,
AP05A,1406668,,,-,-,5/20/2026,False,,False,
AP05A,1406669,,,-,-,5/20/2026,False,,False,
AP05A,1406670,,,-,-,5/20/2026,False,,False,
AP05A,1406671,,,-,-,5/20/2026,False,,False,
AP05A,1406672,,,-,-,5/20/2026,False,,False,
AP05A,1406673,,,-,-,5/20/2026,False,,False,
AP05A,1406674,,,-,-,5/20/2026,False,,False,
AP05A,1406675,,,-,-,5/20/2026,False,,False,
AP05A,1406676,,,-,-,5/20/2026,False,,False,
AP05A,1406677,,,-,-,5/20/2026,False,,False,
AP05A,1406678,,,-,-,5/20/2026,False,,False,
AP05A,1406679,,,-,-,5/20/2026,False,,False,
AP05A,1406680,,,-,-,5/20/2026,False,,False,
AP05A,1406681,,,-,-,5/20/2026,False,,False,
AP05A,1406682,,,-,-,5/20/2026,False,,False,
AP05A,1406683,,,-,-,5/20/2026,False,,False,
AP05A,1406684,,,-,-,5/20/2026,False,,False,
AP05A,1406685,,,-,-,5/20/2026,False,,False,
AP05A,1406686,,,-,-,5/20/2026,False,,False,
AP05A,1406687,,,-,-,5/20/2026,False,,False,
AP05A,1406688,,,-,-,5/20/2026,False,,False,
AP05A,1406689,,,-,-,5/20/2026,False,,False,
AP05A,1406690,,,-,-,5/20/2026,False,,False,
AP05A,1406691,,,-,-,5/20/2026,False,,False,
AP05A,1406692,,,-,-,5/20/2026,False,,False,
AP05A,1406693,,,-,-,5/20/2026,False,,False,
AP05A,1406694,,,-,-,5/20/2026,False,,False,
AP05A,1406695,,,-,-,5/20/2026,False,,False,
AP05A,1406696,,,-,-,5/20/2026,False,,False,
AP05A,1406697,,,-,-,5/20/2026,False,,False,
AP05A,1406698,,,-,-,5/20/2026,False,,False,
AP05A,1406699,,,-,-,5/20/2026,False,,False,
AP05A,1406700,,,-,-,5/20/2026,False,,False,
AP05A,1406701,,,-,-,5/20/2026,False,,False,
AP05A,1406702,,,-,-,5/20/2026,False,,False,
AP05A,1406703,,,-,-,5/20/2026,False,,False,
AP05A,1406704,,,-,-,5/20/2026,False,,False,
AP05A,1406705,,,-,-,5/20/2026,False,,False,
AP05A,1406706,,,-,-,5/20/2026,False,,False,
AP05A,1406707,,,-,-,5/20/2026,False,,False,
AP05A,1406708,,,-,-,5/20/2026,False,,False,
AP05A,1406709,,,-,-,5/20/2026,False,,False,
AP05A,1406710,,,-,-,5/20/2026,False,,False,
AP05A,1406711,,,-,-,5/20/2026,False,,False,
AP05A,1406712,,,-,-,5/20/2026,False,,False,
AP05A,1406713,,,-,-,5/20/2026,False,,False,
AP05A,1406714,,,-,-,5/20/2026,False,,False,
AP05A,1406715,,,-,-,5/20/2026,False,,False,
AP05A,1406716,,,-,-,5/20/2026,False,,False,
AP05A,1406717,,,-,-,5/20/2026,False,,False,
AP05A,1406718,,,-,-,5/20/2026,False,,False,
AP05A,1406719,,,-,-,5/20/2026,False,,False,
AP05A,1406720,,,-,-,5/20/2026,False,,False,
AP05A,1406721,,,-,-,5/20/2026,False,,False,
AP05A,1406722,,,-,-,5/20/2026,False,,False,
AP05A,1406723,,,-,-,5/20/2026,False,,False,
AP05A,1406724,,,-,-,5/20/2026,False,,False,
AP05A,1406725,,,-,-,5/20/2026,False,,False,
AP05A,1406726,,,-,-,5/20/2026,False,,False,
AP05A,1406727,,,-,-,5/20/2026,False,,False,
AP05A,1406728,,,-,-,5/20/2026,False,,False,
AP05A,1406729,,,-,-,5/20/2026,False,,False,
AP05A,1406730,,,-,-,5/20/2026,False,,False,
AP05A,1406731,,,-,-,5/20/2026,False,,False,
AP05A,1406732,,,-,-,5/20/2026,False,,False,
AP05A,1406733,,,-,-,5/20/2026,False,,False,
AP05A,1406734,,,-,-,5/20/2026,False,,False,
AP05A,1406735,,,-,-,5/20/2026,False,,False,
AP05A,1406736,,,-,-,5/20/2026,False,,False,
AP05A,1406737,,,-,-,5/20/2026,False,,False,
AP05A,1406738,,,-,-,5/20/2026,False,,False,
AP05A,1406739,,,-,-,5/20/2026,False,,False,
AP05A,1406740,,,-,-,5/20/2026,False,,False,
AP05A,1406741,,,-,-,5/20/2026,False,,False,
AP05A,1406742,,,-,-,5/20/2026,False,,False,
AP05A,1406743,,,-,-,5/20/2026,False,,False,
AP05A,1406744,,,-,-,5/20/2026,False,,False,
AP05A,1406745,,,-,-,5/20/2026,False,,False,
AP05A,1406746,,,-,-,5/20/2026,False,,False,
AP05A,1406747,,,-,-,5/20/2026,False,,False,
AP05A,1406748,,,-,-,5/20/2026,False,,False,
AP05A,1406749,,,-,-,5/20/2026,False,,False,
AP05A,1406750,,,-,-,5/20/2026,False,,False,
AP05A,1406751,,,-,-,5/20/2026,False,,False,
AP05A,1406752,,,-,-,5/20/2026,False,,False,
AP05A,1406753,,,-,-,5/20/2026,False,,False,
AP05A,1406754,,,-,-,5/20/2026,False,,False,
AP05A,1406755,,,-,-,5/20/2026,False,,False,
AP05A,1406756,,,-,-,5/20/2026,False,,False,
AP05A,1406757,,,-,-,5/20/2026,False,,False,
AP05A,1406758,,,-,-,5/20/2026,False,,False,
AP05A,1406759,,,-,-,5/20/2026,False,,False,
AP05A,1406760,,,-,-,5/20/2026,False,,False,
AP05A,1406761,,,-,-,5/20/2026,False,,False,
AP05A,1406762,,,-,-,5/20/2026,False,,False,
AP05A,1406763,,,-,-,5/20/2026,False,,False,
AP05A,1406764,,,-,-,5/20/2026,False,,False,
AP05A,1406765,,,-,-,5/20/2026,False,,False,
AP05A,1406766,,,-,-,5/20/2026,False,,False,
AP05A,1406767,,,-,-,5/20/2026,False,,False,
AP05A,1406768,,,-,-,5/20/2026,False,,False,
AP05A,1406769,,,-,-,5/20/2026,False,,False,
AP05A,1406770,,,-,-,5/20/2026,False,,False,
AP05A,1406771,,,-,-,5/20/2026,False,,False,
AP05A,1406772,,,-,-,5/20/2026,False,,False,
AP05A,1406773,,,-,-,5/20/2026,False,,False,
AP05A,1406774,,,-,-,5/20/2026,False,,False,
AP05A,1406775,,,-,-,5/20/2026,False,,False,
AP05A,1406776,,,-,-,5/20/2026,False,,False,
AP05A,1406777,,,-,-,5/20/2026,False,,False,
AP05A,1406778,,,-,-,5/20/2026,False,,False,
AP05A,1406779,,,-,-,5/20/2026,False,,False,
AP05A,1406780,,,-,-,5/20/2026,False,,False,
AP05A,1406781,,,-,-,5/20/2026,False,,False,
AP05A,1406782,,,-,-,5/20/2026,False,,False,
AP05A,1406783,,,-,-,5/20/2026,False,,False,
AP05A,1406784,,,-,-,5/20/2026,False,,False,
AP05A,1406785,,,-,-,5/20/2026,False,,False,
AP05A,1406786,,,-,-,5/20/2026,False,,False,
AP05A,1406787,,,-,-,5/20/2026,False,,False,
AP05A,1406788,,,-,-,5/20/2026,False,,False,
AP05A,1406789,,,-,-,5/20/2026,False,,False,
AP05A,1406790,,,-,-,5/20/2026,False,,False,
AP05A,1406791,,,-,-,5/20/2026,False,,False,
AP05A,1406792,,,-,-,5/20/2026,False,,False,
AP05A,1406793,,,-,-,5/20/2026,False,,False,
AP05A,1406794,,,-,-,5/20/2026,False,,False,
AP05A,1406795,,,-,-,5/20/2026,False,,False,
AP05A,1406796,,,-,-,5/20/2026,False,,False,
AP05A,1406797,,,-,-,5/20/2026,False,,False,
AP05A,1406798,,,-,-,5/20/2026,False,,False,
AP05A,1406799,,,-,-,5/20/2026,False,,False,
AP05A,1406800,,,-,-,5/20/2026,False,,False,
AP05A,1406801,,,-,-,5/20/2026,False,,False,
AP05A,1406802,,,-,-,5/20/2026,False,,False,
AP05A,1406803,,,-,-,5/20/2026,False,,False,
AP05A,1406804,,,-,-,5/20/2026,False,,False,
AP05A,1406805,,,-,-,5/20/2026,False,,False,
AP05A,1406806,,,-,-,5/20/2026,False,,False,
AP05A,1406807,,,-,-,5/20/2026,False,,False,
AP05A,1406808,,,-,-,5/20/2026,False,,False,
AP05A,1406809,,,-,-,5/20/2026,False,,False,
AP05A,1406810,,,-,-,5/20/2026,False,,False,
AP05A,1406811,,,-,-,5/20/2026,False,,False,
AP05A,1406812,,,-,-,5/20/2026,False,,False,
AP05A,1406813,,,-,-,5/20/2026,False,,False,
AP05A,1406814,,,-,-,5/20/2026,False,,False,
AP05A,1406815,,,-,-,5/20/2026,False,,False,
AP05A,1406816,,,-,-,5/20/2026,False,,False,
AP05A,1406817,,,-,-,5/20/2026,False,,False,
AP05A,1406818,,,-,-,5/20/2026,False,,False,
AP05A,1406819,,,-,-,5/20/2026,False,,False,
AP05A,1406820,,,-,-,5/20/2026,False,,False,
AP05A,1406821,,,-,-,5/20/2026,False,,False,
AP05A,1406822,,,-,-,5/20/2026,False,,False,
AP05A,1406823,,,-,-,5/20/2026,False,,False,
AP05A,1406824,,,-,-,5/20/2026,False,,False,
AP05A,1406825,,,-,-,5/20/2026,False,,False,
AP05A,1406826,,,-,-,5/20/2026,False,,False,
AP05A,1406827,,,-,-,5/20/2026,False,,False,
AP05A,1406828,,,-,-,5/20/2026,False,,False,
AP05A,1416829,,,-,-,5/20/2026,False,,False,
AP05A,1416830,,,-,-,5/20/2026,False,,False,
AP05A,1416831,,,-,-,5/20/2026,False,,False,
AP05A,1416832,,,-,-,5/20/2026,False,,False,
AP05A,1416833,,,-,-,5/20/2026,False,,False,
AP05A,1416834,,,-,-,5/20/2026,False,,False,
AP05A,1416835,,,-,-,5/20/2026,False,,False,
AP05A,1416836,,,-,-,5/20/2026,False,,False,
AP05A,1416837,,,-,-,5/20/2026,False,,False,
AP05A,1416838,,,-,-,5/20/2026,False,,False,
AP05A,1416839,,,-,-,5/20/2026,False,,False,
AP05A,1416840,,,-,-,5/20/2026,False,,False,
AP05A,1416841,,,-,-,5/20/2026,False,,False,
AP05A,1416842,,,-,-,5/20/2026,False,,False,
AP05A,1416843,,,-,-,5/20/2026,False,,False,
AP05A,1416844,,,-,-,5/20/2026,False,,False,
AP05A,1416845,,,-,-,5/20/2026,False,,False,
AP05A,1416846,,,-,-,5/20/2026,False,,False,
AP05A,1416847,,,-,-,5/20/2026,False,,False,
AP05A,1416848,,,-,-,5/20/2026,False,,False,
AP05A,1416849,,,-,-,5/20/2026,False,,False,
AP05A,1416850,,,-,-,5/20/2026,False,,False,
AP05A,1416851,,,-,-,5/20/2026,False,,False,
AP05A,1416852,,,-,-,5/20/2026,False,,False,
AP05A,1416853,,,-,-,5/20/2026,False,,False,
AP05A,1416854,,,-,-,5/20/2026,False,,False,
AP05A,1416855,,,-,-,5/20/2026,False,,False,
AP05A,1416856,,,-,-,5/20/2026,False,,False,
AP05A,1416857,,,-,-,5/20/2026,False,,False,
AP05A,1416858,,,-,-,5/20/2026,False,,False,
AP05A,1416859,,,-,-,5/20/2026,False,,False,
AP05A,1416860,,,-,-,5/20/2026,False,,False,
AP05A,1416861,,,-,-,5/20/2026,False,,False,
AP05A,1416862,,,-,-,5/20/2026,False,,False,
AP05A,1416863,,,-,-,5/20/2026,False,,False,
AP05A,1416864,,,-,-,5/20/2026,False,,False,
AP05A,1416865,,,-,-,5/20/2026,False,,False,
AP05A,1416866,,,-,-,5/20/2026,False,,False,
AP05A,1416867,,,-,-,5/20/2026,False,,False,
AP05A,1416868,,,-,-,5/20/2026,False,,False,
AP05A,1416869,,,-,-,5/20/2026,False,,False,
AP05A,1416870,,,-,-,5/20/2026,False,,False,
AP05A,1416871,,,-,-,5/20/2026,False,,False,
AP05A,1416872,,,-,-,5/20/2026,False,,False,
AP05A,1416873,,,-,-,5/20/2026,False,,False,
AP05A,1416874,,,-,-,5/20/2026,False,,False,
AP05A,1416875,,,-,-,5/20/2026,False,,False,
AP05A,1416876,,,-,-,5/20/2026,False,,False,
AP05A,1416877,,,-,-,5/20/2026,False,,False,
AP05A,1416878,,,-,-,5/20/2026,False,,False,
AP05A,1416879,,,-,-,5/20/2026,False,,False,
AP05A,1416880,,,-,-,5/20/2026,False,,False,
AP05A,1416881,,,-,-,5/20/2026,False,,False,
AP05A,1416882,,,-,-,5/20/2026,False,,False,
AP05A,1416883,,,-,-,5/20/2026,False,,False,
AP05A,1416884,,,-,-,5/20/2026,False,,False,
AP05A,1416885,,,-,-,5/20/2026,False,,False,
AP05A,1416886,,,-,-,5/20/2026,False,,False,
AP05A,1416887,,,-,-,5/20/2026,False,,False,
AP05A,1416888,,,-,-,5/20/2026,False,,False,
AP05A,1416889,,,-,-,5/20/2026,False,,False,
AP05A,1416890,,,-,-,5/20/2026,False,,False,
AP05A,1416891,,,-,-,5/20/2026,False,,False,
AP05A,1416892,,,-,-,5/20/2026,False,,False,
AP05A,1416893,,,-,-,5/20/2026,False,,False,
AP05A,1416894,,,-,-,5/20/2026,False,,False,
AP05A,1416895,,,-,-,5/20/2026,False,,False,
AP05A,1416896,,,-,-,5/20/2026,False,,False,
AP05A,1416897,,,-,-,5/20/2026,False,,False,
AP05A,1416898,,,-,-,5/20/2026,False,,False,
AP05A,1416899,,,-,-,5/20/2026,False,,False,
AP05A,1416900,,,-,-,5/20/2026,False,,False,
AP05A,1416901,,,-,-,5/20/2026,False,,False,
AP05A,1416902,,,-,-,5/20/2026,False,,False,
AP05A,1416903,,,-,-,5/20/2026,False,,False,
AP05A,1416904,,,-,-,5/20/2026,False,,False,
AP05A,1416905,,,-,-,5/20/2026,False,,False,
AP05A,1416906,,,-,-,5/20/2026,False,,False,
AP05A,1416907,,,-,-,5/20/2026,False,,False,
AP05A,1416908,,,-,-,5/20/2026,False,,False,
AP05A,1416909,,,-,-,5/20/2026,False,,False,
AP05A,1416910,,,-,-,5/20/2026,False,,False,
AP05A,1416911,,,-,-,5/20/2026,False,,False,
AP05A,1416912,,,-,-,5/20/2026,False,,False,
AP05A,1416913,,,-,-,5/20/2026,False,,False,
AP05A,1416914,,,-,-,5/20/2026,False,,False,
AP05A,1416915,,,-,-,5/20/2026,False,,False,
AP05A,1416916,,,-,-,5/20/2026,False,,False,
AP05A,1416917,,,-,-,5/20/2026,False,,False,
AP05A,1416918,,,-,-,5/20/2026,False,,False,
AP05A,1416919,,,-,-,5/20/2026,False,,False,
AP05A,1416920,,,-,-,5/20/2026,False,,False,
AP05A,1416921,,,-,-,5/20/2026,False,,False,
AP05A,1416922,,,-,-,5/20/2026,False,,False,
AP05A,1416923,,,-,-,5/20/2026,False,,False,
AP05A,1416924,,,-,-,5/20/2026,False,,False,
AP05A,1416925,,,-,-,5/20/2026,False,,False,
AP05A,1416926,,,-,-,5/20/2026,False,,False,
AP05A,1416927,,,-,-,5/20/2026,False,,False,
AP05A,1416928,,,-,-,5/20/2026,False,,False,
AP05A,1416929,,,-,-,5/20/2026,False,,False,
AP05A,1416930,,,-,-,5/20/2026,False,,False,
AP05A,1416931,,,-,-,5/20/2026,False,,False,
AP05A,1416932,,,-,-,5/20/2026,False,,False,
AP05A,1416933,,,-,-,5/20/2026,False,,False,
AP05A,1416934,,,-,-,5/20/2026,False,,False,
AP05A,1416935,,,-,-,5/20/2026,False,,False,
AP05A,1416936,,,-,-,5/20/2026,False,,False,
AP05A,1416937,,,-,-,5/20/2026,False,,False,
AP05A,1416938,,,-,-,5/20/2026,False,,False,
AP05A,1416939,,,-,-,5/20/2026,False,,False,
AP05A,1416940,,,-,-,5/20/2026,False,,False,
AP05A,1416941,,,-,-,5/20/2026,False,,False,
AP05A,1416942,,,-,-,5/20/2026,False,,False,
AP05A,1416943,,,-,-,5/20/2026,False,,False,
AP05A,1416944,,,-,-,5/20/2026,False,,False,
AP05A,1416945,,,-,-,5/20/2026,False,,False,
AP05A,1416946,,,-,-,5/20/2026,False,,False,
AP05A,1416947,,,-,-,5/20/2026,False,,False,
AP05A,1416948,,,-,-,5/20/2026,False,,False,
AP05A,1416949,,,-,-,5/20/2026,False,,False,
AP05A,1416950,,,-,-,5/20/2026,False,,False,
AP05A,1416951,,,-,-,5/20/2026,False,,False,
AP05A,1416952,,,-,-,5/20/2026,False,,False,
AP05A,1416953,,,-,-,5/20/2026,False,,False,
AP05A,1416954,,,-,-,5/20/2026,False,,False,
AP05A,1416955,,,-,-,5/20/2026,False,,False,
AP05A,1416956,,,-,-,5/20/2026,False,,False,
AP05A,1416957,,,-,-,5/20/2026,False,,False,
AP05A,1416958,,,-,-,5/20/2026,False,,False,
AP05A,1416959,,,-,-,5/20/2026,False,,False,
AP05A,1416960,,,-,-,5/20/2026,False,,False,
AP05A,1416961,,,-,-,5/20/2026,False,,False,
AP05A,1416962,,,-,-,5/20/2026,False,,False,
AP05A,1416963,,,-,-,5/20/2026,False,,False,
AP05A,1416964,,,-,-,5/20/2026,False,,False,
AP05A,1416965,,,-,-,5/20/2026,False,,False,
AP05A,1416966,,,-,-,5/20/2026,False,,False,
AP05A,1416967,,,-,-,5/20/2026,False,,False,
AP05A,1416968,,,-,-,5/20/2026,False,,False,
AP05A,1416969,,,-,-,5/20/2026,False,,False,
AP05A,1416970,,,-,-,5/20/2026,False,,False,
AP05A,1416971,,,-,-,5/20/2026,False,,False,
AP05A,1416972,,,-,-,5/20/2026,False,,False,
AP05A,1416973,,,-,-,5/20/2026,False,,False,
AP05A,1416974,,,-,-,5/20/2026,False,,False,
AP05A,1416975,,,-,-,5/20/2026,False,,False,
AP05A,1416976,,,-,-,5/20/2026,False,,False,
AP05A,1416977,,,-,-,5/20/2026,False,,False,
AP05A,1416978,,,-,-,5/20/2026,False,,False,
AP05A,1416979,,,-,-,5/20/2026,False,,False,
AP05A,1416980,,,-,-,5/20/2026,False,,False,
AP05A,1416981,,,-,-,5/20/2026,False,,False,
AP05A,1416982,,,-,-,5/20/2026,False,,False,
AP05A,1416983,,,-,-,5/20/2026,False,,False,
AP05A,1416984,,,-,-,5/20/2026,False,,False,
AP05A,1416985,,,-,-,5/20/2026,False,,False,
AP05A,1416986,,,-,-,5/20/2026,False,,False,
AP05A,1416987,,,-,-,5/20/2026,False,,False,
AP05A,1416988,,,-,-,5/20/2026,False,,False,
AP05A,1416989,,,-,-,5/20/2026,False,,False,
AP05A,1416990,,,-,-,5/20/2026,False,,False,
AP05A,1416991,,,-,-,5/20/2026,False,,False,
AP05A,1416992,,,-,-,5/20/2026,False,,False,
AP05A,1416993,,,-,-,5/20/2026,False,,False,
AP05A,1416994,,,-,-,5/20/2026,False,,False,
AP05A,1416995,,,-,-,5/20/2026,False,,False,
AP05A,1416996,,,-,-,5/20/2026,False,,False,
AP05A,1416997,,,-,-,5/20/2026,False,,False,
AP05A,1416998,,,-,-,5/20/2026,False,,False,
AP05A,1416999,,,-,-,5/20/2026,False,,False,
AP05A,1417000,,,-,-,5/20/2026,False,,False,
AP05A,1417001,,,-,-,5/20/2026,False,,False,
AP05A,1417002,,,-,-,5/20/2026,False,,False,
AP05A,1417003,,,-,-,5/20/2026,False,,False,
AP05A,1417004,,,-,-,5/20/2026,False,,False,
AP05A,1417005,,,-,-,5/20/2026,False,,False,
AP05A,1417006,,,-,-,5/20/2026,False,,False,
AP05A,1417007,,,-,-,5/20/2026,False,,False,
AP05A,1417008,,,-,-,5/20/2026,False,,False,
AP05A,1417009,,,-,-,5/20/2026,False,,False,
AP05A,1417010,,,-,-,5/20/2026,False,,False,
AP05A,1417011,,,-,-,5/20/2026,False,,False,
AP05A,1417012,,,-,-,5/20/2026,False,,False,
AP05A,1417013,,,-,-,5/20/2026,False,,False,
AP05A,1417014,,,-,-,5/20/2026,False,,False,
AP05A,1417015,,,-,-,5/20/2026,False,,False,
AP05A,1417016,,,-,-,5/20/2026,False,,False,
AP05A,1417017,,,-,-,5/20/2026,False,,False,
AP05A,1417018,,,-,-,5/20/2026,False,,False,
AP05A,1417019,,,-,-,5/20/2026,False,,False,
AP05A,1417020,,,-,-,5/20/2026,False,,False,
AP05A,1417021,,,-,-,5/20/2026,False,,False,
AP05A,1417022,,,-,-,5/20/2026,False,,False,
AP05A,1417023,,,-,-,5/20/2026,False,,False,
AP05A,1417024,,,-,-,5/20/2026,False,,False,
AP05A,1417025,,,-,-,5/20/2026,False,,False,
AP05A,1417026,,,-,-,5/20/2026,False,,False,
AP05A,1417027,,,-,-,5/20/2026,False,,False,
AP05A,1417028,,,-,-,5/20/2026,False,,False,
AP05A,1417029,,,-,-,5/20/2026,False,,False,
AP05A,1417030,,,-,-,5/20/2026,False,,False,
AP05A,1417031,,,-,-,5/20/2026,False,,False,
AP05A,1417032,,,-,-,5/20/2026,False,,False,
AP05A,1417033,,,-,-,5/20/2026,False,,False,
AP05A,1417034,,,-,-,5/20/2026,False,,False,
AP05A,1417035,,,-,-,5/20/2026,False,,False,
AP05A,1417036,,,-,-,5/20/2026,False,,False,
AP05A,1417037,,,-,-,5/20/2026,False,,False,
AP05A,1417038,,,-,-,5/20/2026,False,,False,
AP05A,1417039,,,-,-,5/20/2026,False,,False,
AP05A,1417040,,,-,-,5/20/2026,False,,False,
AP05A,1417041,,,-,-,5/20/2026,False,,False,
AP05A,1417042,,,-,-,5/20/2026,False,,False,
AP05A,1417043,,,-,-,5/20/2026,False,,False,
AP05A,1417044,,,-,-,5/20/2026,False,,False,
AP05A,1417045,,,-,-,5/20/2026,False,,False,
AP05A,1417046,,,-,-,5/20/2026,False,,False,
AP05A,1417047,,,-,-,5/20/2026,False,,False,
AP05A,1417048,,,-,-,5/20/2026,False,,False,
AP05A,1417049,,,-,-,5/20/2026,False,,False,
AP05A,1417050,,,-,-,5/20/2026,False,,False,
AP05A,1417051,,,-,-,5/20/2026,False,,False,
AP05A,1417052,,,-,-,5/20/2026,False,,False,
AP05A,1417053,,,-,-,5/20/2026,False,,False,
AP05A,1417054,,,-,-,5/20/2026,False,,False,
AP05A,1417055,,,-,-,5/20/2026,False,,False,
AP05A,1417056,,,-,-,5/20/2026,False,,False,
AP05A,1417057,,,-,-,5/20/2026,False,,False,
AP05A,1417058,,,-,-,5/20/2026,False,,False,
AP05A,1417059,,,-,-,5/20/2026,False,,False,
AP05A,1417060,,,-,-,5/20/2026,False,,False,
AP05A,1417061,,,-,-,5/20/2026,False,,False,
AP05A,1417062,,,-,-,5/20/2026,False,,False,
AP05A,1417063,,,-,-,5/20/2026,False,,False,
AP05A,1417064,,,-,-,5/20/2026,False,,False,
AP05A,1417065,,,-,-,5/20/2026,False,,False,
AP05A,1417066,,,-,-,5/20/2026,False,,False,
AP05A,1417067,,,-,-,5/20/2026,False,,False,
AP05A,1417068,,,-,-,5/20/2026,False,,False,
AP05A,1417069,,,-,-,5/20/2026,False,,False,
AP05A,1417070,,,-,-,5/20/2026,False,,False,
AP05A,1417071,,,-,-,5/20/2026,False,,False,
AP05A,1417072,,,-,-,5/20/2026,False,,False,
AP05A,1417073,,,-,-,5/20/2026,False,,False,
AP05A,1417074,,,-,-,5/20/2026,False,,False,
AP05A,1417075,,,-,-,5/20/2026,False,,False,
AP05A,1417076,,,-,-,5/20/2026,False,,False,
AP05A,1417077,,,-,-,5/20/2026,False,,False,
AP05A,1417078,,,-,-,5/20/2026,False,,False,
AP05A,1417079,,,-,-,5/20/2026,False,,False,
AP05A,1417080,,,-,-,5/20/2026,False,,False,
AP05A,1417081,,,-,-,5/20/2026,False,,False,
AP05A,1417082,,,-,-,5/20/2026,False,,False,
AP05A,1417083,,,-,-,5/20/2026,False,,False,
AP05A,1417084,,,-,-,5/20/2026,False,,False,
AP05A,1417085,,,-,-,5/20/2026,False,,False,
AP05A,1417086,,,-,-,5/20/2026,False,,False,
AP05A,1417087,,,-,-,5/20/2026,False,,False,
AP05A,1417088,,,-,-,5/20/2026,False,,False,
AP05A,1417089,,,-,-,5/20/2026,False,,False,
AP05A,1417090,,,-,-,5/20/2026,False,,False,
AP05A,1417091,,,-,-,5/20/2026,False,,False,
AP05A,1417092,,,-,-,5/20/2026,False,,False,
AP05A,1417093,,,-,-,5/20/2026,False,,False,
AP05A,1417094,,,-,-,5/20/2026,False,,False,
AP05A,1417095,,,-,-,5/20/2026,False,,False,
AP05A,1417096,,,-,-,5/20/2026,False,,False,
AP05A,1417097,,,-,-,5/20/2026,False,,False,
AP05A,1417098,,,-,-,5/20/2026,False,,False,
AP05A,1417099,,,-,-,5/20/2026,False,,False,
AP05A,1417100,,,-,-,5/20/2026,False,,False,
AP05A,1417101,,,-,-,5/20/2026,False,,False,
AP05A,1417102,,,-,-,5/20/2026,False,,False,
AP05A,1417103,,,-,-,5/20/2026,False,,False,
AP05A,1417104,,,-,-,5/20/2026,False,,False,
AP05A,1417105,,,-,-,5/20/2026,False,,False,
AP05A,1417106,,,-,-,5/20/2026,False,,False,
AP05A,1417107,,,-,-,5/20/2026,False,,False,
AP05A,1417108,,,-,-,5/20/2026,False,,False,
AP05A,1417109,,,-,-,5/20/2026,False,,False,
AP05A,1417110,,,-,-,5/20/2026,False,,False,
AP05A,1417111,,,-,-,5/20/2026,False,,False,
AP05A,1417112,,,-,-,5/20/2026,False,,False,
AP05A,1417113,,,-,-,5/20/2026,False,,False,
AP05A,1417114,,,-,-,5/20/2026,False,,False,
AP05A,1417115,,,-,-,5/20/2026,False,,False,
AP05A,1417116,,,-,-,5/20/2026,False,,False,
AP05A,1417117,,,-,-,5/20/2026,False,,False,
AP05A,1417118,,,-,-,5/20/2026,False,,False,
AP05A,1417119,,,-,-,5/20/2026,False,,False,
AP05A,1417120,,,-,-,5/20/2026,False,,False,
AP05A,1417121,,,-,-,5/20/2026,False,,False,
AP05A,1417122,,,-,-,5/20/2026,False,,False,
AP05A,1417123,,,-,-,5/20/2026,False,,False,
AP05A,1417124,,,-,-,5/20/2026,False,,False,
AP05A,1417125,,,-,-,5/20/2026,False,,False,
AP05A,1417126,,,-,-,5/20/2026,False,,False,
AP05A,1417127,,,-,-,5/20/2026,False,,False,
AP05A,1417128,,,-,-,5/20/2026,False,,False,
AP05A,1417129,,,-,-,5/20/2026,False,,False,
AP05A,1417130,,,-,-,5/20/2026,False,,False,
AP05A,1417131,,,-,-,5/20/2026,False,,False,
AP05A,1417132,,,-,-,5/20/2026,False,,False,
AP05A,1417133,,,-,-,5/20/2026,False,,False,
AP05A,1417134,,,-,-,5/20/2026,False,,False,
AP05A,1417135,,,-,-,5/20/2026,False,,False,
AP05A,1417136,,,-,-,5/20/2026,False,,False,
AP05A,1417137,,,-,-,5/20/2026,False,,False,
AP05A,1417138,,,-,-,5/20/2026,False,,False,
AP05A,1417139,,,-,-,5/20/2026,False,,False,
AP05A,1417140,,,-,-,5/20/2026,False,,False,
AP05A,1417141,,,-,-,5/20/2026,False,,False,
AP05A,1417142,,,-,-,5/20/2026,False,,False,
AP05A,1417143,,,-,-,5/20/2026,False,,False,
AP05A,1417144,,,-,-,5/20/2026,False,,False,
AP05A,1417145,,,-,-,5/20/2026,False,,False,
AP05A,1417146,,,-,-,5/20/2026,False,,False,
AP05A,1417147,,,-,-,5/20/2026,False,,False,
AP05A,1417148,,,-,-,5/20/2026,False,,False,
AP05A,1417149,,,-,-,5/20/2026,False,,False,
AP05A,1417150,,,-,-,5/20/2026,False,,False,
AP05A,1417151,,,-,-,5/20/2026,False,,False,
AP05A,1417152,,,-,-,5/20/2026,False,,False,
AP05A,1417153,,,-,-,5/20/2026,False,,False,
AP05A,1417154,,,-,-,5/20/2026,False,,False,
AP05A,1417155,,,-,-,5/20/2026,False,,False,
AP05A,1417156,,,-,-,5/20/2026,False,,False,
AP05A,1417157,,,-,-,5/20/2026,False,,False,
AP05A,1417158,,,-,-,5/20/2026,False,,False,
AP05A,1417159,,,-,-,5/20/2026,False,,False,
AP05A,1417160,,,-,-,5/20/2026,False,,False,
AP05A,1417161,,,-,-,5/20/2026,False,,False,
AP05A,1417162,,,-,-,5/20/2026,False,,False,
AP05A,1417163,,,-,-,5/20/2026,False,,False,
AP05A,1417164,,,-,-,5/20/2026,False,,False,
AP05A,1417165,,,-,-,5/20/2026,False,,False,
AP05A,1417166,,,-,-,5/20/2026,False,,False,
AP05A,1417167,,,-,-,5/20/2026,False,,False,
AP05A,1417168,,,-,-,5/20/2026,False,,False,
AP05A,1417169,,,-,-,5/20/2026,False,,False,
AP05A,1417170,,,-,-,5/20/2026,False,,False,
AP05A,1417171,,,-,-,5/20/2026,False,,False,
AP05A,1417172,,,-,-,5/20/2026,False,,False,
AP05A,1417173,,,-,-,5/20/2026,False,,False,
AP05A,1417174,,,-,-,5/20/2026,False,,False,
AP05A,1417175,,,-,-,5/20/2026,False,,False,
AP05A,1417176,,,-,-,5/20/2026,False,,False,
AP05A,1417177,,,-,-,5/20/2026,False,,False,
AP05A,1417178,,,-,-,5/20/2026,False,,False,
AP05A,1417179,,,-,-,5/20/2026,False,,False,
AP05A,1417180,,,-,-,5/20/2026,False,,False,
AP05A,1417181,,,-,-,5/20/2026,False,,False,
AP05A,1417182,,,-,-,5/20/2026,False,,False,
AP05A,1417183,,,-,-,5/20/2026,False,,False,
AP05A,1417184,,,-,-,5/20/2026,False,,False,
AP05A,1417185,,,-,-,5/20/2026,False,,False,
AP05A,1417186,,,-,-,5/20/2026,False,,False,
AP05A,1417187,,,-,-,5/20/2026,False,,False,
AP05A,1417188,,,-,-,5/20/2026,False,,False,
AP05A,1417189,,,-,-,5/20/2026,False,,False,
AP05A,1417190,,,-,-,5/20/2026,False,,False,
AP05A,1417191,,,-,-,5/20/2026,False,,False,
AP05A,1417192,,,-,-,5/20/2026,False,,False,
AP05A,1417193,,,-,-,5/20/2026,False,,False,
AP05A,1417194,,,-,-,5/20/2026,False,,False,
AP05A,1417195,,,-,-,5/20/2026,False,,False,
AP05A,1417196,,,-,-,5/20/2026,False,,False,
AP05A,1417197,,,-,-,5/20/2026,False,,False,
AP05A,1417198,,,-,-,5/20/2026,False,,False,
AP05A,1417199,,,-,-,5/20/2026,False,,False,
AP05A,1417200,,,-,-,5/20/2026,False,,False,
AP05A,1417201,,,-,-,5/20/2026,False,,False,
AP05A,1417202,,,-,-,5/20/2026,False,,False,
AP05A,1417203,,,-,-,5/20/2026,False,,False,
AP05A,1417204,,,-,-,5/20/2026,False,,False,
AP05A,1417205,,,-,-,5/20/2026,False,,False,
AP05A,1417206,,,-,-,5/20/2026,False,,False,
AP05A,1417207,,,-,-,5/20/2026,False,,False,
AP05A,1417208,,,-,-,5/20/2026,False,,False,
AP05A,1417209,,,-,-,5/20/2026,False,,False,
AP05A,1417210,,,-,-,5/20/2026,False,,False,
AP05A,1417211,,,-,-,5/20/2026,False,,False,
AP05A,1417212,,,-,-,5/20/2026,False,,False,
AP05A,1417213,,,-,-,5/20/2026,False,,False,
AP05A,1417214,,,-,-,5/20/2026,False,,False,
AP05A,1417215,,,-,-,5/20/2026,False,,False,
AP05A,1417216,,,-,-,5/20/2026,False,,False,
AP05A,1417217,,,-,-,5/20/2026,False,,False,
AP05A,1417218,,,-,-,5/20/2026,False,,False,
AP05A,1417219,,,-,-,5/20/2026,False,,False,
AP05A,1417220,,,-,-,5/20/2026,False,,False,
AP05A,1417221,,,-,-,5/20/2026,False,,False,
AP05A,1417222,,,-,-,5/20/2026,False,,False,
AP05A,1417223,,,-,-,5/20/2026,False,,False,
AP05A,1417224,,,-,-,5/20/2026,False,,False,
AP05A,1417225,,,-,-,5/20/2026,False,,False,
AP05A,1417226,,,-,-,5/20/2026,False,,False,
AP05A,1417227,,,-,-,5/20/2026,False,,False,
AP05A,1417228,,,-,-,5/20/2026,False,,False,
AP05A,1417229,,,-,-,5/20/2026,False,,False,
AP05A,1417230,,,-,-,5/20/2026,False,,False,
AP05A,1417231,,,-,-,5/20/2026,False,,False,
AP05A,1417232,,,-,-,5/20/2026,False,,False,
AP05A,1417233,,,-,-,5/20/2026,False,,False,
AP05A,1417234,,,-,-,5/20/2026,False,,False,
AP05A,1417235,,,-,-,5/20/2026,False,,False,
AP05A,1417236,,,-,-,5/20/2026,False,,False,
AP05A,1417237,,,-,-,5/20/2026,False,,False,
AP05A,1417238,,,-,-,5/20/2026,False,,False,
AP05A,1417239,,,-,-,5/20/2026,False,,False,
AP05A,1417240,,,-,-,5/20/2026,False,,False,
AP05A,1417241,,,-,-,5/20/2026,False,,False,
AP05A,1417242,,,-,-,5/20/2026,False,,False,
AP05A,1417243,,,-,-,5/20/2026,False,,False,
AP05A,1417244,,,-,-,5/20/2026,False,,False,
AP05A,1417245,,,-,-,5/20/2026,False,,False,
AP05A,1417246,,,-,-,5/20/2026,False,,False,
AP05A,1417247,,,-,-,5/20/2026,False,,False,
AP05A,1417248,,,-,-,5/20/2026,False,,False,
AP05A,1417249,,,-,-,5/20/2026,False,,False,
AP05A,1417250,,,-,-,5/20/2026,False,,False,
AP05A,1417251,,,-,-,5/20/2026,False,,False,
AP05A,1417252,,,-,-,5/20/2026,False,,False,
AP05A,1417253,,,-,-,5/20/2026,False,,False,
AP05A,1417254,,,-,-,5/20/2026,False,,False,
AP05A,1417255,,,-,-,5/20/2026,False,,False,
AP05A,1417256,,,-,-,5/20/2026,False,,False,
AP05A,1417257,,,-,-,5/20/2026,False,,False,
AP05A,1417258,,,-,-,5/20/2026,False,,False,
AP05A,1417259,,,-,-,5/20/2026,False,,False,
AP05A,1417260,,,-,-,5/20/2026,False,,False,
AP05A,1417261,,,-,-,5/20/2026,False,,False,
AP05A,1417262,,,-,-,5/20/2026,False,,False,
AP05A,1417263,,,-,-,5/20/2026,False,,False,
AP05A,1417264,,,-,-,5/20/2026,False,,False,
AP05A,1417265,,,-,-,5/20/2026,False,,False,
AP05A,1417266,,,-,-,5/20/2026,False,,False,
AP05A,1417267,,,-,-,5/20/2026,False,,False,
AP05A,1417268,,,-,-,5/20/2026,False,,False,
AP05A,1417269,,,-,-,5/20/2026,False,,False,
AP05A,1417270,,,-,-,5/20/2026,False,,False,
AP05A,1417271,,,-,-,5/20/2026,False,,False,
AP05A,1417272,,,-,-,5/20/2026,False,,False,
AP05A,1417273,,,-,-,5/20/2026,False,,False,
AP05A,1417274,,,-,-,5/20/2026,False,,False,
AP05A,1417275,,,-,-,5/20/2026,False,,False,
AP05A,1417276,,,-,-,5/20/2026,False,,False,
AP05A,1417277,,,-,-,5/20/2026,False,,False,
AP05A,1417278,,,-,-,5/20/2026,False,,False,
AP05A,1417279,,,-,-,5/20/2026,False,,False,
AP05A,1417280,,,-,-,5/20/2026,False,,False,
AP05A,1417281,,,-,-,5/20/2026,False,,False,
AP05A,1417282,,,-,-,5/20/2026,False,,False,
AP05A,1417283,,,-,-,5/20/2026,False,,False,
AP05A,1417284,,,-,-,5/20/2026,False,,False,
AP05A,1417285,,,-,-,5/20/2026,False,,False,
AP05A,1417286,,,-,-,5/20/2026,False,,False,
AP05A,1417287,,,-,-,5/20/2026,False,,False,
AP05A,1417288,,,-,-,5/20/2026,False,,False,
AP05A,1417289,,,-,-,5/20/2026,False,,False,
AP05A,1417290,,,-,-,5/20/2026,False,,False,
AP05A,1417291,,,-,-,5/20/2026,False,,False,
AP05A,1417292,,,-,-,5/20/2026,False,,False,
AP05A,1417293,,,-,-,5/20/2026,False,,False,
AP05A,1417294,,,-,-,5/20/2026,False,,False,
AP05A,1417295,,,-,-,5/20/2026,False,,False,
AP05A,1417296,,,-,-,5/20/2026,False,,False,
AP05A,1417297,,,-,-,5/20/2026,False,,False,
AP05A,1417298,,,-,-,5/20/2026,False,,False,
AP05A,1417299,,,-,-,5/20/2026,False,,False,
AP05A,1417300,,,-,-,5/21/2026,False,,False,
AP05A,1417301,,,-,-,5/21/2026,False,,False,
AP05A,1417302,,,-,-,5/21/2026,False,,False,
AP05A,1417303,,,-,-,5/21/2026,False,,False,
AP05A,1417304,,,-,-,5/21/2026,False,,False,
AP05A,1417305,,,-,-,5/21/2026,False,,False,
AP05A,1417306,,,-,-,5/21/2026,False,,False,
AP05A,1417307,,,-,-,5/21/2026,False,,False,
AP05A,1417308,,,-,-,5/21/2026,False,,False,
AP05A,1417309,,,-,-,5/21/2026,False,,False,
AP05A,1417310,,,-,-,5/21/2026,False,,False,
AP05A,1417311,,,-,-,5/21/2026,False,,False,
AP05A,1417312,,,-,-,5/21/2026,False,,False,
AP05A,1417313,,,-,-,5/21/2026,False,,False,
AP05A,1417314,,,-,-,5/21/2026,False,,False,
AP05A,1417315,,,-,-,5/21/2026,False,,False,
AP05A,1417316,,,-,-,5/21/2026,False,,False,
AP05A,1417317,,,-,-,5/21/2026,False,,False,
AP05A,1417318,,,-,-,5/21/2026,False,,False,
AP05A,1417319,,,-,-,5/21/2026,False,,False,
AP05A,1417320,,,-,-,5/21/2026,False,,False,
AP05A,1417321,,,-,-,5/21/2026,False,,False,
AP05A,1417322,,,-,-,5/21/2026,False,,False,
AP05A,1417323,,,-,-,5/21/2026,False,,False,
AP05A,1417324,,,-,-,5/21/2026,False,,False,
AP05A,1417325,,,-,-,5/21/2026,False,,False,
AP05A,1417326,,,-,-,5/21/2026,False,,False,
AP05A,1417327,,,-,-,5/21/2026,False,,False,
AP05A,1417328,,,-,-,5/21/2026,False,,False,
AP05A,1417329,,,-,-,5/21/2026,False,,False,
AP05A,1417330,,,-,-,5/21/2026,False,,False,
AP05A,1417331,,,-,-,5/21/2026,False,,False,
AP05A,1417332,,,-,-,5/21/2026,False,,False,
AP05A,1417333,,,-,-,5/21/2026,False,,False,
AP05A,1417334,,,-,-,5/21/2026,False,,False,
AP05A,1417335,,,-,-,5/21/2026,False,,False,
AP05A,1417336,,,-,-,5/21/2026,False,,False,
AP05A,1417337,,,-,-,5/21/2026,False,,False,
AP05A,1417338,,,-,-,5/21/2026,False,,False,
AP05A,1417339,,,-,-,5/21/2026,False,,False,
AP05A,1417340,,,-,-,5/21/2026,False,,False,
AP05A,1417341,,,-,-,5/21/2026,False,,False,
AP05A,1417342,,,-,-,5/21/2026,False,,False,
AP05A,1417343,,,-,-,5/21/2026,False,,False,
AP05A,1417344,,,-,-,5/21/2026,False,,False,
AP05A,1417345,,,-,-,5/21/2026,False,,False,
AP05A,1417346,,,-,-,5/21/2026,False,,False,
AP05A,1417347,,,-,-,5/21/2026,False,,False,
AP05A,1417348,,,-,-,5/21/2026,False,,False,
AP05A,1417349,,,-,-,5/21/2026,False,,False,
AP05A,1417350,,,-,-,5/21/2026,False,,False,
AP05A,1417351,,,-,-,5/21/2026,False,,False,
AP05A,1417352,,,-,-,5/21/2026,False,,False,
AP05A,1417353,,,-,-,5/21/2026,False,,False,
AP05A,1417354,,,-,-,5/21/2026,False,,False,
AP05A,1417355,,,-,-,5/21/2026,False,,False,
AP05A,1417356,,,-,-,5/21/2026,False,,False,
AP05A,1417357,,,-,-,5/21/2026,False,,False,
AP05A,1417358,,,-,-,5/21/2026,False,,False,
AP05A,1417359,,,-,-,5/21/2026,False,,False,
AP05A,1417360,,,-,-,5/21/2026,False,,False,
AP05A,1417361,,,-,-,5/21/2026,False,,False,
AP05A,1417362,,,-,-,5/21/2026,False,,False,
AP05A,1417363,,,-,-,5/21/2026,False,,False,
AP05A,1417364,,,-,-,5/21/2026,False,,False,
AP05A,1417365,,,-,-,5/21/2026,False,,False,
AP05A,1417366,,,-,-,5/21/2026,False,,False,
AP05A,1417367,,,-,-,5/21/2026,False,,False,
AP05A,1417368,,,-,-,5/21/2026,False,,False,
AP05A,1417369,,,-,-,5/21/2026,False,,False,
AP05A,1417370,,,-,-,5/21/2026,False,,False,
AP05A,1417371,,,-,-,5/21/2026,False,,False,
AP05A,1417372,,,-,-,5/21/2026,False,,False,
AP05A,1417373,,,-,-,5/21/2026,False,,False,
AP05A,1417374,,,-,-,5/21/2026,False,,False,
AP05A,1417375,,,-,-,5/21/2026,False,,False,
AP05A,1417376,,,-,-,5/21/2026,False,,False,
AP05A,1417377,,,-,-,5/21/2026,False,,False,
AP05A,1417378,,,-,-,5/21/2026,False,,False,
AP05A,1417379,,,-,-,5/21/2026,False,,False,
AP05A,1417380,,,-,-,5/21/2026,False,,False,
AP05A,1417381,,,-,-,5/21/2026,False,,False,
AP05A,1417382,,,-,-,5/21/2026,False,,False,
AP05A,1417383,,,-,-,5/21/2026,False,,False,
AP05A,1417384,,,-,-,5/21/2026,False,,False,
AP05A,1417385,,,-,-,5/21/2026,False,,False,
AP05A,1417386,,,-,-,5/21/2026,False,,False,
AP05A,1417387,,,-,-,5/21/2026,False,,False,
AP05A,1417388,,,-,-,5/21/2026,False,,False,
AP05A,1417389,,,-,-,5/21/2026,False,,False,
AP05A,1417390,,,-,-,5/21/2026,False,,False,
AP05A,1417391,,,-,-,5/21/2026,False,,False,
AP05A,1417392,,,-,-,5/21/2026,False,,False,
AP05A,1417393,,,-,-,5/21/2026,False,,False,
AP05A,1417394,,,-,-,5/21/2026,False,,False,
AP05A,1417395,,,-,-,5/21/2026,False,,False,
AP05A,1417396,,,-,-,5/21/2026,False,,False,
AP05A,1417397,,,-,-,5/21/2026,False,,False,
AP05A,1417398,,,-,-,5/21/2026,False,,False,
AP05A,1417399,,,-,-,5/21/2026,False,,False,
AP05A,1417400,,,-,-,5/21/2026,False,,False,
AP05A,1417401,,,-,-,5/21/2026,False,,False,
AP05A,1417402,,,-,-,5/21/2026,False,,False,
AP05A,1417403,,,-,-,5/21/2026,False,,False,
AP05A,1417404,,,-,-,5/21/2026,False,,False,
AP05A,1417405,,,-,-,5/21/2026,False,,False,
AP05A,1417406,,,-,-,5/21/2026,False,,False,
AP05A,1417407,,,-,-,5/21/2026,False,,False,
AP05A,1417408,,,-,-,5/21/2026,False,,False,
AP05A,1417409,,,-,-,5/21/2026,False,,False,
AP05A,1417410,,,-,-,5/21/2026,False,,False,
AP05A,1417411,,,-,-,5/21/2026,False,,False,
AP05A,1417412,,,-,-,5/21/2026,False,,False,
AP05A,1417413,,,-,-,5/21/2026,False,,False,
AP05A,1417414,,,-,-,5/21/2026,False,,False,
AP05A,1417415,,,-,-,5/21/2026,False,,False,
AP05A,1417416,,,-,-,5/21/2026,False,,False,
AP05A,1417417,,,-,-,5/21/2026,False,,False,
AP05A,1417418,,,-,-,5/21/2026,False,,False,
AP05A,1417419,,,-,-,5/21/2026,False,,False,
AP05A,1417420,,,-,-,5/21/2026,False,,False,
AP05A,1417421,,,-,-,5/21/2026,False,,False,
AP05A,1417422,,,-,-,5/21/2026,False,,False,
AP05A,1417423,,,-,-,5/21/2026,False,,False,
AP05A,1417424,,,-,-,5/21/2026,False,,False,
AP05A,1417425,,,-,-,5/21/2026,False,,False,
AP05A,1417426,,,-,-,5/21/2026,False,,False,
AP05A,1417427,,,-,-,5/21/2026,False,,False,
AP05A,1417428,,,-,-,5/21/2026,False,,False,
AP05A,1417429,,,-,-,5/21/2026,False,,False,
AP05A,1417430,,,-,-,5/21/2026,False,,False,
AP05A,1417431,,,-,-,5/21/2026,False,,False,
AP05A,1417432,,,-,-,5/21/2026,False,,False,
AP05A,1417433,,,-,-,5/21/2026,False,,False,
AP05A,1417434,,,-,-,5/21/2026,False,,False,
AP05A,1417435,,,-,-,5/21/2026,False,,False,
AP05A,1417436,,,-,-,5/21/2026,False,,False,
AP05A,1417437,,,-,-,5/21/2026,False,,False,
AP05A,1417438,,,-,-,5/21/2026,False,,False,
AP05A,1417439,,,-,-,5/21/2026,False,,False,
AP05A,1417440,,,-,-,5/21/2026,False,,False,
AP05A,1417441,,,-,-,5/21/2026,False,,False,
AP05A,1417442,,,-,-,5/21/2026,False,,False,
AP05A,1417443,,,-,-,5/21/2026,False,,False,
AP05A,1417444,,,-,-,5/21/2026,False,,False,
AP05A,1417445,,,-,-,5/21/2026,False,,False,
AP05A,1417446,,,-,-,5/21/2026,False,,False,
AP05A,1417447,,,-,-,5/21/2026,False,,False,
AP05A,1417448,,,-,-,5/21/2026,False,,False,
AP05A,1417449,,,-,-,5/21/2026,False,,False,
AP05A,1417450,,,-,-,5/21/2026,False,,False,
AP05A,1417451,,,-,-,5/21/2026,False,,False,
AP05A,1417452,,,-,-,5/21/2026,False,,False,
AP05A,1417453,,,-,-,5/21/2026,False,,False,
AP05A,1417454,,,-,-,5/21/2026,False,,False,
AP05A,1417455,,,-,-,5/21/2026,False,,False,
AP05A,1417456,,,-,-,5/21/2026,False,,False,
AP05A,1417457,,,-,-,5/21/2026,False,,False,
AP05A,1417458,,,-,-,5/21/2026,False,,False,
AP05A,1417459,,,-,-,5/21/2026,False,,False,
AP05A,1417460,,,-,-,5/21/2026,False,,False,
AP05A,1417461,,,-,-,5/21/2026,False,,False,
AP05A,1417462,,,-,-,5/21/2026,False,,False,
AP05A,1417463,,,-,-,5/21/2026,False,,False,
AP05A,1417464,,,-,-,5/21/2026,False,,False,
AP05A,1417465,,,-,-,5/21/2026,False,,False,
AP05A,1417466,,,-,-,5/21/2026,False,,False,
AP05A,1417467,,,-,-,5/21/2026,False,,False,
AP05A,1417468,,,-,-,5/21/2026,False,,False,
AP05A,1417469,,,-,-,5/21/2026,False,,False,
AP05A,1417470,,,-,-,5/21/2026,False,,False,
AP05A,1417471,,,-,-,5/21/2026,False,,False,
AP05A,1417472,,,-,-,5/21/2026,False,,False,
AP05A,1417473,,,-,-,5/21/2026,False,,False,
AP05A,1417474,,,-,-,5/21/2026,False,,False,
AP05A,1417475,,,-,-,5/21/2026,False,,False,
AP05A,1417476,,,-,-,5/21/2026,False,,False,
AP05A,1417477,,,-,-,5/21/2026,False,,False,
AP05A,1417478,,,-,-,5/21/2026,False,,False,
AP05A,1417479,,,-,-,5/21/2026,False,,False,
AP05A,1417480,,,-,-,5/21/2026,False,,False,
AP05A,1417481,,,-,-,5/21/2026,False,,False,
AP05A,1417482,,,-,-,5/21/2026,False,,False,
AP05A,1417483,,,-,-,5/21/2026,False,,False,
AP05A,1417484,,,-,-,5/21/2026,False,,False,
AP05A,1417485,,,-,-,5/21/2026,False,,False,
AP05A,1417486,,,-,-,5/21/2026,False,,False,
AP05A,1417487,,,-,-,5/21/2026,False,,False,
AP05A,1417488,,,-,-,5/21/2026,False,,False,
AP05A,1417489,,,-,-,5/21/2026,False,,False,
AP05A,1417490,,,-,-,5/21/2026,False,,False,
AP05A,1417491,,,-,-,5/21/2026,False,,False,
AP05A,1417492,,,-,-,5/21/2026,False,,False,
AP05A,1417493,,,-,-,5/21/2026,False,,False,
AP05A,1417494,,,-,-,5/21/2026,False,,False,
AP05A,1417495,,,-,-,5/21/2026,False,,False,
AP05A,1417496,,,-,-,5/21/2026,False,,False,
AP05A,1417497,,,-,-,5/21/2026,False,,False,
AP05A,1417498,,,-,-,5/21/2026,False,,False,
AP05A,1417499,,,-,-,5/21/2026,False,,False,
AP05A,1417500,,,-,-,5/21/2026,False,,False,
AP05A,1417501,,,-,-,5/21/2026,False,,False,
AP05A,1417502,,,-,-,5/21/2026,False,,False,
AP05A,1417503,,,-,-,5/21/2026,False,,False,
AP05A,1417504,,,-,-,5/21/2026,False,,False,
AP05A,1417505,,,-,-,5/21/2026,False,,False,
AP05A,1417506,,,-,-,5/21/2026,False,,False,
AP05A,1417507,,,-,-,5/21/2026,False,,False,
AP05A,1417508,,,-,-,5/21/2026,False,,False,
AP05A,1417509,,,-,-,5/21/2026,False,,False,
AP05A,1417510,,,-,-,5/21/2026,False,,False,
AP05A,1417511,,,-,-,5/21/2026,False,,False,
AP05A,1417512,,,-,-,5/21/2026,False,,False,
AP05A,1417513,,,-,-,5/21/2026,False,,False,
AP05A,1417514,,,-,-,5/21/2026,False,,False,
AP05A,1417515,,,-,-,5/21/2026,False,,False,
AP05A,1417516,,,-,-,5/21/2026,False,,False,
AP05A,1417517,,,-,-,5/21/2026,False,,False,
AP05A,1417518,,,-,-,5/21/2026,False,,False,
AP05A,1417519,,,-,-,5/21/2026,False,,False,
AP05A,1417520,,,-,-,5/21/2026,False,,False,
AP05A,1417521,,,-,-,5/21/2026,False,,False,
AP05A,1417522,,,-,-,5/21/2026,False,,False,
AP05A,1417523,,,-,-,5/21/2026,False,,False,
AP05A,1417524,,,-,-,5/21/2026,False,,False,
AP05A,1417525,,,-,-,5/21/2026,False,,False,
AP05A,1417526,,,-,-,5/21/2026,False,,False,
AP05A,1417527,,,-,-,5/21/2026,False,,False,
AP05A,1417528,,,-,-,5/21/2026,False,,False,
AP05A,1417529,,,-,-,5/21/2026,False,,False,
AP05A,1417530,,,-,-,5/21/2026,False,,False,
AP05A,1417531,,,-,-,5/21/2026,False,,False,
AP05A,1417532,,,-,-,5/21/2026,False,,False,
AP05A,1417533,,,-,-,5/21/2026,False,,False,
AP05A,1417534,,,-,-,5/21/2026,False,,False,
AP05A,1417535,,,-,-,5/21/2026,False,,False,
AP05A,1417536,,,-,-,5/21/2026,False,,False,
AP05A,1417537,,,-,-,5/21/2026,False,,False,
AP05A,1417538,,,-,-,5/21/2026,False,,False,
AP05A,1417539,,,-,-,5/21/2026,False,,False,
AP05A,1417540,,,-,-,5/21/2026,False,,False,
AP05A,1417541,,,-,-,5/21/2026,False,,False,
AP05A,1417542,,,-,-,5/21/2026,False,,False,
AP05A,1417543,,,-,-,5/21/2026,False,,False,
AP05A,1417544,,,-,-,5/21/2026,False,,False,
AP05A,1417545,,,-,-,5/21/2026,False,,False,
AP05A,1417546,,,-,-,5/21/2026,False,,False,
AP05A,1417547,,,-,-,5/21/2026,False,,False,
AP05A,1417548,,,-,-,5/21/2026,False,,False,
AP05A,1417549,,,-,-,5/21/2026,False,,False,
AP05A,1417550,,,-,-,5/21/2026,False,,False,
AP05A,1417551,,,-,-,5/21/2026,False,,False,
AP05A,1417552,,,-,-,5/21/2026,False,,False,
AP05A,1417553,,,-,-,5/21/2026,False,,False,
AP05A,1417554,,,-,-,5/21/2026,False,,False,
AP05A,1417555,,,-,-,5/21/2026,False,,False,
AP05A,1417556,,,-,-,5/21/2026,False,,False,
AP05A,1417557,,,-,-,5/21/2026,False,,False,
AP05A,1417558,,,-,-,5/21/2026,False,,False,
AP05A,1417559,,,-,-,5/21/2026,False,,False,
AP05A,1417560,,,-,-,5/21/2026,False,,False,
AP05A,1417561,,,-,-,5/21/2026,False,,False,
AP05A,1417562,,,-,-,5/21/2026,False,,False,
AP05A,1417563,,,-,-,5/21/2026,False,,False,
AP05A,1417564,,,-,-,5/21/2026,False,,False,
AP05A,1417565,,,-,-,5/21/2026,False,,False,
AP05A,1417566,,,-,-,5/21/2026,False,,False,
AP05A,1417567,,,-,-,5/21/2026,False,,False,
AP05A,1417568,,,-,-,5/21/2026,False,,False,
AP05A,1417569,,,-,-,5/21/2026,False,,False,
AP05A,1417570,,,-,-,5/21/2026,False,,False,
AP05A,1417571,,,-,-,5/21/2026,False,,False,
AP05A,1417572,,,-,-,5/21/2026,False,,False,
AP05A,1417573,,,-,-,5/21/2026,False,,False,
AP05A,1417574,,,-,-,5/21/2026,False,,False,
AP05A,1417575,,,-,-,5/21/2026,False,,False,
AP05A,1417576,,,-,-,5/21/2026,False,,False,
AP05A,1417577,,,-,-,5/21/2026,False,,False,
AP05A,1417578,,,-,-,5/21/2026,False,,False,
AP05A,1417579,,,-,-,5/21/2026,False,,False,
AP05A,1417580,,,-,-,5/21/2026,False,,False,
AP05A,1417581,,,-,-,5/21/2026,False,,False,
AP05A,1417582,,,-,-,5/21/2026,False,,False,
AP05A,1417583,,,-,-,5/21/2026,False,,False,
AP05A,1417584,,,-,-,5/21/2026,False,,False,
AP05A,1417585,,,-,-,5/21/2026,False,,False,
AP05A,1417586,,,-,-,5/21/2026,False,,False,
AP05A,1417587,,,-,-,5/21/2026,False,,False,
AP05A,1417588,,,-,-,5/21/2026,False,,False,
AP05A,1417589,,,-,-,5/21/2026,False,,False,
AP05A,1417590,,,-,-,5/21/2026,False,,False,
AP05A,1417591,,,-,-,5/21/2026,False,,False,
AP05A,1417592,,,-,-,5/21/2026,False,,False,
AP05A,1417593,,,-,-,5/21/2026,False,,False,
AP05A,1417594,,,-,-,5/21/2026,False,,False,
AP05A,1417595,,,-,-,5/21/2026,False,,False,
AP05A,1417596,,,-,-,5/21/2026,False,,False,
AP05A,1417597,,,-,-,5/21/2026,False,,False,
AP05A,1417598,,,-,-,5/21/2026,False,,False,
AP05A,1417599,,,-,-,5/21/2026,False,,False,
AP05A,1417600,,,-,-,5/21/2026,False,,False,
AP05A,1417601,,,-,-,5/21/2026,False,,False,
AP05A,1417602,,,-,-,5/21/2026,False,,False,
AP05A,1417603,,,-,-,5/21/2026,False,,False,
AP05A,1417604,,,-,-,5/21/2026,False,,False,
AP05A,1417605,,,-,-,5/21/2026,False,,False,
AP05A,1417606,,,-,-,5/21/2026,False,,False,
AP05A,1417607,,,-,-,5/21/2026,False,,False,
AP05A,1417608,,,-,-,5/21/2026,False,,False,
AP05A,1417609,,,-,-,5/21/2026,False,,False,
AP05A,1417610,,,-,-,5/21/2026,False,,False,
AP05A,1417611,,,-,-,5/21/2026,False,,False,
AP05A,1417612,,,-,-,5/21/2026,False,,False,
AP05A,1417613,,,-,-,5/21/2026,False,,False,
AP05A,1417614,,,-,-,5/21/2026,False,,False,
AP05A,1417615,,,-,-,5/21/2026,False,,False,
AP05A,1417616,,,-,-,5/21/2026,False,,False,
AP05A,1417617,,,-,-,5/21/2026,False,,False,
AP05A,1417618,,,-,-,5/21/2026,False,,False,
AP05A,1417619,,,-,-,5/21/2026,False,,False,
AP05A,1417620,,,-,-,5/21/2026,False,,False,
AP05A,1417621,,,-,-,5/21/2026,False,,False,
AP05A,1417622,,,-,-,5/21/2026,False,,False,
AP05A,1417623,,,-,-,5/21/2026,False,,False,
AP05A,1417624,,,-,-,5/21/2026,False,,False,
AP05A,1417625,,,-,-,5/21/2026,False,,False,
AP05A,1417626,,,-,-,5/21/2026,False,,False,
AP05A,1417627,,,-,-,5/21/2026,False,,False,
AP05A,1417628,,,-,-,5/21/2026,False,,False,
AP05A,1417629,,,-,-,5/21/2026,False,,False,
AP05A,1417630,,,-,-,5/21/2026,False,,False,
AP05A,1417631,,,-,-,5/21/2026,False,,False,
AP05A,1417632,,,-,-,5/21/2026,False,,False,
AP05A,1417633,,,-,-,5/21/2026,False,,False,
AP05A,1417634,,,-,-,5/21/2026,False,,False,
AP05A,1417635,,,-,-,5/21/2026,False,,False,
AP05A,1417636,,,-,-,5/21/2026,False,,False,
AP05A,1417637,,,-,-,5/21/2026,False,,False,
AP05A,1417638,,,-,-,5/21/2026,False,,False,
AP05A,1417639,,,-,-,5/21/2026,False,,False,
AP05A,1417640,,,-,-,5/21/2026,False,,False,
AP05A,1417641,,,-,-,5/21/2026,False,,False,
AP05A,1417642,,,-,-,5/21/2026,False,,False,
AP05A,1417643,,,-,-,5/21/2026,False,,False,
AP05A,1417644,,,-,-,5/21/2026,False,,False,
AP05A,1417645,,,-,-,5/21/2026,False,,False,
AP05A,1417646,,,-,-,5/21/2026,False,,False,
AP05A,1417647,,,-,-,5/21/2026,False,,False,
AP05A,1417648,,,-,-,5/21/2026,False,,False,
AP05A,1417649,,,-,-,5/21/2026,False,,False,
AP05A,1417650,,,-,-,5/21/2026,False,,False,
AP05A,1417651,,,-,-,5/21/2026,False,,False,
AP05A,1417652,,,-,-,5/21/2026,False,,False,
AP05A,1417653,,,-,-,5/21/2026,False,,False,
AP05A,1417654,,,-,-,5/21/2026,False,,False,
AP05A,1417655,,,-,-,5/21/2026,False,,False,
AP05A,1417656,,,-,-,5/21/2026,False,,False,
AP05A,1417657,,,-,-,5/21/2026,False,,False,
AP05A,1417658,,,-,-,5/21/2026,False,,False,
AP05A,1417659,,,-,-,5/21/2026,False,,False,
AP05A,1417660,,,-,-,5/21/2026,False,,False,
AP05A,1417661,,,-,-,5/21/2026,False,,False,
AP05A,1417662,,,-,-,5/21/2026,False,,False,
AP05A,1417663,,,-,-,5/21/2026,False,,False,
AP05A,1417664,,,-,-,5/21/2026,False,,False,
AP05A,1417665,,,-,-,5/21/2026,False,,False,
AP05A,1417666,,,-,-,5/21/2026,False,,False,
AP05A,1417667,,,-,-,5/21/2026,False,,False,
AP05A,1417668,,,-,-,5/21/2026,False,,False,
AP05A,1417669,,,-,-,5/21/2026,False,,False,
AP05A,1417670,,,-,-,5/21/2026,False,,False,
AP05A,1417671,,,-,-,5/21/2026,False,,False,
AP05A,1417672,,,-,-,5/21/2026,False,,False,
AP05A,1417673,,,-,-,5/21/2026,False,,False,
AP05A,1417674,,,-,-,5/21/2026,False,,False,
AP05A,1417675,,,-,-,5/21/2026,False,,False,
AP05A,1417676,,,-,-,5/21/2026,False,,False,
AP05A,1417677,,,-,-,5/21/2026,False,,False,
AP05A,1417678,,,-,-,5/21/2026,False,,False,
AP05A,1417679,,,-,-,5/21/2026,False,,False,
AP05A,1417680,,,-,-,5/21/2026,False,,False,
AP05A,1417681,,,-,-,5/21/2026,False,,False,
AP05A,1417682,,,-,-,5/21/2026,False,,False,
AP05A,1417683,,,-,-,5/21/2026,False,,False,
AP05A,1417684,,,-,-,5/21/2026,False,,False,
AP05A,1417685,,,-,-,5/21/2026,False,,False,
AP05A,1417686,,,-,-,5/21/2026,False,,False,
AP05A,1417687,,,-,-,5/21/2026,False,,False,
AP05A,1417688,,,-,-,5/21/2026,False,,False,
AP05A,1417689,,,-,-,5/21/2026,False,,False,
AP05A,1417690,,,-,-,5/21/2026,False,,False,
AP05A,1417691,,,-,-,5/21/2026,False,,False,
AP05A,1417692,,,-,-,5/21/2026,False,,False,
AP05A,1417693,,,-,-,5/21/2026,False,,False,
AP05A,1417694,,,-,-,5/21/2026,False,,False,
AP05A,1417695,,,-,-,5/21/2026,False,,False,
AP05A,1417696,,,-,-,5/21/2026,False,,False,
AP05A,1417697,,,-,-,5/21/2026,False,,False,
AP05A,1417698,,,-,-,5/21/2026,False,,False,
AP05A,1417699,,,-,-,5/21/2026,False,,False,
AP05A,1417700,,,-,-,5/21/2026,False,,False,
AP05A,1417701,,,-,-,5/21/2026,False,,False,
AP05A,1417702,,,-,-,5/21/2026,False,,False,
AP05A,1417703,,,-,-,5/21/2026,False,,False,
AP05A,1417704,,,-,-,5/21/2026,False,,False,
AP05A,1417705,,,-,-,5/21/2026,False,,False,
AP05A,1417706,,,-,-,5/21/2026,False,,False,
AP05A,1417707,,,-,-,5/21/2026,False,,False,
AP05A,1417708,,,-,-,5/21/2026,False,,False,
AP05A,1417709,,,-,-,5/21/2026,False,,False,
AP05A,1417710,,,-,-,5/21/2026,False,,False,
AP05A,1417711,,,-,-,5/21/2026,False,,False,
AP05A,1417712,,,-,-,5/21/2026,False,,False,
AP05A,1417713,,,-,-,5/21/2026,False,,False,
AP05A,1417714,,,-,-,5/21/2026,False,,False,
AP05A,1417715,,,-,-,5/21/2026,False,,False,
AP05A,1417716,,,-,-,5/21/2026,False,,False,
AP05A,1417717,,,-,-,5/21/2026,False,,False,
AP05A,1417718,,,-,-,5/21/2026,False,,False,
AP05A,1417719,,,-,-,5/21/2026,False,,False,
AP05A,1417720,,,-,-,5/21/2026,False,,False,
AP05A,1417721,,,-,-,5/21/2026,False,,False,
AP05A,1417722,,,-,-,5/21/2026,False,,False,
AP05A,1417723,,,-,-,5/21/2026,False,,False,
AP05A,1417724,,,-,-,5/21/2026,False,,False,
AP05A,1417725,,,-,-,5/21/2026,False,,False,
AP05A,1417726,,,-,-,5/21/2026,False,,False,
AP05A,1417727,,,-,-,5/21/2026,False,,False,
AP05A,1417728,,,-,-,5/21/2026,False,,False,
AP05A,1417729,,,-,-,5/21/2026,False,,False,
AP05A,1417730,,,-,-,5/21/2026,False,,False,
AP05A,1417731,,,-,-,5/21/2026,False,,False,
AP05A,1417732,,,-,-,5/21/2026,False,,False,
AP05A,1417733,,,-,-,5/21/2026,False,,False,
AP05A,1417734,,,-,-,5/21/2026,False,,False,
AP05A,1417735,,,-,-,5/21/2026,False,,False,
AP05A,1417736,,,-,-,5/21/2026,False,,False,
AP05A,1417737,,,-,-,5/21/2026,False,,False,
AP05A,1417738,,,-,-,5/21/2026,False,,False,
AP05A,1417739,,,-,-,5/21/2026,False,,False,
AP05A,1417740,,,-,-,5/21/2026,False,,False,
AP05A,1417741,,,-,-,5/21/2026,False,,False,
AP05A,1417742,,,-,-,5/21/2026,False,,False,
AP05A,1417743,,,-,-,5/21/2026,False,,False,
AP05A,1417744,,,-,-,5/21/2026,False,,False,
AP05A,1417745,,,-,-,5/21/2026,False,,False,
AP05A,1417746,,,-,-,5/21/2026,False,,False,
AP05A,1417747,,,-,-,5/21/2026,False,,False,
AP05A,1417748,,,-,-,5/21/2026,False,,False,
AP05A,1417749,,,-,-,5/21/2026,False,,False,
AP05A,1417750,,,-,-,5/21/2026,False,,False,
AP05A,1417751,,,-,-,5/21/2026,False,,False,
AP05A,1417752,,,-,-,5/21/2026,False,,False,
AP05A,1417753,,,-,-,5/21/2026,False,,False,
AP05A,1417754,,,-,-,5/21/2026,False,,False,
AP05A,1417755,,,-,-,5/21/2026,False,,False,
AP05A,1417756,,,-,-,5/21/2026,False,,False,
AP05A,1417757,,,-,-,5/21/2026,False,,False,
AP05A,1417758,,,-,-,5/21/2026,False,,False,
AP05A,1417759,,,-,-,5/21/2026,False,,False,
AP05A,1417760,,,-,-,5/21/2026,False,,False,
AP05A,1417761,,,-,-,5/21/2026,False,,False,
AP05A,1417762,,,-,-,5/21/2026,False,,False,
AP05A,1417763,,,-,-,5/21/2026,False,,False,
AP05A,1417764,,,-,-,5/21/2026,False,,False,
AP05A,1417765,,,-,-,5/21/2026,False,,False,
AP05A,1417766,,,-,-,5/21/2026,False,,False,
AP05A,1417767,,,-,-,5/21/2026,False,,False,
AP05A,1417768,,,-,-,5/21/2026,False,,False,
AP05A,1417769,,,-,-,5/21/2026,False,,False,
AP05A,1417770,,,-,-,5/21/2026,False,,False,
AP05A,1417771,,,-,-,5/21/2026,False,,False,
AP05A,1417772,,,-,-,5/21/2026,False,,False,
AP05A,1417773,,,-,-,5/21/2026,False,,False,
AP05A,1417774,,,-,-,5/21/2026,False,,False,
AP05A,1417775,,,-,-,5/21/2026,False,,False,
AP05A,1417776,,,-,-,5/21/2026,False,,False,
AP05A,1417777,,,-,-,5/21/2026,False,,False,
AP05A,1417778,,,-,-,5/21/2026,False,,False,
AP05A,1417779,,,-,-,5/21/2026,False,,False,
AP05A,1417780,,,-,-,5/21/2026,False,,False,
AP05A,1417781,,,-,-,5/21/2026,False,,False,
AP05A,1417782,,,-,-,5/21/2026,False,,False,
AP05A,1417783,,,-,-,5/21/2026,False,,False,
AP05A,1417784,,,-,-,5/21/2026,False,,False,
AP05A,1417785,,,-,-,5/21/2026,False,,False,
AP05A,1417786,,,-,-,5/21/2026,False,,False,
AP05A,1417787,,,-,-,5/21/2026,False,,False,
AP05A,1417788,,,-,-,5/21/2026,False,,False,
AP05A,1417789,,,-,-,5/21/2026,False,,False,
AP05A,1417790,,,-,-,5/21/2026,False,,False,
AP05A,1417791,,,-,-,5/21/2026,False,,False,
AP05A,1417792,,,-,-,5/21/2026,False,,False,
AP05A,1417793,,,-,-,5/21/2026,False,,False,
AP05A,1417794,,,-,-,5/21/2026,False,,False,
AP05A,1417795,,,-,-,5/21/2026,False,,False,
AP05A,1417796,,,-,-,5/21/2026,False,,False,
AP05A,1417797,,,-,-,5/21/2026,False,,False,
AP05A,1417798,,,-,-,5/21/2026,False,,False,
AP05A,1417799,,,-,-,5/21/2026,False,,False,
AP05A,1417800,,,-,-,5/21/2026,False,,False,
AP05A,1417801,,,-,-,5/21/2026,False,,False,
AP05A,1417802,,,-,-,5/21/2026,False,,False,
AP05A,1417803,,,-,-,5/21/2026,False,,False,
AP05A,1417804,,,-,-,5/21/2026,False,,False,
AP05A,1417805,,,-,-,5/21/2026,False,,False,
AP05A,1417806,,,-,-,5/21/2026,False,,False,
AP05A,1417807,,,-,-,5/21/2026,False,,False,
AP05A,1417808,,,-,-,5/21/2026,False,,False,
AP05A,1417809,,,-,-,5/21/2026,False,,False,
AP05A,1417810,,,-,-,5/21/2026,False,,False,
AP05A,1417811,,,-,-,5/21/2026,False,,False,
AP05A,1417812,,,-,-,5/21/2026,False,,False,
AP05A,1417813,,,-,-,5/21/2026,False,,False,
AP05A,1417814,,,-,-,5/21/2026,False,,False,
AP05A,1417815,,,-,-,5/21/2026,False,,False,
AP05A,1417816,,,-,-,5/21/2026,False,,False,
AP05A,1417817,,,-,-,5/21/2026,False,,False,
AP05A,1417818,,,-,-,5/21/2026,False,,False,
AP05A,1417819,,,-,-,5/21/2026,False,,False,
AP05A,1417820,,,-,-,5/21/2026,False,,False,
AP05A,1417821,,,-,-,5/21/2026,False,,False,
AP05A,1417822,,,-,-,5/21/2026,False,,False,
AP05A,1417823,,,-,-,5/21/2026,False,,False,
AP05A,1417824,,,-,-,5/21/2026,False,,False,
AP05A,1417825,,,-,-,5/21/2026,False,,False,
AP05A,1417826,,,-,-,5/21/2026,False,,False,
AP05A,1417827,,,-,-,5/21/2026,False,,False,
AP05A,1417828,,,-,-,5/21/2026,False,,False,
AP05A,1417829,,,-,-,5/21/2026,False,,False,
AP05A,1417830,,,-,-,5/21/2026,False,,False,
AP05A,1417831,,,-,-,5/21/2026,False,,False,
AP05A,1417832,,,-,-,5/21/2026,False,,False,
AP05A,1417833,,,-,-,5/21/2026,False,,False,
AP05A,1417834,,,-,-,5/21/2026,False,,False,
AP05A,1417835,,,-,-,5/21/2026,False,,False,
AP05A,1417836,,,-,-,5/21/2026,False,,False,
AP05A,1417837,,,-,-,5/21/2026,False,,False,
AP05A,1417838,,,-,-,5/21/2026,False,,False,
AP05A,1417839,,,-,-,5/21/2026,False,,False,
AP05A,1417840,,,-,-,5/21/2026,False,,False,
AP05A,1417841,,,-,-,5/21/2026,False,,False,
AP05A,1417842,,,-,-,5/21/2026,False,,False,
AP05A,1417843,,,-,-,5/21/2026,False,,False,
AP05A,1417844,,,-,-,5/21/2026,False,,False,
AP05A,1417845,,,-,-,5/21/2026,False,,False,
AP05A,1417846,,,-,-,5/21/2026,False,,False,
AP05A,1417847,,,-,-,5/21/2026,False,,False,
AP05A,1417848,,,-,-,5/21/2026,False,,False,
AP05A,1417849,,,-,-,5/21/2026,False,,False,
AP05A,1417850,,,-,-,5/21/2026,False,,False,
AP05A,1417851,,,-,-,5/21/2026,False,,False,
AP05A,1417852,,,-,-,5/21/2026,False,,False,
AP05A,1417853,,,-,-,5/21/2026,False,,False,
AP05A,1417854,,,-,-,5/21/2026,False,,False,
AP05A,1417855,,,-,-,5/21/2026,False,,False,
AP05A,1417856,,,-,-,5/21/2026,False,,False,
AP05A,1417857,,,-,-,5/21/2026,False,,False,
AP05A,1417858,,,-,-,5/21/2026,False,,False,
AP05A,1417859,,,-,-,5/21/2026,False,,False,
AP05A,1417860,,,-,-,5/21/2026,False,,False,
AP05A,1417861,,,-,-,5/21/2026,False,,False,
AP05A,1417862,,,-,-,5/21/2026,False,,False,
AP05A,1417863,,,-,-,5/21/2026,False,,False,
AP05A,1417864,,,-,-,5/21/2026,False,,False,
AP05A,1417865,,,-,-,5/21/2026,False,,False,
AP05A,1417866,,,-,-,5/21/2026,False,,False,
AP05A,1417867,,,-,-,5/21/2026,False,,False,
AP05A,1417868,,,-,-,5/21/2026,False,,False,
AP05A,1417869,,,-,-,5/21/2026,False,,False,
AP05A,1417870,,,-,-,5/21/2026,False,,False,
AP05A,1417871,,,-,-,5/21/2026,False,,False,
AP05A,1417872,,,-,-,5/21/2026,False,,False,
AP05A,1417873,,,-,-,5/21/2026,False,,False,
AP05A,1417874,,,-,-,5/21/2026,False,,False,
AP05A,1417875,,,-,-,5/21/2026,False,,False,
AP05A,1417876,,,-,-,5/21/2026,False,,False,
AP05A,1417877,,,-,-,5/21/2026,False,,False,
AP05A,1417878,,,-,-,5/21/2026,False,,False,
AP05A,1417879,,,-,-,5/21/2026,False,,False,
AP05A,1417880,,,-,-,5/21/2026,False,,False,
AP05A,1417881,,,-,-,5/21/2026,False,,False,
AP05A,1417882,,,-,-,5/21/2026,False,,False,
AP05A,1417883,,,-,-,5/21/2026,False,,False,
AP05A,1417884,,,-,-,5/21/2026,False,,False,
AP05A,1417885,,,-,-,5/21/2026,False,,False,
AP05A,1417886,,,-,-,5/21/2026,False,,False,
AP05A,1417887,,,-,-,5/21/2026,False,,False,
AP05A,1417888,,,-,-,5/21/2026,False,,False,
AP05A,1417889,,,-,-,5/21/2026,False,,False,
AP05A,1417890,,,-,-,5/21/2026,False,,False,
AP05A,1417891,,,-,-,5/21/2026,False,,False,
AP05A,1417892,,,-,-,5/21/2026,False,,False,
AP05A,1417893,,,-,-,5/21/2026,False,,False,
AP05A,1417894,,,-,-,5/21/2026,False,,False,
AP05A,1417895,,,-,-,5/21/2026,False,,False,
AP05A,1417896,,,-,-,5/21/2026,False,,False,
AP05A,1417897,,,-,-,5/21/2026,False,,False,
AP05A,1417898,,,-,-,5/21/2026,False,,False,
AP05A,1417899,,,-,-,5/21/2026,False,,False,
AP05A,1417900,,,-,-,5/21/2026,False,,False,
AP05A,1417901,,,-,-,5/21/2026,False,,False,
AP05A,1417902,,,-,-,5/21/2026,False,,False,
AP05A,1417903,,,-,-,5/21/2026,False,,False,
AP05A,1417904,,,-,-,5/21/2026,False,,False,
AP05A,1417905,,,-,-,5/21/2026,False,,False,
AP05A,1417906,,,-,-,5/21/2026,False,,False,
AP05A,1417907,,,-,-,5/21/2026,False,,False,
AP05A,1417908,,,-,-,5/21/2026,False,,False,
AP05A,1417909,,,-,-,5/21/2026,False,,False,
AP05A,1417910,,,-,-,5/21/2026,False,,False,
AP05A,1417911,,,-,-,5/21/2026,False,,False,
AP05A,1417912,,,-,-,5/21/2026,False,,False,
AP05A,1417913,,,-,-,5/21/2026,False,,False,
AP05A,1417914,,,-,-,5/21/2026,False,,False,
AP05A,1417915,,,-,-,5/21/2026,False,,False,
AP05A,1417916,,,-,-,5/21/2026,False,,False,
AP05A,1417917,,,-,-,5/21/2026,False,,False,
AP05A,1417918,,,-,-,5/21/2026,False,,False,
AP05A,1417919,,,-,-,5/21/2026,False,,False,
AP05A,1417920,,,-,-,5/21/2026,False,,False,
AP05A,1417921,,,-,-,5/21/2026,False,,False,
AP05A,1417922,,,-,-,5/21/2026,False,,False,
AP05A,1417923,,,-,-,5/21/2026,False,,False,
AP05A,1417924,,,-,-,5/21/2026,False,,False,
AP05A,1417925,,,-,-,5/21/2026,False,,False,
AP05A,1417926,,,-,-,5/21/2026,False,,False,
AP05A,1417927,,,-,-,5/21/2026,False,,False,
AP05A,1417928,,,-,-,5/21/2026,False,,False,
AP05A,1417929,,,-,-,5/21/2026,False,,False,
AP05A,1417930,,,-,-,5/21/2026,False,,False,
AP05A,1417931,,,-,-,5/21/2026,False,,False,
AP05A,1417932,,,-,-,5/21/2026,False,,False,
AP05A,1417933,,,-,-,5/21/2026,False,,False,
AP05A,1417934,,,-,-,5/21/2026,False,,False,
AP05A,1417935,,,-,-,5/21/2026,False,,False,
AP05A,1417936,,,-,-,5/21/2026,False,,False,
AP05A,1417937,,,-,-,5/21/2026,False,,False,
AP05A,1417938,,,-,-,5/21/2026,False,,False,
AP05A,1417939,,,-,-,5/21/2026,False,,False,
AP05A,1417940,,,-,-,5/21/2026,False,,False,
AP05A,1417941,,,-,-,5/21/2026,False,,False,
AP05A,1420001,,,-,-,5/21/2026,False,,False,
AP05A,1420002,,,-,-,5/21/2026,False,,False,
AP05A,1420003,,,-,-,5/21/2026,False,,False,
AP05A,1420004,,,-,-,5/21/2026,False,,False,
AP05A,1420005,,,-,-,5/21/2026,False,,False,
AP05A,1420006,,,-,-,5/21/2026,False,,False,
AP05A,1420007,,,-,-,5/21/2026,False,,False,
AP05A,1420008,,,-,-,5/21/2026,False,,False,
AP05A,1420009,,,-,-,5/21/2026,False,,False,
AP05A,1420010,,,-,-,5/21/2026,False,,False,
AP05A,1420011,,,-,-,5/21/2026,False,,False,
AP05A,1420012,,,-,-,5/21/2026,False,,False,
AP05A,1420013,,,-,-,5/21/2026,False,,False,
AP05A,1420014,,,-,-,5/21/2026,False,,False,
AP05A,1420015,,,-,-,5/21/2026,False,,False,
AP05A,1420016,,,-,-,5/21/2026,False,,False,
AP05A,1420017,,,-,-,5/21/2026,False,,False,
AP05A,1420018,,,-,-,5/21/2026,False,,False,
AP05A,1420019,,,-,-,5/21/2026,False,,False,
AP05A,1420020,,,-,-,5/21/2026,False,,False,
AP05A,1420021,,,-,-,5/21/2026,False,,False,
AP05A,1420022,,,-,-,5/21/2026,False,,False,
AP05A,1420023,,,-,-,5/21/2026,False,,False,
AP05A,1420024,,,-,-,5/21/2026,False,,False,
AP05A,1420025,,,-,-,5/21/2026,False,,False,
AP05A,1420026,,,-,-,5/21/2026,False,,False,
AP05A,1420027,,,-,-,5/21/2026,False,,False,
AP05A,1420028,,,-,-,5/21/2026,False,,False,
AP05A,1420029,,,-,-,5/21/2026,False,,False,
AP05A,1420030,,,-,-,5/21/2026,False,,False,
AP05A,1420031,,,-,-,5/21/2026,False,,False,
AP05A,1420032,,,-,-,5/21/2026,False,,False,
AP05A,1420033,,,-,-,5/21/2026,False,,False,
AP05A,1420034,,,-,-,5/21/2026,False,,False,
AP05A,1420035,,,-,-,5/21/2026,False,,False,
AP05A,1420036,,,-,-,5/21/2026,False,,False,
AP05A,1420037,,,-,-,5/21/2026,False,,False,
AP05A,1420038,,,-,-,5/21/2026,False,,False,
AP05A,1420039,,,-,-,5/21/2026,False,,False,
AP05A,1420040,,,-,-,5/21/2026,False,,False,
AP05A,1420041,,,-,-,5/21/2026,False,,False,
AP05A,1420042,,,-,-,5/21/2026,False,,False,
AP05A,1420043,,,-,-,5/21/2026,False,,False,
AP05A,1420044,,,-,-,5/21/2026,False,,False,
AP05A,1420045,,,-,-,5/21/2026,False,,False,
AP05A,1420046,,,-,-,5/21/2026,False,,False,
AP05A,1420047,,,-,-,5/21/2026,False,,False,
AP05A,1420048,,,-,-,5/21/2026,False,,False,
AP05A,1420049,,,-,-,5/21/2026,False,,False,
AP05A,1420050,,,-,-,5/21/2026,False,,False,
AP05A,1420051,,,-,-,5/21/2026,False,,False,
AP05A,1420052,,,-,-,5/21/2026,False,,False,
AP05A,1420053,,,-,-,5/21/2026,False,,False,
AP05A,1420054,,,-,-,5/21/2026,False,,False,
AP05A,1420055,,,-,-,5/21/2026,False,,False,
AP05A,1420056,,,-,-,5/21/2026,False,,False,
AP05A,1420057,,,-,-,5/21/2026,False,,False,
AP05A,1420058,,,-,-,5/21/2026,False,,False,
AP05A,1420059,,,-,-,5/21/2026,False,,False,
AP05A,1420060,,,-,-,5/21/2026,False,,False,
AP05A,1420061,,,-,-,5/21/2026,False,,False,
AP05A,1420062,,,-,-,5/21/2026,False,,False,
AP05A,1420063,,,-,-,5/21/2026,False,,False,
AP05A,1420064,,,-,-,5/21/2026,False,,False,
AP05A,1420065,,,-,-,5/21/2026,False,,False,
AP05A,1420066,,,-,-,5/21/2026,False,,False,
AP05A,1420067,,,-,-,5/21/2026,False,,False,
AP05A,1420068,,,-,-,5/21/2026,False,,False,
AP05A,1420069,,,-,-,5/21/2026,False,,False,
AP05A,1420070,,,-,-,5/21/2026,False,,False,
AP05A,1420071,,,-,-,5/21/2026,False,,False,
AP05A,1420072,,,-,-,5/21/2026,False,,False,
AP05A,1420073,,,-,-,5/21/2026,False,,False,
AP05A,1420074,,,-,-,5/21/2026,False,,False,
AP05A,1420075,,,-,-,5/21/2026,False,,False,
AP05A,1420076,,,-,-,5/21/2026,False,,False,
AP05A,1420077,,,-,-,5/21/2026,False,,False,
AP05A,1420078,,,-,-,5/21/2026,False,,False,
AP05A,1420079,,,-,-,5/21/2026,False,,False,
AP05A,1420080,,,-,-,5/21/2026,False,,False,
AP05A,1420081,,,-,-,5/21/2026,False,,False,
AP05A,1420082,,,-,-,5/21/2026,False,,False,
AP05A,1420083,,,-,-,5/21/2026,False,,False,
AP05A,1420084,,,-,-,5/21/2026,False,,False,
AP05A,1420085,,,-,-,5/21/2026,False,,False,
AP05A,1420086,,,-,-,5/21/2026,False,,False,
AP05A,1420087,,,-,-,5/21/2026,False,,False,
AP05A,1420088,,,-,-,5/21/2026,False,,False,
AP05A,1420089,,,-,-,5/21/2026,False,,False,
AP05A,1420090,,,-,-,5/21/2026,False,,False,
AP05A,1420091,,,-,-,5/21/2026,False,,False,
AP05A,1420092,,,-,-,5/21/2026,False,,False,
AP05A,1420093,,,-,-,5/21/2026,False,,False,
AP05A,1420094,,,-,-,5/21/2026,False,,False,
AP05A,1420095,,,-,-,5/21/2026,False,,False,
AP05A,1420096,,,-,-,5/21/2026,False,,False,
AP05A,1420097,,,-,-,5/21/2026,False,,False,
AP05A,1420098,,,-,-,5/21/2026,False,,False,
AP05A,1420099,,,-,-,5/21/2026,False,,False,
AP05A,1420100,,,-,-,5/21/2026,False,,False,
AP05A,1420101,,,-,-,5/21/2026,False,,False,
AP05A,1420102,,,-,-,5/21/2026,False,,False,
AP05A,1420103,,,-,-,5/21/2026,False,,False,
AP05A,1420104,,,-,-,5/21/2026,False,,False,
AP05A,1420105,,,-,-,5/21/2026,False,,False,
AP05A,1420106,,,-,-,5/21/2026,False,,False,
AP05A,1420107,,,-,-,5/21/2026,False,,False,
AP05A,1420108,,,-,-,5/21/2026,False,,False,
AP05A,1420109,,,-,-,5/21/2026,False,,False,
AP05A,1420110,,,-,-,5/21/2026,False,,False,
AP05A,1420111,,,-,-,5/21/2026,False,,False,
AP05A,1420112,,,-,-,5/21/2026,False,,False,
AP05A,1420113,,,-,-,5/21/2026,False,,False,
AP05A,1420114,,,-,-,5/21/2026,False,,False,
AP05A,1420115,,,-,-,5/21/2026,False,,False,
AP05A,1420116,,,-,-,5/21/2026,False,,False,
AP05A,1420117,,,-,-,5/21/2026,False,,False,
AP05A,1420118,,,-,-,5/21/2026,False,,False,
AP05A,1420119,,,-,-,5/21/2026,False,,False,
AP05A,1420120,,,-,-,5/21/2026,False,,False,
AP05A,1420121,,,-,-,5/21/2026,False,,False,
AP05A,1420122,,,-,-,5/21/2026,False,,False,
AP05A,1420123,,,-,-,5/21/2026,False,,False,
AP05A,1420124,,,-,-,5/21/2026,False,,False,
AP05A,1420125,,,-,-,5/21/2026,False,,False,
AP05A,1420126,,,-,-,5/21/2026,False,,False,
AP05A,1420127,,,-,-,5/21/2026,False,,False,
AP05A,1420128,,,-,-,5/21/2026,False,,False,
AP05A,1420129,,,-,-,5/21/2026,False,,False,
AP05A,1420130,,,-,-,5/21/2026,False,,False,
AP05A,1420131,,,-,-,5/21/2026,False,,False,
AP05A,1420132,,,-,-,5/21/2026,False,,False,
AP05A,1420133,,,-,-,5/21/2026,False,,False,
AP05A,1420134,,,-,-,5/21/2026,False,,False,
AP05A,1420135,,,-,-,5/21/2026,False,,False,
AP05A,1420136,,,-,-,5/21/2026,False,,False,
AP05A,1420137,,,-,-,5/21/2026,False,,False,
AP05A,1420138,,,-,-,5/21/2026,False,,False,
AP05A,1420139,,,-,-,5/21/2026,False,,False,
AP05A,1420140,,,-,-,5/21/2026,False,,False,
AP05A,1420141,,,-,-,5/21/2026,False,,False,
AP05A,1420142,,,-,-,5/21/2026,False,,False,
AP05A,1420143,,,-,-,5/21/2026,False,,False,
AP05A,1420144,,,-,-,5/21/2026,False,,False,
AP05A,1420145,,,-,-,5/21/2026,False,,False,
AP05A,1420146,,,-,-,5/21/2026,False,,False,
AP05A,1420147,,,-,-,5/21/2026,False,,False,
AP05A,1420148,,,-,-,5/21/2026,False,,False,
AP05A,1420149,,,-,-,5/21/2026,False,,False,
AP05A,1420150,,,-,-,5/21/2026,False,,False,
AP05A,1420151,,,-,-,5/21/2026,False,,False,
AP05A,1420152,,,-,-,5/21/2026,False,,False,
AP05A,1420153,,,-,-,5/21/2026,False,,False,
AP05A,1420154,,,-,-,5/21/2026,False,,False,
AP05A,1420155,,,-,-,5/21/2026,False,,False,
AP05A,1420156,,,-,-,5/21/2026,False,,False,
AP05A,1420157,,,-,-,5/21/2026,False,,False,
AP05A,1420158,,,-,-,5/21/2026,False,,False,
AP05A,1420159,,,-,-,5/21/2026,False,,False,
AP05A,1420160,,,-,-,5/21/2026,False,,False,
AP05A,1420161,,,-,-,5/21/2026,False,,False,
AP05A,1420162,,,-,-,5/21/2026,False,,False,
AP05A,1420163,,,-,-,5/21/2026,False,,False,
AP05A,1420164,,,-,-,5/21/2026,False,,False,
AP05A,1420165,,,-,-,5/21/2026,False,,False,
AP05A,1420166,,,-,-,5/21/2026,False,,False,
AP05A,1420167,,,-,-,5/21/2026,False,,False,
AP05A,1420168,,,-,-,5/21/2026,False,,False,
AP05A,1420169,,,-,-,5/21/2026,False,,False,
AP05A,1420170,,,-,-,5/21/2026,False,,False,
AP05A,1420171,,,-,-,5/21/2026,False,,False,
AP05A,1420172,,,-,-,5/21/2026,False,,False,
AP05A,1420173,,,-,-,5/21/2026,False,,False,
AP05A,1420174,,,-,-,5/21/2026,False,,False,
AP05A,1420175,,,-,-,5/21/2026,False,,False,
AP05A,1420176,,,-,-,5/21/2026,False,,False,
AP05A,1420177,,,-,-,5/21/2026,False,,False,
AP05A,1420178,,,-,-,5/21/2026,False,,False,
AP05A,1420179,,,-,-,5/21/2026,False,,False,
AP05A,1420180,,,-,-,5/21/2026,False,,False,
AP05A,1420181,,,-,-,5/21/2026,False,,False,
AP05A,1420182,,,-,-,5/21/2026,False,,False,
AP05A,1420183,,,-,-,5/21/2026,False,,False,
AP05A,1420184,,,-,-,5/21/2026,False,,False,
AP05A,1420185,,,-,-,5/21/2026,False,,False,
AP05A,1420186,,,-,-,5/21/2026,False,,False,
AP05A,1420187,,,-,-,5/21/2026,False,,False,
AP05A,1420188,,,-,-,5/21/2026,False,,False,
AP05A,1420189,,,-,-,5/21/2026,False,,False,
AP05A,1420190,,,-,-,5/21/2026,False,,False,
AP05A,1420191,,,-,-,5/21/2026,False,,False,
AP05A,1420192,,,-,-,5/21/2026,False,,False,
AP05A,1420193,,,-,-,5/21/2026,False,,False,
AP05A,1420194,,,-,-,5/21/2026,False,,False,
AP05A,1420195,,,-,-,5/21/2026,False,,False,
AP05A,1420196,,,-,-,5/21/2026,False,,False,
AP05A,1420197,,,-,-,5/21/2026,False,,False,
AP05A,1420198,,,-,-,5/21/2026,False,,False,
AP05A,1420199,,,-,-,5/21/2026,False,,False,
AP05A,1420200,,,-,-,5/21/2026,False,,False,
AP05A,1420201,,,-,-,5/21/2026,False,,False,
AP05A,1420202,,,-,-,5/21/2026,False,,False,
AP05A,1420203,,,-,-,5/21/2026,False,,False,
AP05A,1420204,,,-,-,5/21/2026,False,,False,
AP05A,1420205,,,-,-,5/21/2026,False,,False,
AP05A,1420206,,,-,-,5/21/2026,False,,False,
AP05A,1420207,,,-,-,5/21/2026,False,,False,
AP05A,1420208,,,-,-,5/21/2026,False,,False,
AP05A,1420209,,,-,-,5/21/2026,False,,False,
AP05A,1420210,,,-,-,5/21/2026,False,,False,
AP05A,1420211,,,-,-,5/21/2026,False,,False,
AP05A,1420212,,,-,-,5/21/2026,False,,False,
AP05A,1420213,,,-,-,5/21/2026,False,,False,
AP05A,1420214,,,-,-,5/21/2026,False,,False,
AP05A,1420215,,,-,-,5/21/2026,False,,False,
AP05A,1420216,,,-,-,5/21/2026,False,,False,
AP05A,1420217,,,-,-,5/21/2026,False,,False,
AP05A,1420218,,,-,-,5/21/2026,False,,False,
AP05A,1420219,,,-,-,5/21/2026,False,,False,
AP05A,1420220,,,-,-,5/21/2026,False,,False,
AP05A,1420221,,,-,-,5/21/2026,False,,False,
AP05A,1420222,,,-,-,5/21/2026,False,,False,
AP05A,1420223,,,-,-,5/21/2026,False,,False,
AP05A,1420224,,,-,-,5/21/2026,False,,False,
AP05A,1420225,,,-,-,5/21/2026,False,,False,
AP05A,1420226,,,-,-,5/21/2026,False,,False,
AP05A,1420227,,,-,-,5/21/2026,False,,False,
AP05A,1420228,,,-,-,5/21/2026,False,,False,
AP05A,1420229,,,-,-,5/21/2026,False,,False,
AP05A,1420230,,,-,-,5/21/2026,False,,False,
AP05A,1420231,,,-,-,5/21/2026,False,,False,
AP05A,1420232,,,-,-,5/21/2026,False,,False,
AP05A,1420233,,,-,-,5/21/2026,False,,False,
AP05A,1420234,,,-,-,5/21/2026,False,,False,
AP05A,1420235,,,-,-,5/21/2026,False,,False,
AP05A,1420236,,,-,-,5/21/2026,False,,False,
AP05A,1420237,,,-,-,5/21/2026,False,,False,
AP05A,1420238,,,-,-,5/21/2026,False,,False,
AP05A,1420239,,,-,-,5/21/2026,False,,False,
AP05A,1420240,,,-,-,5/21/2026,False,,False,
AP05A,1420241,,,-,-,5/21/2026,False,,False,
AP05A,1420242,,,-,-,5/21/2026,False,,False,
AP05A,1420243,,,-,-,5/21/2026,False,,False,
AP05A,1420244,,,-,-,5/21/2026,False,,False,
AP05A,1420245,,,-,-,5/21/2026,False,,False,
AP05A,1420246,,,-,-,5/21/2026,False,,False,
AP05A,1420247,,,-,-,5/21/2026,False,,False,
AP05A,1420248,,,-,-,5/21/2026,False,,False,
AP05A,1420249,,,-,-,5/21/2026,False,,False,
AP05A,1420250,,,-,-,5/21/2026,False,,False,
AP05A,1420251,,,-,-,5/21/2026,False,,False,
AP05A,1420252,,,-,-,5/21/2026,False,,False,
AP05A,1420253,,,-,-,5/21/2026,False,,False,
AP05A,1420254,,,-,-,5/21/2026,False,,False,
AP05A,1420255,,,-,-,5/21/2026,False,,False,
AP05A,1420256,,,-,-,5/21/2026,False,,False,
AP05A,1420257,,,-,-,5/21/2026,False,,False,
AP05A,1420258,,,-,-,5/21/2026,False,,False,
AP05A,1420259,,,-,-,5/21/2026,False,,False,
AP05A,1420260,,,-,-,5/21/2026,False,,False,
AP05A,1420261,,,-,-,5/21/2026,False,,False,
AP05A,1420262,,,-,-,5/21/2026,False,,False,
AP05A,1420263,,,-,-,5/21/2026,False,,False,
AP05A,1420264,,,-,-,5/21/2026,False,,False,
AP05A,1420265,,,-,-,5/21/2026,False,,False,
AP05A,1420266,,,-,-,5/21/2026,False,,False,
AP05A,1420267,,,-,-,5/21/2026,False,,False,
AP05A,1420268,,,-,-,5/21/2026,False,,False,
AP05A,1420269,,,-,-,5/21/2026,False,,False,
AP05A,1420270,,,-,-,5/21/2026,False,,False,
AP05A,1420271,,,-,-,5/21/2026,False,,False,
AP05A,1420272,,,-,-,5/21/2026,False,,False,
AP05A,1420273,,,-,-,5/21/2026,False,,False,
AP05A,1420274,,,-,-,5/21/2026,False,,False,
AP05A,1420275,,,-,-,5/21/2026,False,,False,
AP05A,1420276,,,-,-,5/21/2026,False,,False,
AP05A,1420277,,,-,-,5/21/2026,False,,False,
AP05A,1420278,,,-,-,5/21/2026,False,,False,
AP05A,1420279,,,-,-,5/21/2026,False,,False,
AP05A,1420280,,,-,-,5/21/2026,False,,False,
AP05A,1420281,,,-,-,5/21/2026,False,,False,
AP05A,1420282,,,-,-,5/21/2026,False,,False,
AP05A,1420283,,,-,-,5/21/2026,False,,False,
AP05A,1420284,,,-,-,5/21/2026,False,,False,
AP05A,1420285,,,-,-,5/21/2026,False,,False,
AP05A,1420286,,,-,-,5/21/2026,False,,False,
AP05A,1420287,,,-,-,5/21/2026,False,,False,
AP05A,1420288,,,-,-,5/21/2026,False,,False,
AP05A,1420289,,,-,-,5/21/2026,False,,False,
AP05A,1420290,,,-,-,5/21/2026,False,,False,
AP05A,1420291,,,-,-,5/21/2026,False,,False,
AP05A,1420292,,,-,-,5/21/2026,False,,False,
AP05A,1420293,,,-,-,5/21/2026,False,,False,
AP05A,1420294,,,-,-,5/21/2026,False,,False,
AP05A,1420295,,,-,-,5/21/2026,False,,False,
AP05A,1420296,,,-,-,5/21/2026,False,,False,
AP05A,1420297,,,-,-,5/21/2026,False,,False,
AP05A,1420298,,,-,-,5/21/2026,False,,False,
AP05A,1420299,,,-,-,5/21/2026,False,,False,
AP05A,1420300,,,-,-,5/21/2026,False,,False,
AP05A,1420301,,,-,-,5/21/2026,False,,False,
AP05A,1420302,,,-,-,5/21/2026,False,,False,
AP05A,1420303,,,-,-,5/21/2026,False,,False,
AP05A,1420304,,,-,-,5/21/2026,False,,False,
AP05A,1420305,,,-,-,5/21/2026,False,,False,
AP05A,1420306,,,-,-,5/21/2026,False,,False,
AP05A,1420307,,,-,-,5/21/2026,False,,False,
AP05A,1420308,,,-,-,5/21/2026,False,,False,
AP05A,1420309,,,-,-,5/21/2026,False,,False,
AP05A,1420310,,,-,-,5/21/2026,False,,False,
AP05A,1420311,,,-,-,5/21/2026,False,,False,
AP05A,1420312,,,-,-,5/21/2026,False,,False,
AP05A,1420313,,,-,-,5/21/2026,False,,False,
AP05A,1420314,,,-,-,5/21/2026,False,,False,
AP05A,1420315,,,-,-,5/21/2026,False,,False,
AP05A,1420316,,,-,-,5/21/2026,False,,False,
AP05A,1420317,,,-,-,5/21/2026,False,,False,
AP05A,1420318,,,-,-,5/21/2026,False,,False,
AP05A,1420319,,,-,-,5/21/2026,False,,False,
AP05A,1420320,,,-,-,5/21/2026,False,,False,
AP05A,1420321,,,-,-,5/21/2026,False,,False,
AP05A,1420322,,,-,-,5/21/2026,False,,False,
AP05A,1420323,,,-,-,5/21/2026,False,,False,
AP05A,1420324,,,-,-,5/21/2026,False,,False,
AP05A,1420325,,,-,-,5/21/2026,False,,False,
AP05A,1420326,,,-,-,5/21/2026,False,,False,
AP05A,1420327,,,-,-,5/21/2026,False,,False,
AP05A,1420328,,,-,-,5/21/2026,False,,False,
AP05A,1420329,,,-,-,5/21/2026,False,,False,
AP05A,1420330,,,-,-,5/21/2026,False,,False,
AP05A,1420331,,,-,-,5/21/2026,False,,False,
AP05A,1420332,,,-,-,5/21/2026,False,,False,
AP05A,1420333,,,-,-,5/21/2026,False,,False,
AP05A,1420334,,,-,-,5/21/2026,False,,False,
AP05A,1420335,,,-,-,5/21/2026,False,,False,
AP05A,1420336,,,-,-,5/21/2026,False,,False,
AP05A,1420337,,,-,-,5/21/2026,False,,False,
AP05A,1420338,,,-,-,5/21/2026,False,,False,
AP05A,1420339,,,-,-,5/21/2026,False,,False,
AP05A,1420340,,,-,-,5/21/2026,False,,False,
AP05A,1420341,,,-,-,5/21/2026,False,,False,
AP05A,1420342,,,-,-,5/21/2026,False,,False,
AP05A,1420343,,,-,-,5/21/2026,False,,False,
AP05A,1420344,,,-,-,5/21/2026,False,,False,
AP05A,1420345,,,-,-,5/21/2026,False,,False,
AP05A,1420346,,,-,-,5/21/2026,False,,False,
AP05A,1420347,,,-,-,5/21/2026,False,,False,
AP05A,1420348,,,-,-,5/21/2026,False,,False,
AP05A,1420349,,,-,-,5/21/2026,False,,False,
AP05A,1420350,,,-,-,5/21/2026,False,,False,
AP05A,1420351,,,-,-,5/21/2026,False,,False,
AP05A,1420352,,,-,-,5/21/2026,False,,False,
AP05A,1420353,,,-,-,5/21/2026,False,,False,
AP05A,1420354,,,-,-,5/21/2026,False,,False,
AP05A,1420355,,,-,-,5/21/2026,False,,False,
AP05A,1420356,,,-,-,5/21/2026,False,,False,
AP05A,1420357,,,-,-,5/21/2026,False,,False,
AP05A,1420358,,,-,-,5/21/2026,False,,False,
AP05A,1420359,,,-,-,5/21/2026,False,,False,
AP05A,1420360,,,-,-,5/21/2026,False,,False,
AP05A,1420361,,,-,-,5/21/2026,False,,False,
AP05A,1420362,,,-,-,5/21/2026,False,,False,
AP05A,1420363,,,-,-,5/21/2026,False,,False,
AP05A,1420364,,,-,-,5/21/2026,False,,False,
AP05A,1420365,,,-,-,5/21/2026,False,,False,
AP05A,1420366,,,-,-,5/21/2026,False,,False,
AP05A,1420367,,,-,-,5/21/2026,False,,False,
AP05A,1420368,,,-,-,5/21/2026,False,,False,
AP05A,1420369,,,-,-,5/21/2026,False,,False,
AP05A,1420370,,,-,-,5/21/2026,False,,False,
AP05A,1420371,,,-,-,5/21/2026,False,,False,
AP05A,1420372,,,-,-,5/21/2026,False,,False,
AP05A,1420373,,,-,-,5/21/2026,False,,False,
AP05A,1420374,,,-,-,5/21/2026,False,,False,
AP05A,1420375,,,-,-,5/21/2026,False,,False,
AP05A,1420376,,,-,-,5/21/2026,False,,False,
AP05A,1420377,,,-,-,5/21/2026,False,,False,
AP05A,1420378,,,-,-,5/21/2026,False,,False,
AP05A,1420379,,,-,-,5/21/2026,False,,False,
AP05A,1420380,,,-,-,5/21/2026,False,,False,
AP05A,1420381,,,-,-,5/21/2026,False,,False,
AP05A,1420382,,,-,-,5/21/2026,False,,False,
AP05A,1420383,,,-,-,5/21/2026,False,,False,
AP05A,1420384,,,-,-,5/21/2026,False,,False,
AP05A,1420385,,,-,-,5/21/2026,False,,False,
AP05A,1420386,,,-,-,5/21/2026,False,,False,
AP05A,1420387,,,-,-,5/21/2026,False,,False,
AP05A,1420388,,,-,-,5/21/2026,False,,False,
AP05A,1420389,,,-,-,5/21/2026,False,,False,
AP05A,1420390,,,-,-,5/21/2026,False,,False,
AP05A,1420391,,,-,-,5/21/2026,False,,False,
AP05A,1420392,,,-,-,5/21/2026,False,,False,
AP05A,1420393,,,-,-,5/21/2026,False,,False,
AP05A,1420394,,,-,-,5/21/2026,False,,False,
AP05A,1420395,,,-,-,5/21/2026,False,,False,
AP05A,1420396,,,-,-,5/21/2026,False,,False,
AP05A,1420397,,,-,-,5/21/2026,False,,False,
AP05A,1420398,,,-,-,5/21/2026,False,,False,
AP05A,1420399,,,-,-,5/21/2026,False,,False,
AP05A,1420400,,,-,-,5/21/2026,False,,False,
AP05A,1420401,,,-,-,5/21/2026,False,,False,
AP05A,1420402,,,-,-,5/21/2026,False,,False,
AP05A,1420403,,,-,-,5/21/2026,False,,False,
AP05A,1420404,,,-,-,5/21/2026,False,,False,
AP05A,1420405,,,-,-,5/21/2026,False,,False,
AP05A,1420406,,,-,-,5/21/2026,False,,False,
AP05A,1420407,,,-,-,5/21/2026,False,,False,
AP05A,1420408,,,-,-,5/21/2026,False,,False,
AP05A,1420409,,,-,-,5/21/2026,False,,False,
AP05A,1420410,,,-,-,5/21/2026,False,,False,
AP05A,1420411,,,-,-,5/21/2026,False,,False,
AP05A,1420412,,,-,-,5/21/2026,False,,False,
AP05A,1420413,,,-,-,5/21/2026,False,,False,
AP05A,1420414,,,-,-,5/21/2026,False,,False,
AP05A,1420415,,,-,-,5/21/2026,False,,False,
AP05A,1420416,,,-,-,5/21/2026,False,,False,
AP05A,1420417,,,-,-,5/21/2026,False,,False,
AP05A,1420418,,,-,-,5/21/2026,False,,False,
AP05A,1420419,,,-,-,5/21/2026,False,,False,
AP05A,1420420,,,-,-,5/21/2026,False,,False,
AP05A,1420421,,,-,-,5/21/2026,False,,False,
AP05A,1420422,,,-,-,5/21/2026,False,,False,
AP05A,1420423,,,-,-,5/21/2026,False,,False,
AP05A,1420424,,,-,-,5/21/2026,False,,False,
AP05A,1420425,,,-,-,5/21/2026,False,,False,
AP05A,1420426,,,-,-,5/21/2026,False,,False,
AP05A,1420427,,,-,-,5/21/2026,False,,False,
AP05A,1420428,,,-,-,5/21/2026,False,,False,
AP05A,1420429,,,-,-,5/21/2026,False,,False,
AP05A,1420430,,,-,-,5/21/2026,False,,False,
AP05A,1420431,,,-,-,5/21/2026,False,,False,
AP05A,1420432,,,-,-,5/21/2026,False,,False,
AP05A,1420433,,,-,-,5/21/2026,False,,False,
AP05A,1420434,,,-,-,5/21/2026,False,,False,
AP05A,1420435,,,-,-,5/21/2026,False,,False,
AP05A,1420436,,,-,-,5/21/2026,False,,False,
AP05A,1420437,,,-,-,5/21/2026,False,,False,
AP05A,1420438,,,-,-,5/21/2026,False,,False,
AP05A,1420439,,,-,-,5/21/2026,False,,False,
AP05A,1420440,,,-,-,5/21/2026,False,,False,
AP05A,1420441,,,-,-,5/21/2026,False,,False,
AP05A,1420442,,,-,-,5/21/2026,False,,False,
AP05A,1420443,,,-,-,5/21/2026,False,,False,
AP05A,1420444,,,-,-,5/21/2026,False,,False,
AP05A,1420445,,,-,-,5/21/2026,False,,False,
AP05A,1420446,,,-,-,5/21/2026,False,,False,
AP05A,1420447,,,-,-,5/21/2026,False,,False,
AP05A,1420448,,,-,-,5/21/2026,False,,False,
AP05A,1420449,,,-,-,5/21/2026,False,,False,
AP05A,1420450,,,-,-,5/21/2026,False,,False,
AP05A,1420451,,,-,-,5/21/2026,False,,False,
AP05A,1420452,,,-,-,5/21/2026,False,,False,
AP05A,1420453,,,-,-,5/21/2026,False,,False,
AP05A,1420454,,,-,-,5/21/2026,False,,False,
AP05A,1420455,,,-,-,5/21/2026,False,,False,
AP05A,1420456,,,-,-,5/21/2026,False,,False,
AP05A,1420457,,,-,-,5/21/2026,False,,False,
AP05A,1420458,,,-,-,5/21/2026,False,,False,
AP05A,1420459,,,-,-,5/21/2026,False,,False,
AP05A,1420460,,,-,-,5/21/2026,False,,False,
AP05A,1420461,,,-,-,5/21/2026,False,,False,
AP05A,1420462,,,-,-,5/21/2026,False,,False,
AP05A,1420463,,,-,-,5/21/2026,False,,False,
AP05A,1420464,,,-,-,5/21/2026,False,,False,
AP05A,1420465,,,-,-,5/21/2026,False,,False,
AP05A,1420466,,,-,-,5/21/2026,False,,False,
AP05A,1420467,,,-,-,5/21/2026,False,,False,
AP05A,1420468,,,-,-,5/21/2026,False,,False,
AP05A,1420469,,,-,-,5/21/2026,False,,False,
AP05A,1420470,,,-,-,5/21/2026,False,,False,
AP05A,1420471,,,-,-,5/21/2026,False,,False,
AP05A,1420472,,,-,-,5/21/2026,False,,False,
AP05A,1420473,,,-,-,5/21/2026,False,,False,
AP05A,1420474,,,-,-,5/21/2026,False,,False,
AP05A,1420475,,,-,-,5/21/2026,False,,False,
AP05A,1420476,,,-,-,5/21/2026,False,,False,
AP05A,1420477,,,-,-,5/21/2026,False,,False,
AP05A,1420478,,,-,-,5/22/2026,False,,False,
AP05A,1420479,,,-,-,5/22/2026,False,,False,
AP05A,1420480,,,-,-,5/22/2026,False,,False,
AP05A,1420481,,,-,-,5/22/2026,False,,False,
AP05A,1420482,,,-,-,5/22/2026,False,,False,
AP05A,1420483,,,-,-,5/22/2026,False,,False,
AP05A,1420484,,,-,-,5/22/2026,False,,False,
AP05A,1420485,,,-,-,5/22/2026,False,,False,
AP05A,1420486,,,-,-,5/22/2026,False,,False,
AP05A,1420487,,,-,-,5/22/2026,False,,False,
AP05A,1420488,,,-,-,5/22/2026,False,,False,
AP05A,1420489,,,-,-,5/22/2026,False,,False,
AP05A,1420490,,,-,-,5/22/2026,False,,False,
AP05A,1420491,,,-,-,5/22/2026,False,,False,
AP05A,1420492,,,-,-,5/22/2026,False,,False,
AP05A,1420493,,,-,-,5/22/2026,False,,False,
AP05A,1420494,,,-,-,5/22/2026,False,,False,
AP05A,1420495,,,-,-,5/22/2026,False,,False,
AP05A,1420496,,,-,-,5/22/2026,False,,False,
AP05A,1420497,,,-,-,5/22/2026,False,,False,
AP05A,1420498,,,-,-,5/22/2026,False,,False,
AP05A,1420499,,,-,-,5/22/2026,False,,False,
AP05A,1420500,,,-,-,5/22/2026,False,,False,
AP05A,1420501,,,-,-,5/22/2026,False,,False,
AP05A,1420502,,,-,-,5/22/2026,False,,False,
AP05A,1420503,,,-,-,5/22/2026,False,,False,
AP05A,1420504,,,-,-,5/22/2026,False,,False,
AP05A,1420505,,,-,-,5/22/2026,False,,False,
AP05A,1420506,,,-,-,5/22/2026,False,,False,
AP05A,1420507,,,-,-,5/22/2026,False,,False,
AP05A,1420508,,,-,-,5/22/2026,False,,False,
AP05A,1420509,,,-,-,5/22/2026,False,,False,
AP05A,1420510,,,-,-,5/22/2026,False,,False,
AP05A,1420511,,,-,-,5/22/2026,False,,False,
AP05A,1420512,,,-,-,5/22/2026,False,,False,
AP05A,1420513,,,-,-,5/22/2026,False,,False,
AP05A,1420514,,,-,-,5/22/2026,False,,False,
AP05A,1420515,,,-,-,5/22/2026,False,,False,
AP05A,1420516,,,-,-,5/22/2026,False,,False,
AP05A,1420517,,,-,-,5/22/2026,False,,False,
AP05A,1420518,,,-,-,5/22/2026,False,,False,
AP05A,1420519,,,-,-,5/22/2026,False,,False,
AP05A,1420520,,,-,-,5/22/2026,False,,False,
AP05A,1420521,,,-,-,5/22/2026,False,,False,
AP05A,1420522,,,-,-,5/22/2026,False,,False,
AP05A,1420523,,,-,-,5/22/2026,False,,False,
AP05A,1420524,,,-,-,5/22/2026,False,,False,
AP05A,1420525,,,-,-,5/22/2026,False,,False,
AP05A,1420526,,,-,-,5/22/2026,False,,False,
AP05A,1420527,,,-,-,5/22/2026,False,,False,
AP05A,1420528,,,-,-,5/22/2026,False,,False,
AP05A,1420529,,,-,-,5/22/2026,False,,False,
AP05A,1420530,,,-,-,5/22/2026,False,,False,
AP05A,1420531,,,-,-,5/22/2026,False,,False,
AP05A,1420532,,,-,-,5/22/2026,False,,False,
AP05A,1420533,,,-,-,5/22/2026,False,,False,
AP05A,1420534,,,-,-,5/22/2026,False,,False,
AP05A,1420535,,,-,-,5/22/2026,False,,False,
AP05A,1420536,,,-,-,5/22/2026,False,,False,
AP05A,1420537,,,-,-,5/22/2026,False,,False,
AP05A,1420538,,,-,-,5/22/2026,False,,False,
AP05A,1420539,,,-,-,5/22/2026,False,,False,
AP05A,1420540,,,-,-,5/22/2026,False,,False,
AP05A,1420541,,,-,-,5/22/2026,False,,False,
AP05A,1420542,,,-,-,5/22/2026,False,,False,
AP05A,1420543,,,-,-,5/22/2026,False,,False,
AP05A,1420544,,,-,-,5/22/2026,False,,False,
AP05A,1420545,,,-,-,5/22/2026,False,,False,
AP05A,1420546,,,-,-,5/22/2026,False,,False,
AP05A,1420547,,,-,-,5/22/2026,False,,False,
AP05A,1420548,,,-,-,5/22/2026,False,,False,
AP05A,1420549,,,-,-,5/22/2026,False,,False,
AP05A,1420550,,,-,-,5/22/2026,False,,False,
AP05A,1420551,,,-,-,5/22/2026,False,,False,
AP05A,1420552,,,-,-,5/22/2026,False,,False,
AP05A,1420553,,,-,-,5/22/2026,False,,False,
AP05A,1420554,,,-,-,5/22/2026,False,,False,
AP05A,1420555,,,-,-,5/22/2026,False,,False,
AP05A,1420556,,,-,-,5/22/2026,False,,False,
AP05A,1420557,,,-,-,5/22/2026,False,,False,
AP05A,1420558,,,-,-,5/22/2026,False,,False,
AP05A,1420559,,,-,-,5/22/2026,False,,False,
AP05A,1420560,,,-,-,5/22/2026,False,,False,
AP05A,1420561,,,-,-,5/22/2026,False,,False,
AP05A,1420562,,,-,-,5/22/2026,False,,False,
AP05A,1420563,,,-,-,5/22/2026,False,,False,
AP05A,1420564,,,-,-,5/22/2026,False,,False,
AP05A,1420565,,,-,-,5/22/2026,False,,False,
AP05A,1420566,,,-,-,5/22/2026,False,,False,
AP05A,1420567,,,-,-,5/22/2026,False,,False,
AP05A,1420568,,,-,-,5/22/2026,False,,False,
AP05A,1420569,,,-,-,5/22/2026,False,,False,
AP05A,1420570,,,-,-,5/22/2026,False,,False,
AP05A,1420571,,,-,-,5/22/2026,False,,False,
AP05A,1420572,,,-,-,5/22/2026,False,,False,
AP05A,1420573,,,-,-,5/22/2026,False,,False,
AP05A,1420574,,,-,-,5/22/2026,False,,False,
AP05A,1420575,,,-,-,5/22/2026,False,,False,
AP05A,1420576,,,-,-,5/22/2026,False,,False,
AP05A,1420577,,,-,-,5/22/2026,False,,False,
AP05A,1420578,,,-,-,5/22/2026,False,,False,
AP05A,1420579,,,-,-,5/22/2026,False,,False,
AP05A,1420580,,,-,-,5/22/2026,False,,False,
AP05A,1420581,,,-,-,5/22/2026,False,,False,
AP05A,1420582,,,-,-,5/22/2026,False,,False,
AP05A,1420583,,,-,-,5/22/2026,False,,False,
AP05A,1420584,,,-,-,5/22/2026,False,,False,
AP05A,1420585,,,-,-,5/22/2026,False,,False,
AP05A,1420586,,,-,-,5/22/2026,False,,False,
AP05A,1420587,,,-,-,5/22/2026,False,,False,
AP05A,1420588,,,-,-,5/22/2026,False,,False,
AP05A,1420589,,,-,-,5/22/2026,False,,False,
AP05A,1420590,,,-,-,5/22/2026,False,,False,
AP05A,1420591,,,-,-,5/22/2026,False,,False,
AP05A,1420592,,,-,-,5/22/2026,False,,False,
AP05A,1420593,,,-,-,5/22/2026,False,,False,
AP05A,1420594,,,-,-,5/22/2026,False,,False,
AP05A,1420595,,,-,-,5/22/2026,False,,False,
AP05A,1420596,,,-,-,5/22/2026,False,,False,
AP05A,1420597,,,-,-,5/22/2026,False,,False,
AP05A,1420598,,,-,-,5/22/2026,False,,False,
AP05A,1420599,,,-,-,5/22/2026,False,,False,
AP05A,1420600,,,-,-,5/22/2026,False,,False,
AP05A,1420601,,,-,-,5/22/2026,False,,False,
AP05A,1420602,,,-,-,5/22/2026,False,,False,
AP05A,1420603,,,-,-,5/22/2026,False,,False,
AP05A,1420604,,,-,-,5/22/2026,False,,False,
AP05A,1420605,,,-,-,5/22/2026,False,,False,
AP05A,1420606,,,-,-,5/22/2026,False,,False,
AP05A,1420607,,,-,-,5/22/2026,False,,False,
AP05A,1420608,,,-,-,5/22/2026,False,,False,
AP05A,1420609,,,-,-,5/22/2026,False,,False,
AP05A,1420610,,,-,-,5/22/2026,False,,False,
AP05A,1420611,,,-,-,5/22/2026,False,,False,
AP05A,1420612,,,-,-,5/22/2026,False,,False,
AP05A,1420613,,,-,-,5/22/2026,False,,False,
AP05A,1420614,,,-,-,5/22/2026,False,,False,
AP05A,1420615,,,-,-,5/22/2026,False,,False,
AP05A,1420616,,,-,-,5/22/2026,False,,False,
AP05A,1420617,,,-,-,5/22/2026,False,,False,
AP05A,1420618,,,-,-,5/22/2026,False,,False,
AP05A,1420619,,,-,-,5/22/2026,False,,False,
AP05A,1420620,,,-,-,5/22/2026,False,,False,
AP05A,1420621,,,-,-,5/22/2026,False,,False,
AP05A,1420622,,,-,-,5/22/2026,False,,False,
AP05A,1420623,,,-,-,5/22/2026,False,,False,
AP05A,1420624,,,-,-,5/22/2026,False,,False,
AP05A,1420625,,,-,-,5/22/2026,False,,False,
AP05A,1420626,,,-,-,5/22/2026,False,,False,
AP05A,1420627,,,-,-,5/22/2026,False,,False,
AP05A,1420628,,,-,-,5/22/2026,False,,False,
AP05A,1420629,,,-,-,5/22/2026,False,,False,
AP05A,1420630,,,-,-,5/22/2026,False,,False,
AP05A,1420631,,,-,-,5/22/2026,False,,False,
AP05A,1420632,,,-,-,5/22/2026,False,,False,
AP05A,1420633,,,-,-,5/22/2026,False,,False,
AP05A,1420634,,,-,-,5/22/2026,False,,False,
AP05A,1420635,,,-,-,5/22/2026,False,,False,
AP05A,1420636,,,-,-,5/22/2026,False,,False,
AP05A,1420637,,,-,-,5/22/2026,False,,False,
AP05A,1420638,,,-,-,5/22/2026,False,,False,
AP05A,1420639,,,-,-,5/22/2026,False,,False,
AP05A,1420640,,,-,-,5/22/2026,False,,False,
AP05A,1420641,,,-,-,5/22/2026,False,,False,
AP05A,1420642,,,-,-,5/22/2026,False,,False,
AP05A,1420643,,,-,-,5/22/2026,False,,False,
AP05A,1420644,,,-,-,5/22/2026,False,,False,
AP05A,1420645,,,-,-,5/22/2026,False,,False,
AP05A,1420646,,,-,-,5/22/2026,False,,False,
AP05A,1420647,,,-,-,5/22/2026,False,,False,
AP05A,1420648,,,-,-,5/22/2026,False,,False,
AP05A,1420649,,,-,-,5/22/2026,False,,False,
AP05A,1420650,,,-,-,5/22/2026,False,,False,
AP05A,1420651,,,-,-,5/22/2026,False,,False,
AP05A,1420652,,,-,-,5/22/2026,False,,False,
AP05A,1420653,,,-,-,5/22/2026,False,,False,
AP05A,1420654,,,-,-,5/22/2026,False,,False,
AP05A,1420655,,,-,-,5/22/2026,False,,False,
AP05A,1420656,,,-,-,5/22/2026,False,,False,
AP05A,1420657,,,-,-,5/22/2026,False,,False,
AP05A,1420658,,,-,-,5/22/2026,False,,False,
AP05A,1420659,,,-,-,5/22/2026,False,,False,
AP05A,1420660,,,-,-,5/22/2026,False,,False,
AP05A,1420661,,,-,-,5/22/2026,False,,False,
AP05A,1420662,,,-,-,5/22/2026,False,,False,
AP05A,1420663,,,-,-,5/22/2026,False,,False,
AP05A,1420664,,,-,-,5/22/2026,False,,False,
AP05A,1420665,,,-,-,5/22/2026,False,,False,
AP05A,1420666,,,-,-,5/22/2026,False,,False,
AP05A,1420667,,,-,-,5/22/2026,False,,False,
AP05A,1420668,,,-,-,5/22/2026,False,,False,
AP05A,1420669,,,-,-,5/22/2026,False,,False,
AP05A,1420670,,,-,-,5/22/2026,False,,False,
AP05A,1420671,,,-,-,5/22/2026,False,,False,
AP05A,1420672,,,-,-,5/22/2026,False,,False,
AP05A,1420673,,,-,-,5/22/2026,False,,False,
AP05A,1420674,,,-,-,5/22/2026,False,,False,
AP05A,1420675,,,-,-,5/22/2026,False,,False,
AP05A,1420676,,,-,-,5/22/2026,False,,False,
AP05A,1420677,,,-,-,5/22/2026,False,,False,
AP05A,1420678,,,-,-,5/22/2026,False,,False,
AP05A,1420679,,,-,-,5/22/2026,False,,False,
AP05A,1420680,,,-,-,5/22/2026,False,,False,
AP05A,1420681,,,-,-,5/22/2026,False,,False,
AP05A,1420682,,,-,-,5/22/2026,False,,False,
AP05A,1420683,,,-,-,5/22/2026,False,,False,
AP05A,1420684,,,-,-,5/22/2026,False,,False,
AP05A,1420685,,,-,-,5/22/2026,False,,False,
AP05A,1420686,,,-,-,5/22/2026,False,,False,
AP05A,1420687,,,-,-,5/22/2026,False,,False,
AP05A,1420688,,,-,-,5/22/2026,False,,False,
AP05A,1420689,,,-,-,5/22/2026,False,,False,
AP05A,1420690,,,-,-,5/22/2026,False,,False,
AP05A,1420691,,,-,-,5/22/2026,False,,False,
AP05A,1420692,,,-,-,5/22/2026,False,,False,
AP05A,1420693,,,-,-,5/22/2026,False,,False,
AP05A,1420694,,,-,-,5/22/2026,False,,False,
AP05A,1420695,,,-,-,5/22/2026,False,,False,
AP05A,1420696,,,-,-,5/22/2026,False,,False,
AP05A,1420697,,,-,-,5/22/2026,False,,False,
AP05A,1420698,,,-,-,5/22/2026,False,,False,
AP05A,1420699,,,-,-,5/22/2026,False,,False,
AP05A,1420700,,,-,-,5/22/2026,False,,False,
AP05A,1420701,,,-,-,5/22/2026,False,,False,
AP05A,1420702,,,-,-,5/22/2026,False,,False,
AP05A,1420703,,,-,-,5/22/2026,False,,False,
AP05A,1420704,,,-,-,5/22/2026,False,,False,
AP05A,1420705,,,-,-,5/22/2026,False,,False,
AP05A,1420706,,,-,-,5/22/2026,False,,False,
AP05A,1420707,,,-,-,5/22/2026,False,,False,
AP05A,1420708,,,-,-,5/22/2026,False,,False,
AP05A,1420709,,,-,-,5/22/2026,False,,False,
AP05A,1420710,,,-,-,5/22/2026,False,,False,
AP05A,1420711,,,-,-,5/22/2026,False,,False,
AP05A,1420712,,,-,-,5/22/2026,False,,False,
AP05A,1420713,,,-,-,5/22/2026,False,,False,
AP05A,1420714,,,-,-,5/22/2026,False,,False,
AP05A,1420715,,,-,-,5/22/2026,False,,False,
AP05A,1420716,,,-,-,5/22/2026,False,,False,
AP05A,1420717,,,-,-,5/22/2026,False,,False,
AP05A,1420718,,,-,-,5/22/2026,False,,False,
AP05A,1420719,,,-,-,5/22/2026,False,,False,
AP05A,1420720,,,-,-,5/22/2026,False,,False,
AP05A,1420721,,,-,-,5/22/2026,False,,False,
AP05A,1420722,,,-,-,5/22/2026,False,,False,
AP05A,1420723,,,-,-,5/22/2026,False,,False,
AP05A,1420724,,,-,-,5/22/2026,False,,False,
AP05A,1420725,,,-,-,5/22/2026,False,,False,
AP05A,1420726,,,-,-,5/22/2026,False,,False,
AP05A,1420727,,,-,-,5/22/2026,False,,False,
AP05A,1420728,,,-,-,5/22/2026,False,,False,
AP05A,1420729,,,-,-,5/22/2026,False,,False,
AP05A,1420730,,,-,-,5/22/2026,False,,False,
AP05A,1420731,,,-,-,5/22/2026,False,,False,
AP05A,1420732,,,-,-,5/22/2026,False,,False,
AP05A,1420733,,,-,-,5/22/2026,False,,False,
AP05A,1420734,,,-,-,5/22/2026,False,,False,
AP05A,1420735,,,-,-,5/22/2026,False,,False,
AP05A,1420736,,,-,-,5/22/2026,False,,False,
AP05A,1420737,,,-,-,5/22/2026,False,,False,
AP05A,1420738,,,-,-,5/22/2026,False,,False,
AP05A,1420739,,,-,-,5/22/2026,False,,False,
AP05A,1420740,,,-,-,5/22/2026,False,,False,
AP05A,1420741,,,-,-,5/22/2026,False,,False,
AP05A,1420742,,,-,-,5/22/2026,False,,False,
AP05A,1420743,,,-,-,5/22/2026,False,,False,
AP05A,1420744,,,-,-,5/22/2026,False,,False,
AP05A,1420745,,,-,-,5/22/2026,False,,False,
AP05A,1420746,,,-,-,5/22/2026,False,,False,
AP05A,1420747,,,-,-,5/22/2026,False,,False,
AP05A,1420748,,,-,-,5/22/2026,False,,False,
AP05A,1420749,,,-,-,5/22/2026,False,,False,
AP05A,1420750,,,-,-,5/22/2026,False,,False,
AP05A,1420751,,,-,-,5/22/2026,False,,False,
AP05A,1420752,,,-,-,5/22/2026,False,,False,
AP05A,1420753,,,-,-,5/22/2026,False,,False,
AP05A,1420754,,,-,-,5/22/2026,False,,False,
AP05A,1420755,,,-,-,5/22/2026,False,,False,
AP05A,1420756,,,-,-,5/22/2026,False,,False,
AP05A,1420757,,,-,-,5/22/2026,False,,False,
AP05A,1420758,,,-,-,5/22/2026,False,,False,
AP05A,1420759,,,-,-,5/22/2026,False,,False,
AP05A,1420760,,,-,-,5/22/2026,False,,False,
AP05A,1420761,,,-,-,5/22/2026,False,,False,
AP05A,1420762,,,-,-,5/22/2026,False,,False,
AP05A,1420763,,,-,-,5/22/2026,False,,False,
AP05A,1420764,,,-,-,5/22/2026,False,,False,
AP05A,1420765,,,-,-,5/22/2026,False,,False,
AP05A,1420766,,,-,-,5/22/2026,False,,False,
AP05A,1420767,,,-,-,5/22/2026,False,,False,
AP05A,1420768,,,-,-,5/22/2026,False,,False,
AP05A,1420769,,,-,-,5/22/2026,False,,False,
AP05A,1420770,,,-,-,5/22/2026,False,,False,
AP05A,1420771,,,-,-,5/22/2026,False,,False,
AP05A,1420772,,,-,-,5/22/2026,False,,False,
AP05A,1420773,,,-,-,5/22/2026,False,,False,
AP05A,1420774,,,-,-,5/22/2026,False,,False,
AP05A,1420775,,,-,-,5/22/2026,False,,False,
AP05A,1420776,,,-,-,5/22/2026,False,,False,
AP05A,1420777,,,-,-,5/22/2026,False,,False,
AP05A,1420778,,,-,-,5/22/2026,False,,False,
AP05A,1420779,,,-,-,5/22/2026,False,,False,
AP05A,1420780,,,-,-,5/22/2026,False,,False,
AP05A,1420781,,,-,-,5/22/2026,False,,False,
AP05A,1420782,,,-,-,5/22/2026,False,,False,
AP05A,1420783,,,-,-,5/22/2026,False,,False,
AP05A,1420784,,,-,-,5/22/2026,False,,False,
AP05A,1420785,,,-,-,5/22/2026,False,,False,
AP05A,1420786,,,-,-,5/22/2026,False,,False,
AP05A,1420787,,,-,-,5/22/2026,False,,False,
AP05A,1420788,,,-,-,5/22/2026,False,,False,
AP05A,1420789,,,-,-,5/22/2026,False,,False,
AP05A,1420790,,,-,-,5/22/2026,False,,False,
AP05A,1420791,,,-,-,5/22/2026,False,,False,
AP05A,1420792,,,-,-,5/22/2026,False,,False,
AP05A,1420793,,,-,-,5/22/2026,False,,False,
AP05A,1420794,,,-,-,5/22/2026,False,,False,
AP05A,1420795,,,-,-,5/22/2026,False,,False,
AP05A,1420796,,,-,-,5/22/2026,False,,False,
AP05A,1420797,,,-,-,5/22/2026,False,,False,
AP05A,1420798,,,-,-,5/22/2026,False,,False,
AP05A,1420799,,,-,-,5/22/2026,False,,False,
AP05A,1420800,,,-,-,5/22/2026,False,,False,
AP05A,1420801,,,-,-,5/22/2026,False,,False,
AP05A,1420802,,,-,-,5/22/2026,False,,False,
AP05A,1420803,,,-,-,5/22/2026,False,,False,
AP05A,1420804,,,-,-,5/22/2026,False,,False,
AP05A,1420805,,,-,-,5/22/2026,False,,False,
AP05A,1420806,,,-,-,5/22/2026,False,,False,
AP05A,1420807,,,-,-,5/22/2026,False,,False,
AP05A,1420808,,,-,-,5/22/2026,False,,False,
AP05A,1420809,,,-,-,5/22/2026,False,,False,
AP05A,1420810,,,-,-,5/22/2026,False,,False,
AP05A,1420811,,,-,-,5/22/2026,False,,False,
AP05A,1420812,,,-,-,5/22/2026,False,,False,
AP05A,1420813,,,-,-,5/22/2026,False,,False,
AP05A,1420814,,,-,-,5/22/2026,False,,False,
AP05A,1420815,,,-,-,5/22/2026,False,,False,
AP05A,1420816,,,-,-,5/22/2026,False,,False,
AP05A,1420817,,,-,-,5/22/2026,False,,False,
AP05A,1420818,,,-,-,5/22/2026,False,,False,
AP05A,1420819,,,-,-,5/22/2026,False,,False,
AP05A,1420820,,,-,-,5/22/2026,False,,False,
AP05A,1420821,,,-,-,5/22/2026,False,,False,
AP05A,1420822,,,-,-,5/22/2026,False,,False,
AP05A,1420823,,,-,-,5/22/2026,False,,False,
AP05A,1420824,,,-,-,5/22/2026,False,,False,
AP05A,1420825,,,-,-,5/22/2026,False,,False,
AP05A,1420826,,,-,-,5/22/2026,False,,False,
AP05A,1420827,,,-,-,5/22/2026,False,,False,
AP05A,1420828,,,-,-,5/22/2026,False,,False,
AP05A,1420829,,,-,-,5/22/2026,False,,False,
AP05A,1420830,,,-,-,5/22/2026,False,,False,
AP05A,1420831,,,-,-,5/22/2026,False,,False,
AP05A,1420832,,,-,-,5/22/2026,False,,False,
AP05A,1420833,,,-,-,5/22/2026,False,,False,
AP05A,1420834,,,-,-,5/22/2026,False,,False,
AP05A,1420835,,,-,-,5/22/2026,False,,False,
AP05A,1420836,,,-,-,5/22/2026,False,,False,
AP05A,1420837,,,-,-,5/22/2026,False,,False,
AP05A,1420838,,,-,-,5/22/2026,False,,False,
AP05A,1420839,,,-,-,5/22/2026,False,,False,
AP05A,1420840,,,-,-,5/22/2026,False,,False,
AP05A,1420841,,,-,-,5/22/2026,False,,False,
AP05A,1420842,,,-,-,5/22/2026,False,,False,
AP05A,1420843,,,-,-,5/22/2026,False,,False,
AP05A,1420844,,,-,-,5/22/2026,False,,False,
AP05A,1420845,,,-,-,5/22/2026,False,,False,
AP05A,1420846,,,-,-,5/22/2026,False,,False,
AP05A,1420847,,,-,-,5/22/2026,False,,False,
AP05A,1420848,,,-,-,5/22/2026,False,,False,
AP05A,1420849,,,-,-,5/22/2026,False,,False,
AP05A,1420850,,,-,-,5/22/2026,False,,False,
AP05A,1420851,,,-,-,5/22/2026,False,,False,
AP05A,1420852,,,-,-,5/22/2026,False,,False,
AP05A,1420853,,,-,-,5/22/2026,False,,False,
AP05A,1420854,,,-,-,5/22/2026,False,,False,
AP05A,1420855,,,-,-,5/22/2026,False,,False,
AP05A,1420856,,,-,-,5/22/2026,False,,False,
AP05A,1420857,,,-,-,5/22/2026,False,,False,
AP05A,1420858,,,-,-,5/22/2026,False,,False,
AP05A,1420859,,,-,-,5/22/2026,False,,False,
AP05A,1420860,,,-,-,5/22/2026,False,,False,
AP05A,1420861,,,-,-,5/22/2026,False,,False,
AP05A,1420862,,,-,-,5/22/2026,False,,False,
AP05A,1420863,,,-,-,5/22/2026,False,,False,
AP05A,1420864,,,-,-,5/22/2026,False,,False,
AP05A,1420865,,,-,-,5/22/2026,False,,False,
AP05A,1420866,,,-,-,5/22/2026,False,,False,
AP05A,1420867,,,-,-,5/22/2026,False,,False,
AP05A,1420868,,,-,-,5/22/2026,False,,False,
AP05A,1420869,,,-,-,5/22/2026,False,,False,
AP05A,1420870,,,-,-,5/22/2026,False,,False,
AP05A,1420871,,,-,-,5/22/2026,False,,False,
AP05A,1420872,,,-,-,5/22/2026,False,,False,
AP05A,1420873,,,-,-,5/22/2026,False,,False,
AP05A,1420874,,,-,-,5/22/2026,False,,False,
AP05A,1420875,,,-,-,5/22/2026,False,,False,
AP05A,1420876,,,-,-,5/22/2026,False,,False,
AP05A,1420877,,,-,-,5/22/2026,False,,False,
AP05A,1420878,,,-,-,5/22/2026,False,,False,
AP05A,1420879,,,-,-,5/22/2026,False,,False,
AP05A,1420880,,,-,-,5/22/2026,False,,False,
AP05A,1420881,,,-,-,5/22/2026,False,,False,
AP05A,1420882,,,-,-,5/22/2026,False,,False,
AP05A,1420883,,,-,-,5/22/2026,False,,False,
AP05A,1420884,,,-,-,5/22/2026,False,,False,
AP05A,1420885,,,-,-,5/22/2026,False,,False,
AP05A,1420886,,,-,-,5/22/2026,False,,False,
AP05A,1420887,,,-,-,5/22/2026,False,,False,
AP05A,1420888,,,-,-,5/22/2026,False,,False,
AP05A,1420889,,,-,-,5/22/2026,False,,False,
AP05A,1420890,,,-,-,5/22/2026,False,,False,
AP05A,1420891,,,-,-,5/22/2026,False,,False,
AP05A,1420892,,,-,-,5/22/2026,False,,False,
AP05A,1420893,,,-,-,5/22/2026,False,,False,
AP05A,1420894,,,-,-,5/22/2026,False,,False,
AP05A,1420895,,,-,-,5/22/2026,False,,False,
AP05A,1420896,,,-,-,5/22/2026,False,,False,
AP05A,1420897,,,-,-,5/22/2026,False,,False,
AP05A,1420898,,,-,-,5/22/2026,False,,False,
AP05A,1420899,,,-,-,5/22/2026,False,,False,
AP05A,1420900,,,-,-,5/22/2026,False,,False,
AP05A,1420901,,,-,-,5/22/2026,False,,False,
AP05A,1420902,,,-,-,5/22/2026,False,,False,
AP05A,1420903,,,-,-,5/22/2026,False,,False,
AP05A,1420904,,,-,-,5/22/2026,False,,False,
AP05A,1420905,,,-,-,5/22/2026,False,,False,
AP05A,1420906,,,-,-,5/22/2026,False,,False,
AP05A,1420907,,,-,-,5/22/2026,False,,False,
AP05A,1420908,,,-,-,5/22/2026,False,,False,
AP05A,1420909,,,-,-,5/22/2026,False,,False,
AP05A,1420910,,,-,-,5/22/2026,False,,False,
AP05A,1420911,,,-,-,5/22/2026,False,,False,
AP05A,1420912,,,-,-,5/22/2026,False,,False,
AP05A,1420913,,,-,-,5/22/2026,False,,False,
AP05A,1420914,,,-,-,5/22/2026,False,,False,
AP05A,1420915,,,-,-,5/22/2026,False,,False,
AP05A,1420916,,,-,-,5/22/2026,False,,False,
AP05A,1420917,,,-,-,5/22/2026,False,,False,
AP05A,1420918,,,-,-,5/22/2026,False,,False,
AP05A,1420919,,,-,-,5/22/2026,False,,False,
AP05A,1420920,,,-,-,5/22/2026,False,,False,
AP05A,1420921,,,-,-,5/22/2026,False,,False,
AP05A,1420922,,,-,-,5/22/2026,False,,False,
AP05A,1420923,,,-,-,5/22/2026,False,,False,
AP05A,1420924,,,-,-,5/22/2026,False,,False,
AP05A,1420925,,,-,-,5/22/2026,False,,False,
AP05A,1420926,,,-,-,5/22/2026,False,,False,
AP05A,1420927,,,-,-,5/22/2026,False,,False,
AP05A,1420928,,,-,-,5/22/2026,False,,False,
AP05A,1420929,,,-,-,5/22/2026,False,,False,
AP05A,1420930,,,-,-,5/22/2026,False,,False,
AP05A,1420931,,,-,-,5/22/2026,False,,False,
AP05A,1420932,,,-,-,5/22/2026,False,,False,
AP05A,1420933,,,-,-,5/22/2026,False,,False,
AP05A,1420934,,,-,-,5/22/2026,False,,False,
AP05A,1420935,,,-,-,5/22/2026,False,,False,
AP05A,1420936,,,-,-,5/22/2026,False,,False,
AP05A,1420937,,,-,-,5/22/2026,False,,False,
AP05A,1420938,,,-,-,5/22/2026,False,,False,
AP05A,1420939,,,-,-,5/22/2026,False,,False,
AP05A,1420940,,,-,-,5/22/2026,False,,False,
AP05A,1420941,,,-,-,5/22/2026,False,,False,
AP05A,1420942,,,-,-,5/22/2026,False,,False,
AP05A,1420943,,,-,-,5/22/2026,False,,False,
AP05A,1420944,,,-,-,5/22/2026,False,,False,
AP05A,1420945,,,-,-,5/22/2026,False,,False,
AP05A,1420946,,,-,-,5/22/2026,False,,False,
AP05A,1420947,,,-,-,5/22/2026,False,,False,
AP05A,1420948,,,-,-,5/22/2026,False,,False,
AP05A,1420949,,,-,-,5/22/2026,False,,False,
AP05A,1420950,,,-,-,5/22/2026,False,,False,
AP05A,1420951,,,-,-,5/22/2026,False,,False,
AP05A,1420952,,,-,-,5/22/2026,False,,False,
AP05A,1420953,,,-,-,5/22/2026,False,,False,
AP05A,1420954,,,-,-,5/22/2026,False,,False,
AP05A,1420955,,,-,-,5/22/2026,False,,False,
AP05A,1420956,,,-,-,5/22/2026,False,,False,
AP05A,1420957,,,-,-,5/22/2026,False,,False,
AP05A,1420958,,,-,-,5/22/2026,False,,False,
AP05A,1420959,,,-,-,5/22/2026,False,,False,
AP05A,1420960,,,-,-,5/22/2026,False,,False,
AP05A,1420961,,,-,-,5/22/2026,False,,False,
AP05A,1420962,,,-,-,5/22/2026,False,,False,
AP05A,1420963,,,-,-,5/22/2026,False,,False,
AP05A,1420964,,,-,-,5/22/2026,False,,False,
AP05A,1420965,,,-,-,5/22/2026,False,,False,
AP05A,1420966,,,-,-,5/22/2026,False,,False,
AP05A,1420967,,,-,-,5/22/2026,False,,False,
AP05A,1420968,,,-,-,5/22/2026,False,,False,
AP05A,1420969,,,-,-,5/22/2026,False,,False,
AP05A,1420970,,,-,-,5/22/2026,False,,False,
AP05A,1420971,,,-,-,5/22/2026,False,,False,
AP05A,1420972,,,-,-,5/22/2026,False,,False,
AP05A,1420973,,,-,-,5/22/2026,False,,False,
AP05A,1420974,,,-,-,5/22/2026,False,,False,
AP05A,1420975,,,-,-,5/22/2026,False,,False,
AP05A,1420976,,,-,-,5/22/2026,False,,False,
AP05A,1420977,,,-,-,5/22/2026,False,,False,
AP05A,1420978,,,-,-,5/22/2026,False,,False,
AP05A,1420979,,,-,-,5/22/2026,False,,False,
AP05A,1420980,,,-,-,5/22/2026,False,,False,
AP05A,1420981,,,-,-,5/22/2026,False,,False,
AP05A,1420982,,,-,-,5/22/2026,False,,False,
AP05A,1420983,,,-,-,5/22/2026,False,,False,
AP05A,1420984,,,-,-,5/22/2026,False,,False,
AP05A,1420985,,,-,-,5/22/2026,False,,False,
AP05A,1420986,,,-,-,5/22/2026,False,,False,
AP05A,1420987,,,-,-,5/22/2026,False,,False,
AP05A,1420988,,,-,-,5/22/2026,False,,False,
AP05A,1420989,,,-,-,5/22/2026,False,,False,
AP05A,1420990,,,-,-,5/22/2026,False,,False,
AP05A,1420991,,,-,-,5/22/2026,False,,False,
AP05A,1420992,,,-,-,5/22/2026,False,,False,
AP05A,1420993,,,-,-,5/22/2026,False,,False,
AP05A,1420994,,,-,-,5/22/2026,False,,False,
AP05A,1420995,,,-,-,5/22/2026,False,,False,
AP05A,1420996,,,-,-,5/22/2026,False,,False,
AP05A,1420997,,,-,-,5/22/2026,False,,False,
AP05A,1420998,,,-,-,5/22/2026,False,,False,
AP05A,1420999,,,-,-,5/22/2026,False,,False,
AP05A,1421000,,,-,-,5/22/2026,False,,False,
AP05A,1421001,,,-,-,5/22/2026,False,,False,
AP05A,1421002,,,-,-,5/22/2026,False,,False,
AP05A,1421003,,,-,-,5/22/2026,False,,False,
AP05A,1421004,,,-,-,5/22/2026,False,,False,
AP05A,1421005,,,-,-,5/22/2026,False,,False,
AP05A,1421006,,,-,-,5/22/2026,False,,False,
AP05A,1421007,,,-,-,5/22/2026,False,,False,
AP05A,1421008,,,-,-,5/22/2026,False,,False,
AP05A,1421009,,,-,-,5/22/2026,False,,False,
AP05A,1421010,,,-,-,5/22/2026,False,,False,
AP05A,1421011,,,-,-,5/22/2026,False,,False,
AP05A,1421012,,,-,-,5/22/2026,False,,False,
AP05A,1421013,,,-,-,5/22/2026,False,,False,
AP05A,1421014,,,-,-,5/22/2026,False,,False,
AP05A,1421015,,,-,-,5/22/2026,False,,False,
AP05A,1421016,,,-,-,5/22/2026,False,,False,
AP05A,1421017,,,-,-,5/22/2026,False,,False,
AP05A,1421018,,,-,-,5/22/2026,False,,False,
AP05A,1421019,,,-,-,5/22/2026,False,,False,
AP05A,1421020,,,-,-,5/22/2026,False,,False,
AP05A,1421021,,,-,-,5/22/2026,False,,False,
AP05A,1421022,,,-,-,5/22/2026,False,,False,
AP05A,1421023,,,-,-,5/22/2026,False,,False,
AP05A,1421024,,,-,-,5/22/2026,False,,False,
AP05A,1421025,,,-,-,5/22/2026,False,,False,
AP05A,1421026,,,-,-,5/22/2026,False,,False,
AP05A,1421027,,,-,-,5/22/2026,False,,False,
AP05A,1421028,,,-,-,5/22/2026,False,,False,
AP05A,1421029,,,-,-,5/22/2026,False,,False,
AP05A,1421030,,,-,-,5/22/2026,False,,False,
AP05A,1421031,,,-,-,5/22/2026,False,,False,
AP05A,1421032,,,-,-,5/22/2026,False,,False,
AP05A,1421033,,,-,-,5/22/2026,False,,False,
AP05A,1421034,,,-,-,5/22/2026,False,,False,
AP05A,1421035,,,-,-,5/22/2026,False,,False,
AP05A,1421036,,,-,-,5/22/2026,False,,False,
AP05A,1421037,,,-,-,5/22/2026,False,,False,
AP05A,1421038,,,-,-,5/22/2026,False,,False,
AP05A,1421039,,,-,-,5/22/2026,False,,False,
AP05A,1421040,,,-,-,5/22/2026,False,,False,
AP05A,1421041,,,-,-,5/22/2026,False,,False,
AP05A,1421042,,,-,-,5/22/2026,False,,False,
AP05A,1421043,,,-,-,5/22/2026,False,,False,
AP05A,1421044,,,-,-,5/22/2026,False,,False,
AP05A,1421045,,,-,-,5/22/2026,False,,False,
AP05A,1421046,,,-,-,5/22/2026,False,,False,
AP05A,1421047,,,-,-,5/22/2026,False,,False,
AP05A,1421048,,,-,-,5/22/2026,False,,False,
AP05A,1421049,,,-,-,5/22/2026,False,,False,
AP05A,1421050,,,-,-,5/22/2026,False,,False,
AP05A,1421051,,,-,-,5/22/2026,False,,False,
AP05A,1421052,,,-,-,5/22/2026,False,,False,
AP05A,1421053,,,-,-,5/22/2026,False,,False,
AP05A,1421054,,,-,-,5/22/2026,False,,False,
AP05A,1421055,,,-,-,5/22/2026,False,,False,
AP05A,1421056,,,-,-,5/22/2026,False,,False,
AP05A,1421057,,,-,-,5/22/2026,False,,False,
AP05A,1421058,,,-,-,5/22/2026,False,,False,
AP05A,1421059,,,-,-,5/22/2026,False,,False,
AP05A,1421060,,,-,-,5/22/2026,False,,False,
AP05A,1421061,,,-,-,5/22/2026,False,,False,
AP05A,1421062,,,-,-,5/22/2026,False,,False,
AP05A,1421063,,,-,-,5/22/2026,False,,False,
AP05A,1421064,,,-,-,5/22/2026,False,,False,
AP05A,1421065,,,-,-,5/22/2026,False,,False,
AP05A,1421066,,,-,-,5/22/2026,False,,False,
AP05A,1421067,,,-,-,5/22/2026,False,,False,
AP05A,1421068,,,-,-,5/22/2026,False,,False,
AP05A,1421069,,,-,-,5/22/2026,False,,False,
AP05A,1421070,,,-,-,5/22/2026,False,,False,
AP05A,1421071,,,-,-,5/22/2026,False,,False,
AP05A,1421072,,,-,-,5/22/2026,False,,False,
AP05A,1421073,,,-,-,5/22/2026,False,,False,
AP05A,1421074,,,-,-,5/22/2026,False,,False,
AP05A,1421075,,,-,-,5/22/2026,False,,False,
AP05A,1421076,,,-,-,5/22/2026,False,,False,
AP05A,1421077,,,-,-,5/22/2026,False,,False,
AP05A,1421078,,,-,-,5/22/2026,False,,False,
AP05A,1421079,,,-,-,5/22/2026,False,,False,
AP05A,1421080,,,-,-,5/22/2026,False,,False,
AP05A,1421081,,,-,-,5/22/2026,False,,False,
AP05A,1421082,,,-,-,5/22/2026,False,,False,
AP05A,1421083,,,-,-,5/22/2026,False,,False,
AP05A,1421084,,,-,-,5/22/2026,False,,False,
AP05A,1421085,,,-,-,5/22/2026,False,,False,
AP05A,1421086,,,-,-,5/22/2026,False,,False,
AP05A,1421087,,,-,-,5/22/2026,False,,False,
AP05A,1421088,,,-,-,5/22/2026,False,,False,
AP05A,1421089,,,-,-,5/22/2026,False,,False,
AP05A,1421090,,,-,-,5/22/2026,False,,False,
AP05A,1421091,,,-,-,5/22/2026,False,,False,
AP05A,1421092,,,-,-,5/22/2026,False,,False,
AP05A,1421093,,,-,-,5/22/2026,False,,False,
AP05A,1421094,,,-,-,5/22/2026,False,,False,
AP05A,1421095,,,-,-,5/22/2026,False,,False,
AP05A,1421096,,,-,-,5/22/2026,False,,False,
AP05A,1421097,,,-,-,5/22/2026,False,,False,
AP05A,1421098,,,-,-,5/22/2026,False,,False,
AP05A,1421099,,,-,-,5/22/2026,False,,False,
AP05A,1421100,,,-,-,5/22/2026,False,,False,
AP05A,1421101,,,-,-,5/22/2026,False,,False,
AP05A,1421102,,,-,-,5/22/2026,False,,False,
AP05A,1421103,,,-,-,5/22/2026,False,,False,
AP05A,1421104,,,-,-,5/22/2026,False,,False,
AP05A,1421105,,,-,-,5/22/2026,False,,False,
AP05A,1421106,,,-,-,5/22/2026,False,,False,
AP05A,1431107,,,-,-,5/22/2026,False,,False,
AP05A,1431108,,,-,-,5/22/2026,False,,False,
AP05A,1431109,,,-,-,5/22/2026,False,,False,
AP05A,1431110,,,-,-,5/22/2026,False,,False,
AP05A,1431111,,,-,-,5/22/2026,False,,False,
AP05A,1431112,,,-,-,5/22/2026,False,,False,
AP05A,1431113,,,-,-,5/22/2026,False,,False,
AP05A,1431114,,,-,-,5/22/2026,False,,False,
AP05A,1431115,,,-,-,5/22/2026,False,,False,
AP05A,1431116,,,-,-,5/22/2026,False,,False,
AP05A,1431117,,,-,-,5/22/2026,False,,False,
AP05A,1431118,,,-,-,5/22/2026,False,,False,
AP05A,1431119,,,-,-,5/22/2026,False,,False,
AP05A,1431120,,,-,-,5/22/2026,False,,False,
AP05A,1431121,,,-,-,5/22/2026,False,,False,
AP05A,1431122,,,-,-,5/22/2026,False,,False,
AP05A,1431123,,,-,-,5/22/2026,False,,False,
AP05A,1431124,,,-,-,5/22/2026,False,,False,
AP05A,1431125,,,-,-,5/22/2026,False,,False,
AP05A,1431126,,,-,-,5/22/2026,False,,False,
AP05A,1431127,,,-,-,5/22/2026,False,,False,
AP05A,1431128,,,-,-,5/22/2026,False,,False,
AP05A,1431129,,,-,-,5/22/2026,False,,False,
AP05A,1431130,,,-,-,5/22/2026,False,,False,
AP05A,1431131,,,-,-,5/22/2026,False,,False,
AP05A,1431132,,,-,-,5/22/2026,False,,False,
AP05A,1431133,,,-,-,5/22/2026,False,,False,
AP05A,1431134,,,-,-,5/22/2026,False,,False,
AP05A,1431135,,,-,-,5/22/2026,False,,False,
AP05A,1431136,,,-,-,5/22/2026,False,,False,
AP05A,1431137,,,-,-,5/22/2026,False,,False,
AP05A,1431138,,,-,-,5/22/2026,False,,False,
AP05A,1431139,,,-,-,5/22/2026,False,,False,
AP05A,1431140,,,-,-,5/22/2026,False,,False,
AP05A,1431141,,,-,-,5/22/2026,False,,False,
AP05A,1431142,,,-,-,5/22/2026,False,,False,
AP05A,1431143,,,-,-,5/22/2026,False,,False,
AP05A,1431144,,,-,-,5/22/2026,False,,False,
AP05A,1431145,,,-,-,5/22/2026,False,,False,
AP05A,1431146,,,-,-,5/22/2026,False,,False,
AP05A,1431147,,,-,-,5/22/2026,False,,False,
AP05A,1431148,,,-,-,5/22/2026,False,,False,
AP05A,1431149,,,-,-,5/22/2026,False,,False,
AP05A,1431150,,,-,-,5/22/2026,False,,False,
AP05A,1431151,,,-,-,5/22/2026,False,,False,
AP05A,1431152,,,-,-,5/22/2026,False,,False,
AP05A,1431153,,,-,-,5/22/2026,False,,False,
AP05A,1431154,,,-,-,5/22/2026,False,,False,
AP05A,1431155,,,-,-,5/22/2026,False,,False,
AP05A,1431156,,,-,-,5/22/2026,False,,False,
AP05A,1431157,,,-,-,5/22/2026,False,,False,
AP05A,1431158,,,-,-,5/22/2026,False,,False,
AP05A,1431159,,,-,-,5/22/2026,False,,False,
AP05A,1431160,,,-,-,5/22/2026,False,,False,
AP05A,1431161,,,-,-,5/22/2026,False,,False,
AP05A,1431162,,,-,-,5/22/2026,False,,False,
AP05A,1431163,,,-,-,5/22/2026,False,,False,
AP05A,1431164,,,-,-,5/22/2026,False,,False,
AP05A,1431165,,,-,-,5/22/2026,False,,False,
AP05A,1431166,,,-,-,5/22/2026,False,,False,
AP05A,1431167,,,-,-,5/22/2026,False,,False,
AP05A,1431168,,,-,-,5/22/2026,False,,False,
AP05A,1431169,,,-,-,5/22/2026,False,,False,
AP05A,1431170,,,-,-,5/22/2026,False,,False,
AP05A,1431171,,,-,-,5/22/2026,False,,False,
AP05A,1431172,,,-,-,5/22/2026,False,,False,
AP05A,1431173,,,-,-,5/22/2026,False,,False,
AP05A,1431174,,,-,-,5/22/2026,False,,False,
AP05A,1431175,,,-,-,5/22/2026,False,,False,
AP05A,1431176,,,-,-,5/22/2026,False,,False,
AP05A,1431177,,,-,-,5/22/2026,False,,False,
AP05A,1431178,,,-,-,5/22/2026,False,,False,
AP05A,1431179,,,-,-,5/22/2026,False,,False,
AP05A,1431180,,,-,-,5/22/2026,False,,False,
AP05A,1431181,,,-,-,5/22/2026,False,,False,
AP05A,1431182,,,-,-,5/22/2026,False,,False,
AP05A,1431183,,,-,-,5/22/2026,False,,False,
AP05A,1431184,,,-,-,5/22/2026,False,,False,
AP05A,1431185,,,-,-,5/22/2026,False,,False,
AP05A,1431186,,,-,-,5/22/2026,False,,False,
AP05A,1431187,,,-,-,5/22/2026,False,,False,
AP05A,1431188,,,-,-,5/22/2026,False,,False,
AP05A,1431189,,,-,-,5/22/2026,False,,False,
AP05A,1431190,,,-,-,5/22/2026,False,,False,
AP05A,1431191,,,-,-,5/22/2026,False,,False,
AP05A,1431192,,,-,-,5/22/2026,False,,False,
AP05A,1431193,,,-,-,5/22/2026,False,,False,
AP05A,1431194,,,-,-,5/22/2026,False,,False,
AP05A,1431195,,,-,-,5/22/2026,False,,False,
AP05A,1431196,,,-,-,5/22/2026,False,,False,
AP05A,1431197,,,-,-,5/22/2026,False,,False,
AP05A,1431198,,,-,-,5/22/2026,False,,False,
AP05A,1431199,,,-,-,5/22/2026,False,,False,
AP05A,1431200,,,-,-,5/22/2026,False,,False,
AP05A,1431201,,,-,-,5/22/2026,False,,False,
AP05A,1431202,,,-,-,5/22/2026,False,,False,
AP05A,1431203,,,-,-,5/22/2026,False,,False,
AP05A,1431204,,,-,-,5/22/2026,False,,False,
AP05A,1431205,,,-,-,5/22/2026,False,,False,
AP05A,1431206,,,-,-,5/22/2026,False,,False,
AP05A,1431207,,,-,-,5/22/2026,False,,False,
AP05A,1431208,,,-,-,5/22/2026,False,,False,
AP05A,1431209,,,-,-,5/22/2026,False,,False,
AP05A,1431210,,,-,-,5/22/2026,False,,False,
AP05A,1431211,,,-,-,5/22/2026,False,,False,
AP05A,1431212,,,-,-,5/22/2026,False,,False,
AP05A,1431213,,,-,-,5/22/2026,False,,False,
AP05A,1431214,,,-,-,5/22/2026,False,,False,
AP05A,1431215,,,-,-,5/22/2026,False,,False,
AP05A,1431216,,,-,-,5/22/2026,False,,False,
AP05A,1431217,,,-,-,5/22/2026,False,,False,
AP05A,1431218,,,-,-,5/22/2026,False,,False,
AP05A,1431219,,,-,-,5/22/2026,False,,False,
AP05A,1431220,,,-,-,5/22/2026,False,,False,
AP05A,1431221,,,-,-,5/22/2026,False,,False,
AP05A,1431222,,,-,-,5/22/2026,False,,False,
AP05A,1431223,,,-,-,5/22/2026,False,,False,
AP05A,1431224,,,-,-,5/22/2026,False,,False,
AP05A,1431225,,,-,-,5/22/2026,False,,False,
AP05A,1431226,,,-,-,5/22/2026,False,,False,
AP05A,1431227,,,-,-,5/22/2026,False,,False,
AP05A,1431228,,,-,-,5/22/2026,False,,False,
AP05A,1431229,,,-,-,5/22/2026,False,,False,
AP05A,1431230,,,-,-,5/22/2026,False,,False,
AP05A,1431231,,,-,-,5/22/2026,False,,False,
AP05A,1431232,,,-,-,5/22/2026,False,,False,
AP05A,1431233,,,-,-,5/22/2026,False,,False,
AP05A,1431234,,,-,-,5/22/2026,False,,False,
AP05A,1431235,,,-,-,5/22/2026,False,,False,
AP05A,1431236,,,-,-,5/22/2026,False,,False,
AP05A,1431237,,,-,-,5/22/2026,False,,False,
AP05A,1431238,,,-,-,5/22/2026,False,,False,
AP05A,1431239,,,-,-,5/22/2026,False,,False,
AP05A,1431240,,,-,-,5/22/2026,False,,False,
AP05A,1431241,,,-,-,5/22/2026,False,,False,
AP05A,1431242,,,-,-,5/22/2026,False,,False,
AP05A,1431243,,,-,-,5/22/2026,False,,False,
AP05A,1431244,,,-,-,5/22/2026,False,,False,
AP05A,1431245,,,-,-,5/22/2026,False,,False,
AP05A,1431246,,,-,-,5/22/2026,False,,False,
AP05A,1431247,,,-,-,5/22/2026,False,,False,
AP05A,1431248,,,-,-,5/22/2026,False,,False,
AP05A,1431249,,,-,-,5/22/2026,False,,False,
AP05A,1431250,,,-,-,5/22/2026,False,,False,
AP05A,1431251,,,-,-,5/22/2026,False,,False,
AP05A,1431252,,,-,-,5/22/2026,False,,False,
AP05A,1431253,,,-,-,5/22/2026,False,,False,
AP05A,1431254,,,-,-,5/22/2026,False,,False,
AP05A,1431255,,,-,-,5/22/2026,False,,False,
AP05A,1431256,,,-,-,5/22/2026,False,,False,
AP05A,1431257,,,-,-,5/22/2026,False,,False,
AP05A,1431258,,,-,-,5/22/2026,False,,False,
AP05A,1431259,,,-,-,5/22/2026,False,,False,
AP05A,1431260,,,-,-,5/22/2026,False,,False,
AP05A,1431261,,,-,-,5/22/2026,False,,False,
AP05A,1431262,,,-,-,5/22/2026,False,,False,
AP05A,1431263,,,-,-,5/22/2026,False,,False,
AP05A,1431264,,,-,-,5/22/2026,False,,False,
AP05A,1431265,,,-,-,5/22/2026,False,,False,
AP05A,1431266,,,-,-,5/22/2026,False,,False,
AP05A,1431267,,,-,-,5/22/2026,False,,False,
AP05A,1431268,,,-,-,5/22/2026,False,,False,
AP05A,1431269,,,-,-,5/22/2026,False,,False,
AP05A,1431270,,,-,-,5/22/2026,False,,False,
AP05A,1431271,,,-,-,5/22/2026,False,,False,
AP05A,1431272,,,-,-,5/22/2026,False,,False,
AP05A,1431273,,,-,-,5/22/2026,False,,False,
AP05A,1431274,,,-,-,5/22/2026,False,,False,
AP05A,1431275,,,-,-,5/22/2026,False,,False,
AP05A,1431276,,,-,-,5/22/2026,False,,False,
AP05A,1431277,,,-,-,5/22/2026,False,,False,
AP05A,1431278,,,-,-,5/22/2026,False,,False,
AP05A,1431279,,,-,-,5/22/2026,False,,False,
AP05A,1431280,,,-,-,5/22/2026,False,,False,
AP05A,1431281,,,-,-,5/22/2026,False,,False,
AP05A,1431282,,,-,-,5/22/2026,False,,False,
AP05A,1431283,,,-,-,5/22/2026,False,,False,
AP05A,1431284,,,-,-,5/22/2026,False,,False,
AP05A,1431285,,,-,-,5/22/2026,False,,False,
AP05A,1431286,,,-,-,5/22/2026,False,,False,
AP05A,1431287,,,-,-,5/22/2026,False,,False,
AP05A,1431288,,,-,-,5/22/2026,False,,False,
AP05A,1431289,,,-,-,5/22/2026,False,,False,
AP05A,1431290,,,-,-,5/22/2026,False,,False,
AP05A,1431291,,,-,-,5/22/2026,False,,False,
AP05A,1431292,,,-,-,5/22/2026,False,,False,
AP05A,1431293,,,-,-,5/22/2026,False,,False,
AP05A,1431294,,,-,-,5/22/2026,False,,False,
AP05A,1431295,,,-,-,5/22/2026,False,,False,
AP05A,1431296,,,-,-,5/22/2026,False,,False,
AP05A,1431297,,,-,-,5/22/2026,False,,False,
AP05A,1431298,,,-,-,5/22/2026,False,,False,
AP05A,1431299,,,-,-,5/22/2026,False,,False,
AP05A,1431300,,,-,-,5/22/2026,False,,False,
AP05A,1431301,,,-,-,5/22/2026,False,,False,
AP05A,1431302,,,-,-,5/22/2026,False,,False,
AP05A,1431303,,,-,-,5/22/2026,False,,False,
AP05A,1431304,,,-,-,5/22/2026,False,,False,
AP05A,1431305,,,-,-,5/22/2026,False,,False,
AP05A,1431306,,,-,-,5/22/2026,False,,False,
AP05A,1431307,,,-,-,5/22/2026,False,,False,
AP05A,1431308,,,-,-,5/22/2026,False,,False,
AP05A,1431309,,,-,-,5/22/2026,False,,False,
AP05A,1431310,,,-,-,5/22/2026,False,,False,
AP05A,1431311,,,-,-,5/22/2026,False,,False,
AP05A,1431312,,,-,-,5/22/2026,False,,False,
AP05A,1431313,,,-,-,5/22/2026,False,,False,
AP05A,1431314,,,-,-,5/22/2026,False,,False,
AP05A,1431315,,,-,-,5/22/2026,False,,False,
AP05A,1431316,,,-,-,5/22/2026,False,,False,
AP05A,1431317,,,-,-,5/22/2026,False,,False,
AP05A,1431318,,,-,-,5/22/2026,False,,False,
AP05A,1431319,,,-,-,5/22/2026,False,,False,
AP05A,1431320,,,-,-,5/22/2026,False,,False,
AP05A,1431321,,,-,-,5/22/2026,False,,False,
AP05A,1431322,,,-,-,5/22/2026,False,,False,
AP05A,1431323,,,-,-,5/22/2026,False,,False,
AP05A,1431324,,,-,-,5/22/2026,False,,False,
AP05A,1431325,,,-,-,5/22/2026,False,,False,
AP05A,1431326,,,-,-,5/22/2026,False,,False,
AP05A,1431327,,,-,-,5/22/2026,False,,False,
AP05A,1431328,,,-,-,5/22/2026,False,,False,
AP05A,1431329,,,-,-,5/22/2026,False,,False,
AP05A,1431330,,,-,-,5/22/2026,False,,False,
AP05A,1431331,,,-,-,5/22/2026,False,,False,
AP05A,1431332,,,-,-,5/22/2026,False,,False,
AP05A,1431333,,,-,-,5/22/2026,False,,False,
AP05A,1431334,,,-,-,5/22/2026,False,,False,
AP05A,1431335,,,-,-,5/22/2026,False,,False,
AP05A,1431336,,,-,-,5/22/2026,False,,False,
AP05A,1431337,,,-,-,5/22/2026,False,,False,
AP05A,1431338,,,-,-,5/22/2026,False,,False,
AP05A,1431339,,,-,-,5/22/2026,False,,False,
AP05A,1431340,,,-,-,5/22/2026,False,,False,
AP05A,1431341,,,-,-,5/22/2026,False,,False,
AP05A,1431342,,,-,-,5/22/2026,False,,False,
AP05A,1431343,,,-,-,5/22/2026,False,,False,
AP05A,1431344,,,-,-,5/22/2026,False,,False,
AP05A,1431345,,,-,-,5/22/2026,False,,False,
AP05A,1431346,,,-,-,5/22/2026,False,,False,
AP05A,1431347,,,-,-,5/22/2026,False,,False,
AP05A,1431348,,,-,-,5/22/2026,False,,False,
AP05A,1431349,,,-,-,5/22/2026,False,,False,
AP05A,1431350,,,-,-,5/22/2026,False,,False,
AP05A,1431351,,,-,-,5/22/2026,False,,False,
AP05A,1431352,,,-,-,5/22/2026,False,,False,
AP05A,1431353,,,-,-,5/22/2026,False,,False,
AP05A,1431354,,,-,-,5/22/2026,False,,False,
AP05A,1431355,,,-,-,5/22/2026,False,,False,
AP05A,1431356,,,-,-,5/22/2026,False,,False,
AP05A,1431357,,,-,-,5/22/2026,False,,False,
AP05A,1431358,,,-,-,5/22/2026,False,,False,
AP05A,1431359,,,-,-,5/22/2026,False,,False,
AP05A,1431360,,,-,-,5/22/2026,False,,False,
AP05A,1431361,,,-,-,5/22/2026,False,,False,
AP05A,1431362,,,-,-,5/22/2026,False,,False,
AP05A,1431363,,,-,-,5/22/2026,False,,False,
AP05A,1431364,,,-,-,5/22/2026,False,,False,
AP05A,1431365,,,-,-,5/22/2026,False,,False,
AP05A,1431366,,,-,-,5/22/2026,False,,False,
AP05A,1431367,,,-,-,5/22/2026,False,,False,
AP05A,1431368,,,-,-,5/22/2026,False,,False,
AP05A,1431369,,,-,-,5/22/2026,False,,False,
AP05A,1431370,,,-,-,5/22/2026,False,,False,
AP05A,1431371,,,-,-,5/22/2026,False,,False,
AP05A,1431372,,,-,-,5/22/2026,False,,False,
AP05A,1431373,,,-,-,5/22/2026,False,,False,
AP05A,1431374,,,-,-,5/22/2026,False,,False,
AP05A,1431375,,,-,-,5/22/2026,False,,False,
AP05A,1431376,,,-,-,5/22/2026,False,,False,
AP05A,1431377,,,-,-,5/22/2026,False,,False,
AP05A,1431378,,,-,-,5/22/2026,False,,False,
AP05A,1431379,,,-,-,5/22/2026,False,,False,
AP05A,1431380,,,-,-,5/22/2026,False,,False,
AP05A,1431381,,,-,-,5/22/2026,False,,False,
AP05A,1431382,,,-,-,5/22/2026,False,,False,
AP05A,1431383,,,-,-,5/22/2026,False,,False,
AP05A,1431384,,,-,-,5/22/2026,False,,False,
AP05A,1431385,,,-,-,5/22/2026,False,,False,
AP05A,1431386,,,-,-,5/22/2026,False,,False,
AP05A,1431387,,,-,-,5/22/2026,False,,False,
AP05A,1431388,,,-,-,5/22/2026,False,,False,
AP05A,1431389,,,-,-,5/22/2026,False,,False,
AP05A,1431390,,,-,-,5/22/2026,False,,False,
AP05A,1431391,,,-,-,5/22/2026,False,,False,
AP05A,1431392,,,-,-,5/22/2026,False,,False,
AP05A,1431393,,,-,-,5/22/2026,False,,False,
AP05A,1431394,,,-,-,5/22/2026,False,,False,
AP05A,1431395,,,-,-,5/22/2026,False,,False,
AP05A,1431396,,,-,-,5/22/2026,False,,False,
AP05A,1431397,,,-,-,5/22/2026,False,,False,
AP05A,1431398,,,-,-,5/22/2026,False,,False,
AP05A,1431399,,,-,-,5/22/2026,False,,False,
AP05A,1431400,,,-,-,5/22/2026,False,,False,
AP05A,1431401,,,-,-,5/22/2026,False,,False,
AP05A,1431402,,,-,-,5/22/2026,False,,False,
AP05A,1431403,,,-,-,5/22/2026,False,,False,
AP05A,1431404,,,-,-,5/22/2026,False,,False,
AP05A,1431405,,,-,-,5/22/2026,False,,False,
AP05A,1431406,,,-,-,5/22/2026,False,,False,
AP05A,1431407,,,-,-,5/22/2026,False,,False,
AP05A,1431408,,,-,-,5/22/2026,False,,False,
AP05A,1431409,,,-,-,5/22/2026,False,,False,
AP05A,1431410,,,-,-,5/22/2026,False,,False,
AP05A,1431411,,,-,-,5/22/2026,False,,False,
AP05A,1431412,,,-,-,5/22/2026,False,,False,
AP05A,1431413,,,-,-,5/22/2026,False,,False,
AP05A,1431414,,,-,-,5/22/2026,False,,False,
AP05A,1431415,,,-,-,5/22/2026,False,,False,
AP05A,1431416,,,-,-,5/22/2026,False,,False,
AP05A,1431417,,,-,-,5/22/2026,False,,False,
AP05A,1431418,,,-,-,5/22/2026,False,,False,
AP05A,1431419,,,-,-,5/22/2026,False,,False,
AP05A,1431420,,,-,-,5/22/2026,False,,False,
AP05A,1431421,,,-,-,5/22/2026,False,,False,
AP05A,1431422,,,-,-,5/22/2026,False,,False,
AP05A,1431423,,,-,-,5/22/2026,False,,False,
AP05A,1431424,,,-,-,5/22/2026,False,,False,
AP05A,1431425,,,-,-,5/22/2026,False,,False,
AP05A,1431426,,,-,-,5/22/2026,False,,False,
AP05A,1431427,,,-,-,5/22/2026,False,,False,
AP05A,1431428,,,-,-,5/22/2026,False,,False,
AP05A,1431429,,,-,-,5/22/2026,False,,False,
AP05A,1431430,,,-,-,5/22/2026,False,,False,
AP05A,1431431,,,-,-,5/22/2026,False,,False,
AP05A,1431432,,,-,-,5/22/2026,False,,False,
AP05A,1431433,,,-,-,5/22/2026,False,,False,
AP05A,1431434,,,-,-,5/22/2026,False,,False,
AP05A,1431435,,,-,-,5/22/2026,False,,False,
AP05A,1431436,,,-,-,5/22/2026,False,,False,
AP05A,1431437,,,-,-,5/22/2026,False,,False,
AP05A,1431438,,,-,-,5/22/2026,False,,False,
AP05A,1431439,,,-,-,5/22/2026,False,,False,
AP05A,1431440,,,-,-,5/22/2026,False,,False,
AP05A,1431441,,,-,-,5/22/2026,False,,False,
AP05A,1431442,,,-,-,5/22/2026,False,,False,
AP05A,1431443,,,-,-,5/22/2026,False,,False,
AP05A,1431444,,,-,-,5/22/2026,False,,False,
AP05A,1431445,,,-,-,5/22/2026,False,,False,
AP05A,1431446,,,-,-,5/22/2026,False,,False,
AP05A,1431447,,,-,-,5/22/2026,False,,False,
AP05A,1431448,,,-,-,5/22/2026,False,,False,
AP05A,1431449,,,-,-,5/22/2026,False,,False,
AP05A,1431450,,,-,-,5/22/2026,False,,False,
AP05A,1431451,,,-,-,5/22/2026,False,,False,
AP05A,1431452,,,-,-,5/22/2026,False,,False,
AP05A,1431453,,,-,-,5/22/2026,False,,False,
AP05A,1431454,,,-,-,5/22/2026,False,,False,
AP05A,1431455,,,-,-,5/22/2026,False,,False,
AP05A,1431456,,,-,-,5/22/2026,False,,False,
AP05A,1431457,,,-,-,5/22/2026,False,,False,
AP05A,1431458,,,-,-,5/22/2026,False,,False,
AP05A,1431459,,,-,-,5/22/2026,False,,False,
AP05A,1431460,,,-,-,5/22/2026,False,,False,
AP05A,1431461,,,-,-,5/22/2026,False,,False,
AP05A,1431462,,,-,-,5/22/2026,False,,False,
AP05A,1431463,,,-,-,5/22/2026,False,,False,
AP05A,1431464,,,-,-,5/22/2026,False,,False,
AP05A,1431465,,,-,-,5/22/2026,False,,False,
AP05A,1431466,,,-,-,5/22/2026,False,,False,
AP05A,1431467,,,-,-,5/22/2026,False,,False,
AP05A,1431468,,,-,-,5/22/2026,False,,False,
AP05A,1431469,,,-,-,5/22/2026,False,,False,
AP05A,1431470,,,-,-,5/22/2026,False,,False,
AP05A,1431471,,,-,-,5/22/2026,False,,False,
AP05A,1431472,,,-,-,5/22/2026,False,,False,
AP05A,1431473,,,-,-,5/22/2026,False,,False,
AP05A,1431474,,,-,-,5/22/2026,False,,False,
AP05A,1431475,,,-,-,5/22/2026,False,,False,
AP05A,1431476,,,-,-,5/22/2026,False,,False,
AP05A,1431477,,,-,-,5/22/2026,False,,False,
AP05A,1431478,,,-,-,5/22/2026,False,,False,
AP05A,1431479,,,-,-,5/22/2026,False,,False,
AP05A,1431480,,,-,-,5/22/2026,False,,False,
AP05A,1431481,,,-,-,5/22/2026,False,,False,
AP05A,1431482,,,-,-,5/22/2026,False,,False,
AP05A,1431483,,,-,-,5/22/2026,False,,False,
AP05A,1431484,,,-,-,5/22/2026,False,,False,
AP05A,1431485,,,-,-,5/22/2026,False,,False,
AP05A,1431486,,,-,-,5/22/2026,False,,False,
AP05A,1431487,,,-,-,5/22/2026,False,,False,
AP05A,1431488,,,-,-,5/22/2026,False,,False,
AP05A,1431489,,,-,-,5/22/2026,False,,False,
AP05A,1431490,,,-,-,5/22/2026,False,,False,
AP05A,1431491,,,-,-,5/22/2026,False,,False,
AP05A,1431492,,,-,-,5/22/2026,False,,False,
AP05A,1431493,,,-,-,5/22/2026,False,,False,
AP05A,1431494,,,-,-,5/22/2026,False,,False,
AP05A,1431495,,,-,-,5/22/2026,False,,False,
AP05A,1431496,,,-,-,5/22/2026,False,,False,
AP05A,1431497,,,-,-,5/22/2026,False,,False,
AP05A,1431498,,,-,-,5/22/2026,False,,False,
AP05A,1431499,,,-,-,5/22/2026,False,,False,
AP05A,1431500,,,-,-,5/22/2026,False,,False,
AP05A,1431501,,,-,-,5/22/2026,False,,False,
AP05A,1431502,,,-,-,5/22/2026,False,,False,
AP05A,1431503,,,-,-,5/22/2026,False,,False,
AP05A,1431504,,,-,-,5/22/2026,False,,False,
AP05A,1431505,,,-,-,5/22/2026,False,,False,
AP05A,1431506,,,-,-,5/22/2026,False,,False,
AP05A,1431507,,,-,-,5/22/2026,False,,False,
AP05A,1431508,,,-,-,5/22/2026,False,,False,
AP05A,1431509,,,-,-,5/22/2026,False,,False,
AP05A,1431510,,,-,-,5/22/2026,False,,False,
AP05A,1431511,,,-,-,5/22/2026,False,,False,
AP05A,1431512,,,-,-,5/22/2026,False,,False,
AP05A,1431513,,,-,-,5/22/2026,False,,False,
AP05A,1431514,,,-,-,5/22/2026,False,,False,
AP05A,1431515,,,-,-,5/22/2026,False,,False,
AP05A,1431516,,,-,-,5/22/2026,False,,False,
AP05A,1431517,,,-,-,5/22/2026,False,,False,
AP05A,1431518,,,-,-,5/22/2026,False,,False,
AP05A,1431519,,,-,-,5/22/2026,False,,False,
AP05A,1431520,,,-,-,5/22/2026,False,,False,
AP05A,1431521,,,-,-,5/22/2026,False,,False,
AP05A,1431522,,,-,-,5/22/2026,False,,False,
AP05A,1431523,,,-,-,5/22/2026,False,,False,
AP05A,1431524,,,-,-,5/22/2026,False,,False,
AP05A,1431525,,,-,-,5/22/2026,False,,False,
AP05A,1431526,,,-,-,5/22/2026,False,,False,
AP05A,1431527,,,-,-,5/22/2026,False,,False,
AP05A,1431528,,,-,-,5/22/2026,False,,False,
AP05A,1431529,,,-,-,5/22/2026,False,,False,
AP05A,1431530,,,-,-,5/22/2026,False,,False,
AP05A,1431531,,,-,-,5/22/2026,False,,False,
AP05A,1431532,,,-,-,5/22/2026,False,,False,
AP05A,1431533,,,-,-,5/22/2026,False,,False,
AP05A,1431534,,,-,-,5/22/2026,False,,False,
AP05A,1431535,,,-,-,5/22/2026,False,,False,
AP05A,1431536,,,-,-,5/22/2026,False,,False,
AP05A,1431537,,,-,-,5/22/2026,False,,False,
AP05A,1431538,,,-,-,5/22/2026,False,,False,
AP05A,1431539,,,-,-,5/22/2026,False,,False,
AP05A,1431540,,,-,-,5/22/2026,False,,False,
AP05A,1431541,,,-,-,5/22/2026,False,,False,
AP05A,1431542,,,-,-,5/22/2026,False,,False,
AP05A,1431543,,,-,-,5/22/2026,False,,False,
AP05A,1431544,,,-,-,5/22/2026,False,,False,
AP05A,1431545,,,-,-,5/22/2026,False,,False,
AP05A,1431546,,,-,-,5/22/2026,False,,False,
AP05A,1431547,,,-,-,5/22/2026,False,,False,
AP05A,1431548,,,-,-,5/22/2026,False,,False,
AP05A,1431549,,,-,-,5/22/2026,False,,False,
AP05A,1431550,,,-,-,5/22/2026,False,,False,
AP05A,1431551,,,-,-,5/22/2026,False,,False,
AP05A,1431552,,,-,-,5/22/2026,False,,False,
AP05A,1431553,,,-,-,5/22/2026,False,,False,
AP05A,1431554,,,-,-,5/22/2026,False,,False,
AP05A,1431555,,,-,-,5/22/2026,False,,False,
AP05A,1431556,,,-,-,5/22/2026,False,,False,
AP05A,1431557,,,-,-,5/22/2026,False,,False,
AP05A,1431558,,,-,-,5/22/2026,False,,False,
AP05A,1431559,,,-,-,5/23/2026,False,,False,
AP05A,1431560,,,-,-,5/23/2026,False,,False,
AP05A,1431561,,,-,-,5/23/2026,False,,False,
AP05A,1431562,,,-,-,5/23/2026,False,,False,
AP05A,1431563,,,-,-,5/23/2026,False,,False,
AP05A,1431564,,,-,-,5/23/2026,False,,False,
AP05A,1431565,,,-,-,5/23/2026,False,,False,
AP05A,1431566,,,-,-,5/23/2026,False,,False,
AP05A,1431567,,,-,-,5/23/2026,False,,False,
AP05A,1431568,,,-,-,5/23/2026,False,,False,
AP05A,1431569,,,-,-,5/23/2026,False,,False,
AP05A,1431570,,,-,-,5/23/2026,False,,False,
AP05A,1431571,,,-,-,5/23/2026,False,,False,
AP05A,1431572,,,-,-,5/23/2026,False,,False,
AP05A,1431573,,,-,-,5/23/2026,False,,False,
AP05A,1431574,,,-,-,5/23/2026,False,,False,
AP05A,1431575,,,-,-,5/23/2026,False,,False,
AP05A,1431576,,,-,-,5/23/2026,False,,False,
AP05A,1431577,,,-,-,5/23/2026,False,,False,
AP05A,1431578,,,-,-,5/23/2026,False,,False,
AP05A,1431579,,,-,-,5/23/2026,False,,False,
AP05A,1431580,,,-,-,5/23/2026,False,,False,
AP05A,1431581,,,-,-,5/23/2026,False,,False,
AP05A,1431582,,,-,-,5/23/2026,False,,False,
AP05A,1431583,,,-,-,5/23/2026,False,,False,
AP05A,1431584,,,-,-,5/23/2026,False,,False,
AP05A,1431585,,,-,-,5/23/2026,False,,False,
AP05A,1431586,,,-,-,5/23/2026,False,,False,
AP05A,1431587,,,-,-,5/23/2026,False,,False,
AP05A,1431588,,,-,-,5/23/2026,False,,False,
AP05A,1431589,,,-,-,5/23/2026,False,,False,
AP05A,1431590,,,-,-,5/23/2026,False,,False,
AP05A,1431591,,,-,-,5/23/2026,False,,False,
AP05A,1431592,,,-,-,5/23/2026,False,,False,
AP05A,1431593,,,-,-,5/23/2026,False,,False,
AP05A,1431594,,,-,-,5/23/2026,False,,False,
AP05A,1431595,,,-,-,5/23/2026,False,,False,
AP05A,1431596,,,-,-,5/23/2026,False,,False,
AP05A,1431597,,,-,-,5/23/2026,False,,False,
AP05A,1431598,,,-,-,5/23/2026,False,,False,
AP05A,1431599,,,-,-,5/23/2026,False,,False,
AP05A,1431600,,,-,-,5/23/2026,False,,False,
AP05A,1431601,,,-,-,5/23/2026,False,,False,
AP05A,1431602,,,-,-,5/23/2026,False,,False,
AP05A,1431603,,,-,-,5/23/2026,False,,False,
AP05A,1431604,,,-,-,5/23/2026,False,,False,
AP05A,1431605,,,-,-,5/23/2026,False,,False,
AP05A,1431606,,,-,-,5/23/2026,False,,False,
AP05A,1431607,,,-,-,5/23/2026,False,,False,
AP05A,1431608,,,-,-,5/23/2026,False,,False,
AP05A,1431609,,,-,-,5/23/2026,False,,False,
AP05A,1431610,,,-,-,5/23/2026,False,,False,
AP05A,1431611,,,-,-,5/23/2026,False,,False,
AP05A,1431612,,,-,-,5/23/2026,False,,False,
AP05A,1431613,,,-,-,5/23/2026,False,,False,
AP05A,1431614,,,-,-,5/23/2026,False,,False,
AP05A,1431615,,,-,-,5/23/2026,False,,False,
AP05A,1431616,,,-,-,5/23/2026,False,,False,
AP05A,1431617,,,-,-,5/23/2026,False,,False,
AP05A,1431618,,,-,-,5/23/2026,False,,False,
AP05A,1431619,,,-,-,5/23/2026,False,,False,
AP05A,1431620,,,-,-,5/23/2026,False,,False,
AP05A,1431621,,,-,-,5/23/2026,False,,False,
AP05A,1431622,,,-,-,5/23/2026,False,,False,
AP05A,1431623,,,-,-,5/23/2026,False,,False,
AP05A,1431624,,,-,-,5/23/2026,False,,False,
AP05A,1431625,,,-,-,5/23/2026,False,,False,
AP05A,1431626,,,-,-,5/23/2026,False,,False,
AP05A,1431627,,,-,-,5/23/2026,False,,False,
AP05A,1431628,,,-,-,5/23/2026,False,,False,
AP05A,1431629,,,-,-,5/23/2026,False,,False,
AP05A,1431630,,,-,-,5/23/2026,False,,False,
AP05A,1431631,,,-,-,5/23/2026,False,,False,
AP05A,1431632,,,-,-,5/23/2026,False,,False,
AP05A,1431633,,,-,-,5/23/2026,False,,False,
AP05A,1431634,,,-,-,5/23/2026,False,,False,
AP05A,1431635,,,-,-,5/23/2026,False,,False,
AP05A,1431636,,,-,-,5/23/2026,False,,False,
AP05A,1431637,,,-,-,5/23/2026,False,,False,
AP05A,1431638,,,-,-,5/23/2026,False,,False,
AP05A,1431639,,,-,-,5/23/2026,False,,False,
AP05A,1431640,,,-,-,5/23/2026,False,,False,
AP05A,1431641,,,-,-,5/23/2026,False,,False,
AP05A,1431642,,,-,-,5/23/2026,False,,False,
AP05A,1431643,,,-,-,5/23/2026,False,,False,
AP05A,1431644,,,-,-,5/23/2026,False,,False,
AP05A,1431645,,,-,-,5/23/2026,False,,False,
AP05A,1431646,,,-,-,5/23/2026,False,,False,
AP05A,1431647,,,-,-,5/23/2026,False,,False,
AP05A,1431648,,,-,-,5/23/2026,False,,False,
AP05A,1431649,,,-,-,5/23/2026,False,,False,
AP05A,1431650,,,-,-,5/23/2026,False,,False,
AP05A,1431651,,,-,-,5/23/2026,False,,False,
AP05A,1431652,,,-,-,5/23/2026,False,,False,
AP05A,1431653,,,-,-,5/23/2026,False,,False,
AP05A,1431654,,,-,-,5/23/2026,False,,False,
AP05A,1431655,,,-,-,5/23/2026,False,,False,
AP05A,1431656,,,-,-,5/23/2026,False,,False,
AP05A,1431657,,,-,-,5/23/2026,False,,False,
AP05A,1431658,,,-,-,5/23/2026,False,,False,
AP05A,1431659,,,-,-,5/23/2026,False,,False,
AP05A,1431660,,,-,-,5/23/2026,False,,False,
AP05A,1431661,,,-,-,5/23/2026,False,,False,
AP05A,1431662,,,-,-,5/23/2026,False,,False,
AP05A,1431663,,,-,-,5/23/2026,False,,False,
AP05A,1431664,,,-,-,5/23/2026,False,,False,
AP05A,1431665,,,-,-,5/23/2026,False,,False,
AP05A,1431666,,,-,-,5/23/2026,False,,False,
AP05A,1431667,,,-,-,5/23/2026,False,,False,
AP05A,1431668,,,-,-,5/23/2026,False,,False,
AP05A,1431669,,,-,-,5/23/2026,False,,False,
AP05A,1431670,,,-,-,5/23/2026,False,,False,
AP05A,1431671,,,-,-,5/23/2026,False,,False,
AP05A,1431672,,,-,-,5/23/2026,False,,False,
AP05A,1431673,,,-,-,5/23/2026,False,,False,
AP05A,1431674,,,-,-,5/23/2026,False,,False,
AP05A,1431675,,,-,-,5/23/2026,False,,False,
AP05A,1431676,,,-,-,5/23/2026,False,,False,
AP05A,1441677,,,-,-,5/23/2026,False,,False,
AP05A,1441678,,,-,-,5/23/2026,False,,False,
AP05A,1441679,,,-,-,5/23/2026,False,,False,
AP05A,1441680,,,-,-,5/23/2026,False,,False,
AP05A,1441681,,,-,-,5/23/2026,False,,False,
AP05A,1441682,,,-,-,5/23/2026,False,,False,
AP05A,1441683,,,-,-,5/23/2026,False,,False,
AP05A,1441684,,,-,-,5/23/2026,False,,False,
AP05A,1441685,,,-,-,5/23/2026,False,,False,
AP05A,1441686,,,-,-,5/23/2026,False,,False,
AP05A,1441687,,,-,-,5/23/2026,False,,False,
AP05A,1441688,,,-,-,5/23/2026,False,,False,
AP05A,1441689,,,-,-,5/23/2026,False,,False,
AP05A,1441690,,,-,-,5/23/2026,False,,False,
AP05A,1441691,,,-,-,5/23/2026,False,,False,
AP05A,1441692,,,-,-,5/23/2026,False,,False,
AP05A,1441693,,,-,-,5/23/2026,False,,False,
AP05A,1441694,,,-,-,5/23/2026,False,,False,
AP05A,1441695,,,-,-,5/23/2026,False,,False,
AP05A,1441696,,,-,-,5/23/2026,False,,False,
AP05A,1441697,,,-,-,5/23/2026,False,,False,
AP05A,1441698,,,-,-,5/23/2026,False,,False,
AP05A,1441699,,,-,-,5/23/2026,False,,False,
AP05A,1441700,,,-,-,5/23/2026,False,,False,
AP05A,1441701,,,-,-,5/23/2026,False,,False,
AP05A,1441702,,,-,-,5/23/2026,False,,False,
AP05A,1441703,,,-,-,5/23/2026,False,,False,
AP05A,1441704,,,-,-,5/23/2026,False,,False,
AP05A,1441705,,,-,-,5/23/2026,False,,False,
AP05A,1441706,,,-,-,5/23/2026,False,,False,
AP05A,1441707,,,-,-,5/23/2026,False,,False,
AP05A,1441708,,,-,-,5/23/2026,False,,False,
AP05A,1441709,,,-,-,5/23/2026,False,,False,
AP05A,1441710,,,-,-,5/23/2026,False,,False,
AP05A,1441711,,,-,-,5/23/2026,False,,False,
AP05A,1441712,,,-,-,5/23/2026,False,,False,
AP05A,1441713,,,-,-,5/23/2026,False,,False,
AP05A,1441714,,,-,-,5/23/2026,False,,False,
AP05A,1441715,,,-,-,5/23/2026,False,,False,
AP05A,1441716,,,-,-,5/23/2026,False,,False,
AP05A,1441717,,,-,-,5/23/2026,False,,False,
AP05A,1441718,,,-,-,5/23/2026,False,,False,
AP05A,1441719,,,-,-,5/23/2026,False,,False,
AP05A,1441720,,,-,-,5/23/2026,False,,False,
AP05A,1441721,,,-,-,5/23/2026,False,,False,
AP05A,1441722,,,-,-,5/23/2026,False,,False,
AP05A,1441723,,,-,-,5/23/2026,False,,False,
AP05A,1441724,,,-,-,5/23/2026,False,,False,
AP05A,1441725,,,-,-,5/23/2026,False,,False,
AP05A,1441726,,,-,-,5/23/2026,False,,False,
AP05A,1441727,,,-,-,5/23/2026,False,,False,
AP05A,1441728,,,-,-,5/23/2026,False,,False,
AP05A,1441729,,,-,-,5/23/2026,False,,False,
AP05A,1441730,,,-,-,5/23/2026,False,,False,
AP05A,1441731,,,-,-,5/23/2026,False,,False,
AP05A,1441732,,,-,-,5/23/2026,False,,False,
AP05A,1441733,,,-,-,5/23/2026,False,,False,
AP05A,1441734,,,-,-,5/23/2026,False,,False,
AP05A,1441735,,,-,-,5/23/2026,False,,False,
AP05A,1441736,,,-,-,5/23/2026,False,,False,
AP05A,1441737,,,-,-,5/23/2026,False,,False,
AP05A,1441738,,,-,-,5/23/2026,False,,False,
AP05A,1441739,,,-,-,5/23/2026,False,,False,
AP05A,1441740,,,-,-,5/23/2026,False,,False,
AP05A,1441741,,,-,-,5/23/2026,False,,False,
AP05A,1441742,,,-,-,5/23/2026,False,,False,
AP05A,1441743,,,-,-,5/23/2026,False,,False,
AP05A,1441744,,,-,-,5/23/2026,False,,False,
AP05A,1441745,,,-,-,5/23/2026,False,,False,
AP05A,1441746,,,-,-,5/23/2026,False,,False,
AP05A,1441747,,,-,-,5/23/2026,False,,False,
AP05A,1441748,,,-,-,5/23/2026,False,,False,
AP05A,1441749,,,-,-,5/23/2026,False,,False,
AP05A,1441750,,,-,-,5/23/2026,False,,False,
AP05A,1441751,,,-,-,5/23/2026,False,,False,
AP05A,1441752,,,-,-,5/23/2026,False,,False,
AP05A,1441753,,,-,-,5/23/2026,False,,False,
AP05A,1441754,,,-,-,5/23/2026,False,,False,
AP05A,1441755,,,-,-,5/23/2026,False,,False,
AP05A,1441756,,,-,-,5/23/2026,False,,False,
AP05A,1441757,,,-,-,5/23/2026,False,,False,
AP05A,1441758,,,-,-,5/23/2026,False,,False,
AP05A,1441759,,,-,-,5/23/2026,False,,False,
AP05A,1441760,,,-,-,5/23/2026,False,,False,
AP05A,1441761,,,-,-,5/23/2026,False,,False,
AP05A,1441762,,,-,-,5/23/2026,False,,False,
AP05A,1441763,,,-,-,5/23/2026,False,,False,
AP05A,1441764,,,-,-,5/23/2026,False,,False,
AP05A,1441765,,,-,-,5/23/2026,False,,False,
AP05A,1441766,,,-,-,5/23/2026,False,,False,
AP05A,1441767,,,-,-,5/23/2026,False,,False,
AP05A,1441768,,,-,-,5/23/2026,False,,False,
AP05A,1441769,,,-,-,5/23/2026,False,,False,
AP05A,1441770,,,-,-,5/23/2026,False,,False,
AP05A,1441771,,,-,-,5/23/2026,False,,False,
AP05A,1441772,,,-,-,5/23/2026,False,,False,
AP05A,1441773,,,-,-,5/23/2026,False,,False,
AP05A,1441774,,,-,-,5/23/2026,False,,False,
AP05A,1441775,,,-,-,5/23/2026,False,,False,
AP05A,1441776,,,-,-,5/23/2026,False,,False,
AP05A,1441777,,,-,-,5/23/2026,False,,False,
AP05A,1441778,,,-,-,5/23/2026,False,,False,
AP05A,1441779,,,-,-,5/23/2026,False,,False,
AP05A,1441780,,,-,-,5/23/2026,False,,False,
AP05A,1441781,,,-,-,5/23/2026,False,,False,
AP05A,1441782,,,-,-,5/23/2026,False,,False,
AP05A,1441783,,,-,-,5/23/2026,False,,False,
AP05A,1441784,,,-,-,5/23/2026,False,,False,
AP05A,1441785,,,-,-,5/23/2026,False,,False,
AP05A,1441786,,,-,-,5/23/2026,False,,False,
AP05A,1441787,,,-,-,5/23/2026,False,,False,
AP05A,1441788,,,-,-,5/23/2026,False,,False,
AP05A,1441789,,,-,-,5/23/2026,False,,False,
AP05A,1441790,,,-,-,5/23/2026,False,,False,
AP05A,1441791,,,-,-,5/23/2026,False,,False,
AP05A,1441792,,,-,-,5/23/2026,False,,False,
AP05A,1441793,,,-,-,5/23/2026,False,,False,
AP05A,1441794,,,-,-,5/23/2026,False,,False,
AP05A,1441795,,,-,-,5/23/2026,False,,False,
AP05A,1441796,,,-,-,5/23/2026,False,,False,
AP05A,1441797,,,-,-,5/23/2026,False,,False,
AP05A,1441798,,,-,-,5/23/2026,False,,False,
AP05A,1441799,,,-,-,5/23/2026,False,,False,
AP05A,1441800,,,-,-,5/23/2026,False,,False,
AP05A,1441801,,,-,-,5/23/2026,False,,False,
AP05A,1441802,,,-,-,5/23/2026,False,,False,
AP05A,1441803,,,-,-,5/23/2026,False,,False,
AP05A,1441804,,,-,-,5/23/2026,False,,False,
AP05A,1441805,,,-,-,5/23/2026,False,,False,
AP05A,1441806,,,-,-,5/23/2026,False,,False,
AP05A,1441807,,,-,-,5/23/2026,False,,False,
AP05A,1441808,,,-,-,5/23/2026,False,,False,
AP05A,1441809,,,-,-,5/23/2026,False,,False,
AP05A,1441810,,,-,-,5/23/2026,False,,False,
AP05A,1441811,,,-,-,5/23/2026,False,,False,
AP05A,1441812,,,-,-,5/23/2026,False,,False,
AP05A,1441813,,,-,-,5/23/2026,False,,False,
AP05A,1441814,,,-,-,5/23/2026,False,,False,
AP05A,1441815,,,-,-,5/23/2026,False,,False,
AP05A,1441816,,,-,-,5/23/2026,False,,False,
AP05A,1441817,,,-,-,5/23/2026,False,,False,
AP05A,1441818,,,-,-,5/23/2026,False,,False,
AP05A,1441819,,,-,-,5/23/2026,False,,False,
AP05A,1441820,,,-,-,5/23/2026,False,,False,
AP05A,1441821,,,-,-,5/23/2026,False,,False,
AP05A,1441822,,,-,-,5/23/2026,False,,False,
AP05A,1441823,,,-,-,5/23/2026,False,,False,
AP05A,1441824,,,-,-,5/23/2026,False,,False,
AP05A,1441825,,,-,-,5/23/2026,False,,False,
AP05A,1441826,,,-,-,5/23/2026,False,,False,
AP05A,1441827,,,-,-,5/23/2026,False,,False,
AP05A,1441828,,,-,-,5/23/2026,False,,False,
AP05A,1441829,,,-,-,5/23/2026,False,,False,
AP05A,1441830,,,-,-,5/23/2026,False,,False,
AP05A,1441831,,,-,-,5/23/2026,False,,False,
AP05A,1441832,,,-,-,5/23/2026,False,,False,
AP05A,1441833,,,-,-,5/23/2026,False,,False,
AP05A,1441834,,,-,-,5/23/2026,False,,False,
AP05A,1441835,,,-,-,5/23/2026,False,,False,
AP05A,1441836,,,-,-,5/23/2026,False,,False,
AP05A,1441837,,,-,-,5/23/2026,False,,False,
AP05A,1441838,,,-,-,5/23/2026,False,,False,
AP05A,1441839,,,-,-,5/23/2026,False,,False,
AP05A,1441840,,,-,-,5/23/2026,False,,False,
AP05A,1441841,,,-,-,5/23/2026,False,,False,
AP05A,1441842,,,-,-,5/23/2026,False,,False,
AP05A,1441843,,,-,-,5/23/2026,False,,False,
AP05A,1441844,,,-,-,5/23/2026,False,,False,
AP05A,1441845,,,-,-,5/23/2026,False,,False,
AP05A,1441846,,,-,-,5/23/2026,False,,False,
AP05A,1441847,,,-,-,5/23/2026,False,,False,
AP05A,1441848,,,-,-,5/23/2026,False,,False,
AP05A,1441849,,,-,-,5/23/2026,False,,False,
AP05A,1441850,,,-,-,5/23/2026,False,,False,
AP05A,1441851,,,-,-,5/23/2026,False,,False,
AP05A,1441852,,,-,-,5/23/2026,False,,False,
AP05A,1441853,,,-,-,5/23/2026,False,,False,
AP05A,1441854,,,-,-,5/23/2026,False,,False,
AP05A,1441855,,,-,-,5/23/2026,False,,False,
AP05A,1441856,,,-,-,5/23/2026,False,,False,
AP05A,1441857,,,-,-,5/23/2026,False,,False,
AP05A,1441858,,,-,-,5/23/2026,False,,False,
AP05A,1441859,,,-,-,5/23/2026,False,,False,
AP05A,1441860,,,-,-,5/23/2026,False,,False,
AP05A,1441861,,,-,-,5/23/2026,False,,False,
AP05A,1441862,,,-,-,5/23/2026,False,,False,
AP05A,1441863,,,-,-,5/23/2026,False,,False,
AP05A,1441864,,,-,-,5/23/2026,False,,False,
AP05A,1441865,,,-,-,5/23/2026,False,,False,
AP05A,1441866,,,-,-,5/23/2026,False,,False,
AP05A,1441867,,,-,-,5/23/2026,False,,False,
AP05A,1441868,,,-,-,5/23/2026,False,,False,
AP05A,1441869,,,-,-,5/23/2026,False,,False,
AP05A,1441870,,,-,-,5/23/2026,False,,False,
AP05A,1441871,,,-,-,5/23/2026,False,,False,
AP05A,1441872,,,-,-,5/23/2026,False,,False,
AP05A,1441873,,,-,-,5/23/2026,False,,False,
AP05A,1441874,,,-,-,5/23/2026,False,,False,
AP05A,1441875,,,-,-,5/23/2026,False,,False,
AP05A,1441876,,,-,-,5/23/2026,False,,False,
AP05A,1441877,,,-,-,5/23/2026,False,,False,
AP05A,1441878,,,-,-,5/23/2026,False,,False,
AP05A,1441879,,,-,-,5/23/2026,False,,False,
AP05A,1441880,,,-,-,5/23/2026,False,,False,
AP05A,1441881,,,-,-,5/23/2026,False,,False,
AP05A,1441882,,,-,-,5/23/2026,False,,False,
AP05A,1441883,,,-,-,5/23/2026,False,,False,
AP05A,1441884,,,-,-,5/23/2026,False,,False,
AP05A,1441885,,,-,-,5/23/2026,False,,False,
AP05A,1441886,,,-,-,5/23/2026,False,,False,
AP05A,1441887,,,-,-,5/23/2026,False,,False,
AP05A,1441888,,,-,-,5/23/2026,False,,False,
AP05A,1441889,,,-,-,5/23/2026,False,,False,
AP05A,1441890,,,-,-,5/23/2026,False,,False,
AP05A,1441891,,,-,-,5/23/2026,False,,False,
AP05A,1441892,,,-,-,5/23/2026,False,,False,
AP05A,1441893,,,-,-,5/23/2026,False,,False,
AP05A,1441894,,,-,-,5/23/2026,False,,False,
AP05A,1441895,,,-,-,5/23/2026,False,,False,
AP05A,1441896,,,-,-,5/23/2026,False,,False,
AP05A,1441897,,,-,-,5/23/2026,False,,False,
AP05A,1441898,,,-,-,5/23/2026,False,,False,
AP05A,1441899,,,-,-,5/23/2026,False,,False,
AP05A,1441900,,,-,-,5/23/2026,False,,False,
AP05A,1441901,,,-,-,5/23/2026,False,,False,
AP05A,1441902,,,-,-,5/23/2026,False,,False,
AP05A,1441903,,,-,-,5/23/2026,False,,False,
AP05A,1441904,,,-,-,5/23/2026,False,,False,
AP05A,1441905,,,-,-,5/23/2026,False,,False,
AP05A,1441906,,,-,-,5/23/2026,False,,False,
AP05A,1441907,,,-,-,5/23/2026,False,,False,
AP05A,1441908,,,-,-,5/23/2026,False,,False,
AP05A,1441909,,,-,-,5/23/2026,False,,False,
AP05A,1441910,,,-,-,5/23/2026,False,,False,
AP05A,1441911,,,-,-,5/23/2026,False,,False,
AP05A,1441912,,,-,-,5/23/2026,False,,False,
AP05A,1441913,,,-,-,5/23/2026,False,,False,
AP05A,1441914,,,-,-,5/23/2026,False,,False,
AP05A,1441915,,,-,-,5/23/2026,False,,False,
AP05A,1441916,,,-,-,5/23/2026,False,,False,
AP05A,1441917,,,-,-,5/23/2026,False,,False,
AP05A,1441918,,,-,-,5/23/2026,False,,False,
AP05A,1441919,,,-,-,5/23/2026,False,,False,
AP05A,1441920,,,-,-,5/23/2026,False,,False,
AP05A,1441921,,,-,-,5/23/2026,False,,False,
AP05A,1441922,,,-,-,5/23/2026,False,,False,
AP05A,1441923,,,-,-,5/23/2026,False,,False,
AP05A,1441924,,,-,-,5/23/2026,False,,False,
AP05A,1441925,,,-,-,5/23/2026,False,,False,
AP05A,1441926,,,-,-,5/23/2026,False,,False,
AP05A,1441927,,,-,-,5/23/2026,False,,False,
AP05A,1441928,,,-,-,5/23/2026,False,,False,
AP05A,1441929,,,-,-,5/23/2026,False,,False,
AP05A,1441930,,,-,-,5/23/2026,False,,False,
AP05A,1441931,,,-,-,5/23/2026,False,,False,
AP05A,1441932,,,-,-,5/23/2026,False,,False,
AP05A,1441933,,,-,-,5/23/2026,False,,False,
AP05A,1441934,,,-,-,5/23/2026,False,,False,
AP05A,1441935,,,-,-,5/23/2026,False,,False,
AP05A,1441936,,,-,-,5/23/2026,False,,False,
AP05A,1441937,,,-,-,5/23/2026,False,,False,
AP05A,1441938,,,-,-,5/23/2026,False,,False,
AP05A,1441939,,,-,-,5/23/2026,False,,False,
AP05A,1441940,,,-,-,5/23/2026,False,,False,
AP05A,1441941,,,-,-,5/23/2026,False,,False,
AP05A,1441942,,,-,-,5/23/2026,False,,False,
AP05A,1441943,,,-,-,5/23/2026,False,,False,
AP05A,1441944,,,-,-,5/23/2026,False,,False,
AP05A,1441945,,,-,-,5/23/2026,False,,False,
AP05A,1441946,,,-,-,5/23/2026,False,,False,
AP05A,1441947,,,-,-,5/23/2026,False,,False,
AP05A,1441948,,,-,-,5/23/2026,False,,False,
AP05A,1441949,,,-,-,5/23/2026,False,,False,
AP05A,1441950,,,-,-,5/23/2026,False,,False,
AP05A,1441951,,,-,-,5/23/2026,False,,False,
AP05A,1441952,,,-,-,5/23/2026,False,,False,
AP05A,1441953,,,-,-,5/23/2026,False,,False,
AP05A,1441954,,,-,-,5/23/2026,False,,False,
AP05A,1441955,,,-,-,5/23/2026,False,,False,
AP05A,1441956,,,-,-,5/23/2026,False,,False,
AP05A,1441957,,,-,-,5/23/2026,False,,False,
AP05A,1441958,,,-,-,5/23/2026,False,,False,
AP05A,1441959,,,-,-,5/23/2026,False,,False,
AP05A,1441960,,,-,-,5/23/2026,False,,False,
AP05A,1441961,,,-,-,5/23/2026,False,,False,
AP05A,1441962,,,-,-,5/23/2026,False,,False,
AP05A,1441963,,,-,-,5/23/2026,False,,False,
AP05A,1441964,,,-,-,5/23/2026,False,,False,
AP05A,1441965,,,-,-,5/23/2026,False,,False,
AP05A,1441966,,,-,-,5/23/2026,False,,False,
AP05A,1441967,,,-,-,5/23/2026,False,,False,
AP05A,1441968,,,-,-,5/23/2026,False,,False,
AP05A,1441969,,,-,-,5/23/2026,False,,False,
AP05A,1441970,,,-,-,5/23/2026,False,,False,
AP05A,1441971,,,-,-,5/23/2026,False,,False,
AP05A,1441972,,,-,-,5/23/2026,False,,False,
AP05A,1441973,,,-,-,5/23/2026,False,,False,
AP05A,1441974,,,-,-,5/23/2026,False,,False,
AP05A,1441975,,,-,-,5/23/2026,False,,False,
AP05A,1441976,,,-,-,5/23/2026,False,,False,
AP05A,1441977,,,-,-,5/23/2026,False,,False,
AP05A,1441978,,,-,-,5/23/2026,False,,False,
AP05A,1441979,,,-,-,5/23/2026,False,,False,
AP05A,1441980,,,-,-,5/23/2026,False,,False,
AP05A,1441981,,,-,-,5/23/2026,False,,False,
AP05A,1441982,,,-,-,5/23/2026,False,,False,
AP05A,1441983,,,-,-,5/23/2026,False,,False,
AP05A,1441984,,,-,-,5/23/2026,False,,False,
AP05A,1441985,,,-,-,5/23/2026,False,,False,
AP05A,1441986,,,-,-,5/23/2026,False,,False,
AP05A,1441987,,,-,-,5/23/2026,False,,False,
AP05A,1441988,,,-,-,5/23/2026,False,,False,
AP05A,1441989,,,-,-,5/23/2026,False,,False,
AP05A,1441990,,,-,-,5/23/2026,False,,False,
AP05A,1441991,,,-,-,5/23/2026,False,,False,
AP05A,1441992,,,-,-,5/23/2026,False,,False,
AP05A,1441993,,,-,-,5/23/2026,False,,False,
AP05A,1441994,,,-,-,5/23/2026,False,,False,
AP05A,1441995,,,-,-,5/23/2026,False,,False,
AP05A,1441996,,,-,-,5/23/2026,False,,False,
AP05A,1441997,,,-,-,5/23/2026,False,,False,
AP05A,1441998,,,-,-,5/23/2026,False,,False,
AP05A,1441999,,,-,-,5/23/2026,False,,False,
AP05A,1442000,,,-,-,5/23/2026,False,,False,
AP05A,1442001,,,-,-,5/23/2026,False,,False,
AP05A,1442002,,,-,-,5/23/2026,False,,False,
AP05A,1442003,,,-,-,5/23/2026,False,,False,
AP05A,1442004,,,-,-,5/23/2026,False,,False,
AP05A,1442005,,,-,-,5/23/2026,False,,False,
AP05A,1442006,,,-,-,5/23/2026,False,,False,
AP05A,1442007,,,-,-,5/23/2026,False,,False,
AP05A,1442008,,,-,-,5/23/2026,False,,False,
AP05A,1442009,,,-,-,5/23/2026,False,,False,
AP05A,1442010,,,-,-,5/23/2026,False,,False,
AP05A,1442011,,,-,-,5/23/2026,False,,False,
AP05A,1442012,,,-,-,5/23/2026,False,,False,
AP05A,1442013,,,-,-,5/23/2026,False,,False,
AP05A,1442014,,,-,-,5/23/2026,False,,False,
AP05A,1442015,,,-,-,5/23/2026,False,,False,
AP05A,1442016,,,-,-,5/23/2026,False,,False,
AP05A,1442017,,,-,-,5/23/2026,False,,False,
AP05A,1442018,,,-,-,5/23/2026,False,,False,
AP05A,1442019,,,-,-,5/23/2026,False,,False,
AP05A,1442020,,,-,-,5/23/2026,False,,False,
AP05A,1442021,,,-,-,5/23/2026,False,,False,
AP05A,1442022,,,-,-,5/23/2026,False,,False,
AP05A,1442023,,,-,-,5/23/2026,False,,False,
AP05A,1442024,,,-,-,5/23/2026,False,,False,
AP05A,1442025,,,-,-,5/23/2026,False,,False,
AP05A,1442026,,,-,-,5/23/2026,False,,False,
AP05A,1442027,,,-,-,5/23/2026,False,,False,
AP05A,1442028,,,-,-,5/23/2026,False,,False,
AP05A,1442029,,,-,-,5/23/2026,False,,False,
AP05A,1442030,,,-,-,5/23/2026,False,,False,
AP05A,1442031,,,-,-,5/23/2026,False,,False,
AP05A,1442032,,,-,-,5/23/2026,False,,False,
AP05A,1442033,,,-,-,5/23/2026,False,,False,
AP05A,1442034,,,-,-,5/23/2026,False,,False,
AP05A,1442035,,,-,-,5/23/2026,False,,False,
AP05A,1442036,,,-,-,5/23/2026,False,,False,
AP05A,1442037,,,-,-,5/23/2026,False,,False,
AP05A,1442038,,,-,-,5/23/2026,False,,False,
AP05A,1442039,,,-,-,5/23/2026,False,,False,
AP05A,1442040,,,-,-,5/23/2026,False,,False,
AP05A,1442041,,,-,-,5/23/2026,False,,False,
AP05A,1442042,,,-,-,5/23/2026,False,,False,
AP05A,1442043,,,-,-,5/23/2026,False,,False,
AP05A,1442044,,,-,-,5/23/2026,False,,False,
AP05A,1442045,,,-,-,5/23/2026,False,,False,
AP05A,1442046,,,-,-,5/23/2026,False,,False,
AP05A,1442047,,,-,-,5/23/2026,False,,False,
AP05A,1442048,,,-,-,5/23/2026,False,,False,
AP05A,1442049,,,-,-,5/23/2026,False,,False,
AP05A,1442050,,,-,-,5/23/2026,False,,False,
AP05A,1442051,,,-,-,5/23/2026,False,,False,
AP05A,1442052,,,-,-,5/23/2026,False,,False,
AP05A,1442053,,,-,-,5/23/2026,False,,False,
AP05A,1442054,,,-,-,5/23/2026,False,,False,
AP05A,1442055,,,-,-,5/23/2026,False,,False,
AP05A,1442056,,,-,-,5/23/2026,False,,False,
AP05A,1442057,,,-,-,5/23/2026,False,,False,
AP05A,1442058,,,-,-,5/23/2026,False,,False,
AP05A,1442059,,,-,-,5/23/2026,False,,False,
AP05A,1442060,,,-,-,5/23/2026,False,,False,
AP05A,1442061,,,-,-,5/23/2026,False,,False,
AP05A,1442062,,,-,-,5/23/2026,False,,False,
AP05A,1442063,,,-,-,5/23/2026,False,,False,
AP05A,1442064,,,-,-,5/23/2026,False,,False,
AP05A,1442065,,,-,-,5/23/2026,False,,False,
AP05A,1442066,,,-,-,5/23/2026,False,,False,
AP05A,1442067,,,-,-,5/23/2026,False,,False,
AP05A,1442068,,,-,-,5/23/2026,False,,False,
AP05A,1442069,,,-,-,5/23/2026,False,,False,
AP05A,1442070,,,-,-,5/23/2026,False,,False,
AP05A,1442071,,,-,-,5/23/2026,False,,False,
AP05A,1442072,,,-,-,5/23/2026,False,,False,
AP05A,1442073,,,-,-,5/23/2026,False,,False,
AP05A,1442074,,,-,-,5/23/2026,False,,False,
AP05A,1442075,,,-,-,5/23/2026,False,,False,
AP05A,1442076,,,-,-,5/23/2026,False,,False,
AP05A,1442077,,,-,-,5/23/2026,False,,False,
AP05A,1442078,,,-,-,5/23/2026,False,,False,
AP05A,1442079,,,-,-,5/23/2026,False,,False,
AP05A,1442080,,,-,-,5/23/2026,False,,False,
AP05A,1442081,,,-,-,5/23/2026,False,,False,
AP05A,1442082,,,-,-,5/23/2026,False,,False,
AP05A,1442083,,,-,-,5/23/2026,False,,False,
AP05A,1442084,,,-,-,5/23/2026,False,,False,
AP05A,1442085,,,-,-,5/23/2026,False,,False,
AP05A,1442086,,,-,-,5/23/2026,False,,False,
AP05A,1442087,,,-,-,5/23/2026,False,,False,
AP05A,1442088,,,-,-,5/23/2026,False,,False,
AP05A,1442089,,,-,-,5/23/2026,False,,False,
AP05A,1442090,,,-,-,5/23/2026,False,,False,
AP05A,1442091,,,-,-,5/23/2026,False,,False,
AP05A,1442092,,,-,-,5/23/2026,False,,False,
AP05A,1442093,,,-,-,5/23/2026,False,,False,
AP05A,1442094,,,-,-,5/23/2026,False,,False,
AP05A,1442095,,,-,-,5/23/2026,False,,False,
AP05A,1442096,,,-,-,5/23/2026,False,,False,
AP05A,1442097,,,-,-,5/23/2026,False,,False,
AP05A,1442098,,,-,-,5/23/2026,False,,False,
AP05A,1442099,,,-,-,5/23/2026,False,,False,
AP05A,1442100,,,-,-,5/23/2026,False,,False,
AP05A,1442101,,,-,-,5/23/2026,False,,False,
AP05A,1442102,,,-,-,5/23/2026,False,,False,
AP05A,1442103,,,-,-,5/23/2026,False,,False,
AP05A,1442104,,,-,-,5/23/2026,False,,False,
AP05A,1442105,,,-,-,5/23/2026,False,,False,
AP05A,1442106,,,-,-,5/23/2026,False,,False,
AP05A,1442107,,,-,-,5/23/2026,False,,False,
AP05A,1442108,,,-,-,5/23/2026,False,,False,
AP05A,1442109,,,-,-,5/23/2026,False,,False,
AP05A,1442110,,,-,-,5/23/2026,False,,False,
AP05A,1442111,,,-,-,5/23/2026,False,,False,
AP05A,1442112,,,-,-,5/23/2026,False,,False,
AP05A,1442113,,,-,-,5/23/2026,False,,False,
AP05A,1442114,,,-,-,5/23/2026,False,,False,
AP05A,1442115,,,-,-,5/23/2026,False,,False,
AP05A,1442116,,,-,-,5/23/2026,False,,False,
AP05A,1442117,,,-,-,5/23/2026,False,,False,
AP05A,1442118,,,-,-,5/23/2026,False,,False,
AP05A,1442119,,,-,-,5/23/2026,False,,False,
AP05A,1442120,,,-,-,5/23/2026,False,,False,
AP05A,1442121,,,-,-,5/23/2026,False,,False,
AP05A,1442122,,,-,-,5/23/2026,False,,False,
AP05A,1442123,,,-,-,5/23/2026,False,,False,
AP05A,1442124,,,-,-,5/23/2026,False,,False,
AP05A,1442125,,,-,-,5/23/2026,False,,False,
AP05A,1442126,,,-,-,5/23/2026,False,,False,
AP05A,1442127,,,-,-,5/23/2026,False,,False,
AP05A,1442128,,,-,-,5/23/2026,False,,False,
AP05A,1442129,,,-,-,5/24/2026,False,,False,
AP05A,1442130,,,-,-,5/24/2026,False,,False,
AP05A,1442131,,,-,-,5/24/2026,False,,False,
AP05A,1442132,,,-,-,5/24/2026,False,,False,
AP05A,1442133,,,-,-,5/24/2026,False,,False,
AP05A,1442134,,,-,-,5/24/2026,False,,False,
AP05A,1442135,,,-,-,5/24/2026,False,,False,
AP05A,1442136,,,-,-,5/24/2026,False,,False,
AP05A,1442137,,,-,-,5/24/2026,False,,False,
AP05A,1442138,,,-,-,5/24/2026,False,,False,
AP05A,1442139,,,-,-,5/24/2026,False,,False,
AP05A,1442140,,,-,-,5/24/2026,False,,False,
AP05A,1442141,,,-,-,5/24/2026,False,,False,
AP05A,1442142,,,-,-,5/24/2026,False,,False,
AP05A,1442143,,,-,-,5/24/2026,False,,False,
AP05A,1442144,,,-,-,5/24/2026,False,,False,
AP05A,1442145,,,-,-,5/24/2026,False,,False,
AP05A,1442146,,,-,-,5/24/2026,False,,False,
AP05A,1442147,,,-,-,5/24/2026,False,,False,
AP05A,1442148,,,-,-,5/24/2026,False,,False,
AP05A,1442149,,,-,-,5/24/2026,False,,False,
AP05A,1442150,,,-,-,5/24/2026,False,,False,
AP05A,1442151,,,-,-,5/24/2026,False,,False,
AP05A,1442152,,,-,-,5/24/2026,False,,False,
AP05A,1442153,,,-,-,5/24/2026,False,,False,
AP05A,1442154,,,-,-,5/24/2026,False,,False,
AP05A,1442155,,,-,-,5/24/2026,False,,False,
AP05A,1442156,,,-,-,5/24/2026,False,,False,
AP05A,1442157,,,-,-,5/24/2026,False,,False,
AP05A,1442158,,,-,-,5/24/2026,False,,False,
AP05A,1442159,,,-,-,5/24/2026,False,,False,
AP05A,1442160,,,-,-,5/24/2026,False,,False,
AP05A,1442161,,,-,-,5/24/2026,False,,False,
AP05A,1442162,,,-,-,5/24/2026,False,,False,
AP05A,1442163,,,-,-,5/24/2026,False,,False,
AP05A,1442164,,,-,-,5/24/2026,False,,False,
AP05A,1442165,,,-,-,5/24/2026,False,,False,
AP05A,1442166,,,-,-,5/24/2026,False,,False,
AP05A,1442167,,,-,-,5/24/2026,False,,False,
AP05A,1442168,,,-,-,5/24/2026,False,,False,
AP05A,1442169,,,-,-,5/24/2026,False,,False,
AP05A,1442170,,,-,-,5/24/2026,False,,False,
AP05A,1442171,,,-,-,5/24/2026,False,,False,
AP05A,1442172,,,-,-,5/24/2026,False,,False,
AP05A,1442173,,,-,-,5/24/2026,False,,False,
AP05A,1442174,,,-,-,5/24/2026,False,,False,
AP05A,1442175,,,-,-,5/24/2026,False,,False,
AP05A,1442176,,,-,-,5/24/2026,False,,False,
AP05A,1442177,,,-,-,5/24/2026,False,,False,
AP05A,1442178,,,-,-,5/24/2026,False,,False,
AP05A,1442179,,,-,-,5/24/2026,False,,False,
AP05A,1442180,,,-,-,5/24/2026,False,,False,
AP05A,1442181,,,-,-,5/24/2026,False,,False,
AP05A,1442182,,,-,-,5/24/2026,False,,False,
AP05A,1442183,,,-,-,5/24/2026,False,,False,
AP05A,1442184,,,-,-,5/24/2026,False,,False,
AP05A,1442185,,,-,-,5/24/2026,False,,False,
AP05A,1442186,,,-,-,5/24/2026,False,,False,
AP05A,1442187,,,-,-,5/24/2026,False,,False,
AP05A,1442188,,,-,-,5/24/2026,False,,False,
AP05A,1442189,,,-,-,5/24/2026,False,,False,
AP05A,1442190,,,-,-,5/24/2026,False,,False,
AP05A,1442191,,,-,-,5/24/2026,False,,False,
AP05A,1442192,,,-,-,5/24/2026,False,,False,
AP05A,1442193,,,-,-,5/24/2026,False,,False,
AP05A,1442194,,,-,-,5/24/2026,False,,False,
AP05A,1442195,,,-,-,5/24/2026,False,,False,
AP05A,1442196,,,-,-,5/24/2026,False,,False,
AP05A,1442197,,,-,-,5/24/2026,False,,False,
AP05A,1442198,,,-,-,5/24/2026,False,,False,
AP05A,1442199,,,-,-,5/24/2026,False,,False,
AP05A,1442200,,,-,-,5/24/2026,False,,False,
AP05A,1442201,,,-,-,5/24/2026,False,,False,
AP05A,1442202,,,-,-,5/24/2026,False,,False,
AP05A,1442203,,,-,-,5/24/2026,False,,False,
AP05A,1442204,,,-,-,5/24/2026,False,,False,
AP05A,1442205,,,-,-,5/24/2026,False,,False,
AP05A,1442206,,,-,-,5/24/2026,False,,False,
AP05A,1442207,,,-,-,5/24/2026,False,,False,
AP05A,1442208,,,-,-,5/24/2026,False,,False,
AP05A,1442209,,,-,-,5/24/2026,False,,False,
AP05A,1442210,,,-,-,5/24/2026,False,,False,
AP05A,1442211,,,-,-,5/24/2026,False,,False,
AP05A,1442212,,,-,-,5/24/2026,False,,False,
AP05A,1442213,,,-,-,5/24/2026,False,,False,
AP05A,1442214,,,-,-,5/24/2026,False,,False,
AP05A,1442215,,,-,-,5/24/2026,False,,False,
AP05A,1442216,,,-,-,5/24/2026,False,,False,
AP05A,1442217,,,-,-,5/24/2026,False,,False,
AP05A,1442218,,,-,-,5/24/2026,False,,False,
AP05A,1442219,,,-,-,5/24/2026,False,,False,
AP05A,1442220,,,-,-,5/24/2026,False,,False,
AP05A,1442221,,,-,-,5/24/2026,False,,False,
AP05A,1442222,,,-,-,5/24/2026,False,,False,
AP05A,1442223,,,-,-,5/24/2026,False,,False,
AP05A,1442224,,,-,-,5/24/2026,False,,False,
AP05A,1442225,,,-,-,5/24/2026,False,,False,
AP05A,1442226,,,-,-,5/24/2026,False,,False,
AP05A,1442227,,,-,-,5/24/2026,False,,False,
AP05A,1442228,,,-,-,5/24/2026,False,,False,
AP05A,1442229,,,-,-,5/24/2026,False,,False,
AP05A,1442230,,,-,-,5/24/2026,False,,False,
AP05A,1442231,,,-,-,5/24/2026,False,,False,
AP05A,1442232,,,-,-,5/24/2026,False,,False,
AP05A,1442233,,,-,-,5/24/2026,False,,False,
AP05A,1442234,,,-,-,5/24/2026,False,,False,
AP05A,1442235,,,-,-,5/24/2026,False,,False,
AP05A,1442236,,,-,-,5/24/2026,False,,False,
AP05A,1442237,,,-,-,5/24/2026,False,,False,
AP05A,1442238,,,-,-,5/24/2026,False,,False,
AP05A,1442239,,,-,-,5/24/2026,False,,False,
AP05A,1442240,,,-,-,5/24/2026,False,,False,
AP05A,1442241,,,-,-,5/24/2026,False,,False,
AP05A,1442242,,,-,-,5/24/2026,False,,False,
AP05A,1442243,,,-,-,5/24/2026,False,,False,
AP05A,1442244,,,-,-,5/24/2026,False,,False,
AP05A,1442245,,,-,-,5/24/2026,False,,False,

