textbox7,textbox8
Ford Ship Date:  5/12/2026 11:05:00 AM To End of 866 File,Total Blends:  11502

ShipTo,BlendNumber,RackGroup,RackID,LoadInfo,BatchInfo,ShipDate,ShipStatus,ActualShipDate,PartScanStatus,ActualScanDate
AP03A,1209322,U6XX-9K,111,484182-2,7798-3,5/17/2026,True,4/22/2026 10:24:02 AM,True,4/16/2026 9:03:42 AM
AP03A,1209324,U6XX-9K,111,484182-4,7798-1,5/17/2026,True,4/22/2026 10:24:02 AM,True,4/16/2026 9:02:57 AM
AP03A,1249328,U6XX-9K,112,484183-4,7799-1,5/17/2026,True,4/22/2026 10:24:02 AM,True,4/16/2026 9:26:03 AM
AP03A,1249330,U6XX-9K,113,484184-2,7800-3,5/17/2026,True,4/22/2026 10:24:02 AM,True,4/16/2026 9:27:03 AM
AP03A,1249332,U6XX-9K,113,484184-4,7800-1,5/17/2026,True,4/22/2026 10:24:02 AM,True,4/16/2026 9:26:48 AM
AP03A,1269342,U6XX-9K,116,484187-2,7803-3,5/17/2026,True,4/22/2026 10:24:02 AM,True,4/16/2026 9:28:04 AM
AP03A,1269345,U611-LTP-9,23,485594-12,0-0,6/1/2026,True,4/22/2026 10:24:02 AM,True,4/21/2026 8:50:53 AM
AP03A,1269345,U611-RTP-9,20,485595-24,0-0,6/1/2026,True,4/22/2026 10:24:02 AM,True,4/21/2026 9:16:31 AM
AP03A,1302207,U6XX,317,489610-1,441239-4,5/13/2026,True,5/9/2026 1:12:48 AM,True,5/8/2026 6:46:59 PM
AP03A,1335108,U6XX,43,490350-2,441964-3,5/13/2026,True,5/12/2026 6:27:44 PM,True,5/12/2026 9:21:56 AM
AP03A,1335109,U6XX,43,490350-3,441964-2,5/13/2026,True,5/12/2026 6:27:44 PM,True,5/12/2026 9:21:53 AM
AP03A,1335110,U6XX,43,490350-4,441964-1,5/13/2026,True,5/12/2026 6:27:44 PM,True,5/12/2026 9:21:05 AM
AP03A,1335111,U6XX,44,490351-1,441965-4,5/13/2026,True,5/12/2026 6:27:44 PM,True,5/12/2026 9:27:52 AM
AP03A,1335112,U6XX,44,490351-2,441965-3,5/13/2026,True,5/12/2026 6:27:44 PM,True,5/12/2026 9:25:14 AM
AP03A,1335113,U6XX,44,490351-3,441965-2,5/13/2026,True,5/12/2026 6:27:44 PM,True,5/12/2026 9:25:11 AM
AP03A,1335114,U6XX,44,490351-4,441965-1,5/13/2026,True,5/12/2026 6:27:44 PM,True,5/12/2026 9:22:02 AM
AP03A,1335115,U6XX,45,490352-1,441966-4,5/13/2026,True,5/12/2026 6:27:44 PM,True,5/12/2026 9:28:24 AM
AP03A,1335116,U6XX,45,490352-2,441966-3,5/13/2026,True,5/12/2026 6:27:44 PM,True,5/12/2026 9:27:56 AM
AP03A,1335117,U6XX,45,490352-3,441966-2,5/13/2026,True,5/12/2026 6:27:44 PM,True,5/12/2026 9:27:54 AM
AP03A,1335118,U6XX,45,490352-4,441966-1,5/13/2026,True,5/12/2026 6:27:44 PM,True,5/12/2026 9:27:52 AM
AP03A,1335119,U6XX,46,490353-1,441967-4,5/13/2026,True,5/12/2026 6:27:44 PM,True,5/12/2026 9:33:23 AM
AP03A,1335120,U6XX,46,490353-2,441967-3,5/13/2026,True,5/12/2026 6:27:44 PM,True,5/12/2026 9:33:22 AM
AP03A,1335121,U6XX,46,490353-3,441967-2,5/13/2026,True,5/12/2026 6:27:44 PM,True,5/12/2026 9:33:20 AM
AP03A,1335122,U6XX,46,490353-4,441967-1,5/13/2026,True,5/12/2026 6:27:44 PM,True,5/12/2026 9:28:27 AM
AP03A,1335123,U6XX,47,490354-1,441968-4,5/13/2026,True,5/12/2026 6:27:44 PM,True,5/12/2026 9:35:54 AM
AP03A,1335124,U6XX,47,490354-2,441968-3,5/13/2026,True,5/12/2026 6:27:44 PM,True,5/12/2026 9:35:53 AM
AP03A,1335125,U6XX,47,490354-3,441968-2,5/13/2026,True,5/12/2026 6:27:44 PM,True,5/12/2026 9:35:08 AM
AP03A,1335126,U6XX,47,490354-4,441968-1,5/13/2026,True,5/12/2026 6:27:44 PM,True,5/12/2026 9:33:29 AM
AP03A,1335127,U6XX,48,490355-1,441969-4,5/13/2026,True,5/12/2026 6:27:44 PM,True,5/12/2026 9:38:10 AM
AP03A,1335128,U6XX,48,490355-2,441969-3,5/13/2026,True,5/12/2026 6:27:44 PM,True,5/12/2026 9:38:06 AM
AP03A,1335129,U6XX,48,490355-3,441969-2,5/13/2026,True,5/12/2026 6:27:44 PM,True,5/12/2026 9:38:02 AM
AP03A,1335130,U6XX,48,490355-4,441969-1,5/13/2026,True,5/12/2026 6:27:44 PM,True,5/12/2026 9:36:28 AM
AP03A,1335131,U6XX,49,490356-1,441970-4,5/13/2026,True,5/12/2026 7:17:07 PM,True,5/12/2026 9:42:14 AM
AP03A,1335132,U6XX,49,490356-2,441970-3,5/13/2026,True,5/12/2026 7:17:07 PM,True,5/12/2026 9:41:36 AM
AP03A,1335133,U6XX,49,490356-3,441970-2,5/13/2026,True,5/12/2026 7:17:07 PM,True,5/12/2026 9:41:30 AM
AP03A,1335134,U6XX,49,490356-4,441970-1,5/13/2026,True,5/12/2026 7:17:07 PM,True,5/12/2026 9:38:14 AM
AP03A,1335135,U6XX,50,490357-1,441971-4,5/13/2026,True,5/12/2026 7:17:07 PM,True,5/12/2026 9:46:06 AM
AP03A,1335136,U6XX,50,490357-2,441971-3,5/13/2026,True,5/12/2026 7:17:07 PM,True,5/12/2026 9:46:05 AM
AP03A,1335137,U6XX,50,490357-3,441971-2,5/13/2026,True,5/12/2026 7:17:07 PM,True,5/12/2026 9:45:48 AM
AP03A,1335138,U6XX,50,490357-4,441971-1,5/13/2026,True,5/12/2026 7:17:07 PM,True,5/12/2026 9:42:17 AM
AP03A,1335139,U6XX,51,490358-1,441972-4,5/13/2026,True,5/12/2026 7:17:07 PM,True,5/12/2026 9:48:00 AM
AP03A,1335140,U6XX,51,490358-2,441972-3,5/13/2026,True,5/12/2026 7:17:07 PM,True,5/12/2026 9:47:57 AM
AP03A,1335141,U6XX,51,490358-3,441972-2,5/13/2026,True,5/12/2026 7:17:07 PM,True,5/12/2026 9:47:55 AM
AP03A,1335142,U6XX,51,490358-4,441972-1,5/13/2026,True,5/12/2026 7:17:07 PM,True,5/12/2026 9:46:24 AM
AP03A,1335143,U6XX,52,490359-1,441973-4,5/13/2026,True,5/12/2026 7:17:07 PM,True,5/12/2026 9:52:20 AM
AP03A,1335144,U6XX,52,490359-2,441973-3,5/13/2026,True,5/12/2026 7:17:07 PM,True,5/12/2026 9:51:35 AM
AP03A,1335145,U6XX,52,490359-3,441973-2,5/13/2026,True,5/12/2026 7:17:07 PM,True,5/12/2026 9:51:31 AM
AP03A,1335146,U6XX,52,490359-4,441973-1,5/13/2026,True,5/12/2026 7:17:07 PM,True,5/12/2026 9:48:04 AM
AP03A,1335147,U6XX,53,490360-1,441974-4,5/13/2026,True,5/12/2026 7:17:07 PM,True,5/12/2026 10:02:37 AM
AP03A,1335148,U6XX,53,490360-2,441974-3,5/13/2026,True,5/12/2026 7:17:07 PM,True,5/12/2026 10:02:34 AM
AP03A,1335149,U6XX,53,490360-3,441974-2,5/13/2026,True,5/12/2026 7:17:07 PM,True,5/12/2026 10:02:33 AM
AP03A,1335150,U6XX,53,490360-4,441974-1,5/13/2026,True,5/12/2026 7:17:07 PM,True,5/12/2026 9:52:52 AM
AP03A,1335151,U6XX,54,490361-1,441975-4,5/13/2026,True,5/12/2026 7:17:07 PM,True,5/12/2026 10:07:11 AM
AP03A,1335152,U6XX,54,490361-2,441975-3,5/13/2026,True,5/12/2026 7:17:07 PM,True,5/12/2026 10:06:21 AM
AP03A,1335153,U6XX,54,490361-3,441975-2,5/13/2026,True,5/12/2026 7:17:07 PM,True,5/12/2026 10:06:19 AM
AP03A,1335154,U6XX,54,490361-4,441975-1,5/13/2026,True,5/12/2026 7:17:07 PM,True,5/12/2026 10:02:41 AM
AP03A,1335155,U6XX,55,490362-1,441976-4,5/13/2026,True,5/12/2026 7:17:07 PM,True,5/12/2026 10:10:17 AM
AP03A,1335156,U6XX,55,490362-2,441976-3,5/13/2026,True,5/12/2026 7:17:07 PM,True,5/12/2026 10:10:12 AM
AP03A,1335157,U6XX,55,490362-3,441976-2,5/13/2026,True,5/12/2026 7:17:07 PM,True,5/12/2026 10:08:28 AM
AP03A,1335158,U6XX,55,490362-4,441976-1,5/13/2026,True,5/12/2026 7:17:07 PM,True,5/12/2026 10:07:15 AM
AP03A,1335159,U6XX,56,490363-1,441977-4,5/13/2026,True,5/12/2026 7:17:07 PM,True,5/12/2026 10:13:50 AM
AP03A,1335160,U6XX,56,490363-2,441977-3,5/13/2026,True,5/12/2026 7:17:07 PM,True,5/12/2026 10:13:47 AM
AP03A,1335161,U6XX,56,490363-3,441977-2,5/13/2026,True,5/12/2026 7:17:07 PM,True,5/12/2026 10:13:45 AM
AP03A,1335162,U6XX,56,490363-4,441977-1,5/13/2026,True,5/12/2026 7:17:07 PM,True,5/12/2026 10:13:45 AM
AP03A,1335163,U6XX,57,490364-1,441978-4,5/13/2026,True,5/12/2026 7:17:07 PM,True,5/12/2026 10:17:31 AM
AP03A,1335164,U6XX,57,490364-2,441978-3,5/13/2026,True,5/12/2026 7:17:07 PM,True,5/12/2026 10:17:28 AM
AP03A,1335165,U6XX,57,490364-3,441978-2,5/13/2026,True,5/12/2026 7:17:07 PM,True,5/12/2026 10:17:11 AM
AP03A,1335166,U6XX,57,490364-4,441978-1,5/13/2026,True,5/12/2026 7:17:07 PM,True,5/12/2026 10:13:54 AM
AP03A,1335167,U6XX,58,490365-1,441979-4,5/13/2026,True,5/12/2026 7:17:07 PM,True,5/12/2026 10:21:19 AM
AP03A,1335168,U6XX,58,490365-2,441979-3,5/13/2026,True,5/12/2026 7:17:07 PM,True,5/12/2026 10:20:07 AM
AP03A,1335169,U6XX,58,490365-3,441979-2,5/13/2026,True,5/12/2026 7:17:07 PM,True,5/12/2026 10:20:01 AM
AP03A,1335170,U6XX,58,490365-4,441979-1,5/13/2026,True,5/12/2026 7:17:07 PM,True,5/12/2026 10:17:34 AM
AP03A,1335171,U6XX,59,490366-1,441980-4,5/13/2026,True,5/12/2026 7:17:07 PM,True,5/12/2026 10:25:24 AM
AP03A,1335172,U6XX,59,490366-2,441980-3,5/13/2026,True,5/12/2026 7:17:07 PM,True,5/12/2026 10:24:04 AM
AP03A,1335173,U6XX,59,490366-3,441980-2,5/13/2026,True,5/12/2026 7:17:07 PM,True,5/12/2026 10:23:59 AM
AP03A,1335174,U6XX,59,490366-4,441980-1,5/13/2026,True,5/12/2026 7:17:07 PM,True,5/12/2026 10:21:22 AM
AP03A,1335175,U6XX,60,490367-1,441981-4,5/13/2026,True,5/12/2026 7:17:07 PM,True,5/12/2026 10:27:43 AM
AP03A,1335176,U6XX,60,490367-2,441981-3,5/13/2026,True,5/12/2026 7:17:07 PM,True,5/12/2026 10:26:47 AM
AP03A,1335177,U6XX,60,490367-3,441981-2,5/13/2026,True,5/12/2026 7:17:07 PM,True,5/12/2026 10:26:44 AM
AP03A,1335178,U6XX,60,490367-4,441981-1,5/13/2026,True,5/12/2026 7:17:07 PM,True,5/12/2026 10:25:30 AM
AP03A,1335179,U6XX,61,490368-1,441982-4,5/13/2026,True,5/12/2026 7:17:07 PM,True,5/12/2026 10:29:52 AM
AP03A,1335180,U6XX,61,490368-2,441982-3,5/13/2026,True,5/12/2026 7:17:07 PM,True,5/12/2026 10:29:50 AM
AP03A,1335181,U6XX,61,490368-3,441982-2,5/13/2026,True,5/12/2026 7:17:07 PM,True,5/12/2026 10:29:46 AM
AP03A,1335182,U6XX,61,490368-4,441982-1,5/13/2026,True,5/12/2026 7:17:07 PM,True,5/12/2026 10:27:43 AM
AP03A,1335183,U6XX,62,490369-1,441983-4,5/13/2026,True,5/12/2026 7:17:07 PM,True,5/12/2026 10:33:12 AM
AP03A,1335184,U6XX,62,490369-2,441983-3,5/13/2026,True,5/12/2026 7:17:07 PM,True,5/12/2026 10:33:09 AM
AP03A,1335185,U6XX,62,490369-3,441983-2,5/13/2026,True,5/12/2026 7:17:07 PM,True,5/12/2026 10:33:06 AM
AP03A,1335186,U6XX,62,490369-4,441983-1,5/13/2026,True,5/12/2026 7:17:07 PM,True,5/12/2026 10:29:55 AM
AP03A,1335187,U6XX,63,490370-1,441984-4,5/13/2026,True,5/12/2026 7:17:07 PM,True,5/12/2026 10:38:00 AM
AP03A,1335188,U6XX,63,490370-2,441984-3,5/13/2026,True,5/12/2026 7:17:07 PM,True,5/12/2026 10:37:59 AM
AP03A,1335189,U6XX,63,490370-3,441984-2,5/13/2026,True,5/12/2026 7:17:07 PM,True,5/12/2026 10:37:08 AM
AP03A,1335190,U6XX,63,490370-4,441984-1,5/13/2026,True,5/12/2026 7:17:07 PM,True,5/12/2026 10:33:16 AM
AP03A,1335191,U6XX,64,490371-1,441985-4,5/13/2026,True,5/12/2026 7:17:07 PM,True,5/12/2026 10:41:38 AM
AP03A,1335192,U6XX,64,490371-2,441985-3,5/13/2026,True,5/12/2026 7:17:07 PM,True,5/12/2026 10:41:35 AM
AP03A,1335193,U6XX,64,490371-3,441985-2,5/13/2026,True,5/12/2026 7:17:07 PM,True,5/12/2026 10:41:33 AM
AP03A,1335194,U6XX,64,490371-4,441985-1,5/13/2026,True,5/12/2026 7:17:07 PM,True,5/12/2026 10:38:36 AM
AP03A,1335195,U6XX,65,490372-1,441986-4,5/13/2026,True,5/12/2026 7:17:07 PM,True,5/12/2026 10:45:35 AM
AP03A,1335196,U6XX,65,490372-2,441986-3,5/13/2026,True,5/12/2026 7:17:07 PM,True,5/12/2026 10:45:01 AM
AP03A,1335197,U6XX,65,490372-3,441986-2,5/13/2026,True,5/12/2026 7:17:07 PM,True,5/12/2026 10:44:57 AM
AP03A,1335198,U6XX,65,490372-4,441986-1,5/13/2026,True,5/12/2026 7:17:07 PM,True,5/12/2026 10:41:43 AM
AP03A,1335199,U6XX,66,490373-1,441987-4,5/13/2026,True,5/12/2026 7:17:07 PM,True,5/12/2026 10:49:30 AM
AP03A,1335200,U6XX,66,490373-2,441987-3,5/13/2026,True,5/12/2026 7:17:07 PM,True,5/12/2026 10:49:13 AM
AP03A,1335201,U6XX,66,490373-3,441987-2,5/13/2026,True,5/12/2026 7:17:07 PM,True,5/12/2026 10:49:13 AM
AP03A,1335202,U6XX,66,490373-4,441987-1,5/13/2026,True,5/12/2026 7:17:07 PM,True,5/12/2026 10:45:39 AM
AP03A,1335203,U6XX,67,490374-1,441988-4,5/13/2026,True,5/12/2026 7:17:07 PM,True,5/12/2026 10:52:20 AM
AP03A,1335204,U6XX,67,490374-2,441988-3,5/13/2026,True,5/12/2026 7:17:07 PM,True,5/12/2026 10:52:17 AM
AP03A,1335205,U6XX,67,490374-3,441988-2,5/13/2026,True,5/12/2026 7:17:07 PM,True,5/12/2026 10:52:14 AM
AP03A,1335206,U6XX,67,490374-4,441988-1,5/13/2026,True,5/12/2026 7:17:07 PM,True,5/12/2026 10:49:33 AM
AP03A,1335207,U6XX,68,490375-1,441989-4,5/13/2026,True,5/12/2026 7:17:07 PM,True,5/12/2026 10:57:48 AM
AP03A,1335208,U6XX,68,490375-2,441989-3,5/13/2026,True,5/12/2026 7:17:07 PM,True,5/12/2026 10:57:43 AM
AP03A,1335209,U6XX,68,490375-3,441989-2,5/13/2026,True,5/12/2026 7:17:07 PM,True,5/12/2026 10:55:28 AM
AP03A,1335210,U6XX,68,490375-4,441989-1,5/13/2026,True,5/12/2026 7:17:07 PM,True,5/12/2026 10:52:23 AM
AP03A,1335211,U6XX,69,490376-1,441990-4,5/13/2026,True,5/12/2026 7:17:07 PM,True,5/12/2026 11:31:48 AM
AP03A,1335212,U6XX,69,490376-2,441990-3,5/13/2026,True,5/12/2026 7:17:07 PM,True,5/12/2026 11:30:53 AM
AP03A,1335213,U6XX,69,490376-3,441990-2,5/13/2026,True,5/12/2026 7:17:07 PM,True,5/12/2026 11:30:49 AM
AP03A,1335214,U6XX,69,490376-4,441990-1,5/13/2026,True,5/12/2026 7:17:07 PM,True,5/12/2026 11:30:49 AM
AP03A,1335215,U6XX,70,490377-1,441991-4,5/13/2026,True,5/12/2026 7:17:07 PM,True,5/12/2026 11:35:21 AM
AP03A,1335216,U6XX,70,490377-2,441991-3,5/13/2026,True,5/12/2026 7:17:07 PM,True,5/12/2026 11:34:20 AM
AP03A,1335217,U6XX,70,490377-3,441991-2,5/13/2026,True,5/12/2026 7:17:07 PM,True,5/12/2026 11:34:16 AM
AP03A,1335218,U6XX,70,490377-4,441991-1,5/13/2026,True,5/12/2026 7:17:07 PM,True,5/12/2026 11:31:52 AM
AP03A,1335219,U6XX,71,490378-1,441992-4,5/13/2026,True,5/12/2026 7:17:07 PM,True,5/12/2026 11:41:52 AM
AP03A,1335220,U6XX,71,490378-2,441992-3,5/13/2026,True,5/12/2026 7:17:07 PM,True,5/12/2026 11:41:50 AM
AP03A,1335221,U6XX,71,490378-3,441992-2,5/13/2026,True,5/12/2026 7:17:07 PM,True,5/12/2026 11:41:48 AM
AP03A,1335222,U6XX,71,490378-4,441992-1,5/13/2026,True,5/12/2026 7:17:07 PM,True,5/12/2026 11:35:24 AM
AP03A,1335223,U6XX,72,490379-1,441993-4,5/13/2026,True,5/12/2026 7:17:07 PM,True,5/12/2026 11:42:37 AM
AP03A,1335224,U6XX,72,490379-2,441993-3,5/13/2026,True,5/12/2026 7:17:07 PM,True,5/12/2026 11:42:35 AM
AP03A,1335225,U6XX,72,490379-3,441993-2,5/13/2026,True,5/12/2026 7:17:07 PM,True,5/12/2026 11:42:00 AM
AP03A,1335226,U6XX,72,490379-4,441993-1,5/13/2026,True,5/12/2026 7:17:07 PM,True,5/12/2026 11:41:55 AM
AP03A,1335227,U6XX,73,490380-1,441994-4,5/13/2026,True,5/12/2026 9:45:30 PM,True,5/12/2026 11:47:32 AM
AP03A,1335228,U6XX,73,490380-2,441994-3,5/13/2026,True,5/12/2026 9:45:30 PM,True,5/12/2026 11:45:12 AM
AP03A,1335229,U6XX,73,490380-3,441994-2,5/13/2026,True,5/12/2026 9:45:30 PM,True,5/12/2026 11:44:54 AM
AP03A,1335230,U6XX,73,490380-4,441994-1,5/13/2026,True,5/12/2026 9:45:30 PM,True,5/12/2026 11:42:40 AM
AP03A,1335231,U6XX,74,490381-1,441995-4,5/13/2026,True,5/12/2026 9:45:30 PM,True,5/12/2026 11:48:41 AM
AP03A,1335232,U6XX,74,490381-2,441995-3,5/13/2026,True,5/12/2026 9:45:30 PM,True,5/12/2026 11:48:38 AM
AP03A,1335233,U6XX,74,490381-3,441995-2,5/13/2026,True,5/12/2026 9:45:30 PM,True,5/12/2026 11:48:35 AM
AP03A,1335234,U6XX,74,490381-4,441995-1,5/13/2026,True,5/12/2026 9:45:30 PM,True,5/12/2026 11:47:32 AM
AP03A,1335235,U6XX,75,490382-1,441996-4,5/13/2026,True,5/12/2026 9:45:30 PM,True,5/12/2026 11:53:31 AM
AP03A,1335236,U6XX,75,490382-2,441996-3,5/13/2026,True,5/12/2026 9:45:30 PM,True,5/12/2026 11:52:40 AM
AP03A,1335237,U6XX,75,490382-3,441996-2,5/13/2026,True,5/12/2026 9:45:30 PM,True,5/12/2026 11:52:36 AM
AP03A,1335238,U6XX,75,490382-4,441996-1,5/13/2026,True,5/12/2026 9:45:30 PM,True,5/12/2026 11:48:45 AM
AP03A,1335239,U6XX,76,490383-1,441997-4,5/13/2026,True,5/12/2026 9:45:30 PM,True,5/12/2026 11:56:06 AM
AP03A,1335240,U611-LHTOP,118,489523-3,0-0,5/13/2026,True,5/11/2026 4:57:29 PM,True,5/11/2026 6:11:05 AM
AP03A,1335240,U611-RHTOP,66,489211-3,0-0,5/13/2026,True,5/11/2026 4:57:29 PM,True,5/9/2026 6:23:43 AM
AP03A,1335240,U6XX,76,490383-2,441997-3,5/13/2026,True,5/12/2026 9:45:30 PM,True,5/12/2026 11:56:05 AM
AP03A,1335241,U6XX,76,490383-3,441997-2,5/13/2026,True,5/12/2026 9:45:30 PM,True,5/12/2026 11:56:01 AM
AP03A,1335242,U6XX,76,490383-4,441997-1,5/13/2026,True,5/12/2026 9:45:30 PM,True,5/12/2026 11:53:33 AM
AP03A,1335243,U6XX,77,490384-1,441998-4,5/13/2026,True,5/12/2026 9:45:30 PM,True,5/12/2026 12:03:42 PM
AP03A,1335244,U6XX,77,490384-2,441998-3,5/13/2026,True,5/12/2026 9:45:30 PM,True,5/12/2026 12:03:39 PM
AP03A,1335245,U6XX,77,490384-3,441998-2,5/13/2026,True,5/12/2026 9:45:30 PM,True,5/12/2026 12:02:58 PM
AP03A,1335246,U6XX,77,490384-4,441998-1,5/13/2026,True,5/12/2026 9:45:30 PM,True,5/12/2026 11:56:09 AM
AP03A,1335247,U6XX,78,490385-1,441999-4,5/13/2026,True,5/12/2026 9:45:30 PM,True,5/12/2026 12:10:18 PM
AP03A,1335248,U6XX,78,490385-2,441999-3,5/13/2026,True,5/12/2026 9:45:30 PM,True,5/12/2026 12:06:41 PM
AP03A,1335249,U6XX,78,490385-3,441999-2,5/13/2026,True,5/12/2026 9:45:30 PM,True,5/12/2026 12:06:39 PM
AP03A,1335250,U6XX,78,490385-4,441999-1,5/13/2026,True,5/12/2026 9:45:30 PM,True,5/12/2026 12:03:46 PM
AP03A,1335251,U6XX,79,490386-1,442000-4,5/13/2026,True,5/12/2026 9:45:30 PM,True,5/12/2026 12:10:30 PM
AP03A,1335252,U6XX,79,490386-2,442000-3,5/13/2026,True,5/12/2026 9:45:30 PM,True,5/12/2026 12:10:26 PM
AP03A,1335253,U611-LHTOP,118,489523-4,0-0,5/13/2026,True,5/11/2026 4:57:29 PM,True,5/11/2026 6:20:55 AM
AP03A,1335253,U611-RHTOP,66,489211-4,0-0,5/13/2026,True,5/11/2026 4:57:29 PM,True,5/9/2026 6:27:50 AM
AP03A,1335253,U6XX,79,490386-3,442000-2,5/13/2026,True,5/12/2026 9:45:30 PM,True,5/12/2026 12:10:26 PM
AP03A,1335254,U6XX,79,490386-4,442000-1,5/13/2026,True,5/12/2026 9:45:30 PM,True,5/12/2026 12:10:20 PM
AP03A,1335255,U6XX,80,490387-1,442001-4,5/13/2026,True,5/12/2026 9:45:30 PM,True,5/12/2026 12:15:28 PM
AP03A,1335256,U6XX,80,490387-2,442001-3,5/13/2026,True,5/12/2026 9:45:30 PM,True,5/12/2026 12:14:53 PM
AP03A,1335257,U6XX,80,490387-3,442001-2,5/13/2026,True,5/12/2026 9:45:30 PM,True,5/12/2026 12:14:05 PM
AP03A,1335258,U6XX,80,490387-4,442001-1,5/13/2026,True,5/12/2026 9:45:30 PM,True,5/12/2026 12:10:34 PM
AP03A,1335259,U6XX,81,490388-1,442002-4,5/13/2026,True,5/12/2026 9:45:30 PM,True,5/12/2026 12:18:23 PM
AP03A,1335260,U6XX,81,490388-2,442002-3,5/13/2026,True,5/12/2026 9:45:30 PM,True,5/12/2026 12:16:38 PM
AP03A,1335261,U6XX,81,490388-3,442002-2,5/13/2026,True,5/12/2026 9:45:30 PM,True,5/12/2026 12:16:35 PM
AP03A,1335262,U6XX,81,490388-4,442002-1,5/13/2026,True,5/12/2026 9:45:30 PM,True,5/12/2026 12:16:33 PM
AP03A,1335263,U6XX,82,490390-1,442003-4,5/13/2026,True,5/12/2026 9:45:30 PM,True,5/12/2026 12:20:31 PM
AP03A,1335264,U6XX,82,490390-2,442003-3,5/13/2026,True,5/12/2026 9:45:30 PM,True,5/12/2026 12:20:02 PM
AP03A,1335265,U611-LHTOP,118,489523-5,0-0,5/13/2026,True,5/11/2026 4:57:29 PM,True,5/11/2026 6:22:17 AM
AP03A,1335265,U611-RHTOP,66,489211-5,0-0,5/13/2026,True,5/11/2026 4:57:29 PM,True,5/9/2026 6:33:00 AM
AP03A,1335265,U6XX,82,490390-3,442003-2,5/13/2026,True,5/12/2026 9:45:30 PM,True,5/12/2026 12:20:01 PM
AP03A,1335266,U6XX,82,490390-4,442003-1,5/13/2026,True,5/12/2026 9:45:30 PM,True,5/12/2026 12:19:01 PM
AP03A,1335267,U6XX,83,490391-1,442004-4,5/13/2026,True,5/12/2026 9:45:30 PM,True,5/12/2026 12:24:33 PM
AP03A,1335268,U6XX,83,490391-2,442004-3,5/13/2026,True,5/12/2026 9:45:30 PM,True,5/12/2026 12:23:29 PM
AP03A,1335269,U6XX,83,490391-3,442004-2,5/13/2026,True,5/12/2026 9:45:30 PM,True,5/12/2026 12:22:01 PM
AP03A,1335270,U6XX,83,490391-4,442004-1,5/13/2026,True,5/12/2026 9:45:30 PM,True,5/12/2026 12:20:34 PM
AP03A,1335271,U6XX,84,490392-1,442005-4,5/13/2026,True,5/12/2026 9:45:30 PM,True,5/12/2026 12:27:54 PM
AP03A,1335272,U6XX,84,490392-2,442005-3,5/13/2026,True,5/12/2026 9:45:30 PM,True,5/12/2026 12:26:32 PM
AP03A,1335273,U6XX,84,490392-3,442005-2,5/13/2026,True,5/12/2026 9:45:30 PM,True,5/12/2026 12:26:29 PM
AP03A,1335274,U6XX,84,490392-4,442005-1,5/13/2026,True,5/12/2026 9:45:30 PM,True,5/12/2026 12:24:38 PM
AP03A,1335275,U6XX,85,490393-1,442006-4,5/13/2026,True,5/12/2026 9:45:30 PM,True,5/12/2026 12:31:22 PM
AP03A,1335276,U6XX,85,490393-2,442006-3,5/13/2026,True,5/12/2026 9:45:30 PM,True,5/12/2026 12:28:48 PM
AP03A,1335277,U6XX,85,490393-3,442006-2,5/13/2026,True,5/12/2026 9:45:30 PM,True,5/12/2026 12:28:42 PM
AP03A,1335278,U611-LHTOP,118,489523-6,0-0,5/13/2026,True,5/11/2026 4:57:29 PM,True,5/11/2026 6:23:39 AM
AP03A,1335278,U611-RHTOP,66,489211-6,0-0,5/13/2026,True,5/11/2026 4:57:29 PM,True,5/9/2026 6:40:55 AM
AP03A,1335278,U6XX,85,490393-4,442006-1,5/13/2026,True,5/12/2026 9:45:30 PM,True,5/12/2026 12:28:42 PM
AP03A,1335279,U6XX,86,490394-1,442007-4,5/13/2026,True,5/12/2026 9:45:30 PM,True,5/12/2026 12:34:15 PM
AP03A,1335280,U6XX,86,490394-2,442007-3,5/13/2026,True,5/12/2026 9:45:30 PM,True,5/12/2026 12:34:12 PM
AP03A,1335281,U6XX,86,490394-3,442007-2,5/13/2026,True,5/12/2026 9:45:30 PM,True,5/12/2026 12:34:05 PM
AP03A,1335282,U6XX,86,490394-4,442007-1,5/13/2026,True,5/12/2026 9:45:30 PM,True,5/12/2026 12:31:27 PM
AP03A,1335283,U6XX,87,490395-1,442008-4,5/13/2026,True,5/12/2026 9:45:30 PM,True,5/12/2026 12:44:40 PM
AP03A,1335284,U6XX,87,490395-2,442008-3,5/13/2026,True,5/12/2026 9:45:30 PM,True,5/12/2026 12:39:07 PM
AP03A,1335285,U6XX,87,490395-3,442008-2,5/13/2026,True,5/12/2026 9:45:30 PM,True,5/12/2026 12:39:06 PM
AP03A,1335286,U6XX,87,490395-4,442008-1,5/13/2026,True,5/12/2026 9:45:30 PM,True,5/12/2026 12:34:19 PM
AP03A,1335287,U6XX,88,490396-1,442009-4,5/13/2026,True,5/12/2026 9:45:30 PM,True,5/12/2026 12:45:09 PM
AP03A,1335288,U6XX,88,490396-2,442009-3,5/13/2026,True,5/12/2026 9:45:30 PM,True,5/12/2026 12:45:06 PM
AP03A,1335289,U6XX,88,490396-3,442009-2,5/13/2026,True,5/12/2026 9:45:30 PM,True,5/12/2026 12:45:03 PM
AP03A,1335290,U6XX,88,490396-4,442009-1,5/13/2026,True,5/12/2026 9:45:30 PM,True,5/12/2026 12:44:52 PM
AP03A,1335291,U611-LHTOP,118,489523-7,0-0,5/13/2026,True,5/11/2026 4:57:29 PM,True,5/11/2026 6:25:16 AM
AP03A,1335291,U611-RHTOP,66,489211-7,0-0,5/13/2026,True,5/11/2026 4:57:29 PM,True,5/9/2026 6:45:43 AM
AP03A,1335291,U6XX,89,490397-1,442010-4,5/13/2026,True,5/12/2026 9:45:30 PM,True,5/12/2026 12:45:32 PM
AP03A,1335292,U6XX,89,490397-2,442010-3,5/13/2026,True,5/12/2026 9:45:30 PM,True,5/12/2026 12:45:25 PM
AP03A,1335293,U6XX,89,490397-3,442010-2,5/13/2026,True,5/12/2026 9:45:30 PM,True,5/12/2026 12:45:21 PM
AP03A,1335294,U6XX,89,490397-4,442010-1,5/13/2026,True,5/12/2026 9:45:30 PM,True,5/12/2026 12:45:13 PM
AP03A,1335295,U6XX,90,490399-1,442011-4,5/13/2026,True,5/12/2026 9:45:30 PM,True,5/12/2026 12:50:02 PM
AP03A,1335296,U6XX,90,490399-2,442011-3,5/13/2026,True,5/12/2026 9:45:30 PM,True,5/12/2026 12:49:59 PM
AP03A,1335297,U6XX,90,490399-3,442011-2,5/13/2026,True,5/12/2026 9:45:30 PM,True,5/12/2026 12:49:20 PM
AP03A,1335298,U6XX,90,490399-4,442011-1,5/13/2026,True,5/12/2026 9:45:30 PM,True,5/12/2026 12:45:32 PM
AP03A,1335299,U6XX,91,490400-1,442012-4,5/13/2026,True,5/12/2026 9:45:30 PM,True,5/12/2026 12:55:44 PM
AP03A,1335300,U6XX,91,490400-2,442012-3,5/13/2026,True,5/12/2026 9:45:30 PM,True,5/12/2026 12:55:43 PM
AP03A,1335301,U6XX,91,490400-3,442012-2,5/13/2026,True,5/12/2026 9:45:30 PM,True,5/12/2026 12:55:41 PM
AP03A,1335302,U6XX,91,490400-4,442012-1,5/13/2026,True,5/12/2026 9:45:30 PM,True,5/12/2026 12:50:05 PM
AP03A,1335303,U6XX,92,490401-1,442013-4,5/13/2026,True,5/12/2026 9:45:30 PM,True,5/12/2026 1:04:00 PM
AP03A,1335304,U611-LHTOP,118,489523-8,0-0,5/13/2026,True,5/11/2026 4:57:29 PM,True,5/11/2026 6:26:46 AM
AP03A,1335304,U611-RHTOP,66,489211-8,0-0,5/13/2026,True,5/11/2026 4:57:29 PM,True,5/9/2026 6:54:44 AM
AP03A,1335304,U6XX,92,490401-2,442013-3,5/13/2026,True,5/12/2026 9:45:30 PM,True,5/12/2026 1:04:00 PM
AP03A,1335305,U6XX,92,490401-3,442013-2,5/13/2026,True,5/12/2026 9:45:30 PM,True,5/12/2026 12:56:06 PM
AP03A,1335306,U6XX,92,490401-4,442013-1,5/13/2026,True,5/12/2026 9:45:30 PM,True,5/12/2026 12:55:47 PM
AP03A,1335307,U6XX,93,490402-1,442014-4,5/13/2026,True,5/12/2026 9:45:30 PM,True,5/12/2026 1:07:14 PM
AP03A,1335308,U6XX,93,490402-2,442014-3,5/13/2026,True,5/12/2026 9:45:30 PM,True,5/12/2026 1:07:12 PM
AP03A,1335309,U6XX,93,490402-3,442014-2,5/13/2026,True,5/12/2026 9:45:30 PM,True,5/12/2026 1:04:51 PM
AP03A,1335310,U6XX,93,490402-4,442014-1,5/13/2026,True,5/12/2026 9:45:30 PM,True,5/12/2026 1:04:02 PM
AP03A,1335311,U6XX,94,490404-1,442015-4,5/13/2026,True,5/12/2026 9:45:30 PM,True,5/12/2026 1:07:39 PM
AP03A,1335312,U6XX,94,490404-2,442015-3,5/13/2026,True,5/12/2026 9:45:30 PM,True,5/12/2026 1:07:35 PM
AP03A,1335313,U6XX,94,490404-3,442015-2,5/13/2026,True,5/12/2026 9:45:30 PM,True,5/12/2026 1:07:32 PM
AP03A,1335314,U6XX,94,490404-4,442015-1,5/13/2026,True,5/12/2026 9:45:30 PM,True,5/12/2026 1:07:16 PM
AP03A,1335315,U6XX,95,490405-1,442016-4,5/13/2026,True,5/12/2026 9:45:30 PM,True,5/12/2026 1:14:01 PM
AP03A,1335316,U6XX,95,490405-2,442016-3,5/13/2026,True,5/12/2026 9:45:30 PM,True,5/12/2026 1:11:41 PM
AP03A,1335317,U611-LHTOP,118,489523-9,0-0,5/13/2026,True,5/11/2026 4:57:29 PM,True,5/11/2026 6:28:06 AM
AP03A,1335317,U611-RHTOP,66,489211-9,0-0,5/13/2026,True,5/11/2026 4:57:29 PM,True,5/9/2026 7:00:15 AM
AP03A,1335317,U6XX,95,490405-3,442016-2,5/13/2026,True,5/12/2026 9:45:30 PM,True,5/12/2026 1:11:41 PM
AP03A,1335318,U6XX,95,490405-4,442016-1,5/13/2026,True,5/12/2026 9:45:30 PM,True,5/12/2026 1:07:50 PM
AP03A,1335319,U6XX,96,490406-1,442017-4,5/13/2026,True,5/12/2026 9:45:30 PM,True,5/12/2026 1:17:24 PM
AP03A,1335320,U6XX,96,490406-2,442017-3,5/13/2026,True,5/12/2026 9:45:30 PM,True,5/12/2026 1:17:22 PM
AP03A,1335321,U6XX,96,490406-3,442017-2,5/13/2026,True,5/12/2026 9:45:30 PM,True,5/12/2026 1:17:15 PM
AP03A,1335322,U6XX,96,490406-4,442017-1,5/13/2026,True,5/12/2026 9:45:30 PM,True,5/12/2026 1:14:05 PM
AP03A,1335323,U6XX,97,490407-1,442018-4,5/13/2026,True,5/13/2026 1:38:55 AM,True,5/12/2026 1:17:50 PM
AP03A,1335324,U6XX,97,490407-2,442018-3,5/13/2026,True,5/13/2026 1:38:55 AM,True,5/12/2026 1:17:45 PM
AP03A,1335325,U6XX,97,490407-3,442018-2,5/13/2026,True,5/13/2026 1:38:55 AM,True,5/12/2026 1:17:43 PM
AP03A,1335326,U6XX,97,490407-4,442018-1,5/13/2026,True,5/13/2026 1:38:55 AM,True,5/12/2026 1:17:27 PM
AP03A,1335327,U6XX,98,490408-1,442019-4,5/13/2026,True,5/13/2026 1:38:55 AM,True,5/12/2026 1:23:07 PM
AP03A,1335328,U6XX,98,490408-2,442019-3,5/13/2026,True,5/13/2026 1:38:55 AM,True,5/12/2026 1:20:37 PM
AP03A,1335329,U6XX,98,490408-3,442019-2,5/13/2026,True,5/13/2026 1:38:55 AM,True,5/12/2026 1:20:34 PM
AP03A,1335330,U611-LHTOP,118,489523-10,0-0,5/13/2026,True,5/11/2026 4:57:29 PM,True,5/11/2026 6:29:19 AM
AP03A,1335330,U611-RHTOP,66,489211-10,0-0,5/13/2026,True,5/11/2026 4:57:29 PM,True,5/9/2026 7:05:27 AM
AP03A,1335330,U6XX,98,490408-4,442019-1,5/13/2026,True,5/13/2026 1:38:55 AM,True,5/12/2026 1:20:33 PM
AP03A,1335331,U6XX,99,490410-1,442020-4,5/13/2026,True,5/13/2026 1:38:55 AM,True,5/12/2026 1:27:06 PM
AP03A,1335332,U6XX,99,490410-2,442020-3,5/13/2026,True,5/13/2026 1:38:55 AM,True,5/12/2026 1:25:14 PM
AP03A,1335333,U6XX,99,490410-3,442020-2,5/13/2026,True,5/13/2026 1:38:55 AM,True,5/12/2026 1:25:10 PM
AP03A,1335334,U6XX,99,490410-4,442020-1,5/13/2026,True,5/13/2026 1:38:55 AM,True,5/12/2026 1:23:10 PM
AP03A,1335335,U6XX,100,490411-1,442021-4,5/13/2026,True,5/13/2026 1:38:55 AM,True,5/12/2026 1:28:52 PM
AP03A,1335336,U6XX,100,490411-2,442021-3,5/13/2026,True,5/13/2026 1:38:55 AM,True,5/12/2026 1:28:10 PM
AP03A,1335337,U6XX,100,490411-3,442021-2,5/13/2026,True,5/13/2026 1:38:55 AM,True,5/12/2026 1:28:07 PM
AP03A,1335338,U6XX,100,490411-4,442021-1,5/13/2026,True,5/13/2026 1:38:55 AM,True,5/12/2026 1:27:09 PM
AP03A,1335339,U6XX,101,490412-1,442022-4,5/13/2026,True,5/13/2026 1:38:55 AM,True,5/12/2026 1:33:36 PM
AP03A,1335340,U6XX,101,490412-2,442022-3,5/13/2026,True,5/13/2026 1:38:55 AM,True,5/12/2026 1:32:49 PM
AP03A,1335341,U6XX,101,490412-3,442022-2,5/13/2026,True,5/13/2026 1:38:55 AM,True,5/12/2026 1:32:45 PM
AP03A,1335342,U6XX,101,490412-4,442022-1,5/13/2026,True,5/13/2026 1:38:55 AM,True,5/12/2026 1:28:54 PM
AP03A,1335343,U611-LHTOP,118,489523-11,0-0,5/13/2026,True,5/11/2026 4:57:29 PM,True,5/11/2026 6:30:57 AM
AP03A,1335343,U611-RHTOP,66,489211-11,0-0,5/13/2026,True,5/11/2026 4:57:29 PM,True,5/9/2026 7:11:01 AM
AP03A,1335343,U6XX,102,490413-1,442023-4,5/13/2026,True,5/13/2026 1:38:55 AM,True,5/12/2026 1:38:23 PM
AP03A,1335344,U6XX,102,490413-2,442023-3,5/13/2026,True,5/13/2026 1:38:55 AM,True,5/12/2026 1:36:08 PM
AP03A,1335345,U6XX,102,490413-3,442023-2,5/13/2026,True,5/13/2026 1:38:55 AM,True,5/12/2026 1:36:04 PM
AP03A,1335346,U6XX,102,490413-4,442023-1,5/13/2026,True,5/13/2026 1:38:55 AM,True,5/12/2026 1:33:39 PM
AP03A,1335347,U6XX,103,490414-1,442024-4,5/13/2026,True,5/13/2026 1:38:55 AM,True,5/12/2026 1:39:18 PM
AP03A,1335348,U6XX,103,490414-2,442024-3,5/13/2026,True,5/13/2026 1:38:55 AM,True,5/12/2026 1:39:15 PM
AP03A,1335349,U6XX,103,490414-3,442024-2,5/13/2026,True,5/13/2026 1:38:55 AM,True,5/12/2026 1:39:11 PM
AP03A,1335350,U6XX,103,490414-4,442024-1,5/13/2026,True,5/13/2026 1:38:55 AM,True,5/12/2026 1:38:24 PM
AP03A,1335351,U6XX,104,490415-1,442025-4,5/13/2026,True,5/13/2026 1:38:55 AM,True,5/12/2026 1:43:48 PM
AP03A,1335352,U6XX,104,490415-2,442025-3,5/13/2026,True,5/13/2026 1:38:55 AM,True,5/12/2026 1:43:46 PM
AP03A,1335353,U6XX,104,490415-3,442025-2,5/13/2026,True,5/13/2026 1:38:55 AM,True,5/12/2026 1:43:43 PM
AP03A,1335354,U6XX,104,490415-4,442025-1,5/13/2026,True,5/13/2026 1:38:55 AM,True,5/12/2026 1:39:23 PM
AP03A,1335355,U6XX,105,490416-1,442026-4,5/13/2026,True,5/13/2026 1:38:55 AM,True,5/12/2026 1:47:53 PM
AP03A,1335356,U611-LHTOP,118,489523-12,0-0,5/13/2026,True,5/11/2026 4:57:29 PM,True,5/11/2026 6:32:22 AM
AP03A,1335356,U611-RHTOP,66,489211-12,0-0,5/13/2026,True,5/11/2026 4:57:29 PM,True,5/9/2026 7:14:38 AM
AP03A,1335356,U6XX,105,490416-2,442026-3,5/13/2026,True,5/13/2026 1:38:55 AM,True,5/12/2026 1:47:52 PM
AP03A,1335357,U6XX,105,490416-3,442026-2,5/13/2026,True,5/13/2026 1:38:55 AM,True,5/12/2026 1:47:03 PM
AP03A,1335358,U6XX,105,490416-4,442026-1,5/13/2026,True,5/13/2026 1:38:55 AM,True,5/12/2026 1:43:51 PM
AP03A,1335359,U6XX,106,490418-1,442027-4,5/13/2026,True,5/13/2026 1:38:55 AM,True,5/12/2026 1:50:03 PM
AP03A,1335360,U6XX,106,490418-2,442027-3,5/13/2026,True,5/13/2026 1:38:55 AM,True,5/12/2026 1:49:59 PM
AP03A,1335361,U6XX,106,490418-3,442027-2,5/13/2026,True,5/13/2026 1:38:55 AM,True,5/12/2026 1:49:54 PM
AP03A,1335362,U6XX,106,490418-4,442027-1,5/13/2026,True,5/13/2026 1:38:55 AM,True,5/12/2026 1:47:57 PM
AP03A,1335363,U6XX,107,490419-1,442028-4,5/13/2026,True,5/13/2026 1:38:55 AM,True,5/12/2026 1:56:06 PM
AP03A,1335364,U6XX,107,490419-2,442028-3,5/13/2026,True,5/13/2026 1:38:55 AM,True,5/12/2026 1:53:35 PM
AP03A,1335365,U6XX,107,490419-3,442028-2,5/13/2026,True,5/13/2026 1:38:55 AM,True,5/12/2026 1:53:16 PM
AP03A,1335366,U6XX,107,490419-4,442028-1,5/13/2026,True,5/13/2026 1:38:55 AM,True,5/12/2026 1:50:06 PM
AP03A,1335367,U6XX,108,490420-1,442029-4,5/13/2026,True,5/13/2026 1:38:55 AM,True,5/12/2026 1:57:57 PM
AP03A,1335368,U6XX,108,490420-2,442029-3,5/13/2026,True,5/13/2026 1:38:55 AM,True,5/12/2026 1:56:48 PM
AP03A,1335369,U611-LHTOP,119,489533-1,0-0,5/13/2026,True,5/11/2026 4:57:29 PM,True,5/11/2026 6:34:01 AM
AP03A,1335369,U611-RHTOP,66,489211-13,0-0,5/13/2026,True,5/11/2026 4:57:29 PM,True,5/9/2026 7:21:56 AM
AP03A,1335369,U6XX,108,490420-3,442029-2,5/13/2026,True,5/13/2026 1:38:55 AM,True,5/12/2026 1:56:48 PM
AP03A,1335370,U6XX,108,490420-4,442029-1,5/13/2026,True,5/13/2026 1:38:55 AM,True,5/12/2026 1:56:13 PM
AP03A,1335371,U6XX,109,490421-1,442030-4,5/13/2026,True,5/13/2026 1:38:55 AM,True,5/12/2026 2:22:12 PM
AP03A,1335372,U6XX,109,490421-2,442030-3,5/13/2026,True,5/13/2026 1:38:55 AM,True,5/12/2026 2:22:08 PM
AP03A,1335373,U6XX,109,490421-3,442030-2,5/13/2026,True,5/13/2026 1:38:55 AM,True,5/12/2026 2:22:03 PM
AP03A,1335374,U6XX,109,490421-4,442030-1,5/13/2026,True,5/13/2026 1:38:55 AM,True,5/12/2026 1:58:00 PM
AP03A,1335375,U6XX,110,490422-1,442031-4,5/13/2026,True,5/13/2026 1:38:55 AM,True,5/12/2026 2:26:59 PM
AP03A,1335376,U6XX,110,490422-2,442031-3,5/13/2026,True,5/13/2026 1:38:55 AM,True,5/12/2026 2:26:38 PM
AP03A,1335377,U6XX,110,490422-3,442031-2,5/13/2026,True,5/13/2026 1:38:55 AM,True,5/12/2026 2:26:36 PM
AP03A,1335378,U6XX,110,490422-4,442031-1,5/13/2026,True,5/13/2026 1:38:55 AM,True,5/12/2026 2:22:21 PM
AP03A,1335379,U6XX,111,490423-1,442032-4,5/13/2026,True,5/13/2026 1:38:55 AM,True,5/12/2026 2:32:16 PM
AP03A,1335380,U6XX,111,490423-2,442032-3,5/13/2026,True,5/13/2026 1:38:55 AM,True,5/12/2026 2:32:14 PM
AP03A,1335381,U6XX,111,490423-3,442032-2,5/13/2026,True,5/13/2026 1:38:55 AM,True,5/12/2026 2:30:38 PM
AP03A,1335382,U611-LHTOP,119,489533-2,0-0,5/13/2026,True,5/11/2026 4:57:29 PM,True,5/11/2026 6:35:26 AM
AP03A,1335382,U611-RHTOP,66,489211-14,0-0,5/13/2026,True,5/11/2026 4:57:29 PM,True,5/9/2026 7:26:18 AM
AP03A,1335382,U6XX,111,490423-4,442032-1,5/13/2026,True,5/13/2026 1:38:55 AM,True,5/12/2026 2:30:37 PM
AP03A,1335383,U6XX,112,490424-1,442033-4,5/13/2026,True,5/13/2026 1:38:55 AM,True,5/12/2026 2:34:56 PM
AP03A,1335384,U6XX,112,490424-2,442033-3,5/13/2026,True,5/13/2026 1:38:55 AM,True,5/12/2026 2:34:55 PM
AP03A,1335385,U6XX,112,490424-3,442033-2,5/13/2026,True,5/13/2026 1:38:55 AM,True,5/12/2026 2:32:31 PM
AP03A,1335386,U6XX,112,490424-4,442033-1,5/13/2026,True,5/13/2026 1:38:55 AM,True,5/12/2026 2:32:26 PM
AP03A,1335387,U6XX,113,490425-1,442034-4,5/13/2026,True,5/13/2026 1:38:55 AM,True,5/12/2026 2:37:50 PM
AP03A,1335388,U6XX,113,490425-2,442034-3,5/13/2026,True,5/13/2026 1:38:55 AM,True,5/12/2026 2:37:11 PM
AP03A,1335389,U6XX,113,490425-3,442034-2,5/13/2026,True,5/13/2026 1:38:55 AM,True,5/12/2026 2:35:39 PM
AP03A,1335390,U6XX,113,490425-4,442034-1,5/13/2026,True,5/13/2026 1:38:55 AM,True,5/12/2026 2:35:37 PM
AP03A,1335391,U6XX,114,490426-1,442035-4,5/13/2026,True,5/13/2026 1:38:55 AM,True,5/12/2026 2:40:48 PM
AP03A,1335392,U6XX,114,490426-2,442035-3,5/13/2026,True,5/13/2026 1:38:55 AM,True,5/12/2026 2:39:26 PM
AP03A,1335393,U6XX,114,490426-3,442035-2,5/13/2026,True,5/13/2026 1:38:55 AM,True,5/12/2026 2:39:23 PM
AP03A,1335394,U611-LHTOP,119,489533-3,0-0,5/13/2026,True,5/11/2026 4:57:29 PM,True,5/11/2026 6:37:37 AM
AP03A,1335394,U611-RHTOP,66,489211-15,0-0,5/13/2026,True,5/11/2026 4:57:29 PM,True,5/9/2026 7:42:59 AM
AP03A,1335394,U6XX,114,490426-4,442035-1,5/13/2026,True,5/13/2026 1:38:55 AM,True,5/12/2026 2:39:22 PM
AP03A,1335395,U6XX,115,490427-1,442036-4,5/13/2026,True,5/13/2026 1:38:55 AM,True,5/12/2026 2:44:18 PM
AP03A,1335396,U6XX,115,490427-2,442036-3,5/13/2026,True,5/13/2026 1:38:55 AM,True,5/12/2026 2:44:15 PM
AP03A,1335397,U6XX,115,490427-3,442036-2,5/13/2026,True,5/13/2026 1:38:55 AM,True,5/12/2026 2:40:54 PM
AP03A,1335398,U6XX,115,490427-4,442036-1,5/13/2026,True,5/13/2026 1:38:55 AM,True,5/12/2026 2:40:51 PM
AP03A,1335399,U6XX,116,490428-1,442037-4,5/13/2026,True,5/13/2026 1:38:55 AM,True,5/12/2026 2:47:12 PM
AP03A,1335400,U6XX,116,490428-2,442037-3,5/13/2026,True,5/13/2026 1:38:55 AM,True,5/12/2026 2:47:09 PM
AP03A,1335401,U6XX,116,490428-3,442037-2,5/13/2026,True,5/13/2026 1:38:55 AM,True,5/12/2026 2:47:05 PM
AP03A,1335402,U6XX,116,490428-4,442037-1,5/13/2026,True,5/13/2026 1:38:55 AM,True,5/12/2026 2:44:22 PM
AP03A,1335403,U6XX,117,490429-1,442038-4,5/13/2026,True,5/13/2026 1:38:55 AM,True,5/12/2026 2:51:43 PM
AP03A,1335404,U6XX,117,490429-2,442038-3,5/13/2026,True,5/13/2026 1:38:55 AM,True,5/12/2026 2:51:39 PM
AP03A,1335405,U6XX,117,490429-3,442038-2,5/13/2026,True,5/13/2026 1:38:55 AM,True,5/12/2026 2:50:58 PM
AP03A,1335406,U6XX,117,490429-4,442038-1,5/13/2026,True,5/13/2026 1:38:55 AM,True,5/12/2026 2:47:15 PM
AP03A,1335407,U611-LHTOP,119,489533-4,0-0,5/13/2026,True,5/11/2026 4:57:29 PM,True,5/11/2026 6:39:18 AM
AP03A,1335407,U611-RHTOP,66,489211-16,0-0,5/13/2026,True,5/11/2026 4:57:29 PM,True,5/9/2026 7:46:43 AM
AP03A,1335407,U6XX,118,490430-1,442039-4,5/13/2026,True,5/13/2026 1:38:55 AM,True,5/12/2026 2:55:22 PM
AP03A,1335408,U6XX,118,490430-2,442039-3,5/13/2026,True,5/13/2026 1:38:55 AM,True,5/12/2026 2:53:54 PM
AP03A,1335409,U6XX,118,490430-3,442039-2,5/13/2026,True,5/13/2026 1:38:55 AM,True,5/12/2026 2:53:50 PM
AP03A,1335410,U6XX,118,490430-4,442039-1,5/13/2026,True,5/13/2026 1:38:55 AM,True,5/12/2026 2:51:47 PM
AP03A,1335411,U6XX,119,490431-1,442040-4,5/13/2026,True,5/13/2026 1:38:55 AM,True,5/12/2026 2:57:10 PM
AP03A,1335412,U6XX,119,490431-2,442040-3,5/13/2026,True,5/13/2026 1:38:55 AM,True,5/12/2026 2:57:07 PM
AP03A,1335413,U6XX,119,490431-3,442040-2,5/13/2026,True,5/13/2026 1:38:55 AM,True,5/12/2026 2:57:05 PM
AP03A,1335414,U6XX,119,490431-4,442040-1,5/13/2026,True,5/13/2026 1:38:55 AM,True,5/12/2026 2:55:23 PM
AP03A,1335415,U6XX,120,490432-1,442041-4,5/13/2026,True,5/13/2026 1:38:55 AM,True,5/12/2026 3:05:09 PM
AP03A,1335416,U6XX,120,490432-2,442041-3,5/13/2026,True,5/13/2026 1:38:55 AM,True,5/12/2026 3:05:05 PM
AP03A,1335417,U6XX,120,490432-3,442041-2,5/13/2026,True,5/13/2026 1:38:55 AM,True,5/12/2026 3:04:08 PM
AP03A,1335418,U6XX,120,490432-4,442041-1,5/13/2026,True,5/13/2026 1:38:55 AM,True,5/12/2026 2:57:15 PM
AP03A,1335419,U6XX,121,490433-1,442042-4,5/13/2026,True,5/13/2026 1:17:13 AM,True,5/12/2026 3:09:27 PM
AP03A,1335420,U611-LHTOP,119,489533-5,0-0,5/13/2026,True,5/11/2026 4:57:29 PM,True,5/11/2026 6:40:47 AM
AP03A,1335420,U611-RHTOP,66,489211-17,0-0,5/13/2026,True,5/11/2026 4:57:29 PM,True,5/9/2026 7:50:50 AM
AP03A,1335420,U6XX,121,490433-2,442042-3,5/13/2026,True,5/13/2026 1:17:13 AM,True,5/12/2026 3:09:26 PM
AP03A,1335421,U6XX,121,490433-3,442042-2,5/13/2026,True,5/13/2026 1:17:13 AM,True,5/12/2026 3:07:57 PM
AP03A,1335422,U6XX,121,490433-4,442042-1,5/13/2026,True,5/13/2026 1:17:13 AM,True,5/12/2026 3:05:14 PM
AP03A,1335423,U6XX,122,490434-1,442043-4,5/13/2026,True,5/13/2026 1:17:13 AM,True,5/12/2026 3:12:57 PM
AP03A,1335424,U6XX,122,490434-2,442043-3,5/13/2026,True,5/13/2026 1:17:13 AM,True,5/12/2026 3:10:37 PM
AP03A,1335425,U6XX,122,490434-3,442043-2,5/13/2026,True,5/13/2026 1:17:13 AM,True,5/12/2026 3:10:35 PM
AP03A,1335426,U6XX,122,490434-4,442043-1,5/13/2026,True,5/13/2026 1:17:13 AM,True,5/12/2026 3:10:32 PM
AP03A,1335427,U6XX,123,490435-1,442044-4,5/13/2026,True,5/13/2026 1:17:13 AM,True,5/12/2026 3:18:30 PM
AP03A,1335428,U6XX,123,490435-2,442044-3,5/13/2026,True,5/13/2026 1:17:13 AM,True,5/12/2026 3:18:27 PM
AP03A,1335429,U6XX,123,490435-3,442044-2,5/13/2026,True,5/13/2026 1:17:13 AM,True,5/12/2026 3:15:17 PM
AP03A,1335430,U6XX,123,490435-4,442044-1,5/13/2026,True,5/13/2026 1:17:13 AM,True,5/12/2026 3:13:01 PM
AP03A,1335431,U6XX,124,490436-1,442045-4,5/13/2026,True,5/13/2026 1:17:13 AM,True,5/12/2026 3:23:23 PM
AP03A,1335432,U6XX,124,490436-2,442045-3,5/13/2026,True,5/13/2026 1:17:13 AM,True,5/12/2026 3:21:25 PM
AP03A,1335433,U611-LHTOP,119,489533-6,0-0,5/13/2026,True,5/11/2026 4:57:29 PM,True,5/11/2026 6:42:07 AM
AP03A,1335433,U611-RHTOP,66,489211-18,0-0,5/13/2026,True,5/11/2026 4:57:29 PM,True,5/9/2026 7:54:21 AM
AP03A,1335433,U6XX,124,490436-3,442045-2,5/13/2026,True,5/13/2026 1:17:13 AM,True,5/12/2026 3:21:25 PM
AP03A,1335434,U6XX,124,490436-4,442045-1,5/13/2026,True,5/13/2026 1:17:13 AM,True,5/12/2026 3:18:33 PM
AP03A,1335435,U6XX,125,490437-1,442046-4,5/13/2026,True,5/13/2026 1:17:13 AM,True,5/12/2026 3:25:16 PM
AP03A,1335436,U6XX,125,490437-2,442046-3,5/13/2026,True,5/13/2026 1:17:13 AM,True,5/12/2026 3:23:55 PM
AP03A,1335437,U6XX,125,490437-3,442046-2,5/13/2026,True,5/13/2026 1:17:13 AM,True,5/12/2026 3:23:39 PM
AP03A,1335438,U6XX,125,490437-4,442046-1,5/13/2026,True,5/13/2026 1:17:13 AM,True,5/12/2026 3:23:25 PM
AP03A,1335439,U6XX,126,490438-1,442047-4,5/13/2026,True,5/13/2026 1:17:13 AM,True,5/12/2026 3:27:14 PM
AP03A,1335440,U6XX,126,490438-2,442047-3,5/13/2026,True,5/13/2026 1:17:13 AM,True,5/12/2026 3:27:12 PM
AP03A,1335441,U6XX,126,490438-3,442047-2,5/13/2026,True,5/13/2026 1:17:13 AM,True,5/12/2026 3:27:09 PM
AP03A,1335442,U6XX,126,490438-4,442047-1,5/13/2026,True,5/13/2026 1:17:13 AM,True,5/12/2026 3:25:30 PM
AP03A,1335443,U6XX,127,490439-1,442048-4,5/13/2026,True,5/13/2026 1:17:13 AM,True,5/12/2026 3:31:07 PM
AP03A,1335444,U6XX,127,490439-2,442048-3,5/13/2026,True,5/13/2026 1:17:13 AM,True,5/12/2026 3:31:04 PM
AP03A,1335445,U6XX,127,490439-3,442048-2,5/13/2026,True,5/13/2026 1:17:13 AM,True,5/12/2026 3:27:20 PM
AP03A,1335446,U611-LHTOP,119,489533-7,0-0,5/13/2026,True,5/11/2026 4:57:29 PM,True,5/11/2026 6:43:28 AM
AP03A,1335446,U611-RHTOP,66,489211-19,0-0,5/13/2026,True,5/11/2026 4:57:29 PM,True,5/9/2026 7:58:37 AM
AP03A,1335446,U6XX,127,490439-4,442048-1,5/13/2026,True,5/13/2026 1:17:13 AM,True,5/12/2026 3:27:20 PM
AP03A,1335447,U6XX,128,490440-1,442049-4,5/13/2026,True,5/13/2026 1:17:13 AM,True,5/12/2026 3:34:01 PM
AP03A,1335448,U6XX,128,490440-2,442049-3,5/13/2026,True,5/13/2026 1:17:13 AM,True,5/12/2026 3:33:57 PM
AP03A,1335449,U6XX,128,490440-3,442049-2,5/13/2026,True,5/13/2026 1:17:13 AM,True,5/12/2026 3:31:14 PM
AP03A,1335450,U6XX,128,490440-4,442049-1,5/13/2026,True,5/13/2026 1:17:13 AM,True,5/12/2026 3:31:10 PM
AP03A,1335451,U6XX,129,490441-1,442050-4,5/13/2026,True,5/13/2026 1:17:13 AM,True,5/12/2026 3:37:37 PM
AP03A,1335452,U6XX,129,490441-2,442050-3,5/13/2026,True,5/13/2026 1:17:13 AM,True,5/12/2026 3:37:04 PM
AP03A,1335453,U6XX,129,490441-3,442050-2,5/13/2026,True,5/13/2026 1:17:13 AM,True,5/12/2026 3:34:07 PM
AP03A,1335454,U6XX,129,490441-4,442050-1,5/13/2026,True,5/13/2026 1:17:13 AM,True,5/12/2026 3:34:04 PM
AP03A,1335455,U6XX,130,490442-1,442051-4,5/13/2026,True,5/13/2026 1:17:13 AM,True,5/12/2026 3:39:26 PM
AP03A,1335456,U6XX,130,490442-2,442051-3,5/13/2026,True,5/13/2026 1:17:13 AM,True,5/12/2026 3:39:22 PM
AP03A,1335457,U6XX,130,490442-3,442051-2,5/13/2026,True,5/13/2026 1:17:13 AM,True,5/12/2026 3:39:19 PM
AP03A,1335458,U6XX,130,490442-4,442051-1,5/13/2026,True,5/13/2026 1:17:13 AM,True,5/12/2026 3:37:40 PM
AP03A,1335459,U611-LHTOP,119,489533-8,0-0,5/13/2026,True,5/11/2026 4:57:29 PM,True,5/11/2026 6:44:50 AM
AP03A,1335459,U611-RHTOP,66,489211-20,0-0,5/13/2026,True,5/11/2026 4:57:29 PM,True,5/9/2026 8:03:57 AM
AP03A,1335459,U6XX,131,490443-1,442052-4,5/13/2026,True,5/13/2026 1:17:13 AM,True,5/12/2026 3:45:28 PM
AP03A,1335460,U6XX,131,490443-2,442052-3,5/13/2026,True,5/13/2026 1:17:13 AM,True,5/12/2026 3:43:23 PM
AP03A,1335461,U6XX,131,490443-3,442052-2,5/13/2026,True,5/13/2026 1:17:13 AM,True,5/12/2026 3:43:20 PM
AP03A,1335462,U6XX,131,490443-4,442052-1,5/13/2026,True,5/13/2026 1:17:13 AM,True,5/12/2026 3:39:29 PM
AP03A,1335463,U6XX,132,490444-1,442053-4,5/13/2026,True,5/13/2026 1:17:13 AM,True,5/12/2026 3:47:40 PM
AP03A,1335464,U6XX,132,490444-2,442053-3,5/13/2026,True,5/13/2026 1:17:13 AM,True,5/12/2026 3:47:37 PM
AP03A,1335465,U6XX,132,490444-3,442053-2,5/13/2026,True,5/13/2026 1:17:13 AM,True,5/12/2026 3:47:35 PM
AP03A,1335466,U6XX,132,490444-4,442053-1,5/13/2026,True,5/13/2026 1:17:13 AM,True,5/12/2026 3:45:29 PM
AP03A,1335467,U6XX,133,490445-1,442054-4,5/13/2026,True,5/13/2026 1:17:13 AM,True,5/12/2026 3:50:43 PM
AP03A,1335468,U6XX,133,490445-2,442054-3,5/13/2026,True,5/13/2026 1:17:13 AM,True,5/12/2026 3:50:04 PM
AP03A,1335469,U6XX,133,490445-3,442054-2,5/13/2026,True,5/13/2026 1:17:13 AM,True,5/12/2026 3:50:01 PM
AP03A,1335470,U6XX,133,490445-4,442054-1,5/13/2026,True,5/13/2026 1:17:13 AM,True,5/12/2026 3:47:43 PM
AP03A,1335471,U6XX,134,490446-1,442055-4,5/13/2026,True,5/13/2026 1:17:13 AM,True,5/12/2026 3:53:14 PM
AP03A,1335472,U611-LHTOP,119,489533-9,0-0,5/13/2026,True,5/11/2026 4:57:29 PM,True,5/11/2026 6:46:27 AM
AP03A,1335472,U611-RHTOP,66,489211-21,0-0,5/13/2026,True,5/11/2026 4:57:29 PM,True,5/9/2026 8:09:59 AM
AP03A,1335472,U6XX,134,490446-2,442055-3,5/13/2026,True,5/13/2026 1:17:13 AM,True,5/12/2026 3:53:14 PM
AP03A,1335473,U6XX,134,490446-3,442055-2,5/13/2026,True,5/13/2026 1:17:13 AM,True,5/12/2026 3:52:58 PM
AP03A,1335474,U6XX,134,490446-4,442055-1,5/13/2026,True,5/13/2026 1:17:13 AM,True,5/12/2026 3:50:47 PM
AP03A,1335475,U6XX,135,490447-1,442056-4,5/13/2026,True,5/13/2026 1:17:13 AM,True,5/12/2026 3:57:40 PM
AP03A,1335476,U6XX,135,490447-2,442056-3,5/13/2026,True,5/13/2026 1:17:13 AM,True,5/12/2026 3:57:31 PM
AP03A,1335477,U6XX,135,490447-3,442056-2,5/13/2026,True,5/13/2026 1:17:13 AM,True,5/12/2026 3:57:27 PM
AP03A,1335478,U6XX,135,490447-4,442056-1,5/13/2026,True,5/13/2026 1:17:13 AM,True,5/12/2026 3:54:17 PM
AP03A,1335479,U6XX,136,490448-1,442057-4,5/13/2026,True,5/13/2026 1:17:13 AM,True,5/12/2026 4:07:55 PM
AP03A,1335480,U6XX,136,490448-2,442057-3,5/13/2026,True,5/13/2026 1:17:13 AM,True,5/12/2026 4:07:50 PM
AP03A,1335481,U6XX,136,490448-3,442057-2,5/13/2026,True,5/13/2026 1:17:13 AM,True,5/12/2026 4:07:48 PM
AP03A,1335482,U6XX,136,490448-4,442057-1,5/13/2026,True,5/13/2026 1:17:13 AM,True,5/12/2026 3:57:43 PM
AP03A,1335483,U6XX,137,490449-1,442058-4,5/13/2026,True,5/13/2026 1:17:13 AM,True,5/12/2026 4:12:55 PM
AP03A,1335484,U6XX,137,490449-2,442058-3,5/13/2026,True,5/13/2026 1:17:13 AM,True,5/12/2026 4:12:54 PM
AP03A,1335485,U611-LHTOP,119,489533-10,0-0,5/13/2026,True,5/11/2026 4:57:29 PM,True,5/11/2026 6:47:43 AM
AP03A,1335485,U611-RHTOP,66,489211-22,0-0,5/13/2026,True,5/11/2026 4:57:29 PM,True,5/9/2026 8:41:55 AM
AP03A,1335485,U6XX,137,490449-3,442058-2,5/13/2026,True,5/13/2026 1:17:13 AM,True,5/12/2026 4:12:54 PM
AP03A,1335486,U6XX,137,490449-4,442058-1,5/13/2026,True,5/13/2026 1:17:13 AM,True,5/12/2026 4:07:58 PM
AP03A,1335487,U6XX,138,490450-1,442059-4,5/13/2026,True,5/13/2026 1:17:13 AM,True,5/12/2026 4:13:06 PM
AP03A,1335488,U6XX,138,490450-2,442059-3,5/13/2026,True,5/13/2026 1:17:13 AM,True,5/12/2026 4:13:03 PM
AP03A,1335489,U6XX,138,490450-3,442059-2,5/13/2026,True,5/13/2026 1:17:13 AM,True,5/12/2026 4:13:00 PM
AP03A,1335490,U6XX,138,490450-4,442059-1,5/13/2026,True,5/13/2026 1:17:13 AM,True,5/12/2026 4:12:58 PM
AP03A,1335491,U6XX,139,490451-1,442060-4,5/13/2026,True,5/13/2026 1:17:13 AM,True,5/12/2026 4:18:47 PM
AP03A,1335492,U6XX,139,490451-2,442060-3,5/13/2026,True,5/13/2026 1:17:13 AM,True,5/12/2026 4:18:39 PM
AP03A,1335493,U6XX,139,490451-3,442060-2,5/13/2026,True,5/13/2026 1:17:13 AM,True,5/12/2026 4:18:06 PM
AP03A,1335494,U6XX,139,490451-4,442060-1,5/13/2026,True,5/13/2026 1:17:13 AM,True,5/12/2026 4:13:09 PM
AP03A,1335495,U6XX,140,490452-1,442061-4,5/13/2026,True,5/13/2026 1:17:13 AM,True,5/12/2026 6:06:19 PM
AP03A,1335496,U6XX,140,490452-2,442061-3,5/13/2026,True,5/13/2026 1:17:13 AM,True,5/12/2026 6:06:16 PM
AP03A,1335497,U6XX,140,490452-3,442061-2,5/13/2026,True,5/13/2026 1:17:13 AM,True,5/12/2026 6:06:14 PM
AP03A,1335498,U611-LHTOP,119,489533-11,0-0,5/13/2026,True,5/11/2026 4:57:29 PM,True,5/11/2026 6:49:21 AM
AP03A,1335498,U611-RHTOP,66,489211-23,0-0,5/13/2026,True,5/11/2026 4:57:29 PM,True,5/9/2026 8:46:38 AM
AP03A,1335498,U6XX,140,490452-4,442061-1,5/13/2026,True,5/13/2026 1:17:13 AM,True,5/12/2026 6:06:13 PM
AP03A,1335499,U6XX,141,490453-1,442062-4,5/13/2026,True,5/13/2026 1:17:13 AM,True,5/12/2026 6:09:07 PM
AP03A,1335500,U6XX,141,490453-2,442062-3,5/13/2026,True,5/13/2026 1:17:13 AM,True,5/12/2026 6:09:03 PM
AP03A,1335501,U6XX,141,490453-3,442062-2,5/13/2026,True,5/13/2026 1:17:13 AM,True,5/12/2026 6:09:00 PM
AP03A,1335502,U6XX,141,490453-4,442062-1,5/13/2026,True,5/13/2026 1:17:13 AM,True,5/12/2026 6:06:23 PM
AP03A,1335503,U6XX,142,490454-1,442063-4,5/13/2026,True,5/13/2026 1:17:13 AM,True,5/12/2026 6:14:05 PM
AP03A,1335504,U6XX,142,490454-2,442063-3,5/13/2026,True,5/13/2026 1:17:13 AM,True,5/12/2026 6:14:00 PM
AP03A,1335505,U6XX,142,490454-3,442063-2,5/13/2026,True,5/13/2026 1:17:13 AM,True,5/12/2026 6:11:02 PM
AP03A,1335506,U6XX,142,490454-4,442063-1,5/13/2026,True,5/13/2026 1:17:13 AM,True,5/12/2026 6:10:59 PM
AP03A,1335507,U6XX,143,490455-1,442064-4,5/13/2026,True,5/13/2026 1:17:13 AM,True,5/12/2026 6:20:43 PM
AP03A,1335508,U6XX,143,490455-2,442064-3,5/13/2026,True,5/13/2026 1:17:13 AM,True,5/12/2026 6:18:09 PM
AP03A,1335509,U6XX,143,490455-3,442064-2,5/13/2026,True,5/13/2026 1:17:13 AM,True,5/12/2026 6:18:06 PM
AP03A,1335510,U6XX,143,490455-4,442064-1,5/13/2026,True,5/13/2026 1:17:13 AM,True,5/12/2026 6:14:08 PM
AP03A,1335511,U611-LHTOP,119,489533-12,0-0,5/13/2026,True,5/11/2026 4:57:29 PM,True,5/11/2026 6:51:08 AM
AP03A,1335511,U611-RHTOP,66,489211-24,0-0,5/13/2026,True,5/11/2026 4:57:29 PM,True,5/9/2026 8:50:21 AM
AP03A,1335511,U6XX,144,490456-1,442065-4,5/13/2026,True,5/13/2026 1:17:13 AM,True,5/12/2026 6:28:51 PM
AP03A,1335512,U6XX,144,490456-2,442065-3,5/13/2026,True,5/13/2026 1:17:13 AM,True,5/12/2026 6:23:31 PM
AP03A,1335513,U6XX,144,490456-3,442065-2,5/13/2026,True,5/13/2026 1:17:13 AM,True,5/12/2026 6:23:27 PM
AP03A,1335514,U6XX,144,490456-4,442065-1,5/13/2026,True,5/13/2026 1:17:13 AM,True,5/12/2026 6:20:47 PM
AP03A,1335515,U6XX,145,490457-1,442066-4,5/13/2026,True,5/13/2026 4:21:23 AM,True,5/12/2026 6:32:33 PM
AP03A,1335516,U6XX,145,490457-2,442066-3,5/13/2026,True,5/13/2026 4:21:23 AM,True,5/12/2026 6:32:28 PM
AP03A,1335517,U6XX,145,490457-3,442066-2,5/13/2026,True,5/13/2026 4:21:23 AM,True,5/12/2026 6:28:56 PM
AP03A,1335518,U6XX,145,490457-4,442066-1,5/13/2026,True,5/13/2026 4:21:23 AM,True,5/12/2026 6:28:51 PM
AP03A,1335519,U6XX,146,490458-1,442067-4,5/13/2026,True,5/13/2026 4:21:23 AM,True,5/12/2026 6:35:53 PM
AP03A,1335520,U6XX,146,490458-2,442067-3,5/13/2026,True,5/13/2026 4:21:23 AM,True,5/12/2026 6:35:50 PM
AP03A,1335521,U6XX,146,490458-3,442067-2,5/13/2026,True,5/13/2026 4:21:23 AM,True,5/12/2026 6:35:47 PM
AP03A,1335522,U6XX,146,490458-4,442067-1,5/13/2026,True,5/13/2026 4:21:23 AM,True,5/12/2026 6:32:36 PM
AP03A,1335523,U611-LHTOP,120,489539-1,0-0,5/13/2026,True,5/11/2026 4:57:29 PM,True,5/11/2026 6:54:50 AM
AP03A,1335523,U611-RHTOP,67,489213-1,0-0,5/13/2026,True,5/11/2026 4:57:29 PM,True,5/9/2026 8:55:23 AM
AP03A,1335523,U6XX,147,490459-1,442068-4,5/13/2026,True,5/13/2026 4:21:23 AM,True,5/12/2026 6:41:12 PM
AP03A,1335524,U6XX,147,490459-2,442068-3,5/13/2026,True,5/13/2026 4:21:23 AM,True,5/12/2026 6:37:17 PM
AP03A,1335525,U6XX,147,490459-3,442068-2,5/13/2026,True,5/13/2026 4:21:23 AM,True,5/12/2026 6:37:14 PM
AP03A,1335526,U6XX,147,490459-4,442068-1,5/13/2026,True,5/13/2026 4:21:23 AM,True,5/12/2026 6:37:11 PM
AP03A,1335527,U6XX,148,490460-1,442069-4,5/13/2026,True,5/13/2026 4:21:23 AM,True,5/12/2026 6:44:11 PM
AP03A,1335528,U6XX,148,490460-2,442069-3,5/13/2026,True,5/13/2026 4:21:23 AM,True,5/12/2026 6:41:18 PM
AP03A,1335529,U6XX,148,490460-3,442069-2,5/13/2026,True,5/13/2026 4:21:23 AM,True,5/12/2026 6:41:15 PM
AP03A,1335530,U6XX,148,490460-4,442069-1,5/13/2026,True,5/13/2026 4:21:23 AM,True,5/12/2026 6:41:13 PM
AP03A,1335531,U6XX,149,490461-1,442070-4,5/13/2026,True,5/13/2026 4:21:23 AM,True,5/12/2026 6:46:47 PM
AP03A,1335532,U6XX,149,490461-2,442070-3,5/13/2026,True,5/13/2026 4:21:23 AM,True,5/12/2026 6:46:43 PM
AP03A,1335533,U6XX,149,490461-3,442070-2,5/13/2026,True,5/13/2026 4:21:23 AM,True,5/12/2026 6:44:19 PM
AP03A,1335534,U6XX,149,490461-4,442070-1,5/13/2026,True,5/13/2026 4:21:23 AM,True,5/12/2026 6:44:16 PM
AP03A,1335535,U6XX,150,490462-1,442071-4,5/13/2026,True,5/13/2026 4:21:23 AM,True,5/12/2026 6:51:35 PM
AP03A,1335536,U611-LHTOP,120,489539-2,0-0,5/13/2026,True,5/11/2026 4:57:29 PM,True,5/11/2026 6:56:18 AM
AP03A,1335536,U611-RHTOP,67,489213-2,0-0,5/13/2026,True,5/11/2026 4:57:29 PM,True,5/9/2026 9:03:01 AM
AP03A,1335536,U6XX,150,490462-2,442071-3,5/13/2026,True,5/13/2026 4:21:23 AM,True,5/12/2026 6:51:34 PM
AP03A,1335537,U6XX,150,490462-3,442071-2,5/13/2026,True,5/13/2026 4:21:23 AM,True,5/12/2026 6:48:43 PM
AP03A,1335538,U6XX,150,490462-4,442071-1,5/13/2026,True,5/13/2026 4:21:23 AM,True,5/12/2026 6:48:08 PM
AP03A,1335539,U6XX,151,490463-1,442072-4,5/13/2026,True,5/13/2026 4:21:23 AM,True,5/12/2026 6:54:34 PM
AP03A,1335540,U6XX,151,490463-2,442072-3,5/13/2026,True,5/13/2026 4:21:23 AM,True,5/12/2026 6:54:06 PM
AP03A,1335541,U6XX,151,490463-3,442072-2,5/13/2026,True,5/13/2026 4:21:23 AM,True,5/12/2026 6:51:46 PM
AP03A,1335542,U6XX,151,490463-4,442072-1,5/13/2026,True,5/13/2026 4:21:23 AM,True,5/12/2026 6:51:44 PM
AP03A,1335543,U6XX,152,490464-1,442073-4,5/13/2026,True,5/13/2026 4:21:23 AM,True,5/12/2026 6:57:30 PM
AP03A,1335544,U6XX,152,490464-2,442073-3,5/13/2026,True,5/13/2026 4:21:23 AM,True,5/12/2026 6:57:27 PM
AP03A,1335545,U6XX,152,490464-3,442073-2,5/13/2026,True,5/13/2026 4:21:23 AM,True,5/12/2026 6:57:23 PM
AP03A,1335546,U6XX,152,490464-4,442073-1,5/13/2026,True,5/13/2026 4:21:23 AM,True,5/12/2026 6:54:37 PM
AP03A,1335547,U6XX,153,490465-1,442074-4,5/13/2026,True,5/13/2026 4:21:23 AM,True,5/12/2026 7:01:16 PM
AP03A,1335548,U6XX,153,490465-2,442074-3,5/13/2026,True,5/13/2026 4:21:23 AM,True,5/12/2026 7:01:09 PM
AP03A,1335549,U611-LHTOP,120,489539-3,0-0,5/13/2026,True,5/11/2026 4:57:29 PM,True,5/11/2026 6:57:54 AM
AP03A,1335549,U611-RHTOP,67,489213-3,0-0,5/13/2026,True,5/11/2026 4:57:29 PM,True,5/9/2026 9:09:16 AM
AP03A,1335549,U6XX,153,490465-3,442074-2,5/13/2026,True,5/13/2026 4:21:23 AM,True,5/12/2026 7:01:08 PM
AP03A,1335550,U6XX,153,490465-4,442074-1,5/13/2026,True,5/13/2026 4:21:23 AM,True,5/12/2026 6:59:37 PM
AP03A,1335551,U6XX,154,490466-1,442075-4,5/13/2026,True,5/13/2026 4:21:23 AM,True,5/12/2026 7:03:58 PM
AP03A,1335552,U6XX,154,490466-2,442075-3,5/13/2026,True,5/13/2026 4:21:23 AM,True,5/12/2026 7:03:55 PM
AP03A,1335553,U6XX,154,490466-3,442075-2,5/13/2026,True,5/13/2026 4:21:23 AM,True,5/12/2026 7:03:52 PM
AP03A,1335554,U6XX,154,490466-4,442075-1,5/13/2026,True,5/13/2026 4:21:23 AM,True,5/12/2026 7:03:47 PM
AP03A,1335555,U6XX,155,490467-1,442076-4,5/13/2026,True,5/13/2026 4:21:23 AM,True,5/12/2026 7:09:32 PM
AP03A,1335556,U6XX,155,490467-2,442076-3,5/13/2026,True,5/13/2026 4:21:23 AM,True,5/12/2026 7:07:01 PM
AP03A,1335557,U6XX,155,490467-3,442076-2,5/13/2026,True,5/13/2026 4:21:23 AM,True,5/12/2026 7:06:56 PM
AP03A,1335558,U6XX,155,490467-4,442076-1,5/13/2026,True,5/13/2026 4:21:23 AM,True,5/12/2026 7:06:51 PM
AP03A,1335559,U6XX,156,490468-1,442077-4,5/13/2026,True,5/13/2026 4:21:23 AM,True,5/12/2026 7:14:00 PM
AP03A,1335560,U6XX,156,490468-2,442077-3,5/13/2026,True,5/13/2026 4:21:23 AM,True,5/12/2026 7:11:50 PM
AP03A,1335561,U6XX,156,490468-3,442077-2,5/13/2026,True,5/13/2026 4:21:23 AM,True,5/12/2026 7:09:39 PM
AP03A,1335562,U611-LHTOP,120,489539-4,0-0,5/13/2026,True,5/11/2026 4:57:29 PM,True,5/11/2026 6:59:33 AM
AP03A,1335562,U611-RHTOP,67,489213-4,0-0,5/13/2026,True,5/11/2026 4:57:29 PM,True,5/9/2026 9:13:20 AM
AP03A,1335562,U6XX,156,490468-4,442077-1,5/13/2026,True,5/13/2026 4:21:23 AM,True,5/12/2026 7:09:38 PM
AP03A,1335563,U6XX,157,490469-1,442078-4,5/13/2026,True,5/13/2026 4:21:23 AM,True,5/12/2026 7:17:33 PM
AP03A,1335564,U6XX,157,490469-2,442078-3,5/13/2026,True,5/13/2026 4:21:23 AM,True,5/12/2026 7:16:50 PM
AP03A,1335565,U6XX,157,490469-3,442078-2,5/13/2026,True,5/13/2026 4:21:23 AM,True,5/12/2026 7:14:09 PM
AP03A,1335566,U6XX,157,490469-4,442078-1,5/13/2026,True,5/13/2026 4:21:23 AM,True,5/12/2026 7:14:06 PM
AP03A,1335567,U6XX,158,490470-1,442079-4,5/13/2026,True,5/13/2026 4:21:23 AM,True,5/12/2026 7:20:09 PM
AP03A,1335568,U6XX,158,490470-2,442079-3,5/13/2026,True,5/13/2026 4:21:23 AM,True,5/12/2026 7:19:25 PM
AP03A,1335569,U6XX,158,490470-3,442079-2,5/13/2026,True,5/13/2026 4:21:23 AM,True,5/12/2026 7:18:17 PM
AP03A,1335570,U6XX,158,490470-4,442079-1,5/13/2026,True,5/13/2026 4:21:23 AM,True,5/12/2026 7:18:13 PM
AP03A,1335571,U6XX,159,490471-1,442080-4,5/13/2026,True,5/13/2026 4:21:23 AM,True,5/12/2026 7:39:04 PM
AP03A,1335572,U6XX,159,490471-2,442080-3,5/13/2026,True,5/13/2026 4:21:23 AM,True,5/12/2026 7:36:27 PM
AP03A,1335573,U6XX,159,490471-3,442080-2,5/13/2026,True,5/13/2026 4:21:23 AM,True,5/12/2026 7:21:46 PM
AP03A,1335574,U6XX,159,490471-4,442080-1,5/13/2026,True,5/13/2026 4:21:23 AM,True,5/12/2026 7:21:40 PM
AP03A,1335575,U611-LHTOP,120,489539-5,0-0,5/13/2026,True,5/11/2026 4:57:29 PM,True,5/11/2026 7:01:22 AM
AP03A,1335575,U611-RHTOP,67,489213-5,0-0,5/13/2026,True,5/11/2026 4:57:29 PM,True,5/9/2026 9:19:24 AM
AP03A,1335575,U6XX,160,490472-1,442081-4,5/13/2026,True,5/13/2026 4:21:23 AM,True,5/12/2026 7:42:54 PM
AP03A,1335576,U6XX,160,490472-2,442081-3,5/13/2026,True,5/13/2026 4:21:23 AM,True,5/12/2026 7:41:29 PM
AP03A,1335577,U6XX,160,490472-3,442081-2,5/13/2026,True,5/13/2026 4:21:23 AM,True,5/12/2026 7:39:12 PM
AP03A,1335578,U6XX,160,490472-4,442081-1,5/13/2026,True,5/13/2026 4:21:23 AM,True,5/12/2026 7:39:09 PM
AP03A,1335579,U6XX,161,490473-1,442082-4,5/13/2026,True,5/13/2026 4:21:23 AM,True,5/12/2026 7:44:46 PM
AP03A,1335580,U6XX,161,490473-2,442082-3,5/13/2026,True,5/13/2026 4:21:23 AM,True,5/12/2026 7:44:42 PM
AP03A,1335581,U6XX,161,490473-3,442082-2,5/13/2026,True,5/13/2026 4:21:23 AM,True,5/12/2026 7:42:58 PM
AP03A,1335582,U6XX,161,490473-4,442082-1,5/13/2026,True,5/13/2026 4:21:23 AM,True,5/12/2026 7:42:54 PM
AP03A,1335583,U6XX,162,490474-1,442083-4,5/13/2026,True,5/13/2026 4:21:23 AM,True,5/12/2026 7:47:27 PM
AP03A,1335584,U6XX,162,490474-2,442083-3,5/13/2026,True,5/13/2026 4:21:23 AM,True,5/12/2026 7:47:23 PM
AP03A,1335585,U6XX,162,490474-3,442083-2,5/13/2026,True,5/13/2026 4:21:23 AM,True,5/12/2026 7:46:51 PM
AP03A,1335586,U6XX,162,490474-4,442083-1,5/13/2026,True,5/13/2026 4:21:23 AM,True,5/12/2026 7:44:50 PM
AP03A,1335587,U6XX,163,490475-1,442084-4,5/13/2026,True,5/13/2026 6:18:01 AM,True,5/12/2026 7:52:12 PM
AP03A,1335588,U611-LHTOP,120,489539-6,0-0,5/13/2026,True,5/11/2026 4:57:29 PM,True,5/11/2026 7:03:10 AM
AP03A,1335588,U611-RHTOP,67,489213-6,0-0,5/13/2026,True,5/11/2026 4:57:29 PM,True,5/9/2026 9:24:43 AM
AP03A,1335588,U6XX,163,490475-2,442084-3,5/13/2026,True,5/13/2026 6:18:01 AM,True,5/12/2026 7:52:12 PM
AP03A,1335589,U6XX,163,490475-3,442084-2,5/13/2026,True,5/13/2026 6:18:01 AM,True,5/12/2026 7:48:56 PM
AP03A,1335590,U6XX,163,490475-4,442084-1,5/13/2026,True,5/13/2026 6:18:01 AM,True,5/12/2026 7:48:07 PM
AP03A,1335591,U6XX,164,490476-1,442085-4,5/13/2026,True,5/13/2026 6:18:01 AM,True,5/12/2026 7:56:35 PM
AP03A,1335592,U6XX,164,490476-2,442085-3,5/13/2026,True,5/13/2026 6:18:01 AM,True,5/12/2026 7:56:31 PM
AP03A,1335593,U6XX,164,490476-3,442085-2,5/13/2026,True,5/13/2026 6:18:01 AM,True,5/12/2026 7:56:26 PM
AP03A,1335594,U6XX,164,490476-4,442085-1,5/13/2026,True,5/13/2026 6:18:01 AM,True,5/12/2026 7:53:47 PM
AP03A,1335595,U6XX,165,490477-1,442086-4,5/13/2026,True,5/13/2026 6:18:01 AM,True,5/12/2026 8:00:14 PM
AP03A,1335596,U6XX,165,490477-2,442086-3,5/13/2026,True,5/13/2026 6:18:01 AM,True,5/12/2026 7:59:07 PM
AP03A,1335597,U6XX,165,490477-3,442086-2,5/13/2026,True,5/13/2026 6:18:01 AM,True,5/12/2026 7:59:03 PM
AP03A,1335598,U6XX,165,490477-4,442086-1,5/13/2026,True,5/13/2026 6:18:01 AM,True,5/12/2026 7:58:59 PM
AP03A,1335599,U6XX,166,490478-1,442087-4,5/13/2026,True,5/13/2026 6:18:01 AM,True,5/12/2026 8:05:38 PM
AP03A,1335600,U6XX,166,490478-2,442087-3,5/13/2026,True,5/13/2026 6:18:01 AM,True,5/12/2026 8:03:03 PM
AP03A,1335601,U611-LHTOP,120,489539-7,0-0,5/13/2026,True,5/11/2026 4:57:29 PM,True,5/11/2026 7:04:48 AM
AP03A,1335601,U611-RHTOP,67,489213-7,0-0,5/13/2026,True,5/11/2026 4:57:29 PM,True,5/9/2026 9:32:07 AM
AP03A,1335601,U6XX,166,490478-3,442087-2,5/13/2026,True,5/13/2026 6:18:01 AM,True,5/12/2026 8:03:03 PM
AP03A,1335602,U6XX,166,490478-4,442087-1,5/13/2026,True,5/13/2026 6:18:01 AM,True,5/12/2026 8:02:53 PM
AP03A,1335603,U6XX,167,490479-1,442088-4,5/13/2026,True,5/13/2026 6:18:01 AM,True,5/12/2026 8:08:21 PM
AP03A,1335604,U6XX,167,490479-2,442088-3,5/13/2026,True,5/13/2026 6:18:01 AM,True,5/12/2026 8:08:18 PM
AP03A,1335605,U6XX,167,490479-3,442088-2,5/13/2026,True,5/13/2026 6:18:01 AM,True,5/12/2026 8:05:46 PM
AP03A,1335606,U6XX,167,490479-4,442088-1,5/13/2026,True,5/13/2026 6:18:01 AM,True,5/12/2026 8:05:43 PM
AP03A,1335607,U6XX,168,490480-1,442089-4,5/13/2026,True,5/13/2026 6:18:01 AM,True,5/12/2026 8:10:38 PM
AP03A,1335608,U6XX,168,490480-2,442089-3,5/13/2026,True,5/13/2026 6:18:01 AM,True,5/12/2026 8:09:48 PM
AP03A,1335609,U6XX,168,490480-3,442089-2,5/13/2026,True,5/13/2026 6:18:01 AM,True,5/12/2026 8:09:45 PM
AP03A,1335610,U6XX,168,490480-4,442089-1,5/13/2026,True,5/13/2026 6:18:01 AM,True,5/12/2026 8:09:42 PM
AP03A,1335611,U6XX,169,490481-1,442090-4,5/13/2026,True,5/13/2026 6:18:01 AM,True,5/12/2026 8:35:30 PM
AP03A,1335612,U6XX,169,490481-2,442090-3,5/13/2026,True,5/13/2026 6:18:01 AM,True,5/12/2026 8:13:00 PM
AP03A,1335613,U6XX,169,490481-3,442090-2,5/13/2026,True,5/13/2026 6:18:01 AM,True,5/12/2026 8:12:57 PM
AP03A,1335614,U611-LHTOP,120,489539-8,0-0,5/13/2026,True,5/11/2026 4:57:29 PM,True,5/11/2026 7:07:37 AM
AP03A,1335614,U611-RHTOP,67,489213-8,0-0,5/13/2026,True,5/11/2026 4:57:29 PM,True,5/9/2026 9:35:56 AM
AP03A,1335614,U6XX,169,490481-4,442090-1,5/13/2026,True,5/13/2026 6:18:01 AM,True,5/12/2026 8:12:56 PM
AP03A,1335615,U6XX,170,490482-1,442091-4,5/13/2026,True,5/13/2026 6:18:01 AM,True,5/12/2026 8:36:25 PM
AP03A,1335616,U6XX,170,490482-2,442091-3,5/13/2026,True,5/13/2026 6:18:01 AM,True,5/12/2026 8:36:22 PM
AP03A,1335617,U6XX,170,490482-3,442091-2,5/13/2026,True,5/13/2026 6:18:01 AM,True,5/12/2026 8:36:20 PM
AP03A,1335618,U6XX,170,490482-4,442091-1,5/13/2026,True,5/13/2026 6:18:01 AM,True,5/12/2026 8:35:33 PM
AP03A,1335619,U6XX,171,490483-1,442092-4,5/13/2026,True,5/13/2026 6:18:01 AM,True,5/12/2026 8:41:40 PM
AP03A,1335620,U6XX,171,490483-2,442092-3,5/13/2026,True,5/13/2026 6:18:01 AM,True,5/12/2026 8:40:27 PM
AP03A,1335621,U6XX,171,490483-3,442092-2,5/13/2026,True,5/13/2026 6:18:01 AM,True,5/12/2026 8:40:21 PM
AP03A,1335622,U6XX,171,490483-4,442092-1,5/13/2026,True,5/13/2026 6:18:01 AM,True,5/12/2026 8:36:28 PM
AP03A,1335623,U6XX,172,490484-1,442093-4,5/13/2026,True,5/13/2026 6:18:01 AM,True,5/12/2026 8:47:25 PM
AP03A,1335624,U6XX,172,490484-2,442093-3,5/13/2026,True,5/13/2026 6:18:01 AM,True,5/12/2026 8:47:22 PM
AP03A,1335625,U6XX,172,490484-3,442093-2,5/13/2026,True,5/13/2026 6:18:01 AM,True,5/12/2026 8:47:20 PM
AP03A,1335626,U6XX,172,490484-4,442093-1,5/13/2026,True,5/13/2026 6:18:01 AM,True,5/12/2026 8:43:26 PM
AP03A,1335627,U611-LHTOP,120,489539-9,0-0,5/13/2026,True,5/11/2026 4:57:29 PM,True,5/11/2026 7:08:55 AM
AP03A,1335627,U611-RHTOP,67,489213-9,0-0,5/13/2026,True,5/11/2026 4:57:29 PM,True,5/9/2026 9:40:09 AM
AP03A,1335627,U6XX,173,490485-1,442094-4,5/13/2026,True,5/13/2026 6:18:01 AM,True,5/12/2026 8:51:31 PM
AP03A,1335628,U6XX,173,490485-2,442094-3,5/13/2026,True,5/13/2026 6:18:01 AM,True,5/12/2026 8:50:17 PM
AP03A,1335629,U6XX,173,490485-3,442094-2,5/13/2026,True,5/13/2026 6:18:01 AM,True,5/12/2026 8:50:14 PM
AP03A,1335630,U6XX,173,490485-4,442094-1,5/13/2026,True,5/13/2026 6:18:01 AM,True,5/12/2026 8:47:29 PM
AP03A,1335631,U6XX,174,490486-1,442095-4,5/13/2026,True,5/13/2026 6:18:01 AM,True,5/12/2026 8:53:49 PM
AP03A,1335632,U6XX,174,490486-2,442095-3,5/13/2026,True,5/13/2026 6:18:01 AM,True,5/12/2026 8:53:34 PM
AP03A,1335633,U6XX,174,490486-3,442095-2,5/13/2026,True,5/13/2026 6:18:01 AM,True,5/12/2026 8:53:29 PM
AP03A,1335634,U6XX,174,490486-4,442095-1,5/13/2026,True,5/13/2026 6:18:01 AM,True,5/12/2026 8:51:31 PM
AP03A,1335635,U6XX,175,490487-1,442096-4,5/13/2026,True,5/13/2026 6:18:01 AM,True,5/12/2026 8:59:25 PM
AP03A,1335636,U6XX,175,490487-2,442096-3,5/13/2026,True,5/13/2026 6:18:01 AM,True,5/12/2026 8:56:43 PM
AP03A,1335637,U6XX,175,490487-3,442096-2,5/13/2026,True,5/13/2026 6:18:01 AM,True,5/12/2026 8:56:41 PM
AP03A,1335638,U6XX,175,490487-4,442096-1,5/13/2026,True,5/13/2026 6:18:01 AM,True,5/12/2026 8:56:35 PM
AP03A,1335639,U6XX,176,490488-1,442097-4,5/13/2026,True,5/13/2026 6:18:01 AM,True,5/12/2026 9:00:43 PM
AP03A,1335640,U611-LHTOP,120,489539-10,0-0,5/13/2026,True,5/11/2026 4:57:29 PM,True,5/11/2026 7:10:45 AM
AP03A,1335640,U611-RHTOP,67,489213-10,0-0,5/13/2026,True,5/11/2026 4:57:29 PM,True,5/9/2026 9:45:48 AM
AP03A,1335640,U6XX,176,490488-2,442097-3,5/13/2026,True,5/13/2026 6:18:01 AM,True,5/12/2026 9:00:42 PM
AP03A,1335641,U6XX,176,490488-3,442097-2,5/13/2026,True,5/13/2026 6:18:01 AM,True,5/12/2026 9:00:38 PM
AP03A,1335642,U6XX,176,490488-4,442097-1,5/13/2026,True,5/13/2026 6:18:01 AM,True,5/12/2026 8:59:27 PM
AP03A,1335643,U6XX,177,490489-1,442098-4,5/13/2026,True,5/13/2026 6:18:01 AM,True,5/12/2026 9:04:29 PM
AP03A,1345644,U6XX,177,490489-2,442098-3,5/13/2026,True,5/13/2026 6:18:01 AM,True,5/12/2026 9:03:21 PM
AP03A,1345645,U6XX,177,490489-3,442098-2,5/13/2026,True,5/13/2026 6:18:01 AM,True,5/12/2026 9:03:18 PM
AP03A,1345646,U6XX,177,490489-4,442098-1,5/13/2026,True,5/13/2026 6:18:01 AM,True,5/12/2026 9:03:15 PM
AP03A,1345647,U6XX,178,490490-1,442099-4,5/13/2026,True,5/13/2026 6:18:01 AM,True,5/12/2026 9:07:40 PM
AP03A,1345648,U6XX,178,490490-2,442099-3,5/13/2026,True,5/13/2026 6:18:01 AM,True,5/12/2026 9:07:37 PM
AP03A,1345649,U6XX,178,490490-3,442099-2,5/13/2026,True,5/13/2026 6:18:01 AM,True,5/12/2026 9:07:35 PM
AP03A,1345650,U6XX,178,490490-4,442099-1,5/13/2026,True,5/13/2026 6:18:01 AM,True,5/12/2026 9:04:32 PM
AP03A,1345651,U6XX,179,490491-1,442100-4,5/13/2026,True,5/13/2026 6:18:01 AM,True,5/12/2026 9:11:54 PM
AP03A,1345652,U611-LHTOP,120,489539-11,0-0,5/13/2026,True,5/11/2026 4:57:29 PM,True,5/11/2026 7:13:21 AM
AP03A,1345652,U611-RHTOP,67,489213-11,0-0,5/13/2026,True,5/11/2026 4:57:29 PM,True,5/9/2026 9:50:14 AM
AP03A,1345652,U6XX,179,490491-2,442100-3,5/13/2026,True,5/13/2026 6:18:01 AM,True,5/12/2026 9:11:53 PM
AP03A,1345653,U6XX,179,490491-3,442100-2,5/13/2026,True,5/13/2026 6:18:01 AM,True,5/12/2026 9:10:34 PM
AP03A,1345654,U6XX,179,490491-4,442100-1,5/13/2026,True,5/13/2026 6:18:01 AM,True,5/12/2026 9:07:43 PM
AP03A,1345655,U6XX,180,490492-1,442101-4,5/13/2026,True,5/13/2026 6:18:01 AM,True,5/12/2026 9:13:55 PM
AP03A,1345656,U6XX,180,490492-2,442101-3,5/13/2026,True,5/13/2026 6:18:01 AM,True,5/12/2026 9:13:53 PM
AP03A,1345657,U6XX,180,490492-3,442101-2,5/13/2026,True,5/13/2026 6:18:01 AM,True,5/12/2026 9:12:01 PM
AP03A,1345658,U6XX,180,490492-4,442101-1,5/13/2026,True,5/13/2026 6:18:01 AM,True,5/12/2026 9:11:57 PM
AP03A,1345659,U6XX,181,490493-1,442102-4,5/13/2026,True,5/13/2026 6:18:01 AM,True,5/12/2026 9:21:41 PM
AP03A,1345660,U6XX,181,490493-2,442102-3,5/13/2026,True,5/13/2026 6:18:01 AM,True,5/12/2026 9:21:38 PM
AP03A,1345661,U6XX,181,490493-3,442102-2,5/13/2026,True,5/13/2026 6:18:01 AM,True,5/12/2026 9:21:34 PM
AP03A,1345662,U6XX,181,490493-4,442102-1,5/13/2026,True,5/13/2026 6:18:01 AM,True,5/12/2026 9:13:59 PM
AP03A,1345663,U6XX,182,490494-1,442103-4,5/13/2026,True,5/13/2026 6:18:01 AM,True,5/12/2026 9:27:33 PM
AP03A,1345664,U6XX,182,490494-2,442103-3,5/13/2026,True,5/13/2026 6:18:01 AM,True,5/12/2026 9:27:25 PM
AP03A,1345665,U611-LHTOP,120,489539-12,0-0,5/13/2026,True,5/11/2026 4:57:29 PM,True,5/11/2026 7:14:51 AM
AP03A,1345665,U611-RHTOP,67,489213-12,0-0,5/13/2026,True,5/11/2026 4:57:29 PM,True,5/9/2026 9:54:29 AM
AP03A,1345665,U6XX,182,490494-3,442103-2,5/13/2026,True,5/13/2026 6:18:01 AM,True,5/12/2026 9:27:25 PM
AP03A,1345666,U6XX,182,490494-4,442103-1,5/13/2026,True,5/13/2026 6:18:01 AM,True,5/12/2026 9:23:45 PM
AP03A,1345667,U6XX,183,490495-1,442104-4,5/13/2026,True,5/13/2026 6:18:01 AM,True,5/12/2026 9:29:46 PM
AP03A,1345668,U6XX,183,490495-2,442104-3,5/13/2026,True,5/13/2026 6:18:01 AM,True,5/12/2026 9:29:42 PM
AP03A,1345669,U6XX,183,490495-3,442104-2,5/13/2026,True,5/13/2026 6:18:01 AM,True,5/12/2026 9:28:41 PM
AP03A,1345670,U6XX,183,490495-4,442104-1,5/13/2026,True,5/13/2026 6:18:01 AM,True,5/12/2026 9:28:01 PM
AP03A,1345671,U6XX,184,490496-1,442105-4,5/13/2026,True,5/13/2026 6:18:01 AM,True,5/12/2026 9:33:11 PM
AP03A,1345672,U6XX,184,490496-2,442105-3,5/13/2026,True,5/13/2026 6:18:01 AM,True,5/12/2026 9:32:23 PM
AP03A,1345673,U6XX,184,490496-3,442105-2,5/13/2026,True,5/13/2026 6:18:01 AM,True,5/12/2026 9:32:20 PM
AP03A,1345674,U6XX,184,490496-4,442105-1,5/13/2026,True,5/13/2026 6:18:01 AM,True,5/12/2026 9:30:09 PM
AP03A,1345675,U6XX,185,490497-1,442106-4,5/13/2026,True,5/13/2026 6:18:01 AM,True,5/12/2026 9:36:45 PM
AP03A,1345676,U6XX,185,490497-2,442106-3,5/13/2026,True,5/13/2026 6:18:01 AM,True,5/12/2026 9:36:04 PM
AP03A,1345677,U6XX,185,490497-3,442106-2,5/13/2026,True,5/13/2026 6:18:01 AM,True,5/12/2026 9:34:30 PM
AP03A,1345678,U611-LHTOP,121,489546-1,0-0,5/13/2026,True,5/11/2026 4:57:29 PM,True,5/11/2026 7:17:13 AM
AP03A,1345678,U611-RHTOP,67,489213-13,0-0,5/13/2026,True,5/11/2026 4:57:29 PM,True,5/9/2026 9:58:01 AM
AP03A,1345678,U6XX,185,490497-4,442106-1,5/13/2026,True,5/13/2026 6:18:01 AM,True,5/12/2026 9:34:29 PM
AP03A,1345679,U6XX,186,490498-1,442107-4,5/13/2026,True,5/13/2026 6:18:01 AM,True,5/12/2026 9:39:02 PM
AP03A,1345680,U6XX,186,490498-2,442107-3,5/13/2026,True,5/13/2026 6:18:01 AM,True,5/12/2026 9:36:55 PM
AP03A,1345681,U6XX,186,490498-3,442107-2,5/13/2026,True,5/13/2026 6:18:01 AM,True,5/12/2026 9:36:51 PM
AP03A,1345682,U6XX,186,490498-4,442107-1,5/13/2026,True,5/13/2026 6:18:01 AM,True,5/12/2026 9:36:48 PM
AP03A,1345683,U6XX,187,490499-1,442108-4,5/13/2026,True,5/13/2026 7:32:07 AM,True,5/12/2026 9:41:07 PM
AP03A,1345684,U6XX,187,490499-2,442108-3,5/13/2026,True,5/13/2026 7:32:07 AM,True,5/12/2026 9:41:04 PM
AP03A,1345685,U6XX,187,490499-3,442108-2,5/13/2026,True,5/13/2026 7:32:07 AM,True,5/12/2026 9:40:28 PM
AP03A,1345686,U6XX,187,490499-4,442108-1,5/13/2026,True,5/13/2026 7:32:07 AM,True,5/12/2026 9:39:46 PM
AP03A,1345687,U6XX,188,490500-1,442109-4,5/13/2026,True,5/13/2026 7:32:07 AM,True,5/12/2026 9:46:27 PM
AP03A,1345688,U6XX,188,490500-2,442109-3,5/13/2026,True,5/13/2026 7:32:07 AM,True,5/12/2026 9:45:36 PM
AP03A,1345689,U6XX,188,490500-3,442109-2,5/13/2026,True,5/13/2026 7:32:07 AM,True,5/12/2026 9:43:52 PM
AP03A,1345690,U6XX,188,490500-4,442109-1,5/13/2026,True,5/13/2026 7:32:07 AM,True,5/12/2026 9:43:47 PM
AP03A,1345691,U611-LHTOP,121,489546-2,0-0,5/13/2026,True,5/11/2026 4:57:29 PM,True,5/11/2026 7:18:45 AM
AP03A,1345691,U611-RHTOP,67,489213-14,0-0,5/13/2026,True,5/11/2026 4:57:29 PM,True,5/9/2026 10:02:13 AM
AP03A,1345691,U6XX,189,490501-1,442110-4,5/13/2026,True,5/13/2026 7:32:07 AM,True,5/12/2026 9:50:57 PM
AP03A,1345692,U6XX,189,490501-2,442110-3,5/13/2026,True,5/13/2026 7:32:07 AM,True,5/12/2026 9:50:50 PM
AP03A,1345693,U6XX,189,490501-3,442110-2,5/13/2026,True,5/13/2026 7:32:07 AM,True,5/12/2026 9:48:26 PM
AP03A,1345694,U6XX,189,490501-4,442110-1,5/13/2026,True,5/13/2026 7:32:07 AM,True,5/12/2026 9:46:32 PM
AP03A,1345695,U6XX,190,490502-1,442111-4,5/13/2026,True,5/13/2026 7:32:07 AM,True,5/12/2026 9:53:24 PM
AP03A,1345696,U6XX,190,490502-2,442111-3,5/13/2026,True,5/13/2026 7:32:07 AM,True,5/12/2026 9:53:21 PM
AP03A,1345697,U6XX,190,490502-3,442111-2,5/13/2026,True,5/13/2026 7:32:07 AM,True,5/12/2026 9:53:15 PM
AP03A,1345698,U6XX,190,490502-4,442111-1,5/13/2026,True,5/13/2026 7:32:07 AM,True,5/12/2026 9:50:58 PM
AP03A,1345699,U6XX,191,490503-1,442112-4,5/13/2026,True,5/13/2026 7:32:07 AM,True,5/12/2026 9:56:42 PM
AP03A,1345700,U6XX,191,490503-2,442112-3,5/13/2026,True,5/13/2026 7:32:07 AM,True,5/12/2026 9:56:38 PM
AP03A,1345701,U6XX,191,490503-3,442112-2,5/13/2026,True,5/13/2026 7:32:07 AM,True,5/12/2026 9:56:33 PM
AP03A,1345702,U6XX,191,490503-4,442112-1,5/13/2026,True,5/13/2026 7:32:07 AM,True,5/12/2026 9:53:27 PM
AP03A,1345703,U6XX,192,490504-1,442113-4,5/13/2026,True,5/13/2026 7:32:07 AM,True,5/12/2026 10:01:43 PM
AP03A,1345704,U611-LHTOP,121,489546-3,0-0,5/13/2026,True,5/11/2026 4:57:29 PM,True,5/11/2026 7:20:41 AM
AP03A,1345704,U611-RHTOP,67,489213-15,0-0,5/13/2026,True,5/11/2026 4:57:29 PM,True,5/9/2026 10:06:07 AM
AP03A,1345704,U6XX,192,490504-2,442113-3,5/13/2026,True,5/13/2026 7:32:07 AM,True,5/12/2026 10:01:42 PM
AP03A,1345705,U6XX,192,490504-3,442113-2,5/13/2026,True,5/13/2026 7:32:07 AM,True,5/12/2026 10:00:54 PM
AP03A,1345706,U6XX,192,490504-4,442113-1,5/13/2026,True,5/13/2026 7:32:07 AM,True,5/12/2026 9:57:41 PM
AP03A,1345707,U6XX,193,490505-1,442114-4,5/13/2026,True,5/13/2026 7:32:07 AM,True,5/12/2026 10:05:39 PM
AP03A,1345708,U6XX,193,490505-2,442114-3,5/13/2026,True,5/13/2026 7:32:07 AM,True,5/12/2026 10:04:01 PM
AP03A,1345709,U6XX,193,490505-3,442114-2,5/13/2026,True,5/13/2026 7:32:07 AM,True,5/12/2026 10:03:59 PM
AP03A,1345710,U6XX,193,490505-4,442114-1,5/13/2026,True,5/13/2026 7:32:07 AM,True,5/12/2026 10:01:46 PM
AP03A,1345711,U6XX,194,490506-1,442115-4,5/13/2026,True,5/13/2026 7:32:07 AM,True,5/12/2026 10:09:34 PM
AP03A,1345712,U6XX,194,490506-2,442115-3,5/13/2026,True,5/13/2026 7:32:07 AM,True,5/12/2026 10:08:08 PM
AP03A,1345713,U6XX,194,490506-3,442115-2,5/13/2026,True,5/13/2026 7:32:07 AM,True,5/12/2026 10:07:02 PM
AP03A,1345714,U6XX,194,490506-4,442115-1,5/13/2026,True,5/13/2026 7:32:07 AM,True,5/12/2026 10:05:41 PM
AP03A,1345715,U6XX,195,490507-1,442116-4,5/13/2026,True,5/13/2026 7:32:07 AM,True,5/12/2026 10:12:58 PM
AP03A,1345716,U6XX,195,490507-2,442116-3,5/13/2026,True,5/13/2026 7:32:07 AM,True,5/12/2026 10:11:32 PM
AP03A,1345717,U611-LHTOP,121,489546-4,0-0,5/13/2026,True,5/11/2026 4:57:29 PM,True,5/11/2026 7:23:37 AM
AP03A,1345717,U611-RHTOP,67,489213-16,0-0,5/13/2026,True,5/11/2026 4:57:29 PM,True,5/9/2026 10:12:55 AM
AP03A,1345717,U6XX,195,490507-3,442116-2,5/13/2026,True,5/13/2026 7:32:07 AM,True,5/12/2026 10:11:32 PM
AP03A,1345718,U6XX,195,490507-4,442116-1,5/13/2026,True,5/13/2026 7:32:07 AM,True,5/12/2026 10:10:13 PM
AP03A,1345719,U6XX,196,490508-1,442117-4,5/13/2026,True,5/13/2026 7:32:07 AM,True,5/12/2026 10:14:20 PM
AP03A,1345720,U6XX,196,490508-2,442117-3,5/13/2026,True,5/13/2026 7:32:07 AM,True,5/12/2026 10:14:17 PM
AP03A,1345721,U6XX,196,490508-3,442117-2,5/13/2026,True,5/13/2026 7:32:07 AM,True,5/12/2026 10:14:14 PM
AP03A,1345722,U6XX,196,490508-4,442117-1,5/13/2026,True,5/13/2026 7:32:07 AM,True,5/12/2026 10:13:01 PM
AP03A,1345723,U6XX,197,490509-1,442118-4,5/13/2026,True,5/13/2026 7:32:07 AM,True,5/12/2026 10:17:44 PM
AP03A,1345724,U6XX,197,490509-2,442118-3,5/13/2026,True,5/13/2026 7:32:07 AM,True,5/12/2026 10:17:41 PM
AP03A,1345725,U6XX,197,490509-3,442118-2,5/13/2026,True,5/13/2026 7:32:07 AM,True,5/12/2026 10:17:37 PM
AP03A,1345726,U6XX,197,490509-4,442118-1,5/13/2026,True,5/13/2026 7:32:07 AM,True,5/12/2026 10:16:16 PM
AP03A,1345727,U6XX,198,490510-1,442119-4,5/13/2026,True,5/13/2026 7:32:07 AM,True,5/12/2026 10:20:47 PM
AP03A,1345728,U6XX,198,490510-2,442119-3,5/13/2026,True,5/13/2026 7:32:07 AM,True,5/12/2026 10:20:42 PM
AP03A,1345729,U6XX,198,490510-3,442119-2,5/13/2026,True,5/13/2026 7:32:07 AM,True,5/12/2026 10:20:40 PM
AP03A,1345730,U611-LHTOP,121,489546-5,0-0,5/13/2026,True,5/11/2026 4:57:29 PM,True,5/11/2026 7:25:21 AM
AP03A,1345730,U611-RHTOP,67,489213-17,0-0,5/13/2026,True,5/11/2026 4:57:29 PM,True,5/9/2026 10:17:40 AM
AP03A,1345730,U6XX,198,490510-4,442119-1,5/13/2026,True,5/13/2026 7:32:07 AM,True,5/12/2026 10:20:40 PM
AP03A,1345731,U6XX,199,490511-1,442120-4,5/13/2026,True,5/13/2026 7:32:07 AM,True,5/12/2026 10:25:06 PM
AP03A,1345732,U6XX,199,490511-2,442120-3,5/13/2026,True,5/13/2026 7:32:07 AM,True,5/12/2026 10:25:01 PM
AP03A,1345733,U6XX,199,490511-3,442120-2,5/13/2026,True,5/13/2026 7:32:07 AM,True,5/12/2026 10:24:19 PM
AP03A,1345734,U6XX,199,490511-4,442120-1,5/13/2026,True,5/13/2026 7:32:07 AM,True,5/12/2026 10:22:59 PM
AP03A,1345735,U6XX,200,490512-1,442121-4,5/13/2026,True,5/13/2026 7:32:07 AM,True,5/12/2026 10:28:17 PM
AP03A,1345736,U6XX,200,490512-2,442121-3,5/13/2026,True,5/13/2026 7:32:07 AM,True,5/12/2026 10:27:33 PM
AP03A,1345737,U6XX,200,490512-3,442121-2,5/13/2026,True,5/13/2026 7:32:07 AM,True,5/12/2026 10:25:12 PM
AP03A,1345738,U6XX,200,490512-4,442121-1,5/13/2026,True,5/13/2026 7:32:07 AM,True,5/12/2026 10:25:09 PM
AP03A,1345739,U6XX,201,490513-1,442122-4,5/13/2026,True,5/13/2026 7:32:07 AM,True,5/12/2026 10:32:55 PM
AP03A,1345740,U6XX,201,490513-2,442122-3,5/13/2026,True,5/13/2026 7:32:07 AM,True,5/12/2026 10:30:17 PM
AP03A,1345741,U6XX,201,490513-3,442122-2,5/13/2026,True,5/13/2026 7:32:07 AM,True,5/12/2026 10:30:12 PM
AP03A,1345742,U6XX,201,490513-4,442122-1,5/13/2026,True,5/13/2026 7:32:07 AM,True,5/12/2026 10:29:45 PM
AP03A,1345743,U611-LHTOP,121,489546-6,0-0,5/13/2026,True,5/11/2026 4:57:29 PM,True,5/11/2026 7:27:00 AM
AP03A,1345743,U611-RHTOP,67,489213-18,0-0,5/13/2026,True,5/11/2026 4:57:29 PM,True,5/9/2026 10:21:58 AM
AP03A,1345743,U6XX,202,490514-1,442123-4,5/13/2026,True,5/13/2026 7:32:07 AM,True,5/12/2026 10:37:11 PM
AP03A,1345744,U6XX,202,490514-2,442123-3,5/13/2026,True,5/13/2026 7:32:07 AM,True,5/12/2026 10:35:46 PM
AP03A,1345745,U6XX,202,490514-3,442123-2,5/13/2026,True,5/13/2026 7:32:07 AM,True,5/12/2026 10:33:04 PM
AP03A,1345746,U6XX,202,490514-4,442123-1,5/13/2026,True,5/13/2026 7:32:07 AM,True,5/12/2026 10:33:01 PM
AP03A,1345747,U6XX,203,490515-1,442124-4,5/13/2026,True,5/13/2026 7:32:07 AM,True,5/12/2026 10:39:46 PM
AP03A,1345748,U6XX,203,490515-2,442124-3,5/13/2026,True,5/13/2026 7:32:07 AM,True,5/12/2026 10:37:20 PM
AP03A,1345749,U6XX,203,490515-3,442124-2,5/13/2026,True,5/13/2026 7:32:07 AM,True,5/12/2026 10:37:16 PM
AP03A,1345750,U6XX,203,490515-4,442124-1,5/13/2026,True,5/13/2026 7:32:07 AM,True,5/12/2026 10:37:11 PM
AP03A,1345751,U6XX,204,490516-1,442125-4,5/13/2026,True,5/13/2026 7:32:07 AM,True,5/12/2026 10:41:31 PM
AP03A,1345752,U6XX,204,490516-2,442125-3,5/13/2026,True,5/13/2026 7:32:07 AM,True,5/12/2026 10:41:25 PM
AP03A,1345753,U6XX,204,490516-3,442125-2,5/13/2026,True,5/13/2026 7:32:07 AM,True,5/12/2026 10:41:16 PM
AP03A,1345754,U6XX,204,490516-4,442125-1,5/13/2026,True,5/13/2026 7:32:07 AM,True,5/12/2026 10:39:49 PM
AP03A,1345755,U6XX,205,490517-1,442126-4,5/13/2026,True,5/13/2026 7:32:07 AM,True,5/12/2026 10:45:30 PM
AP03A,1345756,U611-LHTOP,121,489546-7,0-0,5/13/2026,True,5/11/2026 4:57:29 PM,True,5/11/2026 7:28:26 AM
AP03A,1345756,U611-RHTOP,67,489213-19,0-0,5/13/2026,True,5/11/2026 4:57:29 PM,True,5/9/2026 10:28:32 AM
AP03A,1345756,U6XX,205,490517-2,442126-3,5/13/2026,True,5/13/2026 7:32:07 AM,True,5/12/2026 10:45:30 PM
AP03A,1345757,U6XX,205,490517-3,442126-2,5/13/2026,True,5/13/2026 7:32:07 AM,True,5/12/2026 10:45:24 PM
AP03A,1345758,U6XX,205,490517-4,442126-1,5/13/2026,True,5/13/2026 7:32:07 AM,True,5/12/2026 10:44:49 PM
AP03A,1345759,U6XX,206,490518-1,442127-4,5/13/2026,True,5/13/2026 7:32:07 AM,True,5/12/2026 10:50:45 PM
AP03A,1345760,U6XX,206,490518-2,442127-3,5/13/2026,True,5/13/2026 7:32:07 AM,True,5/12/2026 10:50:41 PM
AP03A,1345761,U6XX,206,490518-3,442127-2,5/13/2026,True,5/13/2026 7:32:07 AM,True,5/12/2026 10:50:39 PM
AP03A,1345762,U6XX,206,490518-4,442127-1,5/13/2026,True,5/13/2026 7:32:07 AM,True,5/12/2026 10:45:35 PM
AP03A,1345763,U6XX,207,490519-1,442128-4,5/13/2026,True,5/13/2026 7:32:07 AM,True,5/12/2026 10:54:02 PM
AP03A,1345764,U6XX,207,490519-2,442128-3,5/13/2026,True,5/13/2026 7:32:07 AM,True,5/12/2026 10:54:00 PM
AP03A,1345765,U6XX,207,490519-3,442128-2,5/13/2026,True,5/13/2026 7:32:07 AM,True,5/12/2026 10:53:57 PM
AP03A,1345766,U6XX,207,490519-4,442128-1,5/13/2026,True,5/13/2026 7:32:07 AM,True,5/12/2026 10:50:48 PM
AP03A,1345767,U6XX,208,490520-1,442129-4,5/13/2026,True,5/13/2026 7:32:07 AM,True,5/12/2026 10:54:23 PM
AP03A,1345768,U6XX,208,490520-2,442129-3,5/13/2026,True,5/13/2026 7:32:07 AM,True,5/12/2026 10:54:22 PM
AP03A,1345769,U611-LHTOP,121,489546-8,0-0,5/13/2026,True,5/11/2026 4:57:29 PM,True,5/11/2026 7:29:42 AM
AP03A,1345769,U611-RHTOP,67,489213-20,0-0,5/13/2026,True,5/11/2026 4:57:29 PM,True,5/9/2026 10:33:50 AM
AP03A,1345769,U6XX,208,490520-3,442129-2,5/13/2026,True,5/13/2026 7:32:07 AM,True,5/12/2026 10:54:22 PM
AP03A,1345770,U6XX,208,490520-4,442129-1,5/13/2026,True,5/13/2026 7:32:07 AM,True,5/12/2026 10:54:06 PM
AP03A,1345771,U6XX,209,490521-1,442130-4,5/13/2026,True,5/13/2026 7:32:07 AM,True,5/12/2026 10:58:01 PM
AP03A,1345772,U6XX,209,490521-2,442130-3,5/13/2026,True,5/13/2026 7:32:07 AM,True,5/12/2026 10:57:59 PM
AP03A,1345773,U6XX,209,490521-3,442130-2,5/13/2026,True,5/13/2026 7:32:07 AM,True,5/12/2026 10:57:58 PM
AP03A,1345774,U6XX,209,490521-4,442130-1,5/13/2026,True,5/13/2026 7:32:07 AM,True,5/12/2026 10:54:28 PM
AP03A,1345775,U6XX,210,490522-1,442131-4,5/13/2026,True,5/13/2026 7:32:07 AM,True,5/12/2026 11:33:47 PM
AP03A,1345776,U6XX,210,490522-2,442131-3,5/13/2026,True,5/13/2026 7:32:07 AM,True,5/12/2026 11:32:56 PM
AP03A,1345777,U6XX,210,490522-3,442131-2,5/13/2026,True,5/13/2026 7:32:07 AM,True,5/12/2026 11:32:55 PM
AP03A,1345778,U6XX,210,490522-4,442131-1,5/13/2026,True,5/13/2026 7:32:07 AM,True,5/12/2026 10:58:04 PM
AP03A,1345779,U6XX,211,490523-1,442132-4,5/13/2026,True,5/13/2026 8:46:09 AM,True,5/12/2026 11:37:25 PM
AP03A,1345780,U6XX,211,490523-2,442132-3,5/13/2026,True,5/13/2026 8:46:09 AM,True,5/12/2026 11:37:23 PM
AP03A,1345781,U611-LHTOP,121,489546-9,0-0,5/13/2026,True,5/11/2026 4:57:29 PM,True,5/11/2026 7:31:33 AM
AP03A,1345781,U611-RHTOP,67,489213-21,0-0,5/13/2026,True,5/11/2026 4:57:29 PM,True,5/9/2026 10:39:02 AM
AP03A,1345781,U6XX,211,490523-3,442132-2,5/13/2026,True,5/13/2026 8:46:09 AM,True,5/12/2026 11:37:23 PM
AP03A,1345782,U6XX,211,490523-4,442132-1,5/13/2026,True,5/13/2026 8:46:09 AM,True,5/12/2026 11:34:47 PM
AP03A,1345783,U6XX,212,490524-1,442133-4,5/13/2026,True,5/13/2026 8:46:09 AM,True,5/12/2026 11:39:53 PM
AP03A,1345784,U6XX,212,490524-2,442133-3,5/13/2026,True,5/13/2026 8:46:09 AM,True,5/12/2026 11:39:51 PM
AP03A,1345785,U6XX,212,490524-3,442133-2,5/13/2026,True,5/13/2026 8:46:09 AM,True,5/12/2026 11:39:49 PM
AP03A,1345786,U6XX,212,490524-4,442133-1,5/13/2026,True,5/13/2026 8:46:09 AM,True,5/12/2026 11:38:18 PM
AP03A,1345787,U6XX,213,490525-1,442134-4,5/13/2026,True,5/13/2026 8:46:09 AM,True,5/12/2026 11:44:17 PM
AP03A,1345788,U6XX,213,490525-2,442134-3,5/13/2026,True,5/13/2026 8:46:09 AM,True,5/12/2026 11:44:14 PM
AP03A,1345789,U6XX,213,490525-3,442134-2,5/13/2026,True,5/13/2026 8:46:09 AM,True,5/12/2026 11:44:11 PM
AP03A,1345790,U6XX,213,490525-4,442134-1,5/13/2026,True,5/13/2026 8:46:09 AM,True,5/12/2026 11:42:11 PM
AP03A,1345791,U6XX,214,490526-1,442135-4,5/13/2026,True,5/13/2026 8:46:09 AM,True,5/12/2026 11:47:03 PM
AP03A,1345792,U6XX,214,490526-2,442135-3,5/13/2026,True,5/13/2026 8:46:09 AM,True,5/12/2026 11:47:01 PM
AP03A,1345793,U6XX,214,490526-3,442135-2,5/13/2026,True,5/13/2026 8:46:09 AM,True,5/12/2026 11:46:59 PM
AP03A,1345794,U611-LHTOP,121,489546-10,0-0,5/13/2026,True,5/11/2026 4:57:29 PM,True,5/11/2026 7:35:33 AM
AP03A,1345794,U611-RHTOP,67,489213-22,0-0,5/13/2026,True,5/11/2026 4:57:29 PM,True,5/9/2026 10:43:32 AM
AP03A,1345794,U6XX,214,490526-4,442135-1,5/13/2026,True,5/13/2026 8:46:09 AM,True,5/12/2026 11:46:58 PM
AP03A,1345795,U6XX,215,490527-1,442136-4,5/13/2026,True,5/13/2026 8:46:09 AM,True,5/12/2026 11:50:46 PM
AP03A,1345796,U6XX,215,490527-2,442136-3,5/13/2026,True,5/13/2026 8:46:09 AM,True,5/12/2026 11:50:44 PM
AP03A,1345797,U6XX,215,490527-3,442136-2,5/13/2026,True,5/13/2026 8:46:09 AM,True,5/12/2026 11:50:41 PM
AP03A,1345798,U6XX,215,490527-4,442136-1,5/13/2026,True,5/13/2026 8:46:09 AM,True,5/12/2026 11:48:33 PM
AP03A,1345799,U6XX,216,490528-1,442137-4,5/13/2026,True,5/13/2026 8:46:09 AM,True,5/12/2026 11:55:10 PM
AP03A,1345800,U6XX,216,490528-2,442137-3,5/13/2026,True,5/13/2026 8:46:09 AM,True,5/12/2026 11:54:36 PM
AP03A,1345801,U6XX,216,490528-3,442137-2,5/13/2026,True,5/13/2026 8:46:09 AM,True,5/12/2026 11:54:34 PM
AP03A,1345802,U6XX,216,490528-4,442137-1,5/13/2026,True,5/13/2026 8:46:09 AM,True,5/12/2026 11:51:11 PM
AP03A,1345803,U6XX,217,490529-1,442138-4,5/13/2026,True,5/13/2026 8:46:09 AM,True,5/12/2026 11:58:34 PM
AP03A,1345804,U6XX,217,490529-2,442138-3,5/13/2026,True,5/13/2026 8:46:09 AM,True,5/12/2026 11:58:32 PM
AP03A,1345805,U6XX,217,490529-3,442138-2,5/13/2026,True,5/13/2026 8:46:09 AM,True,5/12/2026 11:58:30 PM
AP03A,1345806,U6XX,217,490529-4,442138-1,5/13/2026,True,5/13/2026 8:46:09 AM,True,5/12/2026 11:55:13 PM
AP03A,1345807,U611-LHTOP,121,489546-11,0-0,5/13/2026,True,5/11/2026 4:57:29 PM,True,5/11/2026 7:37:03 AM
AP03A,1345807,U611-RHTOP,67,489213-23,0-0,5/13/2026,True,5/11/2026 4:57:29 PM,True,5/9/2026 10:48:15 AM
AP03A,1345807,U6XX,218,490530-1,442139-4,5/13/2026,True,5/13/2026 8:46:09 AM,True,5/13/2026 12:05:20 AM
AP03A,1345808,U6XX,218,490530-2,442139-3,5/13/2026,True,5/13/2026 8:46:09 AM,True,5/13/2026 12:05:13 AM
AP03A,1345809,U6XX,218,490530-3,442139-2,5/13/2026,True,5/13/2026 8:46:09 AM,True,5/13/2026 12:05:11 AM
AP03A,1345810,U6XX,218,490530-4,442139-1,5/13/2026,True,5/13/2026 8:46:09 AM,True,5/13/2026 12:00:16 AM
AP03A,1345811,U6XX,219,490531-1,442140-4,5/13/2026,True,5/13/2026 8:46:09 AM,True,5/13/2026 12:07:16 AM
AP03A,1345812,U6XX,219,490531-2,442140-3,5/13/2026,True,5/13/2026 8:46:09 AM,True,5/13/2026 12:07:15 AM
AP03A,1345813,U6XX,219,490531-3,442140-2,5/13/2026,True,5/13/2026 8:46:09 AM,True,5/13/2026 12:07:12 AM
AP03A,1345814,U6XX,219,490531-4,442140-1,5/13/2026,True,5/13/2026 8:46:09 AM,True,5/13/2026 12:05:20 AM
AP03A,1345815,U6XX,220,490532-1,442141-4,5/13/2026,True,5/13/2026 8:46:09 AM,True,5/13/2026 12:10:12 AM
AP03A,1345816,U6XX,220,490532-2,442141-3,5/13/2026,True,5/13/2026 8:46:09 AM,True,5/13/2026 12:10:10 AM
AP03A,1345817,U6XX,220,490532-3,442141-2,5/13/2026,True,5/13/2026 8:46:09 AM,True,5/13/2026 12:10:08 AM
AP03A,1345818,U6XX,220,490532-4,442141-1,5/13/2026,True,5/13/2026 8:46:09 AM,True,5/13/2026 12:07:19 AM
AP03A,1345819,U6XX,221,490533-1,442142-4,5/13/2026,True,5/13/2026 8:46:09 AM,True,5/13/2026 12:14:32 AM
AP03A,1345820,U611-LHTOP,121,489546-12,0-0,5/13/2026,True,5/11/2026 4:57:29 PM,True,5/11/2026 7:38:42 AM
AP03A,1345820,U611-RHTOP,67,489213-24,0-0,5/13/2026,True,5/11/2026 4:57:29 PM,True,5/9/2026 10:59:17 AM
AP03A,1345820,U6XX,221,490533-2,442142-3,5/13/2026,True,5/13/2026 8:46:09 AM,True,5/13/2026 12:14:32 AM
AP03A,1345821,U6XX,221,490533-3,442142-2,5/13/2026,True,5/13/2026 8:46:09 AM,True,5/13/2026 12:14:28 AM
AP03A,1345822,U6XX,221,490533-4,442142-1,5/13/2026,True,5/13/2026 8:46:09 AM,True,5/13/2026 12:12:41 AM
AP03A,1345823,U6XX,222,490534-1,442143-4,5/13/2026,True,5/13/2026 8:46:09 AM,True,5/13/2026 12:18:02 AM
AP03A,1345824,U6XX,222,490534-2,442143-3,5/13/2026,True,5/13/2026 8:46:09 AM,True,5/13/2026 12:18:00 AM
AP03A,1345825,U6XX,222,490534-3,442143-2,5/13/2026,True,5/13/2026 8:46:09 AM,True,5/13/2026 12:17:57 AM
AP03A,1345826,U6XX,222,490534-4,442143-1,5/13/2026,True,5/13/2026 8:46:09 AM,True,5/13/2026 12:16:00 AM
AP03A,1345827,U6XX,223,490535-1,442144-4,5/13/2026,True,5/13/2026 8:46:09 AM,True,5/13/2026 12:21:28 AM
AP03A,1345828,U6XX,223,490535-2,442144-3,5/13/2026,True,5/13/2026 8:46:09 AM,True,5/13/2026 12:21:26 AM
AP03A,1345829,U6XX,223,490535-3,442144-2,5/13/2026,True,5/13/2026 8:46:09 AM,True,5/13/2026 12:21:24 AM
AP03A,1345830,U6XX,223,490535-4,442144-1,5/13/2026,True,5/13/2026 8:46:09 AM,True,5/13/2026 12:19:31 AM
AP03A,1345831,U6XX,224,490536-1,442145-4,5/13/2026,True,5/13/2026 8:46:09 AM,True,5/13/2026 12:24:31 AM
AP03A,1345832,U6XX,224,490536-2,442145-3,5/13/2026,True,5/13/2026 8:46:09 AM,True,5/13/2026 12:24:29 AM
AP03A,1345833,U611-LHTOP,122,489553-1,0-0,5/13/2026,True,5/13/2026 4:21:23 AM,True,5/11/2026 7:41:19 AM
AP03A,1345833,U611-RHTOP,68,489228-1,0-0,5/13/2026,True,5/13/2026 4:21:23 AM,True,5/11/2026 6:04:34 AM
AP03A,1345833,U6XX,224,490536-3,442145-2,5/13/2026,True,5/13/2026 8:46:09 AM,True,5/13/2026 12:24:29 AM
AP03A,1345834,U6XX,224,490536-4,442145-1,5/13/2026,True,5/13/2026 8:46:09 AM,True,5/13/2026 12:21:32 AM
AP03A,1345835,U6XX,225,490537-1,442146-4,5/13/2026,True,5/13/2026 8:46:09 AM,True,5/13/2026 12:30:55 AM
AP03A,1345836,U6XX,225,490537-2,442146-3,5/13/2026,True,5/13/2026 8:46:09 AM,True,5/13/2026 12:30:53 AM
AP03A,1345837,U6XX,225,490537-3,442146-2,5/13/2026,True,5/13/2026 8:46:09 AM,True,5/13/2026 12:30:51 AM
AP03A,1345838,U6XX,225,490537-4,442146-1,5/13/2026,True,5/13/2026 8:46:09 AM,True,5/13/2026 12:26:31 AM
AP03A,1345839,U6XX,226,490538-1,442147-4,5/13/2026,True,5/13/2026 8:46:09 AM,True,5/13/2026 12:34:36 AM
AP03A,1345840,U6XX,226,490538-2,442147-3,5/13/2026,True,5/13/2026 8:46:09 AM,True,5/13/2026 12:34:35 AM
AP03A,1345841,U6XX,226,490538-3,442147-2,5/13/2026,True,5/13/2026 8:46:09 AM,True,5/13/2026 12:34:32 AM
AP03A,1345842,U6XX,226,490538-4,442147-1,5/13/2026,True,5/13/2026 8:46:09 AM,True,5/13/2026 12:32:52 AM
AP03A,1345843,U6XX,227,490539-1,442148-4,5/13/2026,True,5/13/2026 8:46:09 AM,True,5/13/2026 12:39:04 AM
AP03A,1345844,U6XX,227,490539-2,442148-3,5/13/2026,True,5/13/2026 8:46:09 AM,True,5/13/2026 12:39:02 AM
AP03A,1345845,U6XX,227,490539-3,442148-2,5/13/2026,True,5/13/2026 8:46:09 AM,True,5/13/2026 12:38:58 AM
AP03A,1345846,U611-LHTOP,122,489553-2,0-0,5/13/2026,True,5/13/2026 4:21:23 AM,True,5/11/2026 7:42:49 AM
AP03A,1345846,U611-RHTOP,68,489228-2,0-0,5/13/2026,True,5/13/2026 4:21:23 AM,True,5/11/2026 6:11:05 AM
AP03A,1345846,U6XX,227,490539-4,442148-1,5/13/2026,True,5/13/2026 8:46:09 AM,True,5/13/2026 12:38:58 AM
AP03A,1345847,U6XX,228,490540-1,442149-4,5/13/2026,True,5/13/2026 8:46:09 AM,True,5/13/2026 12:41:58 AM
AP03A,1345848,U6XX,228,490540-2,442149-3,5/13/2026,True,5/13/2026 8:46:09 AM,True,5/13/2026 12:41:55 AM
AP03A,1345849,U6XX,228,490540-3,442149-2,5/13/2026,True,5/13/2026 8:46:09 AM,True,5/13/2026 12:41:53 AM
AP03A,1345850,U6XX,228,490540-4,442149-1,5/13/2026,True,5/13/2026 8:46:09 AM,True,5/13/2026 12:40:06 AM
AP03A,1345851,U6XX,229,490541-1,442150-4,5/13/2026,True,5/13/2026 8:46:09 AM,True,5/13/2026 12:46:06 AM
AP03A,1345852,U6XX,229,490541-2,442150-3,5/13/2026,True,5/13/2026 8:46:09 AM,True,5/13/2026 12:46:03 AM
AP03A,1345853,U6XX,229,490541-3,442150-2,5/13/2026,True,5/13/2026 8:46:09 AM,True,5/13/2026 12:45:59 AM
AP03A,1345854,U6XX,229,490541-4,442150-1,5/13/2026,True,5/13/2026 8:46:09 AM,True,5/13/2026 12:43:21 AM
AP03A,1345855,U6XX,230,490542-1,442151-4,5/13/2026,True,5/13/2026 8:46:09 AM,True,5/13/2026 12:48:59 AM
AP03A,1345856,U6XX,230,490542-2,442151-3,5/13/2026,True,5/13/2026 8:46:09 AM,True,5/13/2026 12:48:57 AM
AP03A,1345857,U6XX,230,490542-3,442151-2,5/13/2026,True,5/13/2026 8:46:09 AM,True,5/13/2026 12:48:55 AM
AP03A,1345858,U6XX,230,490542-4,442151-1,5/13/2026,True,5/13/2026 8:46:09 AM,True,5/13/2026 12:46:47 AM
AP03A,1345859,U611-LHTOP,122,489553-3,0-0,5/13/2026,True,5/13/2026 4:21:23 AM,True,5/11/2026 7:44:12 AM
AP03A,1345859,U611-RHTOP,68,489228-3,0-0,5/13/2026,True,5/13/2026 4:21:23 AM,True,5/11/2026 6:15:02 AM
AP03A,1345859,U6XX,231,490543-1,442152-4,5/13/2026,True,5/13/2026 8:46:09 AM,True,5/13/2026 12:54:08 AM
AP03A,1345860,U6XX,231,490543-2,442152-3,5/13/2026,True,5/13/2026 8:46:09 AM,True,5/13/2026 12:53:15 AM
AP03A,1345861,U6XX,231,490543-3,442152-2,5/13/2026,True,5/13/2026 8:46:09 AM,True,5/13/2026 12:53:11 AM
AP03A,1345862,U6XX,231,490543-4,442152-1,5/13/2026,True,5/13/2026 8:46:09 AM,True,5/13/2026 12:50:50 AM
AP03A,1345863,U6XX,232,490544-1,442153-4,5/13/2026,True,5/13/2026 8:46:09 AM,True,5/13/2026 12:55:56 AM
AP03A,1345864,U6XX,232,490544-2,442153-3,5/13/2026,True,5/13/2026 8:46:09 AM,True,5/13/2026 12:55:53 AM
AP03A,1345865,U6XX,232,490544-3,442153-2,5/13/2026,True,5/13/2026 8:46:09 AM,True,5/13/2026 12:55:50 AM
AP03A,1345866,U6XX,232,490544-4,442153-1,5/13/2026,True,5/13/2026 8:46:09 AM,True,5/13/2026 12:54:09 AM
AP03A,1345867,U6XX,233,490545-1,442154-4,5/13/2026,True,5/13/2026 8:46:09 AM,True,5/13/2026 12:59:46 AM
AP03A,1345868,U6XX,233,490545-2,442154-3,5/13/2026,True,5/13/2026 8:46:09 AM,True,5/13/2026 12:59:44 AM
AP03A,1345869,U6XX,233,490545-3,442154-2,5/13/2026,True,5/13/2026 8:46:09 AM,True,5/13/2026 12:59:40 AM
AP03A,1345870,U6XX,233,490545-4,442154-1,5/13/2026,True,5/13/2026 8:46:09 AM,True,5/13/2026 12:57:19 AM
AP03A,1345871,U6XX,234,490546-1,442155-4,5/13/2026,True,5/13/2026 8:46:09 AM,True,5/13/2026 1:02:23 AM
AP03A,1345872,U611-LHTOP,122,489553-4,0-0,5/13/2026,True,5/13/2026 4:21:23 AM,True,5/11/2026 7:45:26 AM
AP03A,1345872,U611-RHTOP,68,489228-4,0-0,5/13/2026,True,5/13/2026 4:21:23 AM,True,5/11/2026 6:20:01 AM
AP03A,1345872,U6XX,234,490546-2,442155-3,5/13/2026,True,5/13/2026 8:46:09 AM,True,5/13/2026 1:02:23 AM
AP03A,1345873,U6XX,234,490546-3,442155-2,5/13/2026,True,5/13/2026 8:46:09 AM,True,5/13/2026 1:02:19 AM
AP03A,1345874,U6XX,234,490546-4,442155-1,5/13/2026,True,5/13/2026 8:46:09 AM,True,5/13/2026 12:59:49 AM
AP03A,1345875,U6XX,235,490547-1,442156-4,5/13/2026,True,5/13/2026 12:08:30 PM,True,5/13/2026 1:07:17 AM
AP03A,1345876,U6XX,235,490547-2,442156-3,5/13/2026,True,5/13/2026 12:08:30 PM,True,5/13/2026 1:07:13 AM
AP03A,1345877,U6XX,235,490547-3,442156-2,5/13/2026,True,5/13/2026 12:08:30 PM,True,5/13/2026 1:07:12 AM
AP03A,1345878,U6XX,235,490547-4,442156-1,5/13/2026,True,5/13/2026 12:08:30 PM,True,5/13/2026 1:03:48 AM
AP03A,1345879,U6XX,236,490548-1,442157-4,5/13/2026,True,5/13/2026 12:08:30 PM,True,5/13/2026 1:10:05 AM
AP03A,1345880,U6XX,236,490548-2,442157-3,5/13/2026,True,5/13/2026 12:08:30 PM,True,5/13/2026 1:08:48 AM
AP03A,1345881,U6XX,236,490548-3,442157-2,5/13/2026,True,5/13/2026 12:08:30 PM,True,5/13/2026 1:08:46 AM
AP03A,1345882,U6XX,236,490548-4,442157-1,5/13/2026,True,5/13/2026 12:08:30 PM,True,5/13/2026 1:07:21 AM
AP03A,1345883,U6XX,237,490549-1,442158-4,5/13/2026,True,5/13/2026 12:08:30 PM,True,5/13/2026 1:12:44 AM
AP03A,1345884,U6XX,237,490549-2,442158-3,5/13/2026,True,5/13/2026 12:08:30 PM,True,5/13/2026 1:12:42 AM
AP03A,1345885,U611-LHTOP,122,489553-5,0-0,5/13/2026,True,5/13/2026 4:21:23 AM,True,5/11/2026 7:47:05 AM
AP03A,1345885,U611-RHTOP,68,489228-5,0-0,5/13/2026,True,5/13/2026 4:21:23 AM,True,5/11/2026 6:24:59 AM
AP03A,1345885,U6XX,237,490549-3,442158-2,5/13/2026,True,5/13/2026 12:08:30 PM,True,5/13/2026 1:12:42 AM
AP03A,1345886,U6XX,237,490549-4,442158-1,5/13/2026,True,5/13/2026 12:08:30 PM,True,5/13/2026 1:10:44 AM
AP03A,1345887,U6XX,238,490550-1,442159-4,5/13/2026,True,5/13/2026 12:08:30 PM,True,5/13/2026 1:16:31 AM
AP03A,1345888,U6XX,238,490550-2,442159-3,5/13/2026,True,5/13/2026 12:08:30 PM,True,5/13/2026 1:16:29 AM
AP03A,1345889,U6XX,238,490550-3,442159-2,5/13/2026,True,5/13/2026 12:08:30 PM,True,5/13/2026 1:16:26 AM
AP03A,1345890,U6XX,238,490550-4,442159-1,5/13/2026,True,5/13/2026 12:08:30 PM,True,5/13/2026 1:14:12 AM
AP03A,1345891,U6XX,239,490551-1,442160-4,5/13/2026,True,5/13/2026 12:08:30 PM,True,5/13/2026 1:20:26 AM
AP03A,1345892,U6XX,239,490551-2,442160-3,5/13/2026,True,5/13/2026 12:08:30 PM,True,5/13/2026 1:19:29 AM
AP03A,1345893,U6XX,239,490551-3,442160-2,5/13/2026,True,5/13/2026 12:08:30 PM,True,5/13/2026 1:19:27 AM
AP03A,1345894,U6XX,239,490551-4,442160-1,5/13/2026,True,5/13/2026 12:08:30 PM,True,5/13/2026 1:17:51 AM
AP03A,1345895,U6XX,240,490552-1,442161-4,5/13/2026,True,5/13/2026 12:08:30 PM,True,5/13/2026 1:24:48 AM
AP03A,1345896,U6XX,240,490552-2,442161-3,5/13/2026,True,5/13/2026 12:08:30 PM,True,5/13/2026 1:23:10 AM
AP03A,1345897,U6XX,240,490552-3,442161-2,5/13/2026,True,5/13/2026 12:08:30 PM,True,5/13/2026 1:23:08 AM
AP03A,1345898,U611-LHTOP,122,489553-6,0-0,5/13/2026,True,5/13/2026 4:21:23 AM,True,5/11/2026 7:48:46 AM
AP03A,1345898,U611-RHTOP,68,489228-6,0-0,5/13/2026,True,5/13/2026 4:21:23 AM,True,5/11/2026 6:29:38 AM
AP03A,1345898,U6XX,240,490552-4,442161-1,5/13/2026,True,5/13/2026 12:08:30 PM,True,5/13/2026 1:23:07 AM
AP03A,1345899,U6XX,241,490553-1,442162-4,5/13/2026,True,5/13/2026 12:08:30 PM,True,5/13/2026 1:27:53 AM
AP03A,1345900,U6XX,241,490553-2,442162-3,5/13/2026,True,5/13/2026 12:08:30 PM,True,5/13/2026 1:27:51 AM
AP03A,1345901,U6XX,241,490553-3,442162-2,5/13/2026,True,5/13/2026 12:08:30 PM,True,5/13/2026 1:27:47 AM
AP03A,1345902,U6XX,241,490553-4,442162-1,5/13/2026,True,5/13/2026 12:08:30 PM,True,5/13/2026 1:25:40 AM
AP03A,1345903,U6XX,242,490554-1,442163-4,5/13/2026,True,5/13/2026 12:08:30 PM,True,5/13/2026 1:32:06 AM
AP03A,1345904,U6XX,242,490554-2,442163-3,5/13/2026,True,5/13/2026 12:08:30 PM,True,5/13/2026 1:30:44 AM
AP03A,1345905,U6XX,242,490554-3,442163-2,5/13/2026,True,5/13/2026 12:08:30 PM,True,5/13/2026 1:30:41 AM
AP03A,1345906,U6XX,242,490554-4,442163-1,5/13/2026,True,5/13/2026 12:08:30 PM,True,5/13/2026 1:27:55 AM
AP03A,1345907,U6XX,243,490555-1,442164-4,5/13/2026,True,5/13/2026 12:08:30 PM,True,5/13/2026 1:35:11 AM
AP03A,1345908,U6XX,243,490555-2,442164-3,5/13/2026,True,5/13/2026 12:08:30 PM,True,5/13/2026 1:35:09 AM
AP03A,1345909,U6XX,243,490555-3,442164-2,5/13/2026,True,5/13/2026 12:08:30 PM,True,5/13/2026 1:35:05 AM
AP03A,1345910,U611-LHTOP,122,489553-7,0-0,5/13/2026,True,5/13/2026 4:21:23 AM,True,5/11/2026 7:50:18 AM
AP03A,1345910,U611-RHTOP,68,489228-7,0-0,5/13/2026,True,5/13/2026 4:21:23 AM,True,5/11/2026 6:34:01 AM
AP03A,1345910,U6XX,243,490555-4,442164-1,5/13/2026,True,5/13/2026 12:08:30 PM,True,5/13/2026 1:35:04 AM
AP03A,1345911,U6XX,244,490556-1,442165-4,5/13/2026,True,5/13/2026 12:08:30 PM,True,5/13/2026 1:40:46 AM
AP03A,1345912,U6XX,244,490556-2,442165-3,5/13/2026,True,5/13/2026 12:08:30 PM,True,5/13/2026 1:40:31 AM
AP03A,1345913,U6XX,244,490556-3,442165-2,5/13/2026,True,5/13/2026 12:08:30 PM,True,5/13/2026 1:38:13 AM
AP03A,1345914,U6XX,244,490556-4,442165-1,5/13/2026,True,5/13/2026 12:08:30 PM,True,5/13/2026 1:36:13 AM
AP03A,1345915,U6XX,245,490557-1,442166-4,5/13/2026,True,5/13/2026 12:08:30 PM,True,5/13/2026 1:43:05 AM
AP03A,1345916,U6XX,245,490557-2,442166-3,5/13/2026,True,5/13/2026 12:08:30 PM,True,5/13/2026 1:43:04 AM
AP03A,1345917,U6XX,245,490557-3,442166-2,5/13/2026,True,5/13/2026 12:08:30 PM,True,5/13/2026 1:40:50 AM
AP03A,1345918,U6XX,245,490557-4,442166-1,5/13/2026,True,5/13/2026 12:08:30 PM,True,5/13/2026 1:40:48 AM
AP03A,1345919,U6XX,246,490558-1,442167-4,5/13/2026,True,5/13/2026 12:08:30 PM,True,5/13/2026 1:45:13 AM
AP03A,1345920,U6XX,246,490558-2,442167-3,5/13/2026,True,5/13/2026 12:08:30 PM,True,5/13/2026 1:44:26 AM
AP03A,1345921,U6XX,246,490558-3,442167-2,5/13/2026,True,5/13/2026 12:08:30 PM,True,5/13/2026 1:44:23 AM
AP03A,1345922,U6XX,246,490558-4,442167-1,5/13/2026,True,5/13/2026 12:08:30 PM,True,5/13/2026 1:43:09 AM
AP03A,1345923,U611-LHTOP,122,489553-8,0-0,5/13/2026,True,5/13/2026 4:21:23 AM,True,5/11/2026 7:51:33 AM
AP03A,1345923,U611-RHTOP,68,489228-8,0-0,5/13/2026,True,5/13/2026 4:21:23 AM,True,5/11/2026 6:37:57 AM
AP03A,1345923,U6XX,247,490559-1,442168-4,5/13/2026,True,5/13/2026 12:08:30 PM,True,5/13/2026 1:49:08 AM
AP03A,1345924,U6XX,247,490559-2,442168-3,5/13/2026,True,5/13/2026 12:08:30 PM,True,5/13/2026 1:48:12 AM
AP03A,1345925,U6XX,247,490559-3,442168-2,5/13/2026,True,5/13/2026 12:08:30 PM,True,5/13/2026 1:48:08 AM
AP03A,1345926,U6XX,247,490559-4,442168-1,5/13/2026,True,5/13/2026 12:08:30 PM,True,5/13/2026 1:45:16 AM
AP03A,1345927,U6XX,248,490560-1,442169-4,5/13/2026,True,5/13/2026 12:08:30 PM,True,5/13/2026 1:50:49 AM
AP03A,1345928,U6XX,248,490560-2,442169-3,5/13/2026,True,5/13/2026 12:08:30 PM,True,5/13/2026 1:50:46 AM
AP03A,1345929,U6XX,248,490560-3,442169-2,5/13/2026,True,5/13/2026 12:08:30 PM,True,5/13/2026 1:50:44 AM
AP03A,1345930,U6XX,248,490560-4,442169-1,5/13/2026,True,5/13/2026 12:08:30 PM,True,5/13/2026 1:49:09 AM
AP03A,1345931,U6XX,249,490561-1,442170-4,5/13/2026,True,5/13/2026 12:08:30 PM,True,5/13/2026 1:54:06 AM
AP03A,1345932,U6XX,249,490561-2,442170-3,5/13/2026,True,5/13/2026 12:08:30 PM,True,5/13/2026 1:54:04 AM
AP03A,1345933,U6XX,249,490561-3,442170-2,5/13/2026,True,5/13/2026 12:08:30 PM,True,5/13/2026 1:54:01 AM
AP03A,1345934,U6XX,249,490561-4,442170-1,5/13/2026,True,5/13/2026 12:08:30 PM,True,5/13/2026 1:52:24 AM
AP03A,1345935,U6XX,250,490562-1,442171-4,5/13/2026,True,5/13/2026 12:08:30 PM,True,5/13/2026 1:57:12 AM
AP03A,1345936,U611-LHTOP,122,489553-9,0-0,5/13/2026,True,5/13/2026 4:21:23 AM,True,5/11/2026 7:53:16 AM
AP03A,1345936,U611-RHTOP,68,489228-9,0-0,5/13/2026,True,5/13/2026 4:21:23 AM,True,5/11/2026 6:42:21 AM
AP03A,1345936,U6XX,250,490562-2,442171-3,5/13/2026,True,5/13/2026 12:08:30 PM,True,5/13/2026 1:57:11 AM
AP03A,1345937,U6XX,250,490562-3,442171-2,5/13/2026,True,5/13/2026 12:08:30 PM,True,5/13/2026 1:57:07 AM
AP03A,1345938,U6XX,250,490562-4,442171-1,5/13/2026,True,5/13/2026 12:08:30 PM,True,5/13/2026 1:55:18 AM
AP03A,1345939,U6XX,251,490563-1,442172-4,5/13/2026,True,5/13/2026 12:08:30 PM,True,5/13/2026 2:22:28 AM
AP03A,1345940,U6XX,251,490563-2,442172-3,5/13/2026,True,5/13/2026 12:08:30 PM,True,5/13/2026 2:21:16 AM
AP03A,1345941,U6XX,251,490563-3,442172-2,5/13/2026,True,5/13/2026 12:08:30 PM,True,5/13/2026 2:21:14 AM
AP03A,1345942,U6XX,251,490563-4,442172-1,5/13/2026,True,5/13/2026 12:08:30 PM,True,5/13/2026 1:58:36 AM
AP03A,1345943,U6XX,252,490564-1,442173-4,5/13/2026,True,5/13/2026 12:08:30 PM,True,5/13/2026 2:25:18 AM
AP03A,1345944,U6XX,252,490564-2,442173-3,5/13/2026,True,5/13/2026 12:08:30 PM,True,5/13/2026 2:25:16 AM
AP03A,1345945,U6XX,252,490564-3,442173-2,5/13/2026,True,5/13/2026 12:08:30 PM,True,5/13/2026 2:25:13 AM
AP03A,1345946,U6XX,252,490564-4,442173-1,5/13/2026,True,5/13/2026 12:08:30 PM,True,5/13/2026 2:23:16 AM
AP03A,1345947,U6XX,253,490565-1,442174-4,5/13/2026,True,5/13/2026 12:08:30 PM,True,5/13/2026 2:28:36 AM
AP03A,1345948,U6XX,253,490565-2,442174-3,5/13/2026,True,5/13/2026 12:08:30 PM,True,5/13/2026 2:28:33 AM
AP03A,1345949,U611-LHTOP,122,489553-10,0-0,5/13/2026,True,5/13/2026 4:21:23 AM,True,5/11/2026 7:54:43 AM
AP03A,1345949,U611-RHTOP,68,489228-10,0-0,5/13/2026,True,5/13/2026 4:21:23 AM,True,5/11/2026 6:46:32 AM
AP03A,1345949,U6XX,253,490565-3,442174-2,5/13/2026,True,5/13/2026 12:08:30 PM,True,5/13/2026 2:28:33 AM
AP03A,1345950,U6XX,253,490565-4,442174-1,5/13/2026,True,5/13/2026 12:08:30 PM,True,5/13/2026 2:26:43 AM
AP03A,1345951,U6XX,254,490566-1,442175-4,5/13/2026,True,5/13/2026 12:08:30 PM,True,5/13/2026 2:32:16 AM
AP03A,1345952,U6XX,254,490566-2,442175-3,5/13/2026,True,5/13/2026 12:08:30 PM,True,5/13/2026 2:31:24 AM
AP03A,1345953,U6XX,254,490566-3,442175-2,5/13/2026,True,5/13/2026 12:08:30 PM,True,5/13/2026 2:31:21 AM
AP03A,1345954,U6XX,254,490566-4,442175-1,5/13/2026,True,5/13/2026 12:08:30 PM,True,5/13/2026 2:29:12 AM
AP03A,1345955,U6XX,255,490567-1,442176-4,5/13/2026,True,5/13/2026 12:08:30 PM,True,5/13/2026 2:35:54 AM
AP03A,1345956,U6XX,255,490567-2,442176-3,5/13/2026,True,5/13/2026 12:08:30 PM,True,5/13/2026 2:35:52 AM
AP03A,1345957,U6XX,255,490567-3,442176-2,5/13/2026,True,5/13/2026 12:08:30 PM,True,5/13/2026 2:35:48 AM
AP03A,1345958,U6XX,255,490567-4,442176-1,5/13/2026,True,5/13/2026 12:08:30 PM,True,5/13/2026 2:33:10 AM
AP03A,1345959,U6XX,256,490568-1,442177-4,5/13/2026,True,5/13/2026 12:08:30 PM,True,5/13/2026 2:39:14 AM
AP03A,1345960,U6XX,256,490568-2,442177-3,5/13/2026,True,5/13/2026 12:08:30 PM,True,5/13/2026 2:38:16 AM
AP03A,1345961,U6XX,256,490568-3,442177-2,5/13/2026,True,5/13/2026 12:08:30 PM,True,5/13/2026 2:38:13 AM
AP03A,1345962,U611-LHTOP,122,489553-11,0-0,5/13/2026,True,5/13/2026 4:21:23 AM,True,5/11/2026 7:55:54 AM
AP03A,1345962,U611-RHTOP,68,489228-11,0-0,5/13/2026,True,5/13/2026 4:21:23 AM,True,5/11/2026 6:50:46 AM
AP03A,1345962,U6XX,256,490568-4,442177-1,5/13/2026,True,5/13/2026 12:08:30 PM,True,5/13/2026 2:38:12 AM
AP03A,1345963,U6XX,257,490569-1,442178-4,5/13/2026,True,5/13/2026 12:08:30 PM,True,5/13/2026 2:43:04 AM
AP03A,1345964,U6XX,257,490569-2,442178-3,5/13/2026,True,5/13/2026 12:08:30 PM,True,5/13/2026 2:42:07 AM
AP03A,1345965,U6XX,257,490569-3,442178-2,5/13/2026,True,5/13/2026 12:08:30 PM,True,5/13/2026 2:42:05 AM
AP03A,1345966,U6XX,257,490569-4,442178-1,5/13/2026,True,5/13/2026 12:08:30 PM,True,5/13/2026 2:39:16 AM
AP03A,1345967,U6XX,258,490570-1,442179-4,5/13/2026,True,5/13/2026 12:08:30 PM,True,5/13/2026 2:45:46 AM
AP03A,1345968,U6XX,258,490570-2,442179-3,5/13/2026,True,5/13/2026 12:08:30 PM,True,5/13/2026 2:45:44 AM
AP03A,1345969,U6XX,258,490570-3,442179-2,5/13/2026,True,5/13/2026 12:08:30 PM,True,5/13/2026 2:45:41 AM
AP03A,1345970,U6XX,258,490570-4,442179-1,5/13/2026,True,5/13/2026 12:08:30 PM,True,5/13/2026 2:43:53 AM
AP03A,1345971,U6XX,259,490571-1,442180-4,5/13/2026,True,5/13/2026 1:59:17 PM,True,5/13/2026 2:49:22 AM
AP03A,1345972,U6XX,259,490571-2,442180-3,5/13/2026,True,5/13/2026 1:59:17 PM,True,5/13/2026 2:49:20 AM
AP03A,1345973,U6XX,259,490571-3,442180-2,5/13/2026,True,5/13/2026 1:59:17 PM,True,5/13/2026 2:49:17 AM
AP03A,1345974,U6XX,259,490571-4,442180-1,5/13/2026,True,5/13/2026 1:59:17 PM,True,5/13/2026 2:47:31 AM
AP03A,1345975,U611-LHTOP,122,489553-12,0-0,5/13/2026,True,5/13/2026 4:21:23 AM,True,5/11/2026 7:57:20 AM
AP03A,1345975,U611-RHTOP,68,489228-12,0-0,5/13/2026,True,5/13/2026 4:21:23 AM,True,5/11/2026 6:54:57 AM
AP03A,1345975,U6XX,260,490572-1,442181-4,5/13/2026,True,5/13/2026 1:59:17 PM,True,5/13/2026 2:54:02 AM
AP03A,1345976,U6XX,260,490572-2,442181-3,5/13/2026,True,5/13/2026 1:59:17 PM,True,5/13/2026 2:52:49 AM
AP03A,1345977,U6XX,260,490572-3,442181-2,5/13/2026,True,5/13/2026 1:59:17 PM,True,5/13/2026 2:52:46 AM
AP03A,1345978,U6XX,260,490572-4,442181-1,5/13/2026,True,5/13/2026 1:59:17 PM,True,5/13/2026 2:49:24 AM
AP03A,1345979,U6XX,261,490573-1,442182-4,5/13/2026,True,5/13/2026 1:59:17 PM,True,5/13/2026 2:56:12 AM
AP03A,1345980,U6XX,261,490573-2,442182-3,5/13/2026,True,5/13/2026 1:59:17 PM,True,5/13/2026 2:56:10 AM
AP03A,1345981,U6XX,261,490573-3,442182-2,5/13/2026,True,5/13/2026 1:59:17 PM,True,5/13/2026 2:54:05 AM
AP03A,1345982,U6XX,261,490573-4,442182-1,5/13/2026,True,5/13/2026 1:59:17 PM,True,5/13/2026 2:54:03 AM
AP03A,1345983,U6XX,262,490574-1,442183-4,5/13/2026,True,5/13/2026 1:59:17 PM,True,5/13/2026 3:01:52 AM
AP03A,1345984,U6XX,262,490574-2,442183-3,5/13/2026,True,5/13/2026 1:59:17 PM,True,5/13/2026 3:01:50 AM
AP03A,1345985,U6XX,262,490574-3,442183-2,5/13/2026,True,5/13/2026 1:59:17 PM,True,5/13/2026 3:01:48 AM
AP03A,1345986,U6XX,262,490574-4,442183-1,5/13/2026,True,5/13/2026 1:59:17 PM,True,5/13/2026 2:56:56 AM
AP03A,1345987,U6XX,263,490575-1,442184-4,5/13/2026,True,5/13/2026 1:59:17 PM,True,5/13/2026 3:05:39 AM
AP03A,1345988,U611-LHTOP,123,489565-1,0-0,5/13/2026,True,5/13/2026 4:21:23 AM,True,5/11/2026 8:38:55 AM
AP03A,1345988,U611-RHTOP,68,489228-13,0-0,5/13/2026,True,5/13/2026 4:21:23 AM,True,5/11/2026 7:07:13 AM
AP03A,1345988,U6XX,263,490575-2,442184-3,5/13/2026,True,5/13/2026 1:59:17 PM,True,5/13/2026 3:05:39 AM
AP03A,1345989,U6XX,263,490575-3,442184-2,5/13/2026,True,5/13/2026 1:59:17 PM,True,5/13/2026 3:05:34 AM
AP03A,1345990,U6XX,263,490575-4,442184-1,5/13/2026,True,5/13/2026 1:59:17 PM,True,5/13/2026 3:03:48 AM
AP03A,1345991,U6XX,264,490576-1,442185-4,5/13/2026,True,5/13/2026 1:59:17 PM,True,5/13/2026 3:11:02 AM
AP03A,1345992,U6XX,264,490576-2,442185-3,5/13/2026,True,5/13/2026 1:59:17 PM,True,5/13/2026 3:10:59 AM
AP03A,1345993,U6XX,264,490576-3,442185-2,5/13/2026,True,5/13/2026 1:59:17 PM,True,5/13/2026 3:10:55 AM
AP03A,1345994,U6XX,264,490576-4,442185-1,5/13/2026,True,5/13/2026 1:59:17 PM,True,5/13/2026 3:07:02 AM
AP03A,1345995,U6XX,265,490577-1,442186-4,5/13/2026,True,5/13/2026 1:59:17 PM,True,5/13/2026 3:14:34 AM
AP03A,1345996,U6XX,265,490577-2,442186-3,5/13/2026,True,5/13/2026 1:59:17 PM,True,5/13/2026 3:14:32 AM
AP03A,1345997,U6XX,265,490577-3,442186-2,5/13/2026,True,5/13/2026 1:59:17 PM,True,5/13/2026 3:14:29 AM
AP03A,1345998,U6XX,265,490577-4,442186-1,5/13/2026,True,5/13/2026 1:59:17 PM,True,5/13/2026 3:12:47 AM
AP03A,1345999,U6XX,266,490578-1,442187-4,5/13/2026,True,5/13/2026 1:59:17 PM,True,5/13/2026 3:18:36 AM
AP03A,1346000,U6XX,266,490578-2,442187-3,5/13/2026,True,5/13/2026 1:59:17 PM,True,5/13/2026 3:18:34 AM
AP03A,1346001,U611-LHTOP,123,489565-2,0-0,5/13/2026,True,5/13/2026 4:21:23 AM,True,5/11/2026 8:43:31 AM
AP03A,1346001,U611-RHTOP,68,489228-14,0-0,5/13/2026,True,5/13/2026 4:21:23 AM,True,5/11/2026 7:11:53 AM
AP03A,1346001,U6XX,266,490578-3,442187-2,5/13/2026,True,5/13/2026 1:59:17 PM,True,5/13/2026 3:18:33 AM
AP03A,1346002,U6XX,266,490578-4,442187-1,5/13/2026,True,5/13/2026 1:59:17 PM,True,5/13/2026 3:16:24 AM
AP03A,1346003,U6XX,267,490579-1,442188-4,5/13/2026,True,5/13/2026 1:59:17 PM,True,5/13/2026 3:21:43 AM
AP03A,1346004,U6XX,267,490579-2,442188-3,5/13/2026,True,5/13/2026 1:59:17 PM,True,5/13/2026 3:21:40 AM
AP03A,1346005,U6XX,267,490579-3,442188-2,5/13/2026,True,5/13/2026 1:59:17 PM,True,5/13/2026 3:21:38 AM
AP03A,1346006,U6XX,267,490579-4,442188-1,5/13/2026,True,5/13/2026 1:59:17 PM,True,5/13/2026 3:19:37 AM
AP03A,1346007,U6XX,268,490580-1,442189-4,5/13/2026,True,5/13/2026 1:59:17 PM,True,5/13/2026 3:26:59 AM
AP03A,1346008,U6XX,268,490580-2,442189-3,5/13/2026,True,5/13/2026 1:59:17 PM,True,5/13/2026 3:26:57 AM
AP03A,1346009,U6XX,268,490580-3,442189-2,5/13/2026,True,5/13/2026 1:59:17 PM,True,5/13/2026 3:26:27 AM
AP03A,1346010,U6XX,268,490580-4,442189-1,5/13/2026,True,5/13/2026 1:59:17 PM,True,5/13/2026 3:23:44 AM
AP03A,1346011,U6XX,269,490581-1,442190-4,5/13/2026,True,5/13/2026 1:59:17 PM,True,5/13/2026 3:28:22 AM
AP03A,1346012,U6XX,269,490581-2,442190-3,5/13/2026,True,5/13/2026 1:59:17 PM,True,5/13/2026 3:28:20 AM
AP03A,1346013,U6XX,269,490581-3,442190-2,5/13/2026,True,5/13/2026 1:59:17 PM,True,5/13/2026 3:28:18 AM
AP03A,1346014,U611-LHTOP,123,489565-3,0-0,5/13/2026,True,5/13/2026 4:21:23 AM,True,5/11/2026 8:44:42 AM
AP03A,1346014,U611-RHTOP,68,489228-15,0-0,5/13/2026,True,5/13/2026 4:21:23 AM,True,5/11/2026 7:16:47 AM
AP03A,1346014,U6XX,269,490581-4,442190-1,5/13/2026,True,5/13/2026 1:59:17 PM,True,5/13/2026 3:28:17 AM
AP03A,1346015,U6XX,270,490582-1,442191-4,5/13/2026,True,5/13/2026 1:59:17 PM,True,5/13/2026 3:32:26 AM
AP03A,1346016,U6XX,270,490582-2,442191-3,5/13/2026,True,5/13/2026 1:59:17 PM,True,5/13/2026 3:32:23 AM
AP03A,1346017,U6XX,270,490582-3,442191-2,5/13/2026,True,5/13/2026 1:59:17 PM,True,5/13/2026 3:32:20 AM
AP03A,1346018,U6XX,270,490582-4,442191-1,5/13/2026,True,5/13/2026 1:59:17 PM,True,5/13/2026 3:30:28 AM
AP03A,1346019,U6XX,271,490583-1,442192-4,5/13/2026,True,5/13/2026 1:59:17 PM,True,5/13/2026 3:35:51 AM
AP03A,1346020,U6XX,271,490583-2,442192-3,5/13/2026,True,5/13/2026 1:59:17 PM,True,5/13/2026 3:35:48 AM
AP03A,1346021,U6XX,271,490583-3,442192-2,5/13/2026,True,5/13/2026 1:59:17 PM,True,5/13/2026 3:35:44 AM
AP03A,1346022,U6XX,271,490583-4,442192-1,5/13/2026,True,5/13/2026 1:59:17 PM,True,5/13/2026 3:33:55 AM
AP03A,1346023,U6XX,272,490584-1,442193-4,5/13/2026,True,5/13/2026 1:59:17 PM,True,5/13/2026 3:40:53 AM
AP03A,1346024,U6XX,272,490584-2,442193-3,5/13/2026,True,5/13/2026 1:59:17 PM,True,5/13/2026 3:40:51 AM
AP03A,1346025,U6XX,272,490584-3,442193-2,5/13/2026,True,5/13/2026 1:59:17 PM,True,5/13/2026 3:40:49 AM
AP03A,1346026,U6XX,272,490584-4,442193-1,5/13/2026,True,5/13/2026 1:59:17 PM,True,5/13/2026 3:38:13 AM
AP03A,1346027,U611-LHTOP,123,489565-4,0-0,5/13/2026,True,5/13/2026 4:21:23 AM,True,5/11/2026 8:46:10 AM
AP03A,1346027,U611-RHTOP,68,489228-16,0-0,5/13/2026,True,5/13/2026 4:21:23 AM,True,5/11/2026 7:23:22 AM
AP03A,1346027,U6XX,273,490585-1,442194-4,5/13/2026,True,5/13/2026 1:59:17 PM,True,5/13/2026 3:44:41 AM
AP03A,1346028,U6XX,273,490585-2,442194-3,5/13/2026,True,5/13/2026 1:59:17 PM,True,5/13/2026 3:43:25 AM
AP03A,1346029,U6XX,273,490585-3,442194-2,5/13/2026,True,5/13/2026 1:59:17 PM,True,5/13/2026 3:43:23 AM
AP03A,1346030,U6XX,273,490585-4,442194-1,5/13/2026,True,5/13/2026 1:59:17 PM,True,5/13/2026 3:42:09 AM
AP03A,1346031,U6XX,274,490586-1,442195-4,5/13/2026,True,5/13/2026 1:59:17 PM,True,5/13/2026 3:46:50 AM
AP03A,1346032,U6XX,274,490586-2,442195-3,5/13/2026,True,5/13/2026 1:59:17 PM,True,5/13/2026 3:46:47 AM
AP03A,1346033,U6XX,274,490586-3,442195-2,5/13/2026,True,5/13/2026 1:59:17 PM,True,5/13/2026 3:46:44 AM
AP03A,1346034,U6XX,274,490586-4,442195-1,5/13/2026,True,5/13/2026 1:59:17 PM,True,5/13/2026 3:44:42 AM
AP03A,1346035,U6XX,275,490587-1,442196-4,5/13/2026,True,5/13/2026 1:59:17 PM,True,5/13/2026 3:49:39 AM
AP03A,1346036,U6XX,275,490587-2,442196-3,5/13/2026,True,5/13/2026 1:59:17 PM,True,5/13/2026 3:49:37 AM
AP03A,1346037,U6XX,275,490587-3,442196-2,5/13/2026,True,5/13/2026 1:59:17 PM,True,5/13/2026 3:49:35 AM
AP03A,1346038,U6XX,275,490587-4,442196-1,5/13/2026,True,5/13/2026 1:59:17 PM,True,5/13/2026 3:47:46 AM
AP03A,1346039,U611-LHTOP,123,489565-5,0-0,5/13/2026,True,5/13/2026 4:21:23 AM,True,5/11/2026 8:48:01 AM
AP03A,1346039,U611-RHTOP,68,489228-17,0-0,5/13/2026,True,5/13/2026 4:21:23 AM,True,5/11/2026 7:27:31 AM
AP03A,1346039,U6XX,276,490588-1,442197-4,5/13/2026,True,5/13/2026 1:59:17 PM,True,5/13/2026 3:54:32 AM
AP03A,1346040,U6XX,276,490588-2,442197-3,5/13/2026,True,5/13/2026 1:59:17 PM,True,5/13/2026 3:53:11 AM
AP03A,1346041,U6XX,276,490588-3,442197-2,5/13/2026,True,5/13/2026 1:59:17 PM,True,5/13/2026 3:53:08 AM
AP03A,1346042,U6XX,276,490588-4,442197-1,5/13/2026,True,5/13/2026 1:59:17 PM,True,5/13/2026 3:51:41 AM
AP03A,1346043,U6XX,277,490589-1,442198-4,5/13/2026,True,5/13/2026 1:59:17 PM,True,5/13/2026 3:57:05 AM
AP03A,1346044,U6XX,277,490589-2,442198-3,5/13/2026,True,5/13/2026 1:59:17 PM,True,5/13/2026 3:57:02 AM
AP03A,1346045,U6XX,277,490589-3,442198-2,5/13/2026,True,5/13/2026 1:59:17 PM,True,5/13/2026 3:56:59 AM
AP03A,1346046,U6XX,277,490589-4,442198-1,5/13/2026,True,5/13/2026 1:59:17 PM,True,5/13/2026 3:54:33 AM
AP03A,1346047,U6XX,278,490590-1,442199-4,5/13/2026,True,5/13/2026 1:59:17 PM,True,5/13/2026 4:07:08 AM
AP03A,1346048,U6XX,278,490590-2,442199-3,5/13/2026,True,5/13/2026 1:59:17 PM,True,5/13/2026 4:07:06 AM
AP03A,1346049,U6XX,278,490590-3,442199-2,5/13/2026,True,5/13/2026 1:59:17 PM,True,5/13/2026 4:07:03 AM
AP03A,1346050,U6XX,278,490590-4,442199-1,5/13/2026,True,5/13/2026 1:59:17 PM,True,5/13/2026 3:58:44 AM
AP03A,1346051,U6XX,279,490591-1,442200-4,5/13/2026,True,5/13/2026 1:59:17 PM,True,5/13/2026 4:10:10 AM
AP03A,1346052,U611-LHTOP,123,489565-6,0-0,5/13/2026,True,5/13/2026 4:21:23 AM,True,5/11/2026 8:50:00 AM
AP03A,1346052,U611-RHTOP,68,489228-18,0-0,5/13/2026,True,5/13/2026 4:21:23 AM,True,5/11/2026 7:32:54 AM
AP03A,1346052,U6XX,279,490591-2,442200-3,5/13/2026,True,5/13/2026 1:59:17 PM,True,5/13/2026 4:10:09 AM
AP03A,1346053,U6XX,279,490591-3,442200-2,5/13/2026,True,5/13/2026 1:59:17 PM,True,5/13/2026 4:10:05 AM
AP03A,1346054,U6XX,279,490591-4,442200-1,5/13/2026,True,5/13/2026 1:59:17 PM,True,5/13/2026 4:08:03 AM
AP03A,1346055,U6XX,280,490592-1,442201-4,5/13/2026,True,5/13/2026 1:59:17 PM,True,5/13/2026 4:13:45 AM
AP03A,1346056,U6XX,280,490592-2,442201-3,5/13/2026,True,5/13/2026 1:59:17 PM,True,5/13/2026 4:13:43 AM
AP03A,1346057,U6XX,280,490592-3,442201-2,5/13/2026,True,5/13/2026 1:59:17 PM,True,5/13/2026 4:13:40 AM
AP03A,1346058,U6XX,280,490592-4,442201-1,5/13/2026,True,5/13/2026 1:59:17 PM,True,5/13/2026 4:11:23 AM
AP03A,1346059,U6XX,281,490593-1,442202-4,5/13/2026,True,5/13/2026 1:59:17 PM,True,5/13/2026 4:16:19 AM
AP03A,1346060,U6XX,281,490593-2,442202-3,5/13/2026,True,5/13/2026 1:59:17 PM,True,5/13/2026 4:16:17 AM
AP03A,1346061,U6XX,281,490593-3,442202-2,5/13/2026,True,5/13/2026 1:59:17 PM,True,5/13/2026 4:16:14 AM
AP03A,1346062,U6XX,281,490593-4,442202-1,5/13/2026,True,5/13/2026 1:59:17 PM,True,5/13/2026 4:14:45 AM
AP03A,1346063,U6XX,282,490594-1,442203-4,5/13/2026,True,5/13/2026 1:59:17 PM,True,5/13/2026 4:20:37 AM
AP03A,1346064,U6XX,282,490594-2,442203-3,5/13/2026,True,5/13/2026 1:59:17 PM,True,5/13/2026 4:19:32 AM
AP03A,1346065,U611-LHTOP,123,489565-7,0-0,5/13/2026,True,5/13/2026 4:21:23 AM,True,5/11/2026 8:51:55 AM
AP03A,1346065,U611-RHTOP,68,489228-19,0-0,5/13/2026,True,5/13/2026 4:21:23 AM,True,5/11/2026 7:38:29 AM
AP03A,1346065,U6XX,282,490594-3,442203-2,5/13/2026,True,5/13/2026 1:59:17 PM,True,5/13/2026 4:19:32 AM
AP03A,1346066,U6XX,282,490594-4,442203-1,5/13/2026,True,5/13/2026 1:59:17 PM,True,5/13/2026 4:18:02 AM
AP03A,1346067,U6XX,283,490595-1,442204-4,5/13/2026,True,5/13/2026 4:36:26 PM,True,5/13/2026 4:23:42 AM
AP03A,1346068,U6XX,283,490595-2,442204-3,5/13/2026,True,5/13/2026 4:36:26 PM,True,5/13/2026 4:23:40 AM
AP03A,1346069,U6XX,283,490595-3,442204-2,5/13/2026,True,5/13/2026 4:36:26 PM,True,5/13/2026 4:23:38 AM
AP03A,1346070,U6XX,283,490595-4,442204-1,5/13/2026,True,5/13/2026 4:36:26 PM,True,5/13/2026 4:20:40 AM
AP03A,1346071,U6XX,284,490596-1,442205-4,5/13/2026,True,5/13/2026 4:36:26 PM,True,5/13/2026 6:06:55 AM
AP03A,1346072,U6XX,284,490596-2,442205-3,5/13/2026,True,5/13/2026 4:36:26 PM,True,5/13/2026 6:06:13 AM
AP03A,1346073,U6XX,284,490596-3,442205-2,5/13/2026,True,5/13/2026 4:36:26 PM,True,5/13/2026 6:06:06 AM
AP03A,1346074,U6XX,284,490596-4,442205-1,5/13/2026,True,5/13/2026 4:36:26 PM,True,5/13/2026 6:05:25 AM
AP03A,1346075,U6XX,285,490597-1,442206-4,5/13/2026,True,5/13/2026 4:36:26 PM,True,5/13/2026 6:09:54 AM
AP03A,1346076,U6XX,285,490597-2,442206-3,5/13/2026,True,5/13/2026 4:36:26 PM,True,5/13/2026 6:09:28 AM
AP03A,1346077,U6XX,285,490597-3,442206-2,5/13/2026,True,5/13/2026 4:36:26 PM,True,5/13/2026 6:08:42 AM
AP03A,1346078,U611-LHTOP,123,489565-8,0-0,5/13/2026,True,5/13/2026 4:21:23 AM,True,5/11/2026 8:53:32 AM
AP03A,1346078,U611-RHTOP,68,489228-20,0-0,5/13/2026,True,5/13/2026 4:21:23 AM,True,5/11/2026 7:43:07 AM
AP03A,1346078,U6XX,285,490597-4,442206-1,5/13/2026,True,5/13/2026 4:36:26 PM,True,5/13/2026 6:08:42 AM
AP03A,1346079,U6XX,286,490598-1,442207-4,5/13/2026,True,5/13/2026 4:36:26 PM,True,5/13/2026 6:13:12 AM
AP03A,1346080,U6XX,286,490598-2,442207-3,5/13/2026,True,5/13/2026 4:36:26 PM,True,5/13/2026 6:12:25 AM
AP03A,1346081,U6XX,286,490598-3,442207-2,5/13/2026,True,5/13/2026 4:36:26 PM,True,5/13/2026 6:11:45 AM
AP03A,1346082,U6XX,286,490598-4,442207-1,5/13/2026,True,5/13/2026 4:36:26 PM,True,5/13/2026 6:10:43 AM
AP03A,1346083,U6XX,287,490599-1,442208-4,5/13/2026,True,5/13/2026 4:36:26 PM,True,5/13/2026 6:16:17 AM
AP03A,1346084,U6XX,287,490599-2,442208-3,5/13/2026,True,5/13/2026 4:36:26 PM,True,5/13/2026 6:15:34 AM
AP03A,1346085,U6XX,287,490599-3,442208-2,5/13/2026,True,5/13/2026 4:36:26 PM,True,5/13/2026 6:15:02 AM
AP03A,1346086,U6XX,287,490599-4,442208-1,5/13/2026,True,5/13/2026 4:36:26 PM,True,5/13/2026 6:13:56 AM
AP03A,1346087,U6XX,288,490600-1,442209-4,5/13/2026,True,5/13/2026 4:36:26 PM,True,5/13/2026 6:19:28 AM
AP03A,1346088,U6XX,288,490600-2,442209-3,5/13/2026,True,5/13/2026 4:36:26 PM,True,5/13/2026 6:18:43 AM
AP03A,1346089,U6XX,288,490600-3,442209-2,5/13/2026,True,5/13/2026 4:36:26 PM,True,5/13/2026 6:18:12 AM
AP03A,1346090,U6XX,288,490600-4,442209-1,5/13/2026,True,5/13/2026 4:36:26 PM,True,5/13/2026 6:16:59 AM
AP03A,1346091,U611-LHTOP,123,489565-9,0-0,5/13/2026,True,5/13/2026 4:21:23 AM,True,5/11/2026 8:54:53 AM
AP03A,1346091,U611-RHTOP,68,489228-21,0-0,5/13/2026,True,5/13/2026 4:21:23 AM,True,5/11/2026 7:47:24 AM
AP03A,1346091,U6XX,289,490601-1,442210-4,5/13/2026,True,5/13/2026 4:36:26 PM,True,5/13/2026 6:23:34 AM
AP03A,1346092,U6XX,289,490601-2,442210-3,5/13/2026,True,5/13/2026 4:36:26 PM,True,5/13/2026 6:21:58 AM
AP03A,1346093,U6XX,289,490601-3,442210-2,5/13/2026,True,5/13/2026 4:36:26 PM,True,5/13/2026 6:21:29 AM
AP03A,1346094,U6XX,289,490601-4,442210-1,5/13/2026,True,5/13/2026 4:36:26 PM,True,5/13/2026 6:20:18 AM
AP03A,1346095,U6XX,290,490602-1,442211-4,5/13/2026,True,5/13/2026 4:36:26 PM,True,5/13/2026 6:25:45 AM
AP03A,1346096,U6XX,290,490602-2,442211-3,5/13/2026,True,5/13/2026 4:36:26 PM,True,5/13/2026 6:25:04 AM
AP03A,1346097,U6XX,290,490602-3,442211-2,5/13/2026,True,5/13/2026 4:36:26 PM,True,5/13/2026 6:24:32 AM
AP03A,1346098,U6XX,290,490602-4,442211-1,5/13/2026,True,5/13/2026 4:36:26 PM,True,5/13/2026 6:23:35 AM
AP03A,1346099,U6XX,291,490603-1,442212-4,5/13/2026,True,5/13/2026 4:36:26 PM,True,5/13/2026 6:29:42 AM
AP03A,1346100,U6XX,291,490603-2,442212-3,5/13/2026,True,5/13/2026 4:36:26 PM,True,5/13/2026 6:29:00 AM
AP03A,1346101,U6XX,291,490603-3,442212-2,5/13/2026,True,5/13/2026 4:36:26 PM,True,5/13/2026 6:28:22 AM
AP03A,1346102,U6XX,291,490603-4,442212-1,5/13/2026,True,5/13/2026 4:36:26 PM,True,5/13/2026 6:26:34 AM
AP03A,1346103,U6XX,292,490604-1,442213-4,5/13/2026,True,5/13/2026 4:36:26 PM,True,5/13/2026 6:33:41 AM
AP03A,1346104,U611-LHTOP,123,489565-10,0-0,5/13/2026,True,5/13/2026 4:21:23 AM,True,5/11/2026 8:56:18 AM
AP03A,1346104,U611-RHTOP,68,489228-22,0-0,5/13/2026,True,5/13/2026 4:21:23 AM,True,5/11/2026 7:52:02 AM
AP03A,1346104,U6XX,292,490604-2,442213-3,5/13/2026,True,5/13/2026 4:36:26 PM,True,5/13/2026 6:33:40 AM
AP03A,1346105,U6XX,292,490604-3,442213-2,5/13/2026,True,5/13/2026 4:36:26 PM,True,5/13/2026 6:31:41 AM
AP03A,1346106,U6XX,292,490604-4,442213-1,5/13/2026,True,5/13/2026 4:36:26 PM,True,5/13/2026 6:30:31 AM
AP03A,1346107,U6XX,293,490605-1,442214-4,5/13/2026,True,5/13/2026 4:36:26 PM,True,5/13/2026 6:36:24 AM
AP03A,1346108,U6XX,293,490605-2,442214-3,5/13/2026,True,5/13/2026 4:36:26 PM,True,5/13/2026 6:35:49 AM
AP03A,1346109,U6XX,293,490605-3,442214-2,5/13/2026,True,5/13/2026 4:36:26 PM,True,5/13/2026 6:35:08 AM
AP03A,1346110,U6XX,293,490605-4,442214-1,5/13/2026,True,5/13/2026 4:36:26 PM,True,5/13/2026 6:34:10 AM
AP03A,1346111,U6XX,294,490606-1,442215-4,5/13/2026,True,5/13/2026 4:36:26 PM,True,5/13/2026 6:40:04 AM
AP03A,1346112,U6XX,294,490606-2,442215-3,5/13/2026,True,5/13/2026 4:36:26 PM,True,5/13/2026 6:39:34 AM
AP03A,1346113,U6XX,294,490606-3,442215-2,5/13/2026,True,5/13/2026 4:36:26 PM,True,5/13/2026 6:38:52 AM
AP03A,1346114,U6XX,294,490606-4,442215-1,5/13/2026,True,5/13/2026 4:36:26 PM,True,5/13/2026 6:37:18 AM
AP03A,1346115,U6XX,295,490607-1,442216-4,5/13/2026,True,5/13/2026 4:36:26 PM,True,5/13/2026 6:43:32 AM
AP03A,1346116,U6XX,295,490607-2,442216-3,5/13/2026,True,5/13/2026 4:36:26 PM,True,5/13/2026 6:42:48 AM
AP03A,1346117,U611-LHTOP,123,489565-11,0-0,5/13/2026,True,5/13/2026 4:21:23 AM,True,5/11/2026 8:57:41 AM
AP03A,1346117,U611-RHTOP,68,489228-23,0-0,5/13/2026,True,5/13/2026 4:21:23 AM,True,5/11/2026 7:56:14 AM
AP03A,1346117,U6XX,295,490607-3,442216-2,5/13/2026,True,5/13/2026 4:36:26 PM,True,5/13/2026 6:42:47 AM
AP03A,1346118,U6XX,295,490607-4,442216-1,5/13/2026,True,5/13/2026 4:36:26 PM,True,5/13/2026 6:40:52 AM
AP03A,1346119,U6XX,296,490608-1,442217-4,5/13/2026,True,5/13/2026 4:36:26 PM,True,5/13/2026 6:46:40 AM
AP03A,1346120,U6XX,296,490608-2,442217-3,5/13/2026,True,5/13/2026 4:36:26 PM,True,5/13/2026 6:45:57 AM
AP03A,1346121,U6XX,296,490608-3,442217-2,5/13/2026,True,5/13/2026 4:36:26 PM,True,5/13/2026 6:45:46 AM
AP03A,1346122,U6XX,296,490608-4,442217-1,5/13/2026,True,5/13/2026 4:36:26 PM,True,5/13/2026 6:44:06 AM
AP03A,1346123,U6XX,297,490609-1,442218-4,5/13/2026,True,5/13/2026 4:36:26 PM,True,5/13/2026 7:02:01 AM
AP03A,1346124,U6XX,297,490609-2,442218-3,5/13/2026,True,5/13/2026 4:36:26 PM,True,5/13/2026 7:01:10 AM
AP03A,1346125,U6XX,297,490609-3,442218-2,5/13/2026,True,5/13/2026 4:36:26 PM,True,5/13/2026 6:48:23 AM
AP03A,1346126,U6XX,297,490609-4,442218-1,5/13/2026,True,5/13/2026 4:36:26 PM,True,5/13/2026 6:47:24 AM
AP03A,1346127,U6XX,298,490610-1,442219-4,5/13/2026,True,5/13/2026 4:36:26 PM,True,5/13/2026 7:07:44 AM
AP03A,1346128,U6XX,298,490610-2,442219-3,5/13/2026,True,5/13/2026 4:36:26 PM,True,5/13/2026 7:06:10 AM
AP03A,1346129,U6XX,298,490610-3,442219-2,5/13/2026,True,5/13/2026 4:36:26 PM,True,5/13/2026 7:05:14 AM
AP03A,1346130,U611-LHTOP,123,489565-12,0-0,5/13/2026,True,5/13/2026 4:21:23 AM,True,5/11/2026 8:59:11 AM
AP03A,1346130,U611-RHTOP,68,489228-24,0-0,5/13/2026,True,5/13/2026 4:21:23 AM,True,5/11/2026 8:00:32 AM
AP03A,1346130,U6XX,298,490610-4,442219-1,5/13/2026,True,5/13/2026 4:36:26 PM,True,5/13/2026 7:05:14 AM
AP03A,1346131,U6XX,299,490611-1,442220-4,5/13/2026,True,5/13/2026 4:36:26 PM,True,5/13/2026 7:10:55 AM
AP03A,1346132,U6XX,299,490611-2,442220-3,5/13/2026,True,5/13/2026 4:36:26 PM,True,5/13/2026 7:10:15 AM
AP03A,1346133,U6XX,299,490611-3,442220-2,5/13/2026,True,5/13/2026 4:36:26 PM,True,5/13/2026 7:09:43 AM
AP03A,1346134,U6XX,299,490611-4,442220-1,5/13/2026,True,5/13/2026 4:36:26 PM,True,5/13/2026 7:08:24 AM
AP03A,1346135,U6XX,300,490612-1,442221-4,5/13/2026,True,5/13/2026 4:36:26 PM,True,5/13/2026 7:14:14 AM
AP03A,1346136,U6XX,300,490612-2,442221-3,5/13/2026,True,5/13/2026 4:36:26 PM,True,5/13/2026 7:13:33 AM
AP03A,1346137,U6XX,300,490612-3,442221-2,5/13/2026,True,5/13/2026 4:36:26 PM,True,5/13/2026 7:12:50 AM
AP03A,1346138,U6XX,300,490612-4,442221-1,5/13/2026,True,5/13/2026 4:36:26 PM,True,5/13/2026 7:11:52 AM
AP03A,1346139,U6XX,301,490613-1,442222-4,5/13/2026,True,5/13/2026 4:36:26 PM,True,5/13/2026 7:17:50 AM
AP03A,1346140,U6XX,301,490613-2,442222-3,5/13/2026,True,5/13/2026 4:36:26 PM,True,5/13/2026 7:16:52 AM
AP03A,1346141,U6XX,301,490613-3,442222-2,5/13/2026,True,5/13/2026 4:36:26 PM,True,5/13/2026 7:16:47 AM
AP03A,1346142,U6XX,301,490613-4,442222-1,5/13/2026,True,5/13/2026 4:36:26 PM,True,5/13/2026 7:15:08 AM
AP03A,1346143,U611-LHTOP,124,489574-1,0-0,5/13/2026,True,5/13/2026 4:21:23 AM,True,5/11/2026 9:03:18 AM
AP03A,1346143,U611-RHTOP,69,489262-1,0-0,5/13/2026,True,5/13/2026 4:21:23 AM,True,5/11/2026 8:05:08 AM
AP03A,1346143,U6XX,302,490614-1,442223-4,5/13/2026,True,5/13/2026 4:36:26 PM,True,5/13/2026 7:21:34 AM
AP03A,1346144,U6XX,302,490614-2,442223-3,5/13/2026,True,5/13/2026 4:36:26 PM,True,5/13/2026 7:20:01 AM
AP03A,1346145,U6XX,302,490614-3,442223-2,5/13/2026,True,5/13/2026 4:36:26 PM,True,5/13/2026 7:19:40 AM
AP03A,1346146,U6XX,302,490614-4,442223-1,5/13/2026,True,5/13/2026 4:36:26 PM,True,5/13/2026 7:18:18 AM
AP03A,1346147,U6XX,303,490615-1,442224-4,5/13/2026,True,5/13/2026 4:36:26 PM,True,5/13/2026 7:24:00 AM
AP03A,1346148,U6XX,303,490615-2,442224-3,5/13/2026,True,5/13/2026 4:36:26 PM,True,5/13/2026 7:23:10 AM
AP03A,1346149,U6XX,303,490615-3,442224-2,5/13/2026,True,5/13/2026 4:36:26 PM,True,5/13/2026 7:22:27 AM
AP03A,1346150,U6XX,303,490615-4,442224-1,5/13/2026,True,5/13/2026 4:36:26 PM,True,5/13/2026 7:21:34 AM
AP03A,1346151,U6XX,304,490616-1,442225-4,5/13/2026,True,5/13/2026 4:36:26 PM,True,5/13/2026 7:27:56 AM
AP03A,1346152,U6XX,304,490616-2,442225-3,5/13/2026,True,5/13/2026 4:36:26 PM,True,5/13/2026 7:26:24 AM
AP03A,1346153,U6XX,304,490616-3,442225-2,5/13/2026,True,5/13/2026 4:36:26 PM,True,5/13/2026 7:25:35 AM
AP03A,1346154,U6XX,304,490616-4,442225-1,5/13/2026,True,5/13/2026 4:36:26 PM,True,5/13/2026 7:24:36 AM
AP03A,1346155,U6XX,305,490617-1,442226-4,5/13/2026,True,5/13/2026 4:36:26 PM,True,5/13/2026 7:30:50 AM
AP03A,1346156,U611-LHTOP,124,489574-2,0-0,5/13/2026,True,5/13/2026 4:21:23 AM,True,5/11/2026 9:04:40 AM
AP03A,1346156,U611-RHTOP,69,489262-2,0-0,5/13/2026,True,5/13/2026 4:21:23 AM,True,5/11/2026 8:09:51 AM
AP03A,1346156,U6XX,305,490617-2,442226-3,5/13/2026,True,5/13/2026 4:36:26 PM,True,5/13/2026 7:30:50 AM
AP03A,1346157,U6XX,305,490617-3,442226-2,5/13/2026,True,5/13/2026 4:36:26 PM,True,5/13/2026 7:29:25 AM
AP03A,1346158,U6XX,305,490617-4,442226-1,5/13/2026,True,5/13/2026 4:36:26 PM,True,5/13/2026 7:28:11 AM
AP03A,1346159,U6XX,306,490618-1,442227-4,5/13/2026,True,5/13/2026 4:36:26 PM,True,5/13/2026 7:34:01 AM
AP03A,1346160,U6XX,306,490618-2,442227-3,5/13/2026,True,5/13/2026 4:36:26 PM,True,5/13/2026 7:32:58 AM
AP03A,1346161,U6XX,306,490618-3,442227-2,5/13/2026,True,5/13/2026 4:36:26 PM,True,5/13/2026 7:32:25 AM
AP03A,1346162,U6XX,306,490618-4,442227-1,5/13/2026,True,5/13/2026 4:36:26 PM,True,5/13/2026 7:31:31 AM
AP03A,1346163,U6XX,307,490619-1,442228-4,5/13/2026,True,5/13/2026 6:26:00 PM,True,5/13/2026 7:37:11 AM
AP03A,1346164,U6XX,307,490619-2,442228-3,5/13/2026,True,5/13/2026 6:26:00 PM,True,5/13/2026 7:36:24 AM
AP03A,1346165,U6XX,307,490619-3,442228-2,5/13/2026,True,5/13/2026 6:26:00 PM,True,5/13/2026 7:36:16 AM
AP03A,1346166,U6XX,307,490619-4,442228-1,5/13/2026,True,5/13/2026 6:26:00 PM,True,5/13/2026 7:34:44 AM
AP03A,1346167,U6XX,308,490620-1,442229-4,5/13/2026,True,5/13/2026 6:26:00 PM,True,5/13/2026 7:40:32 AM
AP03A,1346168,U611-LHTOP,124,489574-3,0-0,5/13/2026,True,5/13/2026 4:21:23 AM,True,5/11/2026 9:06:55 AM
AP03A,1346168,U611-RHTOP,69,489262-3,0-0,5/13/2026,True,5/13/2026 4:21:23 AM,True,5/11/2026 8:46:50 AM
AP03A,1346168,U6XX,308,490620-2,442229-3,5/13/2026,True,5/13/2026 6:26:00 PM,True,5/13/2026 7:40:31 AM
AP03A,1346169,U6XX,308,490620-3,442229-2,5/13/2026,True,5/13/2026 6:26:00 PM,True,5/13/2026 7:39:13 AM
AP03A,1346170,U6XX,308,490620-4,442229-1,5/13/2026,True,5/13/2026 6:26:00 PM,True,5/13/2026 7:37:58 AM
AP03A,1346171,U6XX,309,490621-1,442230-4,5/13/2026,True,5/13/2026 6:26:00 PM,True,5/13/2026 7:43:28 AM
AP03A,1346172,U6XX,309,490621-2,442230-3,5/13/2026,True,5/13/2026 6:26:00 PM,True,5/13/2026 7:42:46 AM
AP03A,1346173,U6XX,309,490621-3,442230-2,5/13/2026,True,5/13/2026 6:26:00 PM,True,5/13/2026 7:42:37 AM
AP03A,1346174,U6XX,309,490621-4,442230-1,5/13/2026,True,5/13/2026 6:26:00 PM,True,5/13/2026 7:41:54 AM
AP03A,1346175,U6XX,310,490622-1,442231-4,5/13/2026,True,5/13/2026 6:26:00 PM,True,5/13/2026 7:46:42 AM
AP03A,1346176,U6XX,310,490622-2,442231-3,5/13/2026,True,5/13/2026 6:26:00 PM,True,5/13/2026 7:45:55 AM
AP03A,1346177,U6XX,310,490622-3,442231-2,5/13/2026,True,5/13/2026 6:26:00 PM,True,5/13/2026 7:45:20 AM
AP03A,1346178,U6XX,310,490622-4,442231-1,5/13/2026,True,5/13/2026 6:26:00 PM,True,5/13/2026 7:44:16 AM
AP03A,1346179,U6XX,311,490623-1,442232-4,5/13/2026,True,5/13/2026 6:26:00 PM,True,5/13/2026 7:50:29 AM
AP03A,1346180,U6XX,311,490623-2,442232-3,5/13/2026,True,5/13/2026 6:26:00 PM,True,5/13/2026 7:49:28 AM
AP03A,1346181,U611-LHTOP,124,489574-4,0-0,5/13/2026,True,5/13/2026 4:21:23 AM,True,5/11/2026 9:09:01 AM
AP03A,1346181,U611-RHTOP,69,489262-4,0-0,5/13/2026,True,5/13/2026 4:21:23 AM,True,5/11/2026 8:51:30 AM
AP03A,1346181,U6XX,311,490623-3,442232-2,5/13/2026,True,5/13/2026 6:26:00 PM,True,5/13/2026 7:49:28 AM
AP03A,1346182,U6XX,311,490623-4,442232-1,5/13/2026,True,5/13/2026 6:26:00 PM,True,5/13/2026 7:48:08 AM
AP03A,1346183,U6XX,312,490624-1,442233-4,5/13/2026,True,5/13/2026 6:26:00 PM,True,5/13/2026 7:53:15 AM
AP03A,1346184,U6XX,312,490624-2,442233-3,5/13/2026,True,5/13/2026 6:26:00 PM,True,5/13/2026 7:52:35 AM
AP03A,1346185,U6XX,312,490624-3,442233-2,5/13/2026,True,5/13/2026 6:26:00 PM,True,5/13/2026 7:51:43 AM
AP03A,1346186,U6XX,312,490624-4,442233-1,5/13/2026,True,5/13/2026 6:26:00 PM,True,5/13/2026 7:50:47 AM
AP03A,1346187,U6XX,313,490625-1,442234-4,5/13/2026,True,5/13/2026 6:26:00 PM,True,5/13/2026 8:01:13 AM
AP03A,1346188,U6XX,313,490625-2,442234-3,5/13/2026,True,5/13/2026 6:26:00 PM,True,5/13/2026 7:55:46 AM
AP03A,1346189,U6XX,313,490625-3,442234-2,5/13/2026,True,5/13/2026 6:26:00 PM,True,5/13/2026 7:55:04 AM
AP03A,1346190,U6XX,313,490625-4,442234-1,5/13/2026,True,5/13/2026 6:26:00 PM,True,5/13/2026 7:54:10 AM
AP03A,1346191,U6XX,314,490626-1,442235-4,5/13/2026,True,5/13/2026 6:26:00 PM,True,5/13/2026 8:06:09 AM
AP03A,1346192,U6XX,314,490626-2,442235-3,5/13/2026,True,5/13/2026 6:26:00 PM,True,5/13/2026 8:06:02 AM
AP03A,1346193,U6XX,314,490626-3,442235-2,5/13/2026,True,5/13/2026 6:26:00 PM,True,5/13/2026 8:06:00 AM
AP03A,1346194,U611-LHTOP,124,489574-5,0-0,5/13/2026,True,5/13/2026 4:21:23 AM,True,5/11/2026 9:11:02 AM
AP03A,1346194,U611-RHTOP,69,489262-5,0-0,5/13/2026,True,5/13/2026 4:21:23 AM,True,5/11/2026 8:59:09 AM
AP03A,1346194,U6XX,314,490626-4,442235-1,5/13/2026,True,5/13/2026 6:26:00 PM,True,5/13/2026 8:05:59 AM
AP03A,1346195,U6XX,315,490627-1,442236-4,5/13/2026,True,5/13/2026 6:26:00 PM,True,5/13/2026 8:08:11 AM
AP03A,1346196,U6XX,315,490627-2,442236-3,5/13/2026,True,5/13/2026 6:26:00 PM,True,5/13/2026 8:07:26 AM
AP03A,1346197,U6XX,315,490627-3,442236-2,5/13/2026,True,5/13/2026 6:26:00 PM,True,5/13/2026 8:07:17 AM
AP03A,1346198,U6XX,315,490627-4,442236-1,5/13/2026,True,5/13/2026 6:26:00 PM,True,5/13/2026 8:06:15 AM
AP03A,1346199,U6XX,316,490628-1,442237-4,5/13/2026,True,5/13/2026 6:26:00 PM,True,5/13/2026 8:11:16 AM
AP03A,1346200,U6XX,316,490628-2,442237-3,5/13/2026,True,5/13/2026 6:26:00 PM,True,5/13/2026 8:10:24 AM
AP03A,1346201,U6XX,316,490628-3,442237-2,5/13/2026,True,5/13/2026 6:26:00 PM,True,5/13/2026 8:09:56 AM
AP03A,1346202,U6XX,316,490628-4,442237-1,5/13/2026,True,5/13/2026 6:26:00 PM,True,5/13/2026 8:08:58 AM
AP03A,1346203,U6XX,317,490629-1,442238-4,5/13/2026,True,5/13/2026 6:26:00 PM,True,5/13/2026 8:35:18 AM
AP03A,1346204,U6XX,317,490629-2,442238-3,5/13/2026,True,5/13/2026 6:26:00 PM,True,5/13/2026 8:13:53 AM
AP03A,1346205,U6XX,317,490629-3,442238-2,5/13/2026,True,5/13/2026 6:26:00 PM,True,5/13/2026 8:12:53 AM
AP03A,1346206,U6XX,317,490629-4,442238-1,5/13/2026,True,5/13/2026 6:26:00 PM,True,5/13/2026 8:12:18 AM
AP03A,1346207,U611-LHTOP,124,489574-6,0-0,5/13/2026,True,5/13/2026 4:21:23 AM,True,5/11/2026 9:12:33 AM
AP03A,1346207,U611-RHTOP,69,489262-6,0-0,5/13/2026,True,5/13/2026 4:21:23 AM,True,5/11/2026 9:06:36 AM
AP03A,1346207,U6XX,318,490630-1,442239-4,5/13/2026,True,5/13/2026 6:26:00 PM,True,5/13/2026 8:42:08 AM
AP03A,1346208,U6XX,318,490630-2,442239-3,5/13/2026,True,5/13/2026 6:26:00 PM,True,5/13/2026 8:37:55 AM
AP03A,1346209,U6XX,318,490630-3,442239-2,5/13/2026,True,5/13/2026 6:26:00 PM,True,5/13/2026 8:37:01 AM
AP03A,1346210,U6XX,318,490630-4,442239-1,5/13/2026,True,5/13/2026 6:26:00 PM,True,5/13/2026 8:36:03 AM
AP03A,1346211,U6XX,319,490631-1,442240-4,5/13/2026,True,5/13/2026 6:26:00 PM,True,5/13/2026 8:42:57 AM
AP03A,1346212,U6XX,319,490631-2,442240-3,5/13/2026,True,5/13/2026 6:26:00 PM,True,5/13/2026 8:42:53 AM
AP03A,1346213,U6XX,319,490631-3,442240-2,5/13/2026,True,5/13/2026 6:26:00 PM,True,5/13/2026 8:42:50 AM
AP03A,1346214,U6XX,319,490631-4,442240-1,5/13/2026,True,5/13/2026 6:26:00 PM,True,5/13/2026 8:42:09 AM
AP03A,1346215,U6XX,320,490632-1,442241-4,5/13/2026,True,5/13/2026 6:26:00 PM,True,5/13/2026 8:45:43 AM
AP03A,1346216,U6XX,320,490632-2,442241-3,5/13/2026,True,5/13/2026 6:26:00 PM,True,5/13/2026 8:44:17 AM
AP03A,1346217,U6XX,320,490632-3,442241-2,5/13/2026,True,5/13/2026 6:26:00 PM,True,5/13/2026 8:44:14 AM
AP03A,1346218,U6XX,320,490632-4,442241-1,5/13/2026,True,5/13/2026 6:26:00 PM,True,5/13/2026 8:43:00 AM
AP03A,1346219,U6XX,321,490633-1,442242-4,5/13/2026,True,5/13/2026 6:26:00 PM,True,5/13/2026 8:50:27 AM
AP03A,1346220,U611-LHTOP,124,489574-7,0-0,5/13/2026,True,5/13/2026 4:21:23 AM,True,5/11/2026 9:13:55 AM
AP03A,1346220,U611-RHTOP,69,489262-7,0-0,5/13/2026,True,5/13/2026 4:21:23 AM,True,5/11/2026 9:11:06 AM
AP03A,1346220,U6XX,321,490633-2,442242-3,5/13/2026,True,5/13/2026 6:26:00 PM,True,5/13/2026 8:50:26 AM
AP03A,1346221,U6XX,321,490633-3,442242-2,5/13/2026,True,5/13/2026 6:26:00 PM,True,5/13/2026 8:46:47 AM
AP03A,1346222,U6XX,321,490633-4,442242-1,5/13/2026,True,5/13/2026 6:26:00 PM,True,5/13/2026 8:46:43 AM
AP03A,1346223,U6XX,322,490634-1,442243-4,5/13/2026,True,5/13/2026 6:26:00 PM,True,5/13/2026 8:53:54 AM
AP03A,1346224,U6XX,322,490634-2,442243-3,5/13/2026,True,5/13/2026 6:26:00 PM,True,5/13/2026 8:52:12 AM
AP03A,1346225,U6XX,322,490634-3,442243-2,5/13/2026,True,5/13/2026 6:26:00 PM,True,5/13/2026 8:52:05 AM
AP03A,1346226,U6XX,322,490634-4,442243-1,5/13/2026,True,5/13/2026 6:26:00 PM,True,5/13/2026 8:50:34 AM
AP03A,1346227,U6XX,323,490635-1,442244-4,5/13/2026,True,5/13/2026 6:26:00 PM,True,5/13/2026 9:00:23 AM
AP03A,1346228,U6XX,323,490635-2,442244-3,5/13/2026,True,5/13/2026 6:26:00 PM,True,5/13/2026 8:55:37 AM
AP03A,1346229,U6XX,323,490635-3,442244-2,5/13/2026,True,5/13/2026 6:26:00 PM,True,5/13/2026 8:55:30 AM
AP03A,1346230,U6XX,323,490635-4,442244-1,5/13/2026,True,5/13/2026 6:26:00 PM,True,5/13/2026 8:54:06 AM
AP03A,1346231,U6XX,324,490636-1,442245-4,5/13/2026,True,5/13/2026 6:26:00 PM,True,5/13/2026 9:03:37 AM
AP03A,1346232,U6XX,324,490636-2,442245-3,5/13/2026,True,5/13/2026 6:26:00 PM,True,5/13/2026 9:01:48 AM
AP03A,1346233,U611-LHTOP,124,489574-8,0-0,5/13/2026,True,5/13/2026 4:21:23 AM,True,5/11/2026 9:15:17 AM
AP03A,1346233,U611-RHTOP,69,489262-8,0-0,5/13/2026,True,5/13/2026 4:21:23 AM,True,5/11/2026 9:15:47 AM
AP03A,1346233,U6XX,324,490636-3,442245-2,5/13/2026,True,5/13/2026 6:26:00 PM,True,5/13/2026 9:01:48 AM
AP03A,1346234,U6XX,324,490636-4,442245-1,5/13/2026,True,5/13/2026 6:26:00 PM,True,5/13/2026 9:00:26 AM
AP03A,1346235,U6XX,325,490637-1,442246-4,5/13/2026,True,5/13/2026 6:26:00 PM,True,5/13/2026 9:07:23 AM
AP03A,1346236,U6XX,325,490637-2,442246-3,5/13/2026,True,5/13/2026 6:26:00 PM,True,5/13/2026 9:05:10 AM
AP03A,1346237,U6XX,325,490637-3,442246-2,5/13/2026,True,5/13/2026 6:26:00 PM,True,5/13/2026 9:04:49 AM
AP03A,1346238,U6XX,325,490637-4,442246-1,5/13/2026,True,5/13/2026 6:26:00 PM,True,5/13/2026 9:03:40 AM
AP03A,1346239,U6XX,326,490638-1,442247-4,5/13/2026,True,5/13/2026 6:26:00 PM,True,5/13/2026 9:09:30 AM
AP03A,1346240,U6XX,326,490638-2,442247-3,5/13/2026,True,5/13/2026 6:26:00 PM,True,5/13/2026 9:08:29 AM
AP03A,1346241,U6XX,326,490638-3,442247-2,5/13/2026,True,5/13/2026 6:26:00 PM,True,5/13/2026 9:08:14 AM
AP03A,1346242,U6XX,326,490638-4,442247-1,5/13/2026,True,5/13/2026 6:26:00 PM,True,5/13/2026 9:07:27 AM
AP03A,1346243,U6XX,327,490639-1,442248-4,5/13/2026,True,5/13/2026 6:26:00 PM,True,5/13/2026 9:12:51 AM
AP03A,1346244,U6XX,327,490639-2,442248-3,5/13/2026,True,5/13/2026 6:26:00 PM,True,5/13/2026 9:11:20 AM
AP03A,1346245,U6XX,327,490639-3,442248-2,5/13/2026,True,5/13/2026 6:26:00 PM,True,5/13/2026 9:11:15 AM
AP03A,1346246,U611-LHTOP,124,489574-9,0-0,5/13/2026,True,5/13/2026 4:21:23 AM,True,5/11/2026 9:17:17 AM
AP03A,1346246,U611-RHTOP,69,489262-9,0-0,5/13/2026,True,5/13/2026 4:21:23 AM,True,5/11/2026 9:19:51 AM
AP03A,1346246,U6XX,327,490639-4,442248-1,5/13/2026,True,5/13/2026 6:26:00 PM,True,5/13/2026 9:11:15 AM
AP03A,1346247,U6XX,328,490640-1,442249-4,5/13/2026,True,5/13/2026 6:26:00 PM,True,5/13/2026 9:15:37 AM
AP03A,1346248,U6XX,328,490640-2,442249-3,5/14/2026,True,5/13/2026 6:26:00 PM,True,5/13/2026 9:15:13 AM
AP03A,1346249,U6XX,328,490640-3,442249-2,5/14/2026,True,5/13/2026 6:26:00 PM,True,5/13/2026 9:15:08 AM
AP03A,1346250,U6XX,328,490640-4,442249-1,5/14/2026,True,5/13/2026 6:26:00 PM,True,5/13/2026 9:12:54 AM
AP03A,1346251,U6XX,329,490641-1,442250-4,5/14/2026,True,5/13/2026 6:26:00 PM,True,5/13/2026 9:19:28 AM
AP03A,1346252,U6XX,329,490641-2,442250-3,5/14/2026,True,5/13/2026 6:26:00 PM,True,5/13/2026 9:19:24 AM
AP03A,1346253,U6XX,329,490641-3,442250-2,5/14/2026,True,5/13/2026 6:26:00 PM,True,5/13/2026 9:17:52 AM
AP03A,1346254,U6XX,329,490641-4,442250-1,5/14/2026,True,5/13/2026 6:26:00 PM,True,5/13/2026 9:17:48 AM
AP03A,1346255,U6XX,330,490642-1,442251-4,5/14/2026,True,5/13/2026 6:26:00 PM,True,5/13/2026 9:23:33 AM
AP03A,1346256,U6XX,330,490642-2,442251-3,5/14/2026,True,5/13/2026 6:26:00 PM,True,5/13/2026 9:23:29 AM
AP03A,1346257,U6XX,330,490642-3,442251-2,5/14/2026,True,5/13/2026 6:26:00 PM,True,5/13/2026 9:23:26 AM
AP03A,1346258,U6XX,330,490642-4,442251-1,5/14/2026,True,5/13/2026 6:26:00 PM,True,5/13/2026 9:20:00 AM
AP03A,1346259,U611-LHTOP,124,489574-10,0-0,5/13/2026,True,5/13/2026 4:21:23 AM,True,5/11/2026 9:18:41 AM
AP03A,1346259,U611-RHTOP,69,489262-10,0-0,5/13/2026,True,5/13/2026 4:21:23 AM,True,5/11/2026 9:23:55 AM
AP03A,1346259,U6XX,331,490657-1,442252-4,5/14/2026,True,5/13/2026 7:26:07 PM,True,5/13/2026 9:26:35 AM
AP03A,1346260,U6XX,331,490657-2,442252-3,5/14/2026,True,5/13/2026 7:26:07 PM,True,5/13/2026 9:25:45 AM
AP03A,1346261,U6XX,331,490657-3,442252-2,5/14/2026,True,5/13/2026 7:26:07 PM,True,5/13/2026 9:25:41 AM
AP03A,1346262,U6XX,331,490657-4,442252-1,5/14/2026,True,5/13/2026 7:26:07 PM,True,5/13/2026 9:23:39 AM
AP03A,1346263,U6XX,332,490664-1,442253-4,5/14/2026,True,5/13/2026 7:26:07 PM,True,5/13/2026 9:32:42 AM
AP03A,1346264,U6XX,332,490664-2,442253-3,5/14/2026,True,5/13/2026 7:26:07 PM,True,5/13/2026 9:29:47 AM
AP03A,1346265,U6XX,332,490664-3,442253-2,5/14/2026,True,5/13/2026 7:26:07 PM,True,5/13/2026 9:29:23 AM
AP03A,1346266,U6XX,332,490664-4,442253-1,5/14/2026,True,5/13/2026 7:26:07 PM,True,5/13/2026 9:26:35 AM
AP03A,1346267,U6XX,333,490665-1,442254-4,5/14/2026,True,5/13/2026 7:26:07 PM,True,5/13/2026 9:35:39 AM
AP03A,1346268,U6XX,333,490665-2,442254-3,5/14/2026,True,5/13/2026 7:26:07 PM,True,5/13/2026 9:35:35 AM
AP03A,1346269,U6XX,333,490665-3,442254-2,5/14/2026,True,5/13/2026 7:26:07 PM,True,5/13/2026 9:32:51 AM
AP03A,1346270,U6XX,333,490665-4,442254-1,5/14/2026,True,5/13/2026 7:26:07 PM,True,5/13/2026 9:32:46 AM
AP03A,1346271,U6XX,334,490666-1,442255-4,5/14/2026,True,5/13/2026 7:26:07 PM,True,5/13/2026 9:38:39 AM
AP03A,1346272,U611-LHTOP,124,489574-11,0-0,5/13/2026,True,5/13/2026 4:21:23 AM,True,5/11/2026 9:20:01 AM
AP03A,1346272,U611-RHTOP,69,489262-11,0-0,5/13/2026,True,5/13/2026 4:21:23 AM,True,5/11/2026 9:29:04 AM
AP03A,1346272,U6XX,334,490666-2,442255-3,5/14/2026,True,5/13/2026 7:26:07 PM,True,5/13/2026 9:38:39 AM
AP03A,1346273,U6XX,334,490666-3,442255-2,5/14/2026,True,5/13/2026 7:26:07 PM,True,5/13/2026 9:37:07 AM
AP03A,1346274,U6XX,334,490666-4,442255-1,5/14/2026,True,5/13/2026 7:26:07 PM,True,5/13/2026 9:35:45 AM
AP03A,1346275,U6XX,335,490667-1,442256-4,5/14/2026,True,5/13/2026 7:26:07 PM,True,5/13/2026 9:41:36 AM
AP03A,1346276,U6XX,335,490667-2,442256-3,5/14/2026,True,5/13/2026 7:26:07 PM,True,5/13/2026 9:40:26 AM
AP03A,1346277,U6XX,335,490667-3,442256-2,5/14/2026,True,5/13/2026 7:26:07 PM,True,5/13/2026 9:40:21 AM
AP03A,1346278,U6XX,335,490667-4,442256-1,5/14/2026,True,5/13/2026 7:26:07 PM,True,5/13/2026 9:38:45 AM
AP03A,1346279,U6XX,336,490668-1,442257-4,5/14/2026,True,5/13/2026 7:26:07 PM,True,5/13/2026 9:45:21 AM
AP03A,1346280,U6XX,336,490668-2,442257-3,5/14/2026,True,5/13/2026 7:26:07 PM,True,5/13/2026 9:44:31 AM
AP03A,1346281,U6XX,336,490668-3,442257-2,5/14/2026,True,5/13/2026 7:26:07 PM,True,5/13/2026 9:43:01 AM
AP03A,1346282,U6XX,336,490668-4,442257-1,5/14/2026,True,5/13/2026 7:26:07 PM,True,5/13/2026 9:41:44 AM
AP03A,1346283,U6XX,337,490669-1,442258-4,5/14/2026,True,5/13/2026 7:26:07 PM,True,5/13/2026 9:47:39 AM
AP03A,1346284,U6XX,337,490669-2,442258-3,5/14/2026,True,5/13/2026 7:26:07 PM,True,5/13/2026 9:47:30 AM
AP03A,1346285,U611-LHTOP,124,489574-12,0-0,5/13/2026,True,5/13/2026 4:21:23 AM,True,5/11/2026 9:21:18 AM
AP03A,1346285,U611-RHTOP,69,489262-12,0-0,5/13/2026,True,5/13/2026 4:21:23 AM,True,5/11/2026 9:34:06 AM
AP03A,1346285,U6XX,337,490669-3,442258-2,5/14/2026,True,5/13/2026 7:26:07 PM,True,5/13/2026 9:47:29 AM
AP03A,1346286,U6XX,337,490669-4,442258-1,5/14/2026,True,5/13/2026 7:26:07 PM,True,5/13/2026 9:45:35 AM
AP03A,1346287,U6XX,338,490670-1,442259-4,5/14/2026,True,5/13/2026 7:26:07 PM,True,5/13/2026 9:52:12 AM
AP03A,1346288,U6XX,338,490670-2,442259-3,5/14/2026,True,5/13/2026 7:26:07 PM,True,5/13/2026 9:51:31 AM
AP03A,1346289,U6XX,338,490670-3,442259-2,5/14/2026,True,5/13/2026 7:26:07 PM,True,5/13/2026 9:49:44 AM
AP03A,1346290,U6XX,338,490670-4,442259-1,5/14/2026,True,5/13/2026 7:26:07 PM,True,5/13/2026 9:49:15 AM
AP03A,1346291,U6XX,339,490671-1,442260-4,5/14/2026,True,5/13/2026 7:26:07 PM,True,5/13/2026 9:54:52 AM
AP03A,1346292,U6XX,339,490671-2,442260-3,5/14/2026,True,5/13/2026 7:26:07 PM,True,5/13/2026 9:54:34 AM
AP03A,1346293,U6XX,339,490671-3,442260-2,5/14/2026,True,5/13/2026 7:26:07 PM,True,5/13/2026 9:54:30 AM
AP03A,1346294,U6XX,339,490671-4,442260-1,5/14/2026,True,5/13/2026 7:26:07 PM,True,5/13/2026 9:52:18 AM
AP03A,1346295,U6XX,340,490672-1,442261-4,5/14/2026,True,5/13/2026 7:26:07 PM,True,5/13/2026 10:03:30 AM
AP03A,1346296,U6XX,340,490672-2,442261-3,5/14/2026,True,5/13/2026 7:26:07 PM,True,5/13/2026 10:03:13 AM
AP03A,1346297,U611-LHTOP,125,489581-1,0-0,5/13/2026,True,5/13/2026 4:21:23 AM,True,5/11/2026 9:24:10 AM
AP03A,1346297,U611-RHTOP,69,489262-13,0-0,5/13/2026,True,5/13/2026 4:21:23 AM,True,5/11/2026 9:38:20 AM
AP03A,1346297,U6XX,340,490672-3,442261-2,5/14/2026,True,5/13/2026 7:26:07 PM,True,5/13/2026 10:03:12 AM
AP03A,1346298,U6XX,340,490672-4,442261-1,5/14/2026,True,5/13/2026 7:26:07 PM,True,5/13/2026 9:56:01 AM
AP03A,1346299,U6XX,341,490673-1,442262-4,5/14/2026,True,5/13/2026 7:26:07 PM,True,5/13/2026 10:07:44 AM
AP03A,1346300,U6XX,341,490673-2,442262-3,5/14/2026,True,5/13/2026 7:26:07 PM,True,5/13/2026 10:07:39 AM
AP03A,1346301,U6XX,341,490673-3,442262-2,5/14/2026,True,5/13/2026 7:26:07 PM,True,5/13/2026 10:06:01 AM
AP03A,1346302,U6XX,341,490673-4,442262-1,5/14/2026,True,5/13/2026 7:26:07 PM,True,5/13/2026 10:05:55 AM
AP03A,1346303,U6XX,342,490674-1,442263-4,5/14/2026,True,5/13/2026 7:26:07 PM,True,5/13/2026 10:12:45 AM
AP03A,1346304,U6XX,342,490674-2,442263-3,5/14/2026,True,5/13/2026 7:26:07 PM,True,5/13/2026 10:11:25 AM
AP03A,1346305,U6XX,342,490674-3,442263-2,5/14/2026,True,5/13/2026 7:26:07 PM,True,5/13/2026 10:11:17 AM
AP03A,1346306,U6XX,342,490674-4,442263-1,5/14/2026,True,5/13/2026 7:26:07 PM,True,5/13/2026 10:08:33 AM
AP03A,1346307,U6XX,343,490675-1,442264-4,5/14/2026,True,5/13/2026 7:26:07 PM,True,5/13/2026 10:15:27 AM
AP03A,1346308,U6XX,343,490675-2,442264-3,5/14/2026,True,5/13/2026 7:26:07 PM,True,5/13/2026 10:15:23 AM
AP03A,1346309,U6XX,343,490675-3,442264-2,5/14/2026,True,5/13/2026 7:26:07 PM,True,5/13/2026 10:15:19 AM
AP03A,1346310,U611-LHTOP,125,489581-2,0-0,5/13/2026,True,5/13/2026 4:21:23 AM,True,5/11/2026 9:25:42 AM
AP03A,1346310,U611-RHTOP,69,489262-14,0-0,5/13/2026,True,5/13/2026 4:21:23 AM,True,5/11/2026 9:43:38 AM
AP03A,1346310,U6XX,343,490675-4,442264-1,5/14/2026,True,5/13/2026 7:26:07 PM,True,5/13/2026 10:15:18 AM
AP03A,1346311,U6XX,344,490676-1,442265-4,5/14/2026,True,5/13/2026 7:26:07 PM,True,5/13/2026 10:19:34 AM
AP03A,1346312,U6XX,344,490676-2,442265-3,5/14/2026,True,5/13/2026 7:26:07 PM,True,5/13/2026 10:17:58 AM
AP03A,1346313,U6XX,344,490676-3,442265-2,5/14/2026,True,5/13/2026 7:26:07 PM,True,5/13/2026 10:17:46 AM
AP03A,1346314,U6XX,344,490676-4,442265-1,5/14/2026,True,5/13/2026 7:26:07 PM,True,5/13/2026 10:15:38 AM
AP03A,1346315,U6XX,345,490677-1,442266-4,5/14/2026,True,5/13/2026 7:26:07 PM,True,5/13/2026 10:22:00 AM
AP03A,1346316,U6XX,345,490677-2,442266-3,5/14/2026,True,5/13/2026 7:26:07 PM,True,5/13/2026 10:21:42 AM
AP03A,1346317,U6XX,345,490677-3,442266-2,5/14/2026,True,5/13/2026 7:26:07 PM,True,5/13/2026 10:21:36 AM
AP03A,1346318,U6XX,345,490677-4,442266-1,5/14/2026,True,5/13/2026 7:26:07 PM,True,5/13/2026 10:19:53 AM
AP03A,1346319,U6XX,346,490678-1,442267-4,5/14/2026,True,5/13/2026 7:26:07 PM,True,5/13/2026 10:24:48 AM
AP03A,1346320,U6XX,346,490678-2,442267-3,5/14/2026,True,5/13/2026 7:26:07 PM,True,5/13/2026 10:24:36 AM
AP03A,1346321,U6XX,346,490678-3,442267-2,5/14/2026,True,5/13/2026 7:26:07 PM,True,5/13/2026 10:24:09 AM
AP03A,1346322,U6XX,346,490678-4,442267-1,5/14/2026,True,5/13/2026 7:26:07 PM,True,5/13/2026 10:23:54 AM
AP03A,1346323,U611-LHTOP,125,489581-3,0-0,5/13/2026,True,5/13/2026 4:21:23 AM,True,5/11/2026 9:27:07 AM
AP03A,1346323,U611-RHTOP,69,489262-15,0-0,5/13/2026,True,5/13/2026 4:21:23 AM,True,5/11/2026 9:48:03 AM
AP03A,1346323,U6XX,347,490679-1,442268-4,5/14/2026,True,5/13/2026 7:26:07 PM,True,5/13/2026 10:29:29 AM
AP03A,1346324,U6XX,347,490679-2,442268-3,5/14/2026,True,5/13/2026 7:26:07 PM,True,5/13/2026 10:28:56 AM
AP03A,1346325,U6XX,347,490679-3,442268-2,5/14/2026,True,5/13/2026 7:26:07 PM,True,5/13/2026 10:27:16 AM
AP03A,1346326,U6XX,347,490679-4,442268-1,5/14/2026,True,5/13/2026 7:26:07 PM,True,5/13/2026 10:26:34 AM
AP03A,1346327,U6XX,348,490680-1,442269-4,5/14/2026,True,5/13/2026 7:26:07 PM,True,5/13/2026 10:32:31 AM
AP03A,1346328,U6XX,348,490680-2,442269-3,5/14/2026,True,5/13/2026 7:26:07 PM,True,5/13/2026 10:32:19 AM
AP03A,1346329,U6XX,348,490680-3,442269-2,5/14/2026,True,5/13/2026 7:26:07 PM,True,5/13/2026 10:32:15 AM
AP03A,1346330,U6XX,348,490680-4,442269-1,5/14/2026,True,5/13/2026 7:26:07 PM,True,5/13/2026 10:29:30 AM
AP03A,1346331,U6XX,349,490681-1,442270-4,5/14/2026,True,5/13/2026 7:26:07 PM,True,5/13/2026 10:36:39 AM
AP03A,1346332,U6XX,349,490681-2,442270-3,5/14/2026,True,5/13/2026 7:26:07 PM,True,5/13/2026 10:36:34 AM
AP03A,1346333,U6XX,349,490681-3,442270-2,5/14/2026,True,5/13/2026 7:26:07 PM,True,5/13/2026 10:35:01 AM
AP03A,1346334,U6XX,349,490681-4,442270-1,5/14/2026,True,5/13/2026 7:26:07 PM,True,5/13/2026 10:34:33 AM
AP03A,1346335,U6XX,350,490682-1,442271-4,5/14/2026,True,5/13/2026 7:26:07 PM,True,5/13/2026 10:40:26 AM
AP03A,1346336,U611-LHTOP,125,489581-4,0-0,5/13/2026,True,5/13/2026 4:21:23 AM,True,5/11/2026 9:28:30 AM
AP03A,1346336,U611-RHTOP,69,489262-16,0-0,5/13/2026,True,5/13/2026 4:21:23 AM,True,5/11/2026 9:55:02 AM
AP03A,1346336,U6XX,350,490682-2,442271-3,5/14/2026,True,5/13/2026 7:26:07 PM,True,5/13/2026 10:40:26 AM
AP03A,1346337,U6XX,350,490682-3,442271-2,5/14/2026,True,5/13/2026 7:26:07 PM,True,5/13/2026 10:39:41 AM
AP03A,1346338,U6XX,350,490682-4,442271-1,5/14/2026,True,5/13/2026 7:26:07 PM,True,5/13/2026 10:37:25 AM
AP03A,1346339,U6XX,351,490683-1,442272-4,5/14/2026,True,5/13/2026 7:26:07 PM,True,5/13/2026 10:43:38 AM
AP03A,1346340,U6XX,351,490683-2,442272-3,5/14/2026,True,5/13/2026 7:26:07 PM,True,5/13/2026 10:43:08 AM
AP03A,1346341,U6XX,351,490683-3,442272-2,5/14/2026,True,5/13/2026 7:26:07 PM,True,5/13/2026 10:42:37 AM
AP03A,1346342,U6XX,351,490683-4,442272-1,5/14/2026,True,5/13/2026 7:26:07 PM,True,5/13/2026 10:41:21 AM
AP03A,1346343,U6XX,352,490684-1,442273-4,5/14/2026,True,5/13/2026 7:26:07 PM,True,5/13/2026 10:47:07 AM
AP03A,1346344,U6XX,352,490684-2,442273-3,5/14/2026,True,5/13/2026 7:26:07 PM,True,5/13/2026 10:45:57 AM
AP03A,1346345,U6XX,352,490684-3,442273-2,5/14/2026,True,5/13/2026 7:26:07 PM,True,5/13/2026 10:45:44 AM
AP03A,1346346,U6XX,352,490684-4,442273-1,5/14/2026,True,5/13/2026 7:26:07 PM,True,5/13/2026 10:44:24 AM
AP03A,1346347,U6XX,353,490685-1,442274-4,5/14/2026,True,5/13/2026 7:26:07 PM,True,5/13/2026 10:51:21 AM
AP03A,1346348,U6XX,353,490685-2,442274-3,5/14/2026,True,5/13/2026 7:26:07 PM,True,5/13/2026 10:50:21 AM
AP03A,1346349,U611-LHTOP,125,489581-5,0-0,5/13/2026,True,5/13/2026 4:21:23 AM,True,5/11/2026 9:29:56 AM
AP03A,1346349,U611-RHTOP,69,489262-17,0-0,5/13/2026,True,5/13/2026 4:21:23 AM,True,5/11/2026 10:04:06 AM
AP03A,1346349,U6XX,353,490685-3,442274-2,5/14/2026,True,5/13/2026 7:26:07 PM,True,5/13/2026 10:50:21 AM
AP03A,1346350,U6XX,353,490685-4,442274-1,5/14/2026,True,5/13/2026 7:26:07 PM,True,5/13/2026 10:47:35 AM
AP03A,1346351,U6XX,354,490686-1,442275-4,5/14/2026,True,5/13/2026 7:26:07 PM,True,5/13/2026 10:54:21 AM
AP03A,1346352,U6XX,354,490686-2,442275-3,5/14/2026,True,5/13/2026 7:26:07 PM,True,5/13/2026 10:53:22 AM
AP03A,1346353,U6XX,354,490686-3,442275-2,5/14/2026,True,5/13/2026 7:26:07 PM,True,5/13/2026 10:52:29 AM
AP03A,1346354,U6XX,354,490686-4,442275-1,5/14/2026,True,5/13/2026 7:26:07 PM,True,5/13/2026 10:51:28 AM
AP03A,1346355,U6XX,355,490687-1,442276-4,5/14/2026,True,5/13/2026 9:03:00 PM,True,5/13/2026 10:57:22 AM
AP03A,1346356,U6XX,355,490687-2,442276-3,5/14/2026,True,5/13/2026 9:03:00 PM,True,5/13/2026 10:56:28 AM
AP03A,1346357,U6XX,355,490687-3,442276-2,5/14/2026,True,5/13/2026 9:03:00 PM,True,5/13/2026 10:56:18 AM
AP03A,1346358,U6XX,355,490687-4,442276-1,5/14/2026,True,5/13/2026 9:03:00 PM,True,5/13/2026 10:55:02 AM
AP03A,1346359,U6XX,356,490689-1,442277-4,5/14/2026,True,5/13/2026 9:03:00 PM,True,5/13/2026 11:33:51 AM
AP03A,1346360,U6XX,356,490689-2,442277-3,5/14/2026,True,5/13/2026 9:03:00 PM,True,5/13/2026 11:33:48 AM
AP03A,1346361,U6XX,356,490689-3,442277-2,5/14/2026,True,5/13/2026 9:03:00 PM,True,5/13/2026 11:33:43 AM
AP03A,1346362,U611-LHTOP,125,489581-6,0-0,5/13/2026,True,5/13/2026 4:21:23 AM,True,5/11/2026 9:31:28 AM
AP03A,1346362,U611-RHTOP,69,489262-18,0-0,5/13/2026,True,5/13/2026 4:21:23 AM,True,5/11/2026 10:08:49 AM
AP03A,1346362,U6XX,356,490689-4,442277-1,5/14/2026,True,5/13/2026 9:03:00 PM,True,5/13/2026 11:33:42 AM
AP03A,1346363,U6XX,357,490690-1,442278-4,5/14/2026,True,5/13/2026 9:03:00 PM,True,5/13/2026 11:37:05 AM
AP03A,1346364,U6XX,357,490690-2,442278-3,5/14/2026,True,5/13/2026 9:03:00 PM,True,5/13/2026 11:37:02 AM
AP03A,1346365,U6XX,357,490690-3,442278-2,5/14/2026,True,5/13/2026 9:03:00 PM,True,5/13/2026 11:36:59 AM
AP03A,1346366,U6XX,357,490690-4,442278-1,5/14/2026,True,5/13/2026 9:03:00 PM,True,5/13/2026 11:36:57 AM
AP03A,1346367,U6XX,358,490691-1,442279-4,5/14/2026,True,5/13/2026 9:03:00 PM,True,5/13/2026 11:42:23 AM
AP03A,1346368,U6XX,358,490691-2,442279-3,5/14/2026,True,5/13/2026 9:03:00 PM,True,5/13/2026 11:41:24 AM
AP03A,1346369,U6XX,358,490691-3,442279-2,5/14/2026,True,5/13/2026 9:03:00 PM,True,5/13/2026 11:41:22 AM
AP03A,1346370,U6XX,358,490691-4,442279-1,5/14/2026,True,5/13/2026 9:03:00 PM,True,5/13/2026 11:41:19 AM
AP03A,1346371,U6XX,359,490692-1,442280-4,5/14/2026,True,5/13/2026 9:03:00 PM,True,5/13/2026 11:45:42 AM
AP03A,1346372,U6XX,359,490692-2,442280-3,5/14/2026,True,5/13/2026 9:03:00 PM,True,5/13/2026 11:45:38 AM
AP03A,1346373,U6XX,359,490692-3,442280-2,5/14/2026,True,5/13/2026 9:03:00 PM,True,5/13/2026 11:42:32 AM
AP03A,1346374,U6XX,359,490692-4,442280-1,5/14/2026,True,5/13/2026 9:03:00 PM,True,5/13/2026 11:42:29 AM
AP03A,1346375,U611-LHTOP,125,489581-7,0-0,5/14/2026,True,5/13/2026 4:21:23 AM,True,5/11/2026 9:37:02 AM
AP03A,1346375,U611-RHTOP,69,489262-19,0-0,5/14/2026,True,5/13/2026 4:21:23 AM,True,5/11/2026 10:13:18 AM
AP03A,1346375,U6XX,360,490693-1,442281-4,5/14/2026,True,5/13/2026 9:03:00 PM,True,5/13/2026 11:49:43 AM
AP03A,1346376,U6XX,360,490693-2,442281-3,5/14/2026,True,5/13/2026 9:03:00 PM,True,5/13/2026 11:49:35 AM
AP03A,1346377,U6XX,360,490693-3,442281-2,5/14/2026,True,5/13/2026 9:03:00 PM,True,5/13/2026 11:48:38 AM
AP03A,1346378,U6XX,360,490693-4,442281-1,5/14/2026,True,5/13/2026 9:03:00 PM,True,5/13/2026 11:45:46 AM
AP03A,1346379,U6XX,361,490694-1,442282-4,5/14/2026,True,5/13/2026 9:03:00 PM,True,5/13/2026 11:52:08 AM
AP03A,1346380,U6XX,361,490694-2,442282-3,5/14/2026,True,5/13/2026 9:03:00 PM,True,5/13/2026 11:52:05 AM
AP03A,1346381,U6XX,361,490694-3,442282-2,5/14/2026,True,5/13/2026 9:03:00 PM,True,5/13/2026 11:52:00 AM
AP03A,1346382,U6XX,361,490694-4,442282-1,5/14/2026,True,5/13/2026 9:03:00 PM,True,5/13/2026 11:49:43 AM
AP03A,1346383,U6XX,362,490695-1,442283-4,5/14/2026,True,5/13/2026 9:03:00 PM,True,5/13/2026 11:56:18 AM
AP03A,1346384,U6XX,362,490695-2,442283-3,5/14/2026,True,5/13/2026 9:03:00 PM,True,5/13/2026 11:56:14 AM
AP03A,1346385,U6XX,362,490695-3,442283-2,5/14/2026,True,5/13/2026 9:03:00 PM,True,5/13/2026 11:56:12 AM
AP03A,1346386,U6XX,362,490695-4,442283-1,5/14/2026,True,5/13/2026 9:03:00 PM,True,5/13/2026 11:52:11 AM
AP03A,1346387,U6XX,363,490696-1,442284-4,5/14/2026,True,5/13/2026 9:03:00 PM,True,5/13/2026 12:02:22 PM
AP03A,1346388,U611-LHTOP,125,489581-8,0-0,5/14/2026,True,5/13/2026 4:21:23 AM,True,5/11/2026 9:38:41 AM
AP03A,1346388,U611-RHTOP,69,489262-20,0-0,5/14/2026,True,5/13/2026 4:21:23 AM,True,5/11/2026 10:22:49 AM
AP03A,1346388,U6XX,363,490696-2,442284-3,5/14/2026,True,5/13/2026 9:03:00 PM,True,5/13/2026 12:02:22 PM
AP03A,1346389,U6XX,363,490696-3,442284-2,5/14/2026,True,5/13/2026 9:03:00 PM,True,5/13/2026 12:02:14 PM
AP03A,1346390,U6XX,363,490696-4,442284-1,5/14/2026,True,5/13/2026 9:03:00 PM,True,5/13/2026 11:56:22 AM
AP03A,1346391,U6XX,364,490697-1,442285-4,5/14/2026,True,5/13/2026 9:03:00 PM,True,5/13/2026 12:05:40 PM
AP03A,1346392,U6XX,364,490697-2,442285-3,5/14/2026,True,5/13/2026 9:03:00 PM,True,5/13/2026 12:05:37 PM
AP03A,1346393,U6XX,364,490697-3,442285-2,5/14/2026,True,5/13/2026 9:03:00 PM,True,5/13/2026 12:04:12 PM
AP03A,1346394,U6XX,364,490697-4,442285-1,5/14/2026,True,5/13/2026 9:03:00 PM,True,5/13/2026 12:03:35 PM
AP03A,1346395,U6XX,365,490698-1,442286-4,5/14/2026,True,5/13/2026 9:03:00 PM,True,5/13/2026 12:09:33 PM
AP03A,1346396,U6XX,365,490698-2,442286-3,5/14/2026,True,5/13/2026 9:03:00 PM,True,5/13/2026 12:08:30 PM
AP03A,1346397,U6XX,365,490698-3,442286-2,5/14/2026,True,5/13/2026 9:03:00 PM,True,5/13/2026 12:08:27 PM
AP03A,1346398,U6XX,365,490698-4,442286-1,5/14/2026,True,5/13/2026 9:03:00 PM,True,5/13/2026 12:05:43 PM
AP03A,1346399,U6XX,366,490699-1,442287-4,5/14/2026,True,5/13/2026 9:03:00 PM,True,5/13/2026 12:13:19 PM
AP03A,1346400,U6XX,366,490699-2,442287-3,5/14/2026,True,5/13/2026 9:03:00 PM,True,5/13/2026 12:12:29 PM
AP03A,1346401,U611-LHTOP,125,489581-9,0-0,5/14/2026,True,5/13/2026 4:21:23 AM,True,5/11/2026 9:41:15 AM
AP03A,1346401,U611-RHTOP,69,489262-21,0-0,5/14/2026,True,5/13/2026 4:21:23 AM,True,5/11/2026 10:26:57 AM
AP03A,1346401,U6XX,366,490699-3,442287-2,5/14/2026,True,5/13/2026 9:03:00 PM,True,5/13/2026 12:12:29 PM
AP03A,1346402,U6XX,366,490699-4,442287-1,5/14/2026,True,5/13/2026 9:03:00 PM,True,5/13/2026 12:09:35 PM
AP03A,1346403,U6XX,367,490700-1,442288-4,5/14/2026,True,5/13/2026 9:03:00 PM,True,5/13/2026 12:16:54 PM
AP03A,1346404,U6XX,367,490700-2,442288-3,5/14/2026,True,5/13/2026 9:03:00 PM,True,5/13/2026 12:15:37 PM
AP03A,1346405,U6XX,367,490700-3,442288-2,5/14/2026,True,5/13/2026 9:03:00 PM,True,5/13/2026 12:15:34 PM
AP03A,1346406,U6XX,367,490700-4,442288-1,5/14/2026,True,5/13/2026 9:03:00 PM,True,5/13/2026 12:13:22 PM
AP03A,1346407,U6XX,368,490701-1,442289-4,5/14/2026,True,5/13/2026 9:03:00 PM,True,5/13/2026 12:20:47 PM
AP03A,1346408,U6XX,368,490701-2,442289-3,5/14/2026,True,5/13/2026 9:03:00 PM,True,5/13/2026 12:20:45 PM
AP03A,1346409,U6XX,368,490701-3,442289-2,5/14/2026,True,5/13/2026 9:03:00 PM,True,5/13/2026 12:20:42 PM
AP03A,1346410,U6XX,368,490701-4,442289-1,5/14/2026,True,5/13/2026 9:03:00 PM,True,5/13/2026 12:16:57 PM
AP03A,1346411,U6XX,369,490703-1,442290-4,5/14/2026,True,5/13/2026 9:03:00 PM,True,5/13/2026 12:25:19 PM
AP03A,1346412,U6XX,369,490703-2,442290-3,5/14/2026,True,5/13/2026 9:03:00 PM,True,5/13/2026 12:24:20 PM
AP03A,1346413,U6XX,369,490703-3,442290-2,5/14/2026,True,5/13/2026 9:03:00 PM,True,5/13/2026 12:23:28 PM
AP03A,1346414,U611-LHTOP,125,489581-10,0-0,5/14/2026,True,5/13/2026 4:21:23 AM,True,5/11/2026 9:42:32 AM
AP03A,1346414,U611-RHTOP,69,489262-22,0-0,5/14/2026,True,5/13/2026 4:21:23 AM,True,5/11/2026 10:35:20 AM
AP03A,1346414,U6XX,369,490703-4,442290-1,5/14/2026,True,5/13/2026 9:03:00 PM,True,5/13/2026 12:23:28 PM
AP03A,1346415,U6XX,370,490704-1,442291-4,5/14/2026,True,5/13/2026 9:03:00 PM,True,5/13/2026 12:28:48 PM
AP03A,1346416,U6XX,370,490704-2,442291-3,5/14/2026,True,5/13/2026 9:03:00 PM,True,5/13/2026 12:28:31 PM
AP03A,1346417,U6XX,370,490704-3,442291-2,5/14/2026,True,5/13/2026 9:03:00 PM,True,5/13/2026 12:25:27 PM
AP03A,1346418,U6XX,370,490704-4,442291-1,5/14/2026,True,5/13/2026 9:03:00 PM,True,5/13/2026 12:25:21 PM
AP03A,1346419,U6XX,371,490705-1,442292-4,5/14/2026,True,5/13/2026 9:03:00 PM,True,5/13/2026 12:32:31 PM
AP03A,1346420,U6XX,371,490705-2,442292-3,5/14/2026,True,5/13/2026 9:03:00 PM,True,5/13/2026 12:31:45 PM
AP03A,1346421,U6XX,371,490705-3,442292-2,5/14/2026,True,5/13/2026 9:03:00 PM,True,5/13/2026 12:29:11 PM
AP03A,1346422,U6XX,371,490705-4,442292-1,5/14/2026,True,5/13/2026 9:03:00 PM,True,5/13/2026 12:29:00 PM
AP03A,1346423,U6XX,372,490706-1,442293-4,5/14/2026,True,5/13/2026 9:03:00 PM,True,5/13/2026 12:34:55 PM
AP03A,1346424,U6XX,372,490706-2,442293-3,5/14/2026,True,5/13/2026 9:03:00 PM,True,5/13/2026 12:34:49 PM
AP03A,1346425,U6XX,372,490706-3,442293-2,5/14/2026,True,5/13/2026 9:03:00 PM,True,5/13/2026 12:33:18 PM
AP03A,1346426,U6XX,372,490706-4,442293-1,5/14/2026,True,5/13/2026 9:03:00 PM,True,5/13/2026 12:33:15 PM
AP03A,1346427,U611-LHTOP,125,489581-11,0-0,5/14/2026,True,5/13/2026 4:21:23 AM,True,5/11/2026 9:44:15 AM
AP03A,1346427,U611-RHTOP,69,489262-23,0-0,5/14/2026,True,5/13/2026 4:21:23 AM,True,5/11/2026 10:39:45 AM
AP03A,1346427,U6XX,373,490707-1,442294-4,5/14/2026,True,5/13/2026 9:03:00 PM,True,5/13/2026 12:38:15 PM
AP03A,1346428,U6XX,373,490707-2,442294-3,5/14/2026,True,5/13/2026 9:03:00 PM,True,5/13/2026 12:37:34 PM
AP03A,1346429,U6XX,373,490707-3,442294-2,5/14/2026,True,5/13/2026 9:03:00 PM,True,5/13/2026 12:37:31 PM
AP03A,1346430,U6XX,373,490707-4,442294-1,5/14/2026,True,5/13/2026 9:03:00 PM,True,5/13/2026 12:34:58 PM
AP03A,1346431,U6XX,374,490708-1,442295-4,5/14/2026,True,5/13/2026 9:03:00 PM,True,5/13/2026 12:44:20 PM
AP03A,1346432,U6XX,374,490708-2,442295-3,5/14/2026,True,5/13/2026 9:03:00 PM,True,5/13/2026 12:42:27 PM
AP03A,1346433,U6XX,374,490708-3,442295-2,5/14/2026,True,5/13/2026 9:03:00 PM,True,5/13/2026 12:39:57 PM
AP03A,1346434,U6XX,374,490708-4,442295-1,5/14/2026,True,5/13/2026 9:03:00 PM,True,5/13/2026 12:38:16 PM
AP03A,1346435,U6XX,375,490709-1,442296-4,5/14/2026,True,5/13/2026 9:03:00 PM,True,5/13/2026 12:46:22 PM
AP03A,1346436,U6XX,375,490709-2,442296-3,5/14/2026,True,5/13/2026 9:03:00 PM,True,5/13/2026 12:46:19 PM
AP03A,1346437,U6XX,375,490709-3,442296-2,5/14/2026,True,5/13/2026 9:03:00 PM,True,5/13/2026 12:46:15 PM
AP03A,1346438,U6XX,375,490709-4,442296-1,5/14/2026,True,5/13/2026 9:03:00 PM,True,5/13/2026 12:44:45 PM
AP03A,1346439,U611-LHTOP,125,489581-12,0-0,5/14/2026,True,5/13/2026 4:21:23 AM,True,5/11/2026 9:45:41 AM
AP03A,1346439,U611-RHTOP,69,489262-24,0-0,5/14/2026,True,5/13/2026 4:21:23 AM,True,5/11/2026 10:43:37 AM
AP03A,1346439,U6XX,376,490710-1,442297-4,5/14/2026,True,5/13/2026 9:03:00 PM,True,5/13/2026 12:49:17 PM
AP03A,1346440,U6XX,376,490710-2,442297-3,5/14/2026,True,5/13/2026 9:03:00 PM,True,5/13/2026 12:48:42 PM
AP03A,1346441,U6XX,376,490710-3,442297-2,5/14/2026,True,5/13/2026 9:03:00 PM,True,5/13/2026 12:48:38 PM
AP03A,1346442,U6XX,376,490710-4,442297-1,5/14/2026,True,5/13/2026 9:03:00 PM,True,5/13/2026 12:46:28 PM
AP03A,1346443,U6XX,377,490711-1,442298-4,5/14/2026,True,5/13/2026 9:03:00 PM,True,5/13/2026 12:53:54 PM
AP03A,1346444,U6XX,377,490711-2,442298-3,5/14/2026,True,5/13/2026 9:03:00 PM,True,5/13/2026 12:53:52 PM
AP03A,1346445,U6XX,377,490711-3,442298-2,5/14/2026,True,5/13/2026 9:03:00 PM,True,5/13/2026 12:49:20 PM
AP03A,1346446,U6XX,377,490711-4,442298-1,5/14/2026,True,5/13/2026 9:03:00 PM,True,5/13/2026 12:49:17 PM
AP03A,1346447,U6XX,378,490712-1,442299-4,5/14/2026,True,5/13/2026 9:03:00 PM,True,5/13/2026 12:56:23 PM
AP03A,1346448,U6XX,378,490712-2,442299-3,5/14/2026,True,5/13/2026 9:03:00 PM,True,5/13/2026 12:56:19 PM
AP03A,1346449,U6XX,378,490712-3,442299-2,5/14/2026,True,5/13/2026 9:03:00 PM,True,5/13/2026 12:55:23 PM
AP03A,1346450,U6XX,378,490712-4,442299-1,5/14/2026,True,5/13/2026 9:03:00 PM,True,5/13/2026 12:54:34 PM
AP03A,1346451,U6XX,379,490713-1,442300-4,5/14/2026,True,5/14/2026 1:23:55 AM,True,5/13/2026 12:59:57 PM
AP03A,1346452,U611-LHTOP,126,489587-1,0-0,5/14/2026,True,5/13/2026 4:21:23 AM,True,5/11/2026 9:49:39 AM
AP03A,1346452,U611-RHTOP,70,489311-1,0-0,5/14/2026,True,5/13/2026 4:21:23 AM,True,5/11/2026 10:52:59 AM
AP03A,1346452,U6XX,379,490713-2,442300-3,5/14/2026,True,5/14/2026 1:23:55 AM,True,5/13/2026 12:59:57 PM
AP03A,1346453,U6XX,379,490713-3,442300-2,5/14/2026,True,5/14/2026 1:23:55 AM,True,5/13/2026 12:58:50 PM
AP03A,1346454,U6XX,379,490713-4,442300-1,5/14/2026,True,5/14/2026 1:23:55 AM,True,5/13/2026 12:56:26 PM
AP03A,1346455,U6XX,380,490714-1,442301-4,5/14/2026,True,5/14/2026 1:23:55 AM,True,5/13/2026 1:13:40 PM
AP03A,1346456,U6XX,380,490714-2,442301-3,5/14/2026,True,5/14/2026 1:23:55 AM,True,5/13/2026 1:13:38 PM
AP03A,1346457,U6XX,380,490714-3,442301-2,5/14/2026,True,5/14/2026 1:23:55 AM,True,5/13/2026 1:06:41 PM
AP03A,1346458,U6XX,380,490714-4,442301-1,5/14/2026,True,5/14/2026 1:23:55 AM,True,5/13/2026 1:00:01 PM
AP03A,1346459,U6XX,381,490715-1,442302-4,5/14/2026,True,5/14/2026 1:23:55 AM,True,5/13/2026 1:14:57 PM
AP03A,1346460,U6XX,381,490715-2,442302-3,5/14/2026,True,5/14/2026 1:23:55 AM,True,5/13/2026 1:14:55 PM
AP03A,1346461,U6XX,381,490715-3,442302-2,5/14/2026,True,5/14/2026 1:23:55 AM,True,5/13/2026 1:14:54 PM
AP03A,1346462,U6XX,381,490715-4,442302-1,5/14/2026,True,5/14/2026 1:23:55 AM,True,5/13/2026 1:13:42 PM
AP03A,1346463,U6XX,382,490716-1,442303-4,5/14/2026,True,5/14/2026 1:23:55 AM,True,5/13/2026 1:16:30 PM
AP03A,1346464,U6XX,382,490716-2,442303-3,5/14/2026,True,5/14/2026 1:23:55 AM,True,5/13/2026 1:16:27 PM
AP03A,1346465,U611-LHTOP,126,489587-2,0-0,5/14/2026,True,5/13/2026 4:21:23 AM,True,5/11/2026 9:52:53 AM
AP03A,1346465,U611-RHTOP,70,489311-2,0-0,5/14/2026,True,5/13/2026 4:21:23 AM,True,5/11/2026 11:36:25 AM
AP03A,1346465,U6XX,382,490716-3,442303-2,5/14/2026,True,5/14/2026 1:23:55 AM,True,5/13/2026 1:16:27 PM
AP03A,1346466,U6XX,382,490716-4,442303-1,5/14/2026,True,5/14/2026 1:23:55 AM,True,5/13/2026 1:15:13 PM
AP03A,1346467,U6XX,383,490717-1,442304-4,5/14/2026,True,5/14/2026 1:23:55 AM,True,5/13/2026 1:20:32 PM
AP03A,1346468,U6XX,383,490717-2,442304-3,5/14/2026,True,5/14/2026 1:23:55 AM,True,5/13/2026 1:19:43 PM
AP03A,1346469,U6XX,383,490717-3,442304-2,5/14/2026,True,5/14/2026 1:23:55 AM,True,5/13/2026 1:19:39 PM
AP03A,1346470,U6XX,383,490717-4,442304-1,5/14/2026,True,5/14/2026 1:23:55 AM,True,5/13/2026 1:16:33 PM
AP03A,1346471,U6XX,384,490718-1,442305-4,5/14/2026,True,5/14/2026 1:23:55 AM,True,5/13/2026 1:22:38 PM
AP03A,1346472,U6XX,384,490718-2,442305-3,5/14/2026,True,5/14/2026 1:23:55 AM,True,5/13/2026 1:22:34 PM
AP03A,1346473,U6XX,384,490718-3,442305-2,5/14/2026,True,5/14/2026 1:23:55 AM,True,5/13/2026 1:22:31 PM
AP03A,1346474,U6XX,384,490718-4,442305-1,5/14/2026,True,5/14/2026 1:23:55 AM,True,5/13/2026 1:20:36 PM
AP03A,1346475,U6XX,385,490719-1,442306-4,5/14/2026,True,5/14/2026 1:23:55 AM,True,5/13/2026 1:25:31 PM
AP03A,1346476,U6XX,385,490719-2,442306-3,5/14/2026,True,5/14/2026 1:23:55 AM,True,5/13/2026 1:24:48 PM
AP03A,1346477,U6XX,385,490719-3,442306-2,5/14/2026,True,5/14/2026 1:23:55 AM,True,5/13/2026 1:24:43 PM
AP03A,1346478,U611-LHTOP,126,489587-3,0-0,5/14/2026,True,5/13/2026 4:21:23 AM,True,5/11/2026 9:54:09 AM
AP03A,1346478,U611-RHTOP,70,489311-3,0-0,5/14/2026,True,5/13/2026 4:21:23 AM,True,5/11/2026 11:41:37 AM
AP03A,1346478,U6XX,385,490719-4,442306-1,5/14/2026,True,5/14/2026 1:23:55 AM,True,5/13/2026 1:24:42 PM
AP03A,1346479,U6XX,386,490720-1,442307-4,5/14/2026,True,5/14/2026 1:23:55 AM,True,5/13/2026 1:29:14 PM
AP03A,1346480,U6XX,386,490720-2,442307-3,5/14/2026,True,5/14/2026 1:23:55 AM,True,5/13/2026 1:27:57 PM
AP03A,1346481,U6XX,386,490720-3,442307-2,5/14/2026,True,5/14/2026 1:23:55 AM,True,5/13/2026 1:27:53 PM
AP03A,1346482,U6XX,386,490720-4,442307-1,5/14/2026,True,5/14/2026 1:23:55 AM,True,5/13/2026 1:25:35 PM
AP03A,1346483,U6XX,387,490721-1,442308-4,5/14/2026,True,5/14/2026 1:23:55 AM,True,5/13/2026 1:31:41 PM
AP03A,1346484,U6XX,387,490721-2,442308-3,5/14/2026,True,5/14/2026 1:23:55 AM,True,5/13/2026 1:31:37 PM
AP03A,1346485,U6XX,387,490721-3,442308-2,5/14/2026,True,5/14/2026 1:23:55 AM,True,5/13/2026 1:30:56 PM
AP03A,1346486,U6XX,387,490721-4,442308-1,5/14/2026,True,5/14/2026 1:23:55 AM,True,5/13/2026 1:29:19 PM
AP03A,1346487,U6XX,388,490722-1,442309-4,5/14/2026,True,5/14/2026 1:23:55 AM,True,5/13/2026 1:36:03 PM
AP03A,1346488,U6XX,388,490722-2,442309-3,5/14/2026,True,5/14/2026 1:23:55 AM,True,5/13/2026 1:34:56 PM
AP03A,1346489,U6XX,388,490722-3,442309-2,5/14/2026,True,5/14/2026 1:23:55 AM,True,5/13/2026 1:34:54 PM
AP03A,1346490,U6XX,388,490722-4,442309-1,5/14/2026,True,5/14/2026 1:23:55 AM,True,5/13/2026 1:34:50 PM
AP03A,1346491,U611-LHTOP,126,489587-4,0-0,5/14/2026,True,5/13/2026 4:21:23 AM,True,5/11/2026 9:55:43 AM
AP03A,1346491,U611-RHTOP,70,489311-4,0-0,5/14/2026,True,5/13/2026 4:21:23 AM,True,5/11/2026 12:16:31 PM
AP03A,1346491,U6XX,389,490723-1,442310-4,5/14/2026,True,5/14/2026 1:23:55 AM,True,5/13/2026 1:39:29 PM
AP03A,1346492,U6XX,389,490723-2,442310-3,5/14/2026,True,5/14/2026 1:23:55 AM,True,5/13/2026 1:38:09 PM
AP03A,1346493,U6XX,389,490723-3,442310-2,5/14/2026,True,5/14/2026 1:23:55 AM,True,5/13/2026 1:38:03 PM
AP03A,1346494,U6XX,389,490723-4,442310-1,5/14/2026,True,5/14/2026 1:23:55 AM,True,5/13/2026 1:36:06 PM
AP03A,1346495,U6XX,390,490724-1,442311-4,5/14/2026,True,5/14/2026 1:23:55 AM,True,5/13/2026 1:41:44 PM
AP03A,1346496,U6XX,390,490724-2,442311-3,5/14/2026,True,5/14/2026 1:23:55 AM,True,5/13/2026 1:40:37 PM
AP03A,1346497,U6XX,390,490724-3,442311-2,5/14/2026,True,5/14/2026 1:23:55 AM,True,5/13/2026 1:40:33 PM
AP03A,1346498,U6XX,390,490724-4,442311-1,5/14/2026,True,5/14/2026 1:23:55 AM,True,5/13/2026 1:39:29 PM
AP03A,1346499,U6XX,391,490725-1,442312-4,5/14/2026,True,5/14/2026 1:23:55 AM,True,5/13/2026 1:45:32 PM
AP03A,1346500,U6XX,391,490725-2,442312-3,5/14/2026,True,5/14/2026 1:23:55 AM,True,5/13/2026 1:45:29 PM
AP03A,1346501,U6XX,391,490725-3,442312-2,5/14/2026,True,5/14/2026 1:23:55 AM,True,5/13/2026 1:44:11 PM
AP03A,1346502,U6XX,391,490725-4,442312-1,5/14/2026,True,5/14/2026 1:23:55 AM,True,5/13/2026 1:41:47 PM
AP03A,1346503,U6XX,392,490726-1,442313-4,5/14/2026,True,5/14/2026 1:23:55 AM,True,5/13/2026 1:48:01 PM
AP03A,1346504,U611-LHTOP,126,489587-5,0-0,5/14/2026,True,5/13/2026 4:21:23 AM,True,5/11/2026 9:59:27 AM
AP03A,1346504,U611-RHTOP,70,489311-5,0-0,5/14/2026,True,5/13/2026 4:21:23 AM,True,5/11/2026 12:21:45 PM
AP03A,1346504,U6XX,392,490726-2,442313-3,5/14/2026,True,5/14/2026 1:23:55 AM,True,5/13/2026 1:48:00 PM
AP03A,1346505,U6XX,392,490726-3,442313-2,5/14/2026,True,5/14/2026 1:23:55 AM,True,5/13/2026 1:47:13 PM
AP03A,1346506,U6XX,392,490726-4,442313-1,5/14/2026,True,5/14/2026 1:23:55 AM,True,5/13/2026 1:45:36 PM
AP03A,1346507,U6XX,393,490727-1,442314-4,5/14/2026,True,5/14/2026 1:23:55 AM,True,5/13/2026 1:52:10 PM
AP03A,1346508,U6XX,393,490727-2,442314-3,5/14/2026,True,5/14/2026 1:23:55 AM,True,5/13/2026 1:52:07 PM
AP03A,1346509,U6XX,393,490727-3,442314-2,5/14/2026,True,5/14/2026 1:23:55 AM,True,5/13/2026 1:50:39 PM
AP03A,1346510,U6XX,393,490727-4,442314-1,5/14/2026,True,5/14/2026 1:23:55 AM,True,5/13/2026 1:48:04 PM
AP03A,1346511,U6XX,394,490728-1,442315-4,5/14/2026,True,5/14/2026 1:23:55 AM,True,5/13/2026 1:55:25 PM
AP03A,1346512,U6XX,394,490728-2,442315-3,5/14/2026,True,5/14/2026 1:23:55 AM,True,5/13/2026 1:55:22 PM
AP03A,1346513,U6XX,394,490728-3,442315-2,5/14/2026,True,5/14/2026 1:23:55 AM,True,5/13/2026 1:54:11 PM
AP03A,1346514,U6XX,394,490728-4,442315-1,5/14/2026,True,5/14/2026 1:23:55 AM,True,5/13/2026 1:52:14 PM
AP03A,1346515,U6XX,395,490729-1,442316-4,5/14/2026,True,5/14/2026 1:23:55 AM,True,5/13/2026 2:23:04 PM
AP03A,1346516,U6XX,395,490729-2,442316-3,5/14/2026,True,5/14/2026 1:23:55 AM,True,5/13/2026 2:22:58 PM
AP03A,1346517,U611-LHTOP,126,489587-6,0-0,5/14/2026,True,5/13/2026 4:21:23 AM,True,5/11/2026 10:01:05 AM
AP03A,1346517,U611-RHTOP,70,489311-6,0-0,5/14/2026,True,5/13/2026 4:21:23 AM,True,5/11/2026 12:27:31 PM
AP03A,1346517,U6XX,395,490729-3,442316-2,5/14/2026,True,5/14/2026 1:23:55 AM,True,5/13/2026 2:22:58 PM
AP03A,1346518,U6XX,395,490729-4,442316-1,5/14/2026,True,5/14/2026 1:23:55 AM,True,5/13/2026 1:55:28 PM
AP03A,1346519,U6XX,396,490730-1,442317-4,5/14/2026,True,5/14/2026 1:23:55 AM,True,5/13/2026 2:27:25 PM
AP03A,1346520,U6XX,396,490730-2,442317-3,5/14/2026,True,5/14/2026 1:23:55 AM,True,5/13/2026 2:27:17 PM
AP03A,1346521,U6XX,396,490730-3,442317-2,5/14/2026,True,5/14/2026 1:23:55 AM,True,5/13/2026 2:27:16 PM
AP03A,1346522,U6XX,396,490730-4,442317-1,5/14/2026,True,5/14/2026 1:23:55 AM,True,5/13/2026 2:23:07 PM
AP03A,1346523,U6XX,397,490731-1,442318-4,5/14/2026,True,5/14/2026 1:23:55 AM,True,5/13/2026 2:28:53 PM
AP03A,1346524,U6XX,397,490731-2,442318-3,5/14/2026,True,5/14/2026 1:23:55 AM,True,5/13/2026 2:28:50 PM
AP03A,1346525,U6XX,397,490731-3,442318-2,5/14/2026,True,5/14/2026 1:23:55 AM,True,5/13/2026 2:28:44 PM
AP03A,1346526,U6XX,397,490731-4,442318-1,5/14/2026,True,5/14/2026 1:23:55 AM,True,5/13/2026 2:27:28 PM
AP03A,1346527,U6XX,398,490732-1,442319-4,5/14/2026,True,5/14/2026 1:23:55 AM,True,5/13/2026 2:35:40 PM
AP03A,1346528,U6XX,398,490732-2,442319-3,5/14/2026,True,5/14/2026 1:23:55 AM,True,5/13/2026 2:33:27 PM
AP03A,1346529,U6XX,398,490732-3,442319-2,5/14/2026,True,5/14/2026 1:23:55 AM,True,5/13/2026 2:31:07 PM
AP03A,1346530,U611-LHTOP,126,489587-7,0-0,5/14/2026,True,5/13/2026 4:21:23 AM,True,5/11/2026 10:02:41 AM
AP03A,1346530,U611-RHTOP,70,489311-7,0-0,5/14/2026,True,5/13/2026 4:21:23 AM,True,5/11/2026 12:32:57 PM
AP03A,1346530,U6XX,398,490732-4,442319-1,5/14/2026,True,5/14/2026 1:23:55 AM,True,5/13/2026 2:31:07 PM
AP03A,1346531,U6XX,399,490733-1,442320-4,5/14/2026,True,5/14/2026 1:23:55 AM,True,5/13/2026 2:37:04 PM
AP03A,1346532,U6XX,399,490733-2,442320-3,5/14/2026,True,5/14/2026 1:23:55 AM,True,5/13/2026 2:35:48 PM
AP03A,1346533,U6XX,399,490733-3,442320-2,5/14/2026,True,5/14/2026 1:23:55 AM,True,5/13/2026 2:35:46 PM
AP03A,1346534,U6XX,399,490733-4,442320-1,5/14/2026,True,5/14/2026 1:23:55 AM,True,5/13/2026 2:35:42 PM
AP03A,1346535,U6XX,400,490734-1,442321-4,5/14/2026,True,5/14/2026 1:23:55 AM,True,5/13/2026 2:38:52 PM
AP03A,1346536,U6XX,400,490734-2,442321-3,5/14/2026,True,5/14/2026 1:23:55 AM,True,5/13/2026 2:38:48 PM
AP03A,1346537,U6XX,400,490734-3,442321-2,5/14/2026,True,5/14/2026 1:23:55 AM,True,5/13/2026 2:38:37 PM
AP03A,1346538,U6XX,400,490734-4,442321-1,5/14/2026,True,5/14/2026 1:23:55 AM,True,5/13/2026 2:37:07 PM
AP03A,1346539,U6XX,401,490735-1,442322-4,5/14/2026,True,5/14/2026 1:23:55 AM,True,5/13/2026 2:43:47 PM
AP03A,1346540,U6XX,401,490735-2,442322-3,5/14/2026,True,5/14/2026 1:23:55 AM,True,5/13/2026 2:42:55 PM
AP03A,1346541,U6XX,401,490735-3,442322-2,5/14/2026,True,5/14/2026 1:23:55 AM,True,5/13/2026 2:42:52 PM
AP03A,1346542,U6XX,401,490735-4,442322-1,5/14/2026,True,5/14/2026 1:23:55 AM,True,5/13/2026 2:38:56 PM
AP03A,1346543,U611-LHTOP,126,489587-8,0-0,5/14/2026,True,5/13/2026 4:21:23 AM,True,5/11/2026 10:04:16 AM
AP03A,1346543,U611-RHTOP,70,489311-8,0-0,5/14/2026,True,5/13/2026 4:21:23 AM,True,5/11/2026 12:40:46 PM
AP03A,1346543,U6XX,402,490736-1,442323-4,5/14/2026,True,5/14/2026 1:23:55 AM,True,5/13/2026 2:49:01 PM
AP03A,1346544,U6XX,402,490736-2,442323-3,5/14/2026,True,5/14/2026 1:23:55 AM,True,5/13/2026 2:48:09 PM
AP03A,1346545,U6XX,402,490736-3,442323-2,5/14/2026,True,5/14/2026 1:23:55 AM,True,5/13/2026 2:48:06 PM
AP03A,1346546,U6XX,402,490736-4,442323-1,5/14/2026,True,5/14/2026 1:23:55 AM,True,5/13/2026 2:43:50 PM
AP03A,1346547,U6XX,403,490737-1,442324-4,5/14/2026,True,5/14/2026 3:17:20 AM,True,5/13/2026 2:50:31 PM
AP03A,1346548,U6XX,403,490737-2,442324-3,5/14/2026,True,5/14/2026 3:17:20 AM,True,5/13/2026 2:49:32 PM
AP03A,1346549,U6XX,403,490737-3,442324-2,5/14/2026,True,5/14/2026 3:17:20 AM,True,5/13/2026 2:49:28 PM
AP03A,1346550,U6XX,403,490737-4,442324-1,5/14/2026,True,5/14/2026 3:17:20 AM,True,5/13/2026 2:49:01 PM
AP03A,1346551,U6XX,404,490738-1,442325-4,5/14/2026,True,5/14/2026 3:17:20 AM,True,5/13/2026 2:53:44 PM
AP03A,1346552,U6XX,404,490738-2,442325-3,5/14/2026,True,5/14/2026 3:17:20 AM,True,5/13/2026 2:52:29 PM
AP03A,1346553,U6XX,404,490738-3,442325-2,5/14/2026,True,5/14/2026 3:17:20 AM,True,5/13/2026 2:52:26 PM
AP03A,1346554,U6XX,404,490738-4,442325-1,5/14/2026,True,5/14/2026 3:17:20 AM,True,5/13/2026 2:50:34 PM
AP03A,1346555,U6XX,405,490739-1,442326-4,5/14/2026,True,5/14/2026 3:17:20 AM,True,5/13/2026 3:03:20 PM
AP03A,1346556,U611-LHTOP,126,489587-9,0-0,5/14/2026,True,5/13/2026 4:21:23 AM,True,5/11/2026 10:05:36 AM
AP03A,1346556,U611-RHTOP,70,489311-9,0-0,5/14/2026,True,5/13/2026 4:21:23 AM,True,5/11/2026 12:44:38 PM
AP03A,1346556,U6XX,405,490739-2,442326-3,5/14/2026,True,5/14/2026 3:17:20 AM,True,5/13/2026 3:03:20 PM
AP03A,1346557,U6XX,405,490739-3,442326-2,5/14/2026,True,5/14/2026 3:17:20 AM,True,5/13/2026 2:55:44 PM
AP03A,1346558,U6XX,405,490739-4,442326-1,5/14/2026,True,5/14/2026 3:17:20 AM,True,5/13/2026 2:53:48 PM
AP03A,1346559,U6XX,406,490740-1,442327-4,5/14/2026,True,5/14/2026 3:17:20 AM,True,5/13/2026 3:06:23 PM
AP03A,1346560,U6XX,406,490740-2,442327-3,5/14/2026,True,5/14/2026 3:17:20 AM,True,5/13/2026 3:06:20 PM
AP03A,1346561,U6XX,406,490740-3,442327-2,5/14/2026,True,5/14/2026 3:17:20 AM,True,5/13/2026 3:06:17 PM
AP03A,1346562,U6XX,406,490740-4,442327-1,5/14/2026,True,5/14/2026 3:17:20 AM,True,5/13/2026 3:04:13 PM
AP03A,1346563,U6XX,407,490741-1,442328-4,5/14/2026,True,5/14/2026 3:17:20 AM,True,5/13/2026 3:09:50 PM
AP03A,1346564,U6XX,407,490741-2,442328-3,5/14/2026,True,5/14/2026 3:17:20 AM,True,5/13/2026 3:09:47 PM
AP03A,1346565,U6XX,407,490741-3,442328-2,5/14/2026,True,5/14/2026 3:17:20 AM,True,5/13/2026 3:09:45 PM
AP03A,1346566,U6XX,407,490741-4,442328-1,5/14/2026,True,5/14/2026 3:17:20 AM,True,5/13/2026 3:06:26 PM
AP03A,1346567,U6XX,408,490742-1,442329-4,5/14/2026,True,5/14/2026 3:17:20 AM,True,5/13/2026 3:13:21 PM
AP03A,1346568,U611-LHTOP,126,489587-10,0-0,5/14/2026,True,5/13/2026 4:21:23 AM,True,5/11/2026 10:06:47 AM
AP03A,1346568,U611-RHTOP,70,489311-10,0-0,5/14/2026,True,5/13/2026 4:21:23 AM,True,5/11/2026 12:49:29 PM
AP03A,1346568,U6XX,408,490742-2,442329-3,5/14/2026,True,5/14/2026 3:17:20 AM,True,5/13/2026 3:13:21 PM
AP03A,1346569,U6XX,408,490742-3,442329-2,5/14/2026,True,5/14/2026 3:17:20 AM,True,5/13/2026 3:11:30 PM
AP03A,1346570,U6XX,408,490742-4,442329-1,5/14/2026,True,5/14/2026 3:17:20 AM,True,5/13/2026 3:11:26 PM
AP03A,1346571,U6XX,409,490743-1,442330-4,5/14/2026,True,5/14/2026 3:17:20 AM,True,5/13/2026 3:18:48 PM
AP03A,1346572,U6XX,409,490743-2,442330-3,5/14/2026,True,5/14/2026 3:17:20 AM,True,5/13/2026 3:18:18 PM
AP03A,1346573,U6XX,409,490743-3,442330-2,5/14/2026,True,5/14/2026 3:17:20 AM,True,5/13/2026 3:17:56 PM
AP03A,1346574,U6XX,409,490743-4,442330-1,5/14/2026,True,5/14/2026 3:17:20 AM,True,5/13/2026 3:13:24 PM
AP03A,1346575,U6XX,410,490744-1,442331-4,5/14/2026,True,5/14/2026 3:17:20 AM,True,5/13/2026 3:19:20 PM
AP03A,1346576,U6XX,410,490744-2,442331-3,5/14/2026,True,5/14/2026 3:17:20 AM,True,5/13/2026 3:19:16 PM
AP03A,1346577,U6XX,410,490744-3,442331-2,5/14/2026,True,5/14/2026 3:17:20 AM,True,5/13/2026 3:19:09 PM
AP03A,1346578,U6XX,410,490744-4,442331-1,5/14/2026,True,5/14/2026 3:17:20 AM,True,5/13/2026 3:19:07 PM
AP03A,1346579,U6XX,411,490745-1,442332-4,5/14/2026,True,5/14/2026 3:17:20 AM,True,5/13/2026 3:22:27 PM
AP03A,1346580,U6XX,411,490745-2,442332-3,5/14/2026,True,5/14/2026 3:17:20 AM,True,5/13/2026 3:22:21 PM
AP03A,1346581,U611-LHTOP,126,489587-11,0-0,5/14/2026,True,5/13/2026 4:21:23 AM,True,5/11/2026 10:07:53 AM
AP03A,1346581,U611-RHTOP,70,489311-11,0-0,5/14/2026,True,5/13/2026 4:21:23 AM,True,5/11/2026 12:58:36 PM
AP03A,1346581,U6XX,411,490745-3,442332-2,5/14/2026,True,5/14/2026 3:17:20 AM,True,5/13/2026 3:22:21 PM
AP03A,1346582,U6XX,411,490745-4,442332-1,5/14/2026,True,5/14/2026 3:17:20 AM,True,5/13/2026 3:19:25 PM
AP03A,1346583,U6XX,412,490746-1,442333-4,5/14/2026,True,5/14/2026 3:17:20 AM,True,5/13/2026 3:25:48 PM
AP03A,1346584,U6XX,412,490746-2,442333-3,5/14/2026,True,5/14/2026 3:17:20 AM,True,5/13/2026 3:25:42 PM
AP03A,1346585,U6XX,412,490746-3,442333-2,5/14/2026,True,5/14/2026 3:17:20 AM,True,5/13/2026 3:25:37 PM
AP03A,1346586,U6XX,412,490746-4,442333-1,5/14/2026,True,5/14/2026 3:17:20 AM,True,5/13/2026 3:22:30 PM
AP03A,1346587,U6XX,413,490747-1,442334-4,5/14/2026,True,5/14/2026 3:17:20 AM,True,5/13/2026 3:30:04 PM
AP03A,1346588,U6XX,413,490747-2,442334-3,5/14/2026,True,5/14/2026 3:17:20 AM,True,5/13/2026 3:30:00 PM
AP03A,1346589,U6XX,413,490747-3,442334-2,5/14/2026,True,5/14/2026 3:17:20 AM,True,5/13/2026 3:29:16 PM
AP03A,1346590,U6XX,413,490747-4,442334-1,5/14/2026,True,5/14/2026 3:17:20 AM,True,5/13/2026 3:27:02 PM
AP03A,1346591,U6XX,414,490748-1,442335-4,5/14/2026,True,5/14/2026 3:17:20 AM,True,5/13/2026 3:33:47 PM
AP03A,1346592,U6XX,414,490748-2,442335-3,5/14/2026,True,5/14/2026 3:17:20 AM,True,5/13/2026 3:33:43 PM
AP03A,1346593,U6XX,414,490748-3,442335-2,5/14/2026,True,5/14/2026 3:17:20 AM,True,5/13/2026 3:33:40 PM
AP03A,1346594,U611-LHTOP,126,489587-12,0-0,5/14/2026,True,5/13/2026 4:21:23 AM,True,5/11/2026 10:09:38 AM
AP03A,1346594,U611-RHTOP,70,489311-12,0-0,5/14/2026,True,5/13/2026 4:21:23 AM,True,5/11/2026 1:03:21 PM
AP03A,1346594,U6XX,414,490748-4,442335-1,5/14/2026,True,5/14/2026 3:17:20 AM,True,5/13/2026 3:33:39 PM
AP03A,1346595,U6XX,415,490749-1,442336-4,5/14/2026,True,5/14/2026 3:17:20 AM,True,5/13/2026 3:37:04 PM
AP03A,1346596,U6XX,415,490749-2,442336-3,5/14/2026,True,5/14/2026 3:17:20 AM,True,5/13/2026 3:37:01 PM
AP03A,1346597,U6XX,415,490749-3,442336-2,5/14/2026,True,5/14/2026 3:17:20 AM,True,5/13/2026 3:36:56 PM
AP03A,1346598,U6XX,415,490749-4,442336-1,5/14/2026,True,5/14/2026 3:17:20 AM,True,5/13/2026 3:33:50 PM
AP03A,1346599,U6XX,416,490750-1,442337-4,5/14/2026,True,5/14/2026 3:17:20 AM,True,5/13/2026 3:41:25 PM
AP03A,1346600,U6XX,416,490750-2,442337-3,5/14/2026,True,5/14/2026 3:17:20 AM,True,5/13/2026 3:40:38 PM
AP03A,1346601,U6XX,416,490750-3,442337-2,5/14/2026,True,5/14/2026 3:17:20 AM,True,5/13/2026 3:40:34 PM
AP03A,1346602,U6XX,416,490750-4,442337-1,5/14/2026,True,5/14/2026 3:17:20 AM,True,5/13/2026 3:37:09 PM
AP03A,1346603,U6XX,417,490751-1,442338-4,5/14/2026,True,5/14/2026 3:17:20 AM,True,5/13/2026 3:44:50 PM
AP03A,1346604,U6XX,417,490751-2,442338-3,5/14/2026,True,5/14/2026 3:17:20 AM,True,5/13/2026 3:44:47 PM
AP03A,1346605,U6XX,417,490751-3,442338-2,5/14/2026,True,5/14/2026 3:17:20 AM,True,5/13/2026 3:44:44 PM
AP03A,1346606,U6XX,417,490751-4,442338-1,5/14/2026,True,5/14/2026 3:17:20 AM,True,5/13/2026 3:41:28 PM
AP03A,1346607,U611-LHTOP,127,489593-1,0-0,5/14/2026,True,5/13/2026 4:21:23 AM,True,5/11/2026 10:12:47 AM
AP03A,1346607,U611-RHTOP,70,489311-13,0-0,5/14/2026,True,5/13/2026 4:21:23 AM,True,5/11/2026 1:08:05 PM
AP03A,1346607,U6XX,418,490752-1,442339-4,5/14/2026,True,5/14/2026 3:17:20 AM,True,5/13/2026 3:48:54 PM
AP03A,1346608,U6XX,418,490752-2,442339-3,5/14/2026,True,5/14/2026 3:17:20 AM,True,5/13/2026 3:47:58 PM
AP03A,1346609,U6XX,418,490752-3,442339-2,5/14/2026,True,5/14/2026 3:17:20 AM,True,5/13/2026 3:45:01 PM
AP03A,1346610,U6XX,418,490752-4,442339-1,5/14/2026,True,5/14/2026 3:17:20 AM,True,5/13/2026 3:44:56 PM
AP03A,1346611,U6XX,419,490753-1,442340-4,5/14/2026,True,5/14/2026 3:17:20 AM,True,5/13/2026 3:52:07 PM
AP03A,1346612,U6XX,419,490753-2,442340-3,5/14/2026,True,5/14/2026 3:17:20 AM,True,5/13/2026 3:52:04 PM
AP03A,1346613,U6XX,419,490753-3,442340-2,5/14/2026,True,5/14/2026 3:17:20 AM,True,5/13/2026 3:52:02 PM
AP03A,1346614,U6XX,419,490753-4,442340-1,5/14/2026,True,5/14/2026 3:17:20 AM,True,5/13/2026 3:48:55 PM
AP03A,1346615,U6XX,420,490754-1,442341-4,5/14/2026,True,5/14/2026 3:17:20 AM,True,5/13/2026 6:10:22 PM
AP03A,1346616,U6XX,420,490754-2,442341-3,5/14/2026,True,5/14/2026 3:17:20 AM,True,5/13/2026 6:10:19 PM
AP03A,1346617,U6XX,420,490754-3,442341-2,5/14/2026,True,5/14/2026 3:17:20 AM,True,5/13/2026 6:07:05 PM
AP03A,1346618,U6XX,420,490754-4,442341-1,5/14/2026,True,5/14/2026 3:17:20 AM,True,5/13/2026 3:52:10 PM
AP03A,1346619,U6XX,421,490755-1,442342-4,5/14/2026,True,5/14/2026 3:17:20 AM,True,5/13/2026 6:15:45 PM
AP03A,1346620,U611-LHTOP,127,489593-2,0-0,5/14/2026,True,5/13/2026 4:21:23 AM,True,5/11/2026 10:14:11 AM
AP03A,1346620,U611-RHTOP,70,489311-14,0-0,5/14/2026,True,5/13/2026 4:21:23 AM,True,5/11/2026 1:11:59 PM
AP03A,1346620,U6XX,421,490755-2,442342-3,5/14/2026,True,5/14/2026 3:17:20 AM,True,5/13/2026 6:15:45 PM
AP03A,1346621,U6XX,421,490755-3,442342-2,5/14/2026,True,5/14/2026 3:17:20 AM,True,5/13/2026 6:14:20 PM
AP03A,1346622,U6XX,421,490755-4,442342-1,5/14/2026,True,5/14/2026 3:17:20 AM,True,5/13/2026 6:10:25 PM
AP03A,1346623,U6XX,422,490756-1,442343-4,5/14/2026,True,5/14/2026 3:17:20 AM,True,5/13/2026 6:19:31 PM
AP03A,1346624,U6XX,422,490756-2,442343-3,5/14/2026,True,5/14/2026 3:17:20 AM,True,5/13/2026 6:17:37 PM
AP03A,1346625,U6XX,422,490756-3,442343-2,5/14/2026,True,5/14/2026 3:17:20 AM,True,5/13/2026 6:17:35 PM
AP03A,1346626,U6XX,422,490756-4,442343-1,5/14/2026,True,5/14/2026 3:17:20 AM,True,5/13/2026 6:15:50 PM
AP03A,1346627,U6XX,423,490757-1,442344-4,5/14/2026,True,5/14/2026 3:17:20 AM,True,5/13/2026 6:21:31 PM
AP03A,1346628,U6XX,423,490757-2,442344-3,5/14/2026,True,5/14/2026 3:17:20 AM,True,5/13/2026 6:20:44 PM
AP03A,1346629,U6XX,423,490757-3,442344-2,5/14/2026,True,5/14/2026 3:17:20 AM,True,5/13/2026 6:20:41 PM
AP03A,1346630,U6XX,423,490757-4,442344-1,5/14/2026,True,5/14/2026 3:17:20 AM,True,5/13/2026 6:19:33 PM
AP03A,1346631,U6XX,424,490758-1,442345-4,5/14/2026,True,5/14/2026 3:17:20 AM,True,5/13/2026 6:24:59 PM
AP03A,1346632,U6XX,424,490758-2,442345-3,5/14/2026,True,5/14/2026 3:17:20 AM,True,5/13/2026 6:24:55 PM
AP03A,1346633,U611-LHTOP,127,489593-3,0-0,5/14/2026,True,5/13/2026 4:21:23 AM,True,5/11/2026 10:15:29 AM
AP03A,1346633,U611-RHTOP,70,489311-15,0-0,5/14/2026,True,5/13/2026 4:21:23 AM,True,5/11/2026 1:18:02 PM
AP03A,1346633,U6XX,424,490758-3,442345-2,5/14/2026,True,5/14/2026 3:17:20 AM,True,5/13/2026 6:24:54 PM
AP03A,1346634,U6XX,424,490758-4,442345-1,5/14/2026,True,5/14/2026 3:17:20 AM,True,5/13/2026 6:24:49 PM
AP03A,1346635,U6XX,425,490759-1,442346-4,5/14/2026,True,5/14/2026 3:17:20 AM,True,5/13/2026 6:31:05 PM
AP03A,1346636,U6XX,425,490759-2,442346-3,5/14/2026,True,5/14/2026 3:17:20 AM,True,5/13/2026 6:31:01 PM
AP03A,1346637,U6XX,425,490759-3,442346-2,5/14/2026,True,5/14/2026 3:17:20 AM,True,5/13/2026 6:28:22 PM
AP03A,1346638,U6XX,425,490759-4,442346-1,5/14/2026,True,5/14/2026 3:17:20 AM,True,5/13/2026 6:28:14 PM
AP03A,1346639,U6XX,426,490760-1,442347-4,5/14/2026,True,5/14/2026 3:17:20 AM,True,5/13/2026 6:35:21 PM
AP03A,1346640,U6XX,426,490760-2,442347-3,5/14/2026,True,5/14/2026 3:17:20 AM,True,5/13/2026 6:33:52 PM
AP03A,1346641,U6XX,426,490760-3,442347-2,5/14/2026,True,5/14/2026 3:17:20 AM,True,5/13/2026 6:33:37 PM
AP03A,1346642,U6XX,426,490760-4,442347-1,5/14/2026,True,5/14/2026 3:17:20 AM,True,5/13/2026 6:31:08 PM
AP03A,1346643,U6XX,427,490761-1,442348-4,5/14/2026,True,5/14/2026 4:26:24 AM,True,5/13/2026 6:39:43 PM
AP03A,1346644,U6XX,427,490761-2,442348-3,5/14/2026,True,5/14/2026 4:26:24 AM,True,5/13/2026 6:37:13 PM
AP03A,1346645,U6XX,427,490761-3,442348-2,5/14/2026,True,5/14/2026 4:26:24 AM,True,5/13/2026 6:37:09 PM
AP03A,1346646,U611-LHTOP,127,489593-4,0-0,5/14/2026,True,5/13/2026 4:21:23 AM,True,5/11/2026 10:18:25 AM
AP03A,1346646,U611-RHTOP,70,489311-16,0-0,5/14/2026,True,5/13/2026 4:21:23 AM,True,5/11/2026 1:23:59 PM
AP03A,1346646,U6XX,427,490761-4,442348-1,5/14/2026,True,5/14/2026 4:26:24 AM,True,5/13/2026 6:37:08 PM
AP03A,1346647,U6XX,428,490762-1,442349-4,5/14/2026,True,5/14/2026 4:26:24 AM,True,5/13/2026 6:42:08 PM
AP03A,1346648,U6XX,428,490762-2,442349-3,5/14/2026,True,5/14/2026 4:26:24 AM,True,5/13/2026 6:42:03 PM
AP03A,1346649,U6XX,428,490762-3,442349-2,5/14/2026,True,5/14/2026 4:26:24 AM,True,5/13/2026 6:39:51 PM
AP03A,1346650,U6XX,428,490762-4,442349-1,5/14/2026,True,5/14/2026 4:26:24 AM,True,5/13/2026 6:39:48 PM
AP03A,1346651,U6XX,429,490763-1,442350-4,5/14/2026,True,5/14/2026 4:26:24 AM,True,5/13/2026 6:46:44 PM
AP03A,1346652,U6XX,429,490763-2,442350-3,5/14/2026,True,5/14/2026 4:26:24 AM,True,5/13/2026 6:44:31 PM
AP03A,1346653,U6XX,429,490763-3,442350-2,5/14/2026,True,5/14/2026 4:26:24 AM,True,5/13/2026 6:44:28 PM
AP03A,1346654,U6XX,429,490763-4,442350-1,5/14/2026,True,5/14/2026 4:26:24 AM,True,5/13/2026 6:43:10 PM
AP03A,1346655,U6XX,430,490764-1,442351-4,5/14/2026,True,5/14/2026 4:26:24 AM,True,5/13/2026 6:51:10 PM
AP03A,1346656,U6XX,430,490764-2,442351-3,5/14/2026,True,5/14/2026 4:26:24 AM,True,5/13/2026 6:51:06 PM
AP03A,1346657,U6XX,430,490764-3,442351-2,5/14/2026,True,5/14/2026 4:26:24 AM,True,5/13/2026 6:46:50 PM
AP03A,1346658,U6XX,430,490764-4,442351-1,5/14/2026,True,5/14/2026 4:26:24 AM,True,5/13/2026 6:46:47 PM
AP03A,1346659,U611-LHTOP,127,489593-5,0-0,5/14/2026,True,5/13/2026 4:21:23 AM,True,5/11/2026 10:20:30 AM
AP03A,1346659,U611-RHTOP,70,489311-17,0-0,5/14/2026,True,5/13/2026 4:21:23 AM,True,5/11/2026 1:39:50 PM
AP03A,1346659,U6XX,431,490765-1,442352-4,5/14/2026,True,5/14/2026 4:26:24 AM,True,5/13/2026 6:55:42 PM
AP03A,1346660,U6XX,431,490765-2,442352-3,5/14/2026,True,5/14/2026 4:26:24 AM,True,5/13/2026 6:53:34 PM
AP03A,1346661,U6XX,431,490765-3,442352-2,5/14/2026,True,5/14/2026 4:26:24 AM,True,5/13/2026 6:53:31 PM
AP03A,1346662,U6XX,431,490765-4,442352-1,5/14/2026,True,5/14/2026 4:26:24 AM,True,5/13/2026 6:51:15 PM
AP03A,1346663,U6XX,432,490766-1,442353-4,5/14/2026,True,5/14/2026 4:26:24 AM,True,5/13/2026 7:01:47 PM
AP03A,1346664,U6XX,432,490766-2,442353-3,5/14/2026,True,5/14/2026 4:26:24 AM,True,5/13/2026 7:01:43 PM
AP03A,1346665,U6XX,432,490766-3,442353-2,5/14/2026,True,5/14/2026 4:26:24 AM,True,5/13/2026 6:55:48 PM
AP03A,1346666,U6XX,432,490766-4,442353-1,5/14/2026,True,5/14/2026 4:26:24 AM,True,5/13/2026 6:55:42 PM
AP03A,1346667,U6XX,433,490767-1,442354-4,5/14/2026,True,5/14/2026 4:26:24 AM,True,5/13/2026 7:07:27 PM
AP03A,1346668,U6XX,433,490767-2,442354-3,5/14/2026,True,5/14/2026 4:26:24 AM,True,5/13/2026 7:07:23 PM
AP03A,1346669,U6XX,433,490767-3,442354-2,5/14/2026,True,5/14/2026 4:26:24 AM,True,5/13/2026 7:04:48 PM
AP03A,1346670,U6XX,433,490767-4,442354-1,5/14/2026,True,5/14/2026 4:26:24 AM,True,5/13/2026 7:04:45 PM
AP03A,1346671,U6XX,434,490768-1,442355-4,5/14/2026,True,5/14/2026 4:26:24 AM,True,5/13/2026 7:11:08 PM
AP03A,1346672,U611-LHTOP,127,489593-6,0-0,5/14/2026,True,5/13/2026 4:21:23 AM,True,5/11/2026 10:21:36 AM
AP03A,1346672,U611-RHTOP,70,489311-18,0-0,5/14/2026,True,5/13/2026 4:21:23 AM,True,5/11/2026 1:47:48 PM
AP03A,1346672,U6XX,434,490768-2,442355-3,5/14/2026,True,5/14/2026 4:26:24 AM,True,5/13/2026 7:11:08 PM
AP03A,1346673,U6XX,434,490768-3,442355-2,5/14/2026,True,5/14/2026 4:26:24 AM,True,5/13/2026 7:09:35 PM
AP03A,1346674,U6XX,434,490768-4,442355-1,5/14/2026,True,5/14/2026 4:26:24 AM,True,5/13/2026 7:07:30 PM
AP03A,1346675,U6XX,435,490769-1,442356-4,5/14/2026,True,5/14/2026 4:26:24 AM,True,5/13/2026 7:14:08 PM
AP03A,1346676,U6XX,435,490769-2,442356-3,5/14/2026,True,5/14/2026 4:26:24 AM,True,5/13/2026 7:12:34 PM
AP03A,1346677,U6XX,435,490769-3,442356-2,5/14/2026,True,5/14/2026 4:26:24 AM,True,5/13/2026 7:12:30 PM
AP03A,1346678,U6XX,435,490769-4,442356-1,5/14/2026,True,5/14/2026 4:26:24 AM,True,5/13/2026 7:11:13 PM
AP03A,1346679,U6XX,436,490770-1,442357-4,5/14/2026,True,5/14/2026 4:26:24 AM,True,5/13/2026 7:17:29 PM
AP03A,1346680,U6XX,436,490770-2,442357-3,5/14/2026,True,5/14/2026 4:26:24 AM,True,5/13/2026 7:17:25 PM
AP03A,1346681,U6XX,436,490770-3,442357-2,5/14/2026,True,5/14/2026 4:26:24 AM,True,5/13/2026 7:17:22 PM
AP03A,1346682,U6XX,436,490770-4,442357-1,5/14/2026,True,5/14/2026 4:26:24 AM,True,5/13/2026 7:16:59 PM
AP03A,1346683,U6XX,437,490771-1,442358-4,5/14/2026,True,5/14/2026 4:26:24 AM,True,5/13/2026 7:22:47 PM
AP03A,1346684,U6XX,437,490771-2,442358-3,5/14/2026,True,5/14/2026 4:26:24 AM,True,5/13/2026 7:20:28 PM
AP03A,1346685,U611-LHTOP,127,489593-7,0-0,5/14/2026,True,5/13/2026 4:21:23 AM,True,5/11/2026 10:22:52 AM
AP03A,1346685,U611-RHTOP,70,489311-19,0-0,5/14/2026,True,5/13/2026 4:21:23 AM,True,5/11/2026 1:53:11 PM
AP03A,1346685,U6XX,437,490771-3,442358-2,5/14/2026,True,5/14/2026 4:26:24 AM,True,5/13/2026 7:20:28 PM
AP03A,1346686,U6XX,437,490771-4,442358-1,5/14/2026,True,5/14/2026 4:26:24 AM,True,5/13/2026 7:20:18 PM
AP03A,1346687,U6XX,438,490772-1,442359-4,5/14/2026,True,5/14/2026 4:26:24 AM,True,5/13/2026 7:25:55 PM
AP03A,1346688,U6XX,438,490772-2,442359-3,5/14/2026,True,5/14/2026 4:26:24 AM,True,5/13/2026 7:24:48 PM
AP03A,1346689,U6XX,438,490772-3,442359-2,5/14/2026,True,5/14/2026 4:26:24 AM,True,5/13/2026 7:24:25 PM
AP03A,1346690,U6XX,438,490772-4,442359-1,5/14/2026,True,5/14/2026 4:26:24 AM,True,5/13/2026 7:22:55 PM
AP03A,1346691,U6XX,439,490773-1,442360-4,5/14/2026,True,5/14/2026 4:26:24 AM,True,5/13/2026 7:31:04 PM
AP03A,1346692,U6XX,439,490773-2,442360-3,5/14/2026,True,5/14/2026 4:26:24 AM,True,5/13/2026 7:31:00 PM
AP03A,1346693,U6XX,439,490773-3,442360-2,5/14/2026,True,5/14/2026 4:26:24 AM,True,5/13/2026 7:27:49 PM
AP03A,1346694,U6XX,439,490773-4,442360-1,5/14/2026,True,5/14/2026 4:26:24 AM,True,5/13/2026 7:27:46 PM
AP03A,1346695,U6XX,440,490774-1,442361-4,5/14/2026,True,5/14/2026 4:26:24 AM,True,5/13/2026 7:34:44 PM
AP03A,1346696,U6XX,440,490774-2,442361-3,5/14/2026,True,5/14/2026 4:26:24 AM,True,5/13/2026 7:33:18 PM
AP03A,1346697,U611-LHTOP,127,489593-8,0-0,5/14/2026,True,5/13/2026 4:21:23 AM,True,5/11/2026 10:24:51 AM
AP03A,1346697,U611-RHTOP,70,489311-20,0-0,5/14/2026,True,5/13/2026 4:21:23 AM,True,5/11/2026 2:25:30 PM
AP03A,1346697,U6XX,440,490774-3,442361-2,5/14/2026,True,5/14/2026 4:26:24 AM,True,5/13/2026 7:33:17 PM
AP03A,1346698,U6XX,440,490774-4,442361-1,5/14/2026,True,5/14/2026 4:26:24 AM,True,5/13/2026 7:31:08 PM
AP03A,1346699,U6XX,441,490775-1,442362-4,5/14/2026,True,5/14/2026 4:26:24 AM,True,5/13/2026 7:37:08 PM
AP03A,1346700,U6XX,441,490775-2,442362-3,5/14/2026,True,5/14/2026 4:26:24 AM,True,5/13/2026 7:37:06 PM
AP03A,1346701,U6XX,441,490775-3,442362-2,5/14/2026,True,5/14/2026 4:26:24 AM,True,5/13/2026 7:37:01 PM
AP03A,1346702,U6XX,441,490775-4,442362-1,5/14/2026,True,5/14/2026 4:26:24 AM,True,5/13/2026 7:34:47 PM
AP03A,1346703,U6XX,442,490776-1,442363-4,5/14/2026,True,5/14/2026 4:26:24 AM,True,5/13/2026 7:39:34 PM
AP03A,1346704,U6XX,442,490776-2,442363-3,5/14/2026,True,5/14/2026 4:26:24 AM,True,5/13/2026 7:39:30 PM
AP03A,1346705,U6XX,442,490776-3,442363-2,5/14/2026,True,5/14/2026 4:26:24 AM,True,5/13/2026 7:39:28 PM
AP03A,1346706,U6XX,442,490776-4,442363-1,5/14/2026,True,5/14/2026 4:26:24 AM,True,5/13/2026 7:39:24 PM
AP03A,1346707,U6XX,443,490777-1,442364-4,5/14/2026,True,5/14/2026 4:26:24 AM,True,5/13/2026 7:42:45 PM
AP03A,1346708,U6XX,443,490777-2,442364-3,5/14/2026,True,5/14/2026 4:26:24 AM,True,5/13/2026 7:42:41 PM
AP03A,1346709,U6XX,443,490777-3,442364-2,5/14/2026,True,5/14/2026 4:26:24 AM,True,5/13/2026 7:42:38 PM
AP03A,1346710,U611-LHTOP,127,489593-9,0-0,5/14/2026,True,5/13/2026 4:21:23 AM,True,5/11/2026 10:26:30 AM
AP03A,1346710,U611-RHTOP,70,489311-21,0-0,5/14/2026,True,5/13/2026 4:21:23 AM,True,5/11/2026 2:29:37 PM
AP03A,1346710,U6XX,443,490777-4,442364-1,5/14/2026,True,5/14/2026 4:26:24 AM,True,5/13/2026 7:42:38 PM
AP03A,1346711,U6XX,444,490778-1,442365-4,5/14/2026,True,5/14/2026 4:26:24 AM,True,5/13/2026 7:48:32 PM
AP03A,1346712,U6XX,444,490778-2,442365-3,5/14/2026,True,5/14/2026 4:26:24 AM,True,5/13/2026 7:45:50 PM
AP03A,1346713,U6XX,444,490778-3,442365-2,5/14/2026,True,5/14/2026 4:26:24 AM,True,5/13/2026 7:45:48 PM
AP03A,1346714,U6XX,444,490778-4,442365-1,5/14/2026,True,5/14/2026 4:26:24 AM,True,5/13/2026 7:45:12 PM
AP03A,1346715,U6XX,445,490779-1,442366-4,5/14/2026,True,5/14/2026 4:26:24 AM,True,5/13/2026 7:51:22 PM
AP03A,1346716,U6XX,445,490779-2,442366-3,5/14/2026,True,5/14/2026 4:26:24 AM,True,5/13/2026 7:51:20 PM
AP03A,1346717,U6XX,445,490779-3,442366-2,5/14/2026,True,5/14/2026 4:26:24 AM,True,5/13/2026 7:48:39 PM
AP03A,1346718,U6XX,445,490779-4,442366-1,5/14/2026,True,5/14/2026 4:26:24 AM,True,5/13/2026 7:48:37 PM
AP03A,1346719,U6XX,446,490780-1,442367-4,5/14/2026,True,5/14/2026 4:26:24 AM,True,5/13/2026 7:55:08 PM
AP03A,1346720,U6XX,446,490780-2,442367-3,5/14/2026,True,5/14/2026 4:26:24 AM,True,5/13/2026 7:52:49 PM
AP03A,1346721,U6XX,446,490780-3,442367-2,5/14/2026,True,5/14/2026 4:26:24 AM,True,5/13/2026 7:52:46 PM
AP03A,1346722,U6XX,446,490780-4,442367-1,5/14/2026,True,5/14/2026 4:26:24 AM,True,5/13/2026 7:52:43 PM
AP03A,1346723,U611-LHTOP,127,489593-10,0-0,5/14/2026,True,5/13/2026 4:21:23 AM,True,5/11/2026 10:41:57 AM
AP03A,1346723,U611-RHTOP,70,489311-22,0-0,5/14/2026,True,5/13/2026 4:21:23 AM,True,5/11/2026 2:34:05 PM
AP03A,1346723,U6XX,447,490781-1,442368-4,5/14/2026,True,5/14/2026 4:26:24 AM,True,5/13/2026 7:58:11 PM
AP03A,1346724,U6XX,447,490781-2,442368-3,5/14/2026,True,5/14/2026 4:26:24 AM,True,5/13/2026 7:55:19 PM
AP03A,1346725,U6XX,447,490781-3,442368-2,5/14/2026,True,5/14/2026 4:26:24 AM,True,5/13/2026 7:55:14 PM
AP03A,1346726,U6XX,447,490781-4,442368-1,5/14/2026,True,5/14/2026 4:26:24 AM,True,5/13/2026 7:55:12 PM
AP03A,1346727,U6XX,448,490782-1,442369-4,5/14/2026,True,5/14/2026 4:26:24 AM,True,5/13/2026 8:06:05 PM
AP03A,1346728,U6XX,448,490782-2,442369-3,5/14/2026,True,5/14/2026 4:26:24 AM,True,5/13/2026 8:06:02 PM
AP03A,1346729,U6XX,448,490782-3,442369-2,5/14/2026,True,5/14/2026 4:26:24 AM,True,5/13/2026 8:05:59 PM
AP03A,1346730,U6XX,448,490782-4,442369-1,5/14/2026,True,5/14/2026 4:26:24 AM,True,5/13/2026 7:58:11 PM
AP03A,1346731,U6XX,449,490783-1,442370-4,5/14/2026,True,5/14/2026 4:26:24 AM,True,5/13/2026 8:10:33 PM
AP03A,1346732,U6XX,449,490783-2,442370-3,5/14/2026,True,5/14/2026 4:26:24 AM,True,5/13/2026 8:08:42 PM
AP03A,1346733,U6XX,449,490783-3,442370-2,5/14/2026,True,5/14/2026 4:26:24 AM,True,5/13/2026 8:08:39 PM
AP03A,1346734,U6XX,449,490783-4,442370-1,5/14/2026,True,5/14/2026 4:26:24 AM,True,5/13/2026 8:08:07 PM
AP03A,1346735,U6XX,450,490784-1,442371-4,5/14/2026,True,5/14/2026 4:26:24 AM,True,5/13/2026 8:15:22 PM
AP03A,1346736,U611-LHTOP,127,489593-11,0-0,5/14/2026,True,5/13/2026 4:21:23 AM,True,5/11/2026 10:43:59 AM
AP03A,1346736,U611-RHTOP,70,489311-23,0-0,5/14/2026,True,5/13/2026 4:21:23 AM,True,5/11/2026 2:38:39 PM
AP03A,1346736,U6XX,450,490784-2,442371-3,5/14/2026,True,5/14/2026 4:26:24 AM,True,5/13/2026 8:15:22 PM
AP03A,1346737,U6XX,450,490784-3,442371-2,5/14/2026,True,5/14/2026 4:26:24 AM,True,5/13/2026 8:13:07 PM
AP03A,1346738,U6XX,450,490784-4,442371-1,5/14/2026,True,5/14/2026 4:26:24 AM,True,5/13/2026 8:10:36 PM
AP03A,1346739,U6XX,451,490785-1,442372-4,5/14/2026,True,5/14/2026 6:52:36 AM,True,5/13/2026 8:36:34 PM
AP03A,1346740,U6XX,451,490785-2,442372-3,5/14/2026,True,5/14/2026 6:52:36 AM,True,5/13/2026 8:16:06 PM
AP03A,1346741,U6XX,451,490785-3,442372-2,5/14/2026,True,5/14/2026 6:52:36 AM,True,5/13/2026 8:16:02 PM
AP03A,1346742,U6XX,451,490785-4,442372-1,5/14/2026,True,5/14/2026 6:52:36 AM,True,5/13/2026 8:15:56 PM
AP03A,1346743,U6XX,452,490786-1,442373-4,5/14/2026,True,5/14/2026 6:52:36 AM,True,5/13/2026 8:42:00 PM
AP03A,1346744,U6XX,452,490786-2,442373-3,5/14/2026,True,5/14/2026 6:52:36 AM,True,5/13/2026 8:39:18 PM
AP03A,1346745,U6XX,452,490786-3,442373-2,5/14/2026,True,5/14/2026 6:52:36 AM,True,5/13/2026 8:39:15 PM
AP03A,1346746,U6XX,452,490786-4,442373-1,5/14/2026,True,5/14/2026 6:52:36 AM,True,5/13/2026 8:39:13 PM
AP03A,1346747,U6XX,453,490787-1,442374-4,5/14/2026,True,5/14/2026 6:52:36 AM,True,5/13/2026 8:47:20 PM
AP03A,1346748,U6XX,453,490787-2,442374-3,5/14/2026,True,5/14/2026 6:52:36 AM,True,5/13/2026 8:47:16 PM
AP03A,1346749,U611-LHTOP,127,489593-12,0-0,5/14/2026,True,5/13/2026 4:21:23 AM,True,5/11/2026 10:45:12 AM
AP03A,1346749,U611-RHTOP,70,489311-24,0-0,5/14/2026,True,5/13/2026 4:21:23 AM,True,5/11/2026 2:43:06 PM
AP03A,1346749,U6XX,453,490787-3,442374-2,5/14/2026,True,5/14/2026 6:52:36 AM,True,5/13/2026 8:47:16 PM
AP03A,1346750,U6XX,453,490787-4,442374-1,5/14/2026,True,5/14/2026 6:52:36 AM,True,5/13/2026 8:42:04 PM
AP03A,1346751,U6XX,454,490788-1,442375-4,5/14/2026,True,5/14/2026 6:52:36 AM,True,5/13/2026 8:47:45 PM
AP03A,1346752,U6XX,454,490788-2,442375-3,5/14/2026,True,5/14/2026 6:52:36 AM,True,5/13/2026 8:47:43 PM
AP03A,1346753,U6XX,454,490788-3,442375-2,5/14/2026,True,5/14/2026 6:52:36 AM,True,5/13/2026 8:47:36 PM
AP03A,1346754,U6XX,454,490788-4,442375-1,5/14/2026,True,5/14/2026 6:52:36 AM,True,5/13/2026 8:47:23 PM
AP03A,1346755,U6XX,455,490789-1,442376-4,5/14/2026,True,5/14/2026 6:52:36 AM,True,5/13/2026 8:50:03 PM
AP03A,1346756,U6XX,455,490789-2,442376-3,5/14/2026,True,5/14/2026 6:52:36 AM,True,5/13/2026 8:50:00 PM
AP03A,1346757,U6XX,455,490789-3,442376-2,5/14/2026,True,5/14/2026 6:52:36 AM,True,5/13/2026 8:49:56 PM
AP03A,1346758,U6XX,455,490789-4,442376-1,5/14/2026,True,5/14/2026 6:52:36 AM,True,5/13/2026 8:47:47 PM
AP03A,1346759,U6XX,456,490790-1,442377-4,5/14/2026,True,5/14/2026 6:52:36 AM,True,5/13/2026 8:55:18 PM
AP03A,1346760,U6XX,456,490790-2,442377-3,5/14/2026,True,5/14/2026 6:52:36 AM,True,5/13/2026 8:54:02 PM
AP03A,1346761,U6XX,456,490790-3,442377-2,5/14/2026,True,5/14/2026 6:52:36 AM,True,5/13/2026 8:53:59 PM
AP03A,1346762,U611-LHTOP,128,489824-1,0-0,5/14/2026,True,5/13/2026 4:21:23 AM,True,5/11/2026 6:09:51 PM
AP03A,1346762,U611-RHTOP,71,489340-1,0-0,5/14/2026,True,5/13/2026 4:21:23 AM,True,5/11/2026 2:47:16 PM
AP03A,1346762,U6XX,456,490790-4,442377-1,5/14/2026,True,5/14/2026 6:52:36 AM,True,5/13/2026 8:53:59 PM
AP03A,1346763,U6XX,457,490791-1,442378-4,5/14/2026,True,5/14/2026 6:52:36 AM,True,5/13/2026 8:57:03 PM
AP03A,1346764,U6XX,457,490791-2,442378-3,5/14/2026,True,5/14/2026 6:52:36 AM,True,5/13/2026 8:56:55 PM
AP03A,1346765,U6XX,457,490791-3,442378-2,5/14/2026,True,5/14/2026 6:52:36 AM,True,5/13/2026 8:55:23 PM
AP03A,1346766,U6XX,457,490791-4,442378-1,5/14/2026,True,5/14/2026 6:52:36 AM,True,5/13/2026 8:55:21 PM
AP03A,1346767,U6XX,458,490792-1,442379-4,5/14/2026,True,5/14/2026 6:52:36 AM,True,5/13/2026 9:02:54 PM
AP03A,1346768,U6XX,458,490792-2,442379-3,5/14/2026,True,5/14/2026 6:52:36 AM,True,5/13/2026 9:02:50 PM
AP03A,1346769,U6XX,458,490792-3,442379-2,5/14/2026,True,5/14/2026 6:52:36 AM,True,5/13/2026 8:58:40 PM
AP03A,1346770,U6XX,458,490792-4,442379-1,5/14/2026,True,5/14/2026 6:52:36 AM,True,5/13/2026 8:58:38 PM
AP03A,1346771,U6XX,459,490793-1,442380-4,5/14/2026,True,5/14/2026 6:52:36 AM,True,5/13/2026 9:07:26 PM
AP03A,1350001,U6XX,459,490793-2,442380-3,5/14/2026,True,5/14/2026 6:52:36 AM,True,5/13/2026 9:04:56 PM
AP03A,1350002,U6XX,459,490793-3,442380-2,5/14/2026,True,5/14/2026 6:52:36 AM,True,5/13/2026 9:04:54 PM
AP03A,1350003,U6XX,459,490793-4,442380-1,5/14/2026,True,5/14/2026 6:52:36 AM,True,5/13/2026 9:04:48 PM
AP03A,1350004,U611-LHTOP,128,489824-2,0-0,5/14/2026,True,5/13/2026 4:21:23 AM,True,5/11/2026 6:20:38 PM
AP03A,1350004,U611-RHTOP,71,489340-2,0-0,5/14/2026,True,5/13/2026 4:21:23 AM,True,5/11/2026 2:54:47 PM
AP03A,1350004,U6XX,460,490794-1,442381-4,5/14/2026,True,5/14/2026 6:52:36 AM,True,5/13/2026 9:12:06 PM
AP03A,1350005,U6XX,460,490794-2,442381-3,5/14/2026,True,5/14/2026 6:52:36 AM,True,5/13/2026 9:09:43 PM
AP03A,1350006,U6XX,460,490794-3,442381-2,5/14/2026,True,5/14/2026 6:52:36 AM,True,5/13/2026 9:07:33 PM
AP03A,1350007,U6XX,460,490794-4,442381-1,5/14/2026,True,5/14/2026 6:52:36 AM,True,5/13/2026 9:07:30 PM
AP03A,1350008,U6XX,461,490795-1,442382-4,5/14/2026,True,5/14/2026 6:52:36 AM,True,5/13/2026 9:14:47 PM
AP03A,1350009,U6XX,461,490795-2,442382-3,5/14/2026,True,5/14/2026 6:52:36 AM,True,5/13/2026 9:12:12 PM
AP03A,1350010,U6XX,461,490795-3,442382-2,5/14/2026,True,5/14/2026 6:52:36 AM,True,5/13/2026 9:12:09 PM
AP03A,1350011,U6XX,461,490795-4,442382-1,5/14/2026,True,5/14/2026 6:52:36 AM,True,5/13/2026 9:12:07 PM
AP03A,1350012,U6XX,462,490796-1,442383-4,5/14/2026,True,5/14/2026 6:52:36 AM,True,5/13/2026 9:18:40 PM
AP03A,1350013,U6XX,462,490796-2,442383-3,5/14/2026,True,5/14/2026 6:52:36 AM,True,5/13/2026 9:17:51 PM
AP03A,1350014,U6XX,462,490796-3,442383-2,5/14/2026,True,5/14/2026 6:52:36 AM,True,5/13/2026 9:14:53 PM
AP03A,1350015,U6XX,462,490796-4,442383-1,5/14/2026,True,5/14/2026 6:52:36 AM,True,5/13/2026 9:14:50 PM
AP03A,1350016,U6XX,463,490797-1,442384-4,5/14/2026,True,5/14/2026 6:52:36 AM,True,5/13/2026 9:20:07 PM
AP03A,1350017,U611-LHTOP,128,489824-3,0-0,5/14/2026,True,5/13/2026 4:21:23 AM,True,5/11/2026 6:25:52 PM
AP03A,1350017,U611-RHTOP,71,489340-3,0-0,5/14/2026,True,5/13/2026 4:21:23 AM,True,5/11/2026 3:08:40 PM
AP03A,1350017,U6XX,463,490797-2,442384-3,5/14/2026,True,5/14/2026 6:52:36 AM,True,5/13/2026 9:20:06 PM
AP03A,1350018,U6XX,463,490797-3,442384-2,5/14/2026,True,5/14/2026 6:52:36 AM,True,5/13/2026 9:20:00 PM
AP03A,1350019,U6XX,463,490797-4,442384-1,5/14/2026,True,5/14/2026 6:52:36 AM,True,5/13/2026 9:19:21 PM
AP03A,1350020,U6XX,464,490798-1,442385-4,5/14/2026,True,5/14/2026 6:52:36 AM,True,5/13/2026 9:24:50 PM
AP03A,1350021,U6XX,464,490798-2,442385-3,5/14/2026,True,5/14/2026 6:52:36 AM,True,5/13/2026 9:24:47 PM
AP03A,1350022,U6XX,464,490798-3,442385-2,5/14/2026,True,5/14/2026 6:52:36 AM,True,5/13/2026 9:24:42 PM
AP03A,1350023,U6XX,464,490798-4,442385-1,5/14/2026,True,5/14/2026 6:52:36 AM,True,5/13/2026 9:21:49 PM
AP03A,1350024,U6XX,465,490799-1,442386-4,5/14/2026,True,5/14/2026 6:52:36 AM,True,5/13/2026 9:28:54 PM
AP03A,1350025,U6XX,465,490799-2,442386-3,5/14/2026,True,5/14/2026 6:52:36 AM,True,5/13/2026 9:28:50 PM
AP03A,1350026,U6XX,465,490799-3,442386-2,5/14/2026,True,5/14/2026 6:52:36 AM,True,5/13/2026 9:26:24 PM
AP03A,1350027,U6XX,465,490799-4,442386-1,5/14/2026,True,5/14/2026 6:52:36 AM,True,5/13/2026 9:26:21 PM
AP03A,1350028,U6XX,466,490800-1,442387-4,5/14/2026,True,5/14/2026 6:52:36 AM,True,5/13/2026 9:33:51 PM
AP03A,1350029,U6XX,466,490800-2,442387-3,5/14/2026,True,5/14/2026 6:52:36 AM,True,5/13/2026 9:30:47 PM
AP03A,1350030,U611-LHTOP,128,489824-4,0-0,5/14/2026,True,5/13/2026 4:21:23 AM,True,5/11/2026 6:28:18 PM
AP03A,1350030,U611-RHTOP,71,489340-4,0-0,5/14/2026,True,5/13/2026 4:21:23 AM,True,5/11/2026 3:12:44 PM
AP03A,1350030,U6XX,466,490800-3,442387-2,5/14/2026,True,5/14/2026 6:52:36 AM,True,5/13/2026 9:30:47 PM
AP03A,1350031,U6XX,466,490800-4,442387-1,5/14/2026,True,5/14/2026 6:52:36 AM,True,5/13/2026 9:28:58 PM
AP03A,1350032,U6XX,467,490801-1,442388-4,5/14/2026,True,5/14/2026 6:52:36 AM,True,5/13/2026 9:37:01 PM
AP03A,1350033,U6XX,467,490801-2,442388-3,5/14/2026,True,5/14/2026 6:52:36 AM,True,5/13/2026 9:34:02 PM
AP03A,1350034,U6XX,467,490801-3,442388-2,5/14/2026,True,5/14/2026 6:52:36 AM,True,5/13/2026 9:33:59 PM
AP03A,1350035,U6XX,467,490801-4,442388-1,5/14/2026,True,5/14/2026 6:52:36 AM,True,5/13/2026 9:33:57 PM
AP03A,1350036,U6XX,468,490802-1,442389-4,5/14/2026,True,5/14/2026 6:52:36 AM,True,5/13/2026 9:40:16 PM
AP03A,1350037,U6XX,468,490802-2,442389-3,5/14/2026,True,5/14/2026 6:52:36 AM,True,5/13/2026 9:37:10 PM
AP03A,1350038,U6XX,468,490802-3,442389-2,5/14/2026,True,5/14/2026 6:52:36 AM,True,5/13/2026 9:37:07 PM
AP03A,1350039,U6XX,468,490802-4,442389-1,5/14/2026,True,5/14/2026 6:52:36 AM,True,5/13/2026 9:37:04 PM
AP03A,1350040,U6XX,469,490803-1,442390-4,5/14/2026,True,5/14/2026 6:52:36 AM,True,5/13/2026 9:44:15 PM
AP03A,1350041,U6XX,469,490803-2,442390-3,5/14/2026,True,5/14/2026 6:52:36 AM,True,5/13/2026 9:40:26 PM
AP03A,1350042,U6XX,469,490803-3,442390-2,5/14/2026,True,5/14/2026 6:52:36 AM,True,5/13/2026 9:40:22 PM
AP03A,1350043,U611-LHTOP,128,489824-5,0-0,5/14/2026,True,5/13/2026 4:21:23 AM,True,5/11/2026 6:33:19 PM
AP03A,1350043,U611-RHTOP,71,489340-5,0-0,5/14/2026,True,5/13/2026 4:21:23 AM,True,5/11/2026 3:17:12 PM
AP03A,1350043,U6XX,469,490803-4,442390-1,5/14/2026,True,5/14/2026 6:52:36 AM,True,5/13/2026 9:40:22 PM
AP03A,1350044,U6XX,470,490804-1,442391-4,5/14/2026,True,5/14/2026 6:52:36 AM,True,5/13/2026 9:46:31 PM
AP03A,1350045,U6XX,470,490804-2,442391-3,5/14/2026,True,5/14/2026 6:52:36 AM,True,5/13/2026 9:46:28 PM
AP03A,1350046,U6XX,470,490804-3,442391-2,5/14/2026,True,5/14/2026 6:52:36 AM,True,5/13/2026 9:44:22 PM
AP03A,1350047,U6XX,470,490804-4,442391-1,5/14/2026,True,5/14/2026 6:52:36 AM,True,5/13/2026 9:44:19 PM
AP03A,1350048,U6XX,471,490805-1,442392-4,5/14/2026,True,5/14/2026 6:52:36 AM,True,5/13/2026 9:50:08 PM
AP03A,1350049,U6XX,471,490805-2,442392-3,5/14/2026,True,5/14/2026 6:52:36 AM,True,5/13/2026 9:48:37 PM
AP03A,1350050,U6XX,471,490805-3,442392-2,5/14/2026,True,5/14/2026 6:52:36 AM,True,5/13/2026 9:48:34 PM
AP03A,1350051,U6XX,471,490805-4,442392-1,5/14/2026,True,5/14/2026 6:52:36 AM,True,5/13/2026 9:46:34 PM
AP03A,1350052,U6XX,472,490806-1,442393-4,5/14/2026,True,5/14/2026 6:52:36 AM,True,5/13/2026 9:54:22 PM
AP03A,1350053,U6XX,472,490806-2,442393-3,5/14/2026,True,5/14/2026 6:52:36 AM,True,5/13/2026 9:53:12 PM
AP03A,1350054,U6XX,472,490806-3,442393-2,5/14/2026,True,5/14/2026 6:52:36 AM,True,5/13/2026 9:53:08 PM
AP03A,1350055,U611-LHTOP,128,489824-6,0-0,5/14/2026,True,5/13/2026 4:21:23 AM,True,5/11/2026 6:35:26 PM
AP03A,1350055,U611-RHTOP,71,489340-6,0-0,5/14/2026,True,5/13/2026 4:21:23 AM,True,5/11/2026 3:20:53 PM
AP03A,1350055,U6XX,472,490806-4,442393-1,5/14/2026,True,5/14/2026 6:52:36 AM,True,5/13/2026 9:53:07 PM
AP03A,1350056,U6XX,473,490807-1,442394-4,5/14/2026,True,5/14/2026 6:52:36 AM,True,5/13/2026 9:57:25 PM
AP03A,1350057,U6XX,473,490807-2,442394-3,5/14/2026,True,5/14/2026 6:52:36 AM,True,5/13/2026 9:57:21 PM
AP03A,1350058,U6XX,473,490807-3,442394-2,5/14/2026,True,5/14/2026 6:52:36 AM,True,5/13/2026 9:54:30 PM
AP03A,1350059,U6XX,473,490807-4,442394-1,5/14/2026,True,5/14/2026 6:52:36 AM,True,5/13/2026 9:54:27 PM
AP03A,1350060,U6XX,474,490808-1,442395-4,5/14/2026,True,5/14/2026 6:52:36 AM,True,5/13/2026 10:08:34 PM
AP03A,1350061,U6XX,474,490808-2,442395-3,5/14/2026,True,5/14/2026 6:52:36 AM,True,5/13/2026 10:08:31 PM
AP03A,1350062,U6XX,474,490808-3,442395-2,5/14/2026,True,5/14/2026 6:52:36 AM,True,5/13/2026 10:08:29 PM
AP03A,1350063,U6XX,474,490808-4,442395-1,5/14/2026,True,5/14/2026 6:52:36 AM,True,5/13/2026 9:57:29 PM
AP03A,1350064,U6XX,475,490809-1,442396-4,5/14/2026,True,5/14/2026 7:59:16 AM,True,5/13/2026 10:08:44 PM
AP03A,1350065,U6XX,475,490809-2,442396-3,5/14/2026,True,5/14/2026 7:59:16 AM,True,5/13/2026 10:08:42 PM
AP03A,1350066,U6XX,475,490809-3,442396-2,5/14/2026,True,5/14/2026 7:59:16 AM,True,5/13/2026 10:08:40 PM
AP03A,1350067,U6XX,475,490809-4,442396-1,5/14/2026,True,5/14/2026 7:59:16 AM,True,5/13/2026 10:08:36 PM
AP03A,1350068,U611-LHTOP,128,489824-7,0-0,5/14/2026,True,5/13/2026 4:21:23 AM,True,5/11/2026 6:37:56 PM
AP03A,1350068,U611-RHTOP,71,489340-7,0-0,5/14/2026,True,5/13/2026 4:21:23 AM,True,5/11/2026 3:25:49 PM
AP03A,1350068,U6XX,476,490810-1,442397-4,5/14/2026,True,5/14/2026 7:59:16 AM,True,5/13/2026 10:15:13 PM
AP03A,1350069,U6XX,476,490810-2,442397-3,5/14/2026,True,5/14/2026 7:59:16 AM,True,5/13/2026 10:12:37 PM
AP03A,1350070,U6XX,476,490810-3,442397-2,5/14/2026,True,5/14/2026 7:59:16 AM,True,5/13/2026 10:12:34 PM
AP03A,1350071,U6XX,476,490810-4,442397-1,5/14/2026,True,5/14/2026 7:59:16 AM,True,5/13/2026 10:08:46 PM
AP03A,1350072,U6XX,477,490811-1,442398-4,5/14/2026,True,5/14/2026 7:59:16 AM,True,5/13/2026 10:18:02 PM
AP03A,1350073,U6XX,477,490811-2,442398-3,5/14/2026,True,5/14/2026 7:59:16 AM,True,5/13/2026 10:17:56 PM
AP03A,1350074,U6XX,477,490811-3,442398-2,5/14/2026,True,5/14/2026 7:59:16 AM,True,5/13/2026 10:15:24 PM
AP03A,1350075,U6XX,477,490811-4,442398-1,5/14/2026,True,5/14/2026 7:59:16 AM,True,5/13/2026 10:15:14 PM
AP03A,1350076,U6XX,478,490812-1,442399-4,5/14/2026,True,5/14/2026 7:59:16 AM,True,5/13/2026 10:20:48 PM
AP03A,1350077,U6XX,478,490812-2,442399-3,5/14/2026,True,5/14/2026 7:59:16 AM,True,5/13/2026 10:20:44 PM
AP03A,1350078,U6XX,478,490812-3,442399-2,5/14/2026,True,5/14/2026 7:59:16 AM,True,5/13/2026 10:19:32 PM
AP03A,1350079,U6XX,478,490812-4,442399-1,5/14/2026,True,5/14/2026 7:59:16 AM,True,5/13/2026 10:19:28 PM
AP03A,1350080,U6XX,479,490813-1,442400-4,5/14/2026,True,5/14/2026 7:59:16 AM,True,5/13/2026 10:25:56 PM
AP03A,1350081,U611-LHTOP,128,489824-8,0-0,5/14/2026,True,5/13/2026 4:21:23 AM,True,5/11/2026 6:40:10 PM
AP03A,1350081,U611-RHTOP,71,489340-8,0-0,5/14/2026,True,5/13/2026 4:21:23 AM,True,5/11/2026 3:35:20 PM
AP03A,1350081,U6XX,479,490813-2,442400-3,5/14/2026,True,5/14/2026 7:59:16 AM,True,5/13/2026 10:25:56 PM
AP03A,1350082,U6XX,479,490813-3,442400-2,5/14/2026,True,5/14/2026 7:59:16 AM,True,5/13/2026 10:22:40 PM
AP03A,1350083,U6XX,479,490813-4,442400-1,5/14/2026,True,5/14/2026 7:59:16 AM,True,5/13/2026 10:22:37 PM
AP03A,1350084,U6XX,480,490814-1,442401-4,5/14/2026,True,5/14/2026 7:59:16 AM,True,5/13/2026 10:28:54 PM
AP03A,1350085,U6XX,480,490814-2,442401-3,5/14/2026,True,5/14/2026 7:59:16 AM,True,5/13/2026 10:26:08 PM
AP03A,1350086,U6XX,480,490814-3,442401-2,5/14/2026,True,5/14/2026 7:59:16 AM,True,5/13/2026 10:26:05 PM
AP03A,1350087,U6XX,480,490814-4,442401-1,5/14/2026,True,5/14/2026 7:59:16 AM,True,5/13/2026 10:26:01 PM
AP03A,1350088,U6XX,481,490815-1,442402-4,5/14/2026,True,5/14/2026 7:59:16 AM,True,5/13/2026 10:30:51 PM
AP03A,1350089,U6XX,481,490815-2,442402-3,5/14/2026,True,5/14/2026 7:59:16 AM,True,5/13/2026 10:30:47 PM
AP03A,1350090,U6XX,481,490815-3,442402-2,5/14/2026,True,5/14/2026 7:59:16 AM,True,5/13/2026 10:29:01 PM
AP03A,1350091,U6XX,481,490815-4,442402-1,5/14/2026,True,5/14/2026 7:59:16 AM,True,5/13/2026 10:28:59 PM
AP03A,1350092,U6XX,482,490816-1,442403-4,5/14/2026,True,5/14/2026 7:59:16 AM,True,5/13/2026 10:36:11 PM
AP03A,1350093,U6XX,482,490816-2,442403-3,5/14/2026,True,5/14/2026 7:59:16 AM,True,5/13/2026 10:33:48 PM
AP03A,1350094,U611-LHTOP,128,489824-9,0-0,5/14/2026,True,5/13/2026 4:21:23 AM,True,5/11/2026 6:41:52 PM
AP03A,1350094,U611-RHTOP,71,489340-9,0-0,5/14/2026,True,5/13/2026 4:21:23 AM,True,5/11/2026 3:41:28 PM
AP03A,1350094,U6XX,482,490816-3,442403-2,5/14/2026,True,5/14/2026 7:59:16 AM,True,5/13/2026 10:33:48 PM
AP03A,1350095,U6XX,482,490816-4,442403-1,5/14/2026,True,5/14/2026 7:59:16 AM,True,5/13/2026 10:33:42 PM
AP03A,1350096,U6XX,483,490817-1,442404-4,5/14/2026,True,5/14/2026 7:59:16 AM,True,5/13/2026 10:40:17 PM
AP03A,1350097,U6XX,483,490817-2,442404-3,5/14/2026,True,5/14/2026 7:59:16 AM,True,5/13/2026 10:40:15 PM
AP03A,1350098,U6XX,483,490817-3,442404-2,5/14/2026,True,5/14/2026 7:59:16 AM,True,5/13/2026 10:36:21 PM
AP03A,1350099,U6XX,483,490817-4,442404-1,5/14/2026,True,5/14/2026 7:59:16 AM,True,5/13/2026 10:36:18 PM
AP03A,1350100,U6XX,484,490818-1,442405-4,5/14/2026,True,5/14/2026 7:59:16 AM,True,5/13/2026 10:41:32 PM
AP03A,1350101,U6XX,484,490818-2,442405-3,5/14/2026,True,5/14/2026 7:59:16 AM,True,5/13/2026 10:40:26 PM
AP03A,1350102,U6XX,484,490818-3,442405-2,5/14/2026,True,5/14/2026 7:59:16 AM,True,5/13/2026 10:40:23 PM
AP03A,1350103,U6XX,484,490818-4,442405-1,5/14/2026,True,5/14/2026 7:59:16 AM,True,5/13/2026 10:40:21 PM
AP03A,1350104,U6XX,485,490819-1,442406-4,5/14/2026,True,5/14/2026 7:59:16 AM,True,5/13/2026 10:43:45 PM
AP03A,1350105,U6XX,485,490819-2,442406-3,5/14/2026,True,5/14/2026 7:59:16 AM,True,5/13/2026 10:43:42 PM
AP03A,1350106,U6XX,485,490819-3,442406-2,5/14/2026,True,5/14/2026 7:59:16 AM,True,5/13/2026 10:43:39 PM
AP03A,1350107,U611-LHTOP,128,489824-10,0-0,5/14/2026,True,5/13/2026 4:21:23 AM,True,5/11/2026 6:43:34 PM
AP03A,1350107,U611-RHTOP,71,489340-10,0-0,5/14/2026,True,5/13/2026 4:21:23 AM,True,5/11/2026 3:46:07 PM
AP03A,1350107,U6XX,485,490819-4,442406-1,5/14/2026,True,5/14/2026 7:59:16 AM,True,5/13/2026 10:43:39 PM
AP03A,1350108,U6XX,486,490820-1,442407-4,5/14/2026,True,5/14/2026 7:59:16 AM,True,5/13/2026 10:47:31 PM
AP03A,1350109,U6XX,486,490820-2,442407-3,5/14/2026,True,5/14/2026 7:59:16 AM,True,5/13/2026 10:47:26 PM
AP03A,1350110,U6XX,486,490820-3,442407-2,5/14/2026,True,5/14/2026 7:59:16 AM,True,5/13/2026 10:47:23 PM
AP03A,1350111,U6XX,486,490820-4,442407-1,5/14/2026,True,5/14/2026 7:59:16 AM,True,5/13/2026 10:46:52 PM
AP03A,1350112,U6XX,487,490821-1,442408-4,5/14/2026,True,5/14/2026 7:59:16 AM,True,5/13/2026 10:50:42 PM
AP03A,1350113,U6XX,487,490821-2,442408-3,5/14/2026,True,5/14/2026 7:59:16 AM,True,5/13/2026 10:50:37 PM
AP03A,1350114,U6XX,487,490821-3,442408-2,5/14/2026,True,5/14/2026 7:59:16 AM,True,5/13/2026 10:50:34 PM
AP03A,1350115,U6XX,487,490821-4,442408-1,5/14/2026,True,5/14/2026 7:59:16 AM,True,5/13/2026 10:49:21 PM
AP03A,1350116,U6XX,488,490822-1,442409-4,5/14/2026,True,5/14/2026 7:59:16 AM,True,5/13/2026 10:55:15 PM
AP03A,1350117,U6XX,488,490822-2,442409-3,5/14/2026,True,5/14/2026 7:59:16 AM,True,5/13/2026 10:55:12 PM
AP03A,1350118,U6XX,488,490822-3,442409-2,5/14/2026,True,5/14/2026 7:59:16 AM,True,5/13/2026 10:55:08 PM
AP03A,1350119,U6XX,488,490822-4,442409-1,5/14/2026,True,5/14/2026 7:59:16 AM,True,5/13/2026 10:51:43 PM
AP03A,1350120,U611-LHTOP,128,489824-11,0-0,5/14/2026,True,5/13/2026 4:21:23 AM,True,5/11/2026 6:45:14 PM
AP03A,1350120,U611-RHTOP,71,489340-11,0-0,5/14/2026,True,5/13/2026 4:21:23 AM,True,5/11/2026 3:51:31 PM
AP03A,1350120,U6XX,489,490823-1,442410-4,5/14/2026,True,5/14/2026 7:59:16 AM,True,5/13/2026 10:58:45 PM
AP03A,1350121,U6XX,489,490823-2,442410-3,5/14/2026,True,5/14/2026 7:59:16 AM,True,5/13/2026 10:58:39 PM
AP03A,1350122,U6XX,489,490823-3,442410-2,5/14/2026,True,5/14/2026 7:59:16 AM,True,5/13/2026 10:58:37 PM
AP03A,1350123,U6XX,489,490823-4,442410-1,5/14/2026,True,5/14/2026 7:59:16 AM,True,5/13/2026 10:55:18 PM
AP03A,1350124,U6XX,490,490824-1,442411-4,5/14/2026,True,5/14/2026 7:59:16 AM,True,5/13/2026 11:32:07 PM
AP03A,1350125,U6XX,490,490824-2,442411-3,5/14/2026,True,5/14/2026 7:59:16 AM,True,5/13/2026 11:31:09 PM
AP03A,1350126,U6XX,490,490824-3,442411-2,5/14/2026,True,5/14/2026 7:59:16 AM,True,5/13/2026 11:29:22 PM
AP03A,1350127,U6XX,490,490824-4,442411-1,5/14/2026,True,5/14/2026 7:59:16 AM,True,5/13/2026 10:58:46 PM
AP03A,1350128,U6XX,491,490825-1,442412-4,5/14/2026,True,5/14/2026 7:59:16 AM,True,5/13/2026 11:37:02 PM
AP03A,1350129,U6XX,491,490825-2,442412-3,5/14/2026,True,5/14/2026 7:59:16 AM,True,5/13/2026 11:34:47 PM
AP03A,1350130,U6XX,491,490825-3,442412-2,5/14/2026,True,5/14/2026 7:59:16 AM,True,5/13/2026 11:34:42 PM
AP03A,1350131,U6XX,491,490825-4,442412-1,5/14/2026,True,5/14/2026 7:59:16 AM,True,5/13/2026 11:34:39 PM
AP03A,1350132,U6XX,492,490826-1,442413-4,5/14/2026,True,5/14/2026 7:59:16 AM,True,5/13/2026 11:39:22 PM
AP03A,1350133,U611-LHTOP,128,489824-12,0-0,5/14/2026,True,5/13/2026 4:21:23 AM,True,5/11/2026 6:46:50 PM
AP03A,1350133,U611-RHTOP,71,489340-12,0-0,5/14/2026,True,5/13/2026 4:21:23 AM,True,5/11/2026 4:01:55 PM
AP03A,1350133,U6XX,492,490826-2,442413-3,5/14/2026,True,5/14/2026 7:59:16 AM,True,5/13/2026 11:39:21 PM
AP03A,1350134,U6XX,492,490826-3,442413-2,5/14/2026,True,5/14/2026 7:59:16 AM,True,5/13/2026 11:37:10 PM
AP03A,1350135,U6XX,492,490826-4,442413-1,5/14/2026,True,5/14/2026 7:59:16 AM,True,5/13/2026 11:37:06 PM
AP03A,1350136,U6XX,493,490827-1,442414-4,5/14/2026,True,5/14/2026 9:05:08 AM,True,5/13/2026 11:43:23 PM
AP03A,1350137,U6XX,493,490827-2,442414-3,5/14/2026,True,5/14/2026 9:05:08 AM,True,5/13/2026 11:41:57 PM
AP03A,1350138,U6XX,493,490827-3,442414-2,5/14/2026,True,5/14/2026 9:05:08 AM,True,5/13/2026 11:41:08 PM
AP03A,1350139,U6XX,493,490827-4,442414-1,5/14/2026,True,5/14/2026 9:05:08 AM,True,5/13/2026 11:41:05 PM
AP03A,1350140,U6XX,494,490828-1,442415-4,5/14/2026,True,5/14/2026 9:05:08 AM,True,5/13/2026 11:46:59 PM
AP03A,1350141,U6XX,494,490828-2,442415-3,5/14/2026,True,5/14/2026 9:05:08 AM,True,5/13/2026 11:46:56 PM
AP03A,1350142,U6XX,494,490828-3,442415-2,5/14/2026,True,5/14/2026 9:05:08 AM,True,5/13/2026 11:46:53 PM
AP03A,1350143,U6XX,494,490828-4,442415-1,5/14/2026,True,5/14/2026 9:05:08 AM,True,5/13/2026 11:43:27 PM
AP03A,1350144,U6XX,495,490829-1,442416-4,5/14/2026,True,5/14/2026 9:05:08 AM,True,5/13/2026 11:51:08 PM
AP03A,1350145,U6XX,495,490829-2,442416-3,5/14/2026,True,5/14/2026 9:05:08 AM,True,5/13/2026 11:51:06 PM
AP03A,1350146,U611-LHTOP,129,489838-1,0-0,5/14/2026,True,5/13/2026 4:21:23 AM,True,5/11/2026 6:51:23 PM
AP03A,1350146,U611-RHTOP,71,489340-13,0-0,5/14/2026,True,5/13/2026 4:21:23 AM,True,5/11/2026 4:05:15 PM
AP03A,1350146,U6XX,495,490829-3,442416-2,5/14/2026,True,5/14/2026 9:05:08 AM,True,5/13/2026 11:51:05 PM
AP03A,1350147,U6XX,495,490829-4,442416-1,5/14/2026,True,5/14/2026 9:05:08 AM,True,5/13/2026 11:49:21 PM
AP03A,1350148,U6XX,496,490830-1,442417-4,5/14/2026,True,5/14/2026 9:05:08 AM,True,5/13/2026 11:53:33 PM
AP03A,1350149,U6XX,496,490830-2,442417-3,5/14/2026,True,5/14/2026 9:05:08 AM,True,5/13/2026 11:53:20 PM
AP03A,1350150,U6XX,496,490830-3,442417-2,5/14/2026,True,5/14/2026 9:05:08 AM,True,5/13/2026 11:52:23 PM
AP03A,1350151,U6XX,496,490830-4,442417-1,5/14/2026,True,5/14/2026 9:05:08 AM,True,5/13/2026 11:52:20 PM
AP03A,1350152,U6XX,497,490831-1,442418-4,5/14/2026,True,5/14/2026 9:05:08 AM,True,5/13/2026 11:58:26 PM
AP03A,1350153,U6XX,497,490831-2,442418-3,5/14/2026,True,5/14/2026 9:05:08 AM,True,5/13/2026 11:56:10 PM
AP03A,1350154,U6XX,497,490831-3,442418-2,5/14/2026,True,5/14/2026 9:05:08 AM,True,5/13/2026 11:56:07 PM
AP03A,1350155,U6XX,497,490831-4,442418-1,5/14/2026,True,5/14/2026 9:05:08 AM,True,5/13/2026 11:56:02 PM
AP03A,1350156,U6XX,498,490832-1,442419-4,5/14/2026,True,5/14/2026 9:05:08 AM,True,5/14/2026 12:02:07 AM
AP03A,1350157,U6XX,498,490832-2,442419-3,5/14/2026,True,5/14/2026 9:05:08 AM,True,5/13/2026 11:59:48 PM
AP03A,1350158,U6XX,498,490832-3,442419-2,5/14/2026,True,5/14/2026 9:05:08 AM,True,5/13/2026 11:59:43 PM
AP03A,1350159,U611-LHTOP,129,489838-2,0-0,5/14/2026,True,5/13/2026 4:21:23 AM,True,5/11/2026 6:53:17 PM
AP03A,1350159,U611-RHTOP,71,489340-14,0-0,5/14/2026,True,5/13/2026 4:21:23 AM,True,5/11/2026 4:09:18 PM
AP03A,1350159,U6XX,498,490832-4,442419-1,5/14/2026,True,5/14/2026 9:05:08 AM,True,5/13/2026 11:59:43 PM
AP03A,1350160,U6XX,499,490833-1,442420-4,5/14/2026,True,5/14/2026 9:05:08 AM,True,5/14/2026 12:04:30 AM
AP03A,1350161,U6XX,499,490833-2,442420-3,5/14/2026,True,5/14/2026 9:05:08 AM,True,5/14/2026 12:04:26 AM
AP03A,1350162,U6XX,499,490833-3,442420-2,5/14/2026,True,5/14/2026 9:05:08 AM,True,5/14/2026 12:04:22 AM
AP03A,1350163,U6XX,499,490833-4,442420-1,5/14/2026,True,5/14/2026 9:05:08 AM,True,5/14/2026 12:02:10 AM
AP03A,1350164,U6XX,500,490834-1,442421-4,5/14/2026,True,5/14/2026 9:05:08 AM,True,5/14/2026 12:09:56 AM
AP03A,1350165,U6XX,500,490834-2,442421-3,5/14/2026,True,5/14/2026 9:05:08 AM,True,5/14/2026 12:07:50 AM
AP03A,1350166,U6XX,500,490834-3,442421-2,5/14/2026,True,5/14/2026 9:05:08 AM,True,5/14/2026 12:07:47 AM
AP03A,1350167,U6XX,500,490834-4,442421-1,5/14/2026,True,5/14/2026 9:05:08 AM,True,5/14/2026 12:07:42 AM
AP03A,1350168,U6XX,501,490835-1,442422-4,5/14/2026,True,5/14/2026 9:05:08 AM,True,5/14/2026 12:12:49 AM
AP03A,1350169,U6XX,501,490835-2,442422-3,5/14/2026,True,5/14/2026 9:05:08 AM,True,5/14/2026 12:10:38 AM
AP03A,1350170,U6XX,501,490835-3,442422-2,5/14/2026,True,5/14/2026 9:05:08 AM,True,5/14/2026 12:10:35 AM
AP03A,1350171,U6XX,501,490835-4,442422-1,5/14/2026,True,5/14/2026 9:05:08 AM,True,5/14/2026 12:10:32 AM
AP03A,1350172,U611-LHTOP,129,489838-3,0-0,5/14/2026,True,5/13/2026 4:21:23 AM,True,5/11/2026 6:54:49 PM
AP03A,1350172,U611-RHTOP,71,489340-15,0-0,5/14/2026,True,5/13/2026 4:21:23 AM,True,5/11/2026 4:14:56 PM
AP03A,1350172,U6XX,502,490836-1,442423-4,5/14/2026,True,5/14/2026 9:05:08 AM,True,5/14/2026 12:16:16 AM
AP03A,1350173,U6XX,502,490836-2,442423-3,5/14/2026,True,5/14/2026 9:05:08 AM,True,5/14/2026 12:14:04 AM
AP03A,1350174,U6XX,502,490836-3,442423-2,5/14/2026,True,5/14/2026 9:05:08 AM,True,5/14/2026 12:14:00 AM
AP03A,1350175,U6XX,502,490836-4,442423-1,5/14/2026,True,5/14/2026 9:05:08 AM,True,5/14/2026 12:12:52 AM
AP03A,1350176,U6XX,503,490837-1,442424-4,5/14/2026,True,5/14/2026 9:05:08 AM,True,5/14/2026 12:18:53 AM
AP03A,1350177,U6XX,503,490837-2,442424-3,5/14/2026,True,5/14/2026 9:05:08 AM,True,5/14/2026 12:18:49 AM
AP03A,1350178,U6XX,503,490837-3,442424-2,5/14/2026,True,5/14/2026 9:05:08 AM,True,5/14/2026 12:16:22 AM
AP03A,1350179,U6XX,503,490837-4,442424-1,5/14/2026,True,5/14/2026 9:05:08 AM,True,5/14/2026 12:16:16 AM
AP03A,1350180,U6XX,504,490838-1,442425-4,5/14/2026,True,5/14/2026 9:05:08 AM,True,5/14/2026 12:22:34 AM
AP03A,1350181,U6XX,504,490838-2,442425-3,5/14/2026,True,5/14/2026 9:05:08 AM,True,5/14/2026 12:21:11 AM
AP03A,1350182,U6XX,504,490838-3,442425-2,5/14/2026,True,5/14/2026 9:05:08 AM,True,5/14/2026 12:21:08 AM
AP03A,1350183,U6XX,504,490838-4,442425-1,5/14/2026,True,5/14/2026 9:05:08 AM,True,5/14/2026 12:18:56 AM
AP03A,1350184,U611-LHTOP,129,489838-4,0-0,5/14/2026,True,5/13/2026 4:21:23 AM,True,5/11/2026 6:56:23 PM
AP03A,1350184,U611-RHTOP,71,489340-16,0-0,5/14/2026,True,5/13/2026 4:21:23 AM,True,5/11/2026 4:18:37 PM
AP03A,1350184,U6XX,505,490839-1,442426-4,5/14/2026,True,5/14/2026 9:05:08 AM,True,5/14/2026 12:26:49 AM
AP03A,1350185,U6XX,505,490839-2,442426-3,5/14/2026,True,5/14/2026 9:05:08 AM,True,5/14/2026 12:23:40 AM
AP03A,1350186,U6XX,505,490839-3,442426-2,5/14/2026,True,5/14/2026 9:05:08 AM,True,5/14/2026 12:23:37 AM
AP03A,1350187,U6XX,505,490839-4,442426-1,5/14/2026,True,5/14/2026 9:05:08 AM,True,5/14/2026 12:22:37 AM
AP03A,1350188,U6XX,506,490840-1,442427-4,5/14/2026,True,5/14/2026 9:05:08 AM,True,5/14/2026 12:28:41 AM
AP03A,1350189,U6XX,506,490840-2,442427-3,5/14/2026,True,5/14/2026 9:05:08 AM,True,5/14/2026 12:28:36 AM
AP03A,1350190,U6XX,506,490840-3,442427-2,5/14/2026,True,5/14/2026 9:05:08 AM,True,5/14/2026 12:26:55 AM
AP03A,1350191,U6XX,506,490840-4,442427-1,5/14/2026,True,5/14/2026 9:05:08 AM,True,5/14/2026 12:26:49 AM
AP03A,1350192,U6XX,507,490841-1,442428-4,5/14/2026,True,5/14/2026 9:05:08 AM,True,5/14/2026 12:34:28 AM
AP03A,1350193,U6XX,507,490841-2,442428-3,5/14/2026,True,5/14/2026 9:05:08 AM,True,5/14/2026 12:34:26 AM
AP03A,1350194,U6XX,507,490841-3,442428-2,5/14/2026,True,5/14/2026 9:05:08 AM,True,5/14/2026 12:34:24 AM
AP03A,1350195,U6XX,507,490841-4,442428-1,5/14/2026,True,5/14/2026 9:05:08 AM,True,5/14/2026 12:34:16 AM
AP03A,1350196,U6XX,508,490842-1,442429-4,5/14/2026,True,5/14/2026 9:05:08 AM,True,5/14/2026 12:36:51 AM
AP03A,1350197,U611-LHTOP,129,489838-5,0-0,5/14/2026,True,5/13/2026 4:21:23 AM,True,5/11/2026 6:58:44 PM
AP03A,1350197,U611-RHTOP,71,489340-17,0-0,5/14/2026,True,5/13/2026 4:21:23 AM,True,5/11/2026 4:22:03 PM
AP03A,1350197,U6XX,508,490842-2,442429-3,5/14/2026,True,5/14/2026 9:05:08 AM,True,5/14/2026 12:36:50 AM
AP03A,1350198,U6XX,508,490842-3,442429-2,5/14/2026,True,5/14/2026 9:05:08 AM,True,5/14/2026 12:36:43 AM
AP03A,1350199,U6XX,508,490842-4,442429-1,5/14/2026,True,5/14/2026 9:05:08 AM,True,5/14/2026 12:34:32 AM
AP03A,1350200,U6XX,509,490843-1,442430-4,5/14/2026,True,5/14/2026 9:05:08 AM,True,5/14/2026 12:40:15 AM
AP03A,1350201,U6XX,509,490843-2,442430-3,5/14/2026,True,5/14/2026 9:05:08 AM,True,5/14/2026 12:38:57 AM
AP03A,1350202,U6XX,509,490843-3,442430-2,5/14/2026,True,5/14/2026 9:05:08 AM,True,5/14/2026 12:38:54 AM
AP03A,1350203,U6XX,509,490843-4,442430-1,5/14/2026,True,5/14/2026 9:05:08 AM,True,5/14/2026 12:37:01 AM
AP03A,1350204,U6XX,510,490844-1,442431-4,5/14/2026,True,5/14/2026 9:05:08 AM,True,5/14/2026 12:41:58 AM
AP03A,1350205,U6XX,510,490844-2,442431-3,5/14/2026,True,5/14/2026 9:05:08 AM,True,5/14/2026 12:41:54 AM
AP03A,1350206,U6XX,510,490844-3,442431-2,5/14/2026,True,5/14/2026 9:05:08 AM,True,5/14/2026 12:41:52 AM
AP03A,1350207,U6XX,510,490844-4,442431-1,5/14/2026,True,5/14/2026 9:05:08 AM,True,5/14/2026 12:40:19 AM
AP03A,1350208,U6XX,511,490845-1,442432-4,5/14/2026,True,5/14/2026 9:05:08 AM,True,5/14/2026 12:45:15 AM
AP03A,1350209,U6XX,511,490845-2,442432-3,5/14/2026,True,5/14/2026 9:05:08 AM,True,5/14/2026 12:44:19 AM
AP03A,1350210,U611-LHTOP,129,489838-6,0-0,5/14/2026,True,5/13/2026 4:21:23 AM,True,5/11/2026 7:00:18 PM
AP03A,1350210,U611-RHTOP,71,489340-18,0-0,5/14/2026,True,5/13/2026 4:21:23 AM,True,5/11/2026 4:26:31 PM
AP03A,1350210,U6XX,511,490845-3,442432-2,5/14/2026,True,5/14/2026 9:05:08 AM,True,5/14/2026 12:44:18 AM
AP03A,1350211,U6XX,511,490845-4,442432-1,5/14/2026,True,5/14/2026 9:05:08 AM,True,5/14/2026 12:44:09 AM
AP03A,1350212,U6XX,512,490846-1,442433-4,5/14/2026,True,5/14/2026 9:05:08 AM,True,5/14/2026 12:49:44 AM
AP03A,1350213,U6XX,512,490846-2,442433-3,5/14/2026,True,5/14/2026 9:05:08 AM,True,5/14/2026 12:49:40 AM
AP03A,1350214,U6XX,512,490846-3,442433-2,5/14/2026,True,5/14/2026 9:05:08 AM,True,5/14/2026 12:46:53 AM
AP03A,1350215,U6XX,512,490846-4,442433-1,5/14/2026,True,5/14/2026 9:05:08 AM,True,5/14/2026 12:46:50 AM
AP03A,1350216,U6XX,513,490847-1,442434-4,5/14/2026,True,5/14/2026 9:05:08 AM,True,5/14/2026 12:52:05 AM
AP03A,1350217,U6XX,513,490847-2,442434-3,5/14/2026,True,5/14/2026 9:05:08 AM,True,5/14/2026 12:52:02 AM
AP03A,1350218,U6XX,513,490847-3,442434-2,5/14/2026,True,5/14/2026 9:05:08 AM,True,5/14/2026 12:52:00 AM
AP03A,1350219,U6XX,513,490847-4,442434-1,5/14/2026,True,5/14/2026 9:05:08 AM,True,5/14/2026 12:49:48 AM
AP03A,1350220,U6XX,514,490848-1,442435-4,5/14/2026,True,5/14/2026 9:05:08 AM,True,5/14/2026 1:03:26 AM
AP03A,1350221,U6XX,514,490848-2,442435-3,5/14/2026,True,5/14/2026 9:05:08 AM,True,5/14/2026 1:03:22 AM
AP03A,1350222,U6XX,514,490848-3,442435-2,5/14/2026,True,5/14/2026 9:05:08 AM,True,5/14/2026 12:54:42 AM
AP03A,1350223,U611-LHTOP,129,489838-7,0-0,5/14/2026,True,5/13/2026 4:21:23 AM,True,5/11/2026 7:02:48 PM
AP03A,1350223,U611-RHTOP,71,489340-19,0-0,5/14/2026,True,5/13/2026 4:21:23 AM,True,5/11/2026 4:30:31 PM
AP03A,1350223,U6XX,514,490848-4,442435-1,5/14/2026,True,5/14/2026 9:05:08 AM,True,5/14/2026 12:54:42 AM
AP03A,1350224,U6XX,515,490849-1,442436-4,5/14/2026,True,5/14/2026 9:05:08 AM,True,5/14/2026 1:09:00 AM
AP03A,1350225,U6XX,515,490849-2,442436-3,5/14/2026,True,5/14/2026 9:05:08 AM,True,5/14/2026 1:06:29 AM
AP03A,1350226,U6XX,515,490849-3,442436-2,5/14/2026,True,5/14/2026 9:05:08 AM,True,5/14/2026 1:06:25 AM
AP03A,1350227,U6XX,515,490849-4,442436-1,5/14/2026,True,5/14/2026 9:05:08 AM,True,5/14/2026 1:06:22 AM
AP03A,1350228,U6XX,516,490850-1,442437-4,5/14/2026,True,5/14/2026 9:05:08 AM,True,5/14/2026 1:11:44 AM
AP03A,1350229,U6XX,516,490850-2,442437-3,5/14/2026,True,5/14/2026 9:05:08 AM,True,5/14/2026 1:11:41 AM
AP03A,1350230,U6XX,516,490850-3,442437-2,5/14/2026,True,5/14/2026 9:05:08 AM,True,5/14/2026 1:09:07 AM
AP03A,1350231,U6XX,516,490850-4,442437-1,5/14/2026,True,5/14/2026 9:05:08 AM,True,5/14/2026 1:09:04 AM
AP03A,1350232,U6XX,517,490851-1,442438-4,5/14/2026,False,5/12/2026 7:44:10 PM,True,5/14/2026 1:13:54 AM
AP03A,1350233,U6XX,517,490851-2,442438-3,5/14/2026,False,5/12/2026 7:44:10 PM,True,5/14/2026 1:13:06 AM
AP03A,1350234,U6XX,517,490851-3,442438-2,5/14/2026,False,5/12/2026 7:44:10 PM,True,5/14/2026 1:13:03 AM
AP03A,1350235,U6XX,517,490851-4,442438-1,5/14/2026,False,5/12/2026 7:44:10 PM,True,5/14/2026 1:13:00 AM
AP03A,1350236,U611-LHTOP,129,489838-8,0-0,5/14/2026,True,5/13/2026 4:21:23 AM,True,5/11/2026 7:04:32 PM
AP03A,1350236,U611-RHTOP,71,489340-20,0-0,5/14/2026,True,5/13/2026 4:21:23 AM,True,5/11/2026 4:33:58 PM
AP03A,1350236,U6XX,518,490852-1,442439-4,5/14/2026,False,5/12/2026 7:47:56 PM,True,5/14/2026 1:18:25 AM
AP03A,1350237,U6XX,518,490852-2,442439-3,5/14/2026,False,5/12/2026 7:47:56 PM,True,5/14/2026 1:18:19 AM
AP03A,1350238,U6XX,518,490852-3,442439-2,5/14/2026,False,5/12/2026 7:47:56 PM,True,5/14/2026 1:15:52 AM
AP03A,1350239,U6XX,518,490852-4,442439-1,5/14/2026,False,5/12/2026 7:47:56 PM,True,5/14/2026 1:15:49 AM
AP03A,1350240,U6XX,519,490853-1,442440-4,5/14/2026,False,5/12/2026 7:53:45 PM,True,5/14/2026 1:21:54 AM
AP03A,1350241,U6XX,519,490853-2,442440-3,5/14/2026,False,5/12/2026 7:53:45 PM,True,5/14/2026 1:20:33 AM
AP03A,1350242,U6XX,519,490853-3,442440-2,5/14/2026,False,5/12/2026 7:53:46 PM,True,5/14/2026 1:20:30 AM
AP03A,1350243,U6XX,519,490853-4,442440-1,5/14/2026,False,5/12/2026 7:53:46 PM,True,5/14/2026 1:18:25 AM
AP03A,1350244,U6XX,520,490854-1,442441-4,5/14/2026,False,5/12/2026 7:57:32 PM,True,5/14/2026 1:25:33 AM
AP03A,1350245,U6XX,520,490854-2,442441-3,5/14/2026,False,5/12/2026 7:57:33 PM,True,5/14/2026 1:23:43 AM
AP03A,1350246,U6XX,520,490854-3,442441-2,5/14/2026,False,5/12/2026 7:57:33 PM,True,5/14/2026 1:22:57 AM
AP03A,1350247,U6XX,520,490854-4,442441-1,5/14/2026,False,5/12/2026 7:57:33 PM,True,5/14/2026 1:21:58 AM
AP03A,1350248,U6XX,521,490855-1,442442-4,5/14/2026,False,5/12/2026 8:00:37 PM,True,5/14/2026 1:27:30 AM
AP03A,1350249,U611-LHTOP,129,489838-9,0-0,5/14/2026,True,5/13/2026 4:21:23 AM,True,5/11/2026 7:05:53 PM
AP03A,1350249,U611-RHTOP,71,489340-21,0-0,5/14/2026,True,5/13/2026 4:21:23 AM,True,5/11/2026 4:37:40 PM
AP03A,1350249,U6XX,521,490855-2,442442-3,5/14/2026,False,5/12/2026 8:00:38 PM,True,5/14/2026 1:27:30 AM
AP03A,1350250,U6XX,521,490855-3,442442-2,5/14/2026,False,5/12/2026 8:00:38 PM,True,5/14/2026 1:27:24 AM
AP03A,1350251,U6XX,521,490855-4,442442-1,5/14/2026,False,5/12/2026 8:00:38 PM,True,5/14/2026 1:25:40 AM
AP03A,1350252,U6XX,522,490856-1,442443-4,5/14/2026,False,5/12/2026 8:04:23 PM,True,5/14/2026 1:31:38 AM
AP03A,1350253,U6XX,522,490856-2,442443-3,5/14/2026,False,5/12/2026 8:04:23 PM,True,5/14/2026 1:29:33 AM
AP03A,1350254,U6XX,522,490856-3,442443-2,5/14/2026,False,5/12/2026 8:04:24 PM,True,5/14/2026 1:29:30 AM
AP03A,1350255,U6XX,522,490856-4,442443-1,5/14/2026,False,5/12/2026 8:04:24 PM,True,5/14/2026 1:29:26 AM
AP03A,1350256,U6XX,523,490857-1,442444-4,5/14/2026,False,5/12/2026 8:07:49 PM,True,5/14/2026 1:33:40 AM
AP03A,1350257,U6XX,523,490857-2,442444-3,5/14/2026,False,5/12/2026 8:07:50 PM,True,5/14/2026 1:33:37 AM
AP03A,1350258,U6XX,523,490857-3,442444-2,5/14/2026,False,5/12/2026 8:07:50 PM,True,5/14/2026 1:31:46 AM
AP03A,1350259,U6XX,523,490857-4,442444-1,5/14/2026,False,5/12/2026 8:07:50 PM,True,5/14/2026 1:31:41 AM
AP03A,1350260,U6XX,524,490858-1,442445-4,5/14/2026,False,5/12/2026 8:11:05 PM,True,5/14/2026 1:39:03 AM
AP03A,1350261,U6XX,524,490858-2,442445-3,5/14/2026,False,5/12/2026 8:11:05 PM,True,5/14/2026 1:36:15 AM
AP03A,1350262,U611-LHTOP,129,489838-10,0-0,5/14/2026,True,5/13/2026 4:21:23 AM,True,5/11/2026 7:07:42 PM
AP03A,1350262,U611-RHTOP,71,489340-22,0-0,5/14/2026,True,5/13/2026 4:21:23 AM,True,5/11/2026 4:42:42 PM
AP03A,1350262,U6XX,524,490858-3,442445-2,5/14/2026,False,5/12/2026 8:11:05 PM,True,5/14/2026 1:36:15 AM
AP03A,1350263,U6XX,524,490858-4,442445-1,5/14/2026,False,5/12/2026 8:11:05 PM,True,5/14/2026 1:36:10 AM
AP03A,1350264,U6XX,525,490859-1,442446-4,5/14/2026,False,5/12/2026 8:14:30 PM,True,5/14/2026 1:41:54 AM
AP03A,1350265,U6XX,525,490859-2,442446-3,5/14/2026,False,5/12/2026 8:14:31 PM,True,5/14/2026 1:39:13 AM
AP03A,1350266,U6XX,525,490859-3,442446-2,5/14/2026,False,5/12/2026 8:14:31 PM,True,5/14/2026 1:39:10 AM
AP03A,1350267,U6XX,525,490859-4,442446-1,5/14/2026,False,5/12/2026 8:14:31 PM,True,5/14/2026 1:39:07 AM
AP03A,1350268,U6XX,526,490860-1,442447-4,5/14/2026,False,5/12/2026 8:38:12 PM,True,5/14/2026 1:44:17 AM
AP03A,1350269,U6XX,526,490860-2,442447-3,5/14/2026,False,5/12/2026 8:38:12 PM,True,5/14/2026 1:43:36 AM
AP03A,1350270,U6XX,526,490860-3,442447-2,5/14/2026,False,5/12/2026 8:38:12 PM,True,5/14/2026 1:43:33 AM
AP03A,1350271,U6XX,526,490860-4,442447-1,5/14/2026,False,5/12/2026 8:38:12 PM,True,5/14/2026 1:41:59 AM
AP03A,1350272,U6XX,527,490861-1,442448-4,5/14/2026,False,5/12/2026 8:41:57 PM,True,5/14/2026 1:50:01 AM
AP03A,1350273,U6XX,527,490861-2,442448-3,5/14/2026,False,5/12/2026 8:41:57 PM,True,5/14/2026 1:48:02 AM
AP03A,1350274,U6XX,527,490861-3,442448-2,5/14/2026,False,5/12/2026 8:41:58 PM,True,5/14/2026 1:47:57 AM
AP03A,1350275,U611-LHTOP,129,489838-11,0-0,5/14/2026,True,5/13/2026 4:21:23 AM,True,5/11/2026 7:09:23 PM
AP03A,1350275,U611-RHTOP,71,489340-23,0-0,5/14/2026,True,5/13/2026 4:21:23 AM,True,5/11/2026 4:46:22 PM
AP03A,1350275,U6XX,527,490861-4,442448-1,5/14/2026,False,5/12/2026 8:41:58 PM,True,5/14/2026 1:47:57 AM
AP03A,1350276,U6XX,528,490862-1,442449-4,5/14/2026,False,5/12/2026 8:47:15 PM,True,5/14/2026 1:52:40 AM
AP03A,1350277,U6XX,528,490862-2,442449-3,5/14/2026,False,5/12/2026 8:47:15 PM,True,5/14/2026 1:50:10 AM
AP03A,1350278,U6XX,528,490862-3,442449-2,5/14/2026,False,5/12/2026 8:47:15 PM,True,5/14/2026 1:50:07 AM
AP03A,1350279,U6XX,528,490862-4,442449-1,5/14/2026,False,5/12/2026 8:47:15 PM,True,5/14/2026 1:50:04 AM
AP03A,1350280,U6XX,529,490863-1,442450-4,5/14/2026,False,5/12/2026 8:50:41 PM,True,5/14/2026 1:57:42 AM
AP03A,1350281,U6XX,529,490863-2,442450-3,5/14/2026,False,5/12/2026 8:50:41 PM,True,5/14/2026 1:54:42 AM
AP03A,1350282,U6XX,529,490863-3,442450-2,5/14/2026,False,5/12/2026 8:50:41 PM,True,5/14/2026 1:54:39 AM
AP03A,1350283,U6XX,529,490863-4,442450-1,5/14/2026,False,5/12/2026 8:50:41 PM,True,5/14/2026 1:52:44 AM
AP03A,1350284,U6XX,530,490864-1,442451-4,5/14/2026,False,5/12/2026 8:54:27 PM,True,5/14/2026 2:00:22 AM
AP03A,1350285,U6XX,530,490864-2,442451-3,5/14/2026,False,5/12/2026 8:54:27 PM,True,5/14/2026 1:57:53 AM
AP03A,1350286,U6XX,530,490864-3,442451-2,5/14/2026,False,5/12/2026 8:54:27 PM,True,5/14/2026 1:57:50 AM
AP03A,1350287,U6XX,530,490864-4,442451-1,5/14/2026,False,5/12/2026 8:54:27 PM,True,5/14/2026 1:57:47 AM
AP03A,1350288,U611-LHTOP,129,489838-12,0-0,5/14/2026,True,5/13/2026 4:21:23 AM,True,5/11/2026 7:11:03 PM
AP03A,1350288,U611-RHTOP,71,489340-24,0-0,5/14/2026,True,5/13/2026 4:21:23 AM,True,5/11/2026 4:51:33 PM
AP03A,1350288,U6XX,531,490865-1,442452-4,5/14/2026,False,5/12/2026 8:57:21 PM,True,5/14/2026 2:30:00 AM
AP03A,1350289,U6XX,531,490865-2,442452-3,5/14/2026,False,5/12/2026 8:57:22 PM,True,5/14/2026 2:28:13 AM
AP03A,1350290,U6XX,531,490865-3,442452-2,5/14/2026,False,5/12/2026 8:57:22 PM,True,5/14/2026 2:21:01 AM
AP03A,1350291,U6XX,531,490865-4,442452-1,5/14/2026,False,5/12/2026 8:57:22 PM,True,5/14/2026 2:20:57 AM
AP03A,1350292,U6XX,532,490866-1,442453-4,5/14/2026,False,5/12/2026 9:00:37 PM,True,5/14/2026 2:33:00 AM
AP03A,1350293,U6XX,532,490866-2,442453-3,5/14/2026,False,5/12/2026 9:00:37 PM,True,5/14/2026 2:31:28 AM
AP03A,1350294,U6XX,532,490866-3,442453-2,5/14/2026,False,5/12/2026 9:00:37 PM,True,5/14/2026 2:31:25 AM
AP03A,1350295,U6XX,532,490866-4,442453-1,5/14/2026,False,5/12/2026 9:00:38 PM,True,5/14/2026 2:30:01 AM
AP03A,1350296,U6XX,533,490867-1,442454-4,5/14/2026,False,5/12/2026 9:03:43 PM,True,5/14/2026 2:35:27 AM
AP03A,1350297,U6XX,533,490867-2,442454-3,5/14/2026,False,5/12/2026 9:03:43 PM,True,5/14/2026 2:35:24 AM
AP03A,1350298,U6XX,533,490867-3,442454-2,5/14/2026,False,5/12/2026 9:03:43 PM,True,5/14/2026 2:35:21 AM
AP03A,1350299,U6XX,533,490867-4,442454-1,5/14/2026,False,5/12/2026 9:03:43 PM,True,5/14/2026 2:33:04 AM
AP03A,1350300,U6XX,534,490868-1,442455-4,5/14/2026,False,5/12/2026 9:06:58 PM,True,5/14/2026 2:40:09 AM
AP03A,1350301,U611-LHTOP,130,489863-1,0-0,5/14/2026,True,5/14/2026 7:59:16 AM,True,5/11/2026 7:17:44 PM
AP03A,1350301,U611-RHTOP,72,489522-1,0-0,5/14/2026,True,5/14/2026 7:59:16 AM,True,5/11/2026 6:11:46 PM
AP03A,1350301,U6XX,534,490868-2,442455-3,5/14/2026,False,5/12/2026 9:06:58 PM,True,5/14/2026 2:40:09 AM
AP03A,1350302,U6XX,534,490868-3,442455-2,5/14/2026,False,5/12/2026 9:06:58 PM,True,5/14/2026 2:38:08 AM
AP03A,1350303,U6XX,534,490868-4,442455-1,5/14/2026,False,5/12/2026 9:06:58 PM,True,5/14/2026 2:37:27 AM
AP03A,1350304,U6XX,535,490869-1,442456-4,5/14/2026,False,5/12/2026 9:10:23 PM,True,5/14/2026 2:43:15 AM
AP03A,1350305,U6XX,535,490869-2,442456-3,5/14/2026,False,5/12/2026 9:10:23 PM,True,5/14/2026 2:40:21 AM
AP03A,1350306,U6XX,535,490869-3,442456-2,5/14/2026,False,5/12/2026 9:10:24 PM,True,5/14/2026 2:40:16 AM
AP03A,1350307,U6XX,535,490869-4,442456-1,5/14/2026,False,5/12/2026 9:10:24 PM,True,5/14/2026 2:40:13 AM
AP03A,1350308,U6XX,536,490870-1,442457-4,5/14/2026,False,5/12/2026 9:13:50 PM,True,5/14/2026 2:45:23 AM
AP03A,1350309,U6XX,536,490870-2,442457-3,5/14/2026,False,5/12/2026 9:13:51 PM,True,5/14/2026 2:45:20 AM
AP03A,1350310,U6XX,536,490870-3,442457-2,5/14/2026,False,5/12/2026 9:13:51 PM,True,5/14/2026 2:43:21 AM
AP03A,1350311,U6XX,536,490870-4,442457-1,5/14/2026,False,5/12/2026 9:13:51 PM,True,5/14/2026 2:43:18 AM
AP03A,1350312,U6XX,537,490871-1,442458-4,5/14/2026,False,5/12/2026 9:21:43 PM,True,5/14/2026 2:48:36 AM
AP03A,1350313,U611-LHTOP,130,489863-2,0-0,5/14/2026,True,5/14/2026 7:59:16 AM,True,5/11/2026 7:19:24 PM
AP03A,1350313,U611-RHTOP,72,489522-2,0-0,5/14/2026,True,5/14/2026 7:59:16 AM,True,5/11/2026 6:16:39 PM
AP03A,1350313,U6XX,537,490871-2,442458-3,5/14/2026,False,5/12/2026 9:21:43 PM,True,5/14/2026 2:48:36 AM
AP03A,1350314,U6XX,537,490871-3,442458-2,5/14/2026,False,5/12/2026 9:21:43 PM,True,5/14/2026 2:46:44 AM
AP03A,1350315,U6XX,537,490871-4,442458-1,5/14/2026,False,5/12/2026 9:21:43 PM,True,5/14/2026 2:46:40 AM
AP03A,1350316,U6XX,538,490872-1,442459-4,5/14/2026,False,5/12/2026 9:25:09 PM,True,5/14/2026 2:51:21 AM
AP03A,1350317,U6XX,538,490872-2,442459-3,5/14/2026,False,5/12/2026 9:25:10 PM,True,5/14/2026 2:51:17 AM
AP03A,1350318,U6XX,538,490872-3,442459-2,5/14/2026,False,5/12/2026 9:25:10 PM,True,5/14/2026 2:51:13 AM
AP03A,1350319,U6XX,538,490872-4,442459-1,5/14/2026,False,5/12/2026 9:25:10 PM,True,5/14/2026 2:48:39 AM
AP03A,1350320,U6XX,539,490873-1,442460-4,5/14/2026,False,5/12/2026 9:28:15 PM,True,5/14/2026 2:54:59 AM
AP03A,1350321,U6XX,539,490873-2,442460-3,5/14/2026,False,5/12/2026 9:28:15 PM,True,5/14/2026 2:53:40 AM
AP03A,1350322,U6XX,539,490873-3,442460-2,5/14/2026,False,5/12/2026 9:28:15 PM,True,5/14/2026 2:53:37 AM
AP03A,1350323,U6XX,539,490873-4,442460-1,5/14/2026,False,5/12/2026 9:28:16 PM,True,5/14/2026 2:53:33 AM
AP03A,1350324,U6XX,540,490874-1,442461-4,5/14/2026,False,5/12/2026 9:32:02 PM,True,5/14/2026 3:00:04 AM
AP03A,1350325,U6XX,540,490874-2,442461-3,5/14/2026,False,5/12/2026 9:32:03 PM,True,5/14/2026 2:57:16 AM
AP03A,1350326,U611-LHTOP,130,489863-3,0-0,5/14/2026,True,5/14/2026 7:59:16 AM,True,5/11/2026 7:21:06 PM
AP03A,1350326,U611-RHTOP,72,489522-3,0-0,5/14/2026,True,5/14/2026 7:59:16 AM,True,5/11/2026 6:20:52 PM
AP03A,1350326,U6XX,540,490874-3,442461-2,5/14/2026,False,5/12/2026 9:32:03 PM,True,5/14/2026 2:57:16 AM
AP03A,1350327,U6XX,540,490874-4,442461-1,5/14/2026,False,5/12/2026 9:32:03 PM,True,5/14/2026 2:57:10 AM
AP03A,1350328,U6XX,541,490875-1,442462-4,5/14/2026,False,5/12/2026 9:35:18 PM,True,5/14/2026 3:06:10 AM
AP03A,1350329,U6XX,541,490875-2,442462-3,5/14/2026,False,5/12/2026 9:35:19 PM,True,5/14/2026 3:06:07 AM
AP03A,1350330,U6XX,541,490875-3,442462-2,5/14/2026,False,5/12/2026 9:35:19 PM,True,5/14/2026 3:00:10 AM
AP03A,1350331,U6XX,541,490875-4,442462-1,5/14/2026,False,5/12/2026 9:35:19 PM,True,5/14/2026 3:00:07 AM
AP03A,1350332,U6XX,542,490876-1,442463-4,5/14/2026,False,5/12/2026 9:38:45 PM,True,5/14/2026 3:08:47 AM
AP03A,1350333,U6XX,542,490876-2,442463-3,5/14/2026,False,5/12/2026 9:38:45 PM,True,5/14/2026 3:08:44 AM
AP03A,1350334,U6XX,542,490876-3,442463-2,5/14/2026,False,5/12/2026 9:38:45 PM,True,5/14/2026 3:06:17 AM
AP03A,1350335,U6XX,542,490876-4,442463-1,5/14/2026,False,5/12/2026 9:38:45 PM,True,5/14/2026 3:06:13 AM
AP03A,1350336,U6XX,543,490877-1,442464-4,5/14/2026,False,5/12/2026 9:42:01 PM,True,5/14/2026 3:12:14 AM
AP03A,1350337,U6XX,543,490877-2,442464-3,5/14/2026,False,5/12/2026 9:42:01 PM,True,5/14/2026 3:10:31 AM
AP03A,1350338,U6XX,543,490877-3,442464-2,5/14/2026,False,5/12/2026 9:42:01 PM,True,5/14/2026 3:10:28 AM
AP03A,1350339,U611-LHTOP,130,489863-4,0-0,5/14/2026,True,5/14/2026 7:59:16 AM,True,5/11/2026 7:22:35 PM
AP03A,1350339,U611-RHTOP,72,489522-4,0-0,5/14/2026,True,5/14/2026 7:59:16 AM,True,5/11/2026 6:27:12 PM
AP03A,1350339,U6XX,543,490877-4,442464-1,5/14/2026,False,5/12/2026 9:42:01 PM,True,5/14/2026 3:10:28 AM
AP03A,1350340,U6XX,544,490878-1,442465-4,5/14/2026,False,5/12/2026 9:45:58 PM,True,5/14/2026 3:17:32 AM
AP03A,1350341,U6XX,544,490878-2,442465-3,5/14/2026,False,5/12/2026 9:45:58 PM,True,5/14/2026 3:15:06 AM
AP03A,1350342,U6XX,544,490878-3,442465-2,5/14/2026,False,5/12/2026 9:45:58 PM,True,5/14/2026 3:15:03 AM
AP03A,1350343,U6XX,544,490878-4,442465-1,5/14/2026,False,5/12/2026 9:45:58 PM,True,5/14/2026 3:15:00 AM
AP03A,1350344,U6XX,545,490879-1,442466-4,5/14/2026,False,5/12/2026 9:49:14 PM,True,5/14/2026 3:20:17 AM
AP03A,1350345,U6XX,545,490879-2,442466-3,5/14/2026,False,5/12/2026 9:49:14 PM,True,5/14/2026 3:20:08 AM
AP03A,1350346,U6XX,545,490879-3,442466-2,5/14/2026,False,5/12/2026 9:49:14 PM,True,5/14/2026 3:17:39 AM
AP03A,1350347,U6XX,545,490879-4,442466-1,5/14/2026,False,5/12/2026 9:49:14 PM,True,5/14/2026 3:17:36 AM
AP03A,1350348,U6XX,546,490880-1,442467-4,5/14/2026,False,5/12/2026 9:52:50 PM,True,5/14/2026 3:24:19 AM
AP03A,1350349,U6XX,546,490880-2,442467-3,5/14/2026,False,5/12/2026 9:52:50 PM,True,5/14/2026 3:21:53 AM
AP03A,1350350,U6XX,546,490880-3,442467-2,5/14/2026,False,5/12/2026 9:52:50 PM,True,5/14/2026 3:21:40 AM
AP03A,1350351,U6XX,546,490880-4,442467-1,5/14/2026,False,5/12/2026 9:52:50 PM,True,5/14/2026 3:20:19 AM
AP03A,1350352,U611-LHTOP,130,489863-5,0-0,5/14/2026,True,5/14/2026 7:59:16 AM,True,5/11/2026 7:24:13 PM
AP03A,1350352,U611-RHTOP,72,489522-5,0-0,5/14/2026,True,5/14/2026 7:59:16 AM,True,5/11/2026 6:33:23 PM
AP03A,1350352,U6XX,547,490881-1,442468-4,5/14/2026,False,5/12/2026 9:57:37 PM,True,5/14/2026 3:27:57 AM
AP03A,1350353,U6XX,547,490881-2,442468-3,5/14/2026,False,5/12/2026 9:57:38 PM,True,5/14/2026 3:26:30 AM
AP03A,1350354,U6XX,547,490881-3,442468-2,5/14/2026,False,5/12/2026 9:57:38 PM,True,5/14/2026 3:26:25 AM
AP03A,1350355,U6XX,547,490881-4,442468-1,5/14/2026,False,5/12/2026 9:57:38 PM,True,5/14/2026 3:24:23 AM
AP03A,1350356,U6XX,548,490882-1,442469-4,5/14/2026,False,5/12/2026 10:00:53 PM,True,5/14/2026 3:32:29 AM
AP03A,1350357,U6XX,548,490882-2,442469-3,5/14/2026,False,5/12/2026 10:00:53 PM,True,5/14/2026 3:30:57 AM
AP03A,1350358,U6XX,548,490882-3,442469-2,5/14/2026,False,5/12/2026 10:00:53 PM,True,5/14/2026 3:30:51 AM
AP03A,1350359,U6XX,548,490882-4,442469-1,5/14/2026,False,5/12/2026 10:00:53 PM,True,5/14/2026 3:27:57 AM
AP03A,1350360,U6XX,549,490883-1,442470-4,5/14/2026,False,5/12/2026 10:04:19 PM,True,5/14/2026 3:35:45 AM
AP03A,1350361,U6XX,549,490883-2,442470-3,5/14/2026,False,5/12/2026 10:04:19 PM,True,5/14/2026 3:35:06 AM
AP03A,1350362,U6XX,549,490883-3,442470-2,5/14/2026,False,5/12/2026 10:04:19 PM,True,5/14/2026 3:35:04 AM
AP03A,1350363,U6XX,549,490883-4,442470-1,5/14/2026,False,5/12/2026 10:04:20 PM,True,5/14/2026 3:32:34 AM
AP03A,1350364,U6XX,550,490884-1,442471-4,5/14/2026,False,5/12/2026 10:07:25 PM,True,5/14/2026 3:38:33 AM
AP03A,1350365,U611-LHTOP,130,489863-6,0-0,5/14/2026,True,5/14/2026 7:59:16 AM,True,5/11/2026 7:29:37 PM
AP03A,1350365,U611-RHTOP,72,489522-6,0-0,5/14/2026,True,5/14/2026 7:59:16 AM,True,5/11/2026 6:37:54 PM
AP03A,1350365,U6XX,550,490884-2,442471-3,5/14/2026,False,5/12/2026 10:07:25 PM,True,5/14/2026 3:38:33 AM
AP03A,1350366,U6XX,550,490884-3,442471-2,5/14/2026,False,5/12/2026 10:07:25 PM,True,5/14/2026 3:37:34 AM
AP03A,1350367,U6XX,550,490884-4,442471-1,5/14/2026,False,5/12/2026 10:07:25 PM,True,5/14/2026 3:36:51 AM
AP03A,1350368,U6XX,551,490885-1,442472-4,5/14/2026,False,5/12/2026 10:10:40 PM,True,5/14/2026 3:40:47 AM
AP03A,1350369,U6XX,551,490885-2,442472-3,5/14/2026,False,5/12/2026 10:10:41 PM,True,5/14/2026 3:40:44 AM
AP03A,1350370,U6XX,551,490885-3,442472-2,5/14/2026,False,5/12/2026 10:10:41 PM,True,5/14/2026 3:40:01 AM
AP03A,1350371,U6XX,551,490885-4,442472-1,5/14/2026,False,5/12/2026 10:10:41 PM,True,5/14/2026 3:39:23 AM
AP03A,1350372,U6XX,552,490886-1,442473-4,5/14/2026,False,5/12/2026 10:13:46 PM,True,5/14/2026 3:45:40 AM
AP03A,1350373,U6XX,552,490886-2,442473-3,5/14/2026,False,5/12/2026 10:13:46 PM,True,5/14/2026 3:43:24 AM
AP03A,1350374,U6XX,552,490886-3,442473-2,5/14/2026,False,5/12/2026 10:13:46 PM,True,5/14/2026 3:43:21 AM
AP03A,1350375,U6XX,552,490886-4,442473-1,5/14/2026,False,5/12/2026 10:13:47 PM,True,5/14/2026 3:43:17 AM
AP03A,1350376,U6XX,553,490887-1,442474-4,5/14/2026,False,5/12/2026 10:16:51 PM,True,5/14/2026 3:47:50 AM
AP03A,1350377,U6XX,553,490887-2,442474-3,5/14/2026,False,5/12/2026 10:16:52 PM,True,5/14/2026 3:47:47 AM
AP03A,1350378,U611-LHTOP,130,489863-7,0-0,5/14/2026,True,5/14/2026 7:59:16 AM,True,5/11/2026 7:31:57 PM
AP03A,1350378,U611-RHTOP,72,489522-7,0-0,5/14/2026,True,5/14/2026 7:59:16 AM,True,5/11/2026 6:47:39 PM
AP03A,1350378,U6XX,553,490887-3,442474-2,5/14/2026,False,5/12/2026 10:16:52 PM,True,5/14/2026 3:47:46 AM
AP03A,1350379,U6XX,553,490887-4,442474-1,5/14/2026,False,5/12/2026 10:16:52 PM,True,5/14/2026 3:45:44 AM
AP03A,1350380,U6XX,554,490888-1,442475-4,5/14/2026,False,5/12/2026 10:20:28 PM,True,5/14/2026 3:52:24 AM
AP03A,1350381,U6XX,554,490888-2,442475-3,5/14/2026,False,5/12/2026 10:20:28 PM,True,5/14/2026 3:50:12 AM
AP03A,1350382,U6XX,554,490888-3,442475-2,5/14/2026,False,5/12/2026 10:20:28 PM,True,5/14/2026 3:50:09 AM
AP03A,1350383,U6XX,554,490888-4,442475-1,5/14/2026,False,5/12/2026 10:20:29 PM,True,5/14/2026 3:50:05 AM
AP03A,1350384,U6XX,555,490889-1,442476-4,5/14/2026,False,5/12/2026 10:23:44 PM,True,5/14/2026 3:55:03 AM
AP03A,1350385,U6XX,555,490889-2,442476-3,5/14/2026,False,5/12/2026 10:23:45 PM,True,5/14/2026 3:54:56 AM
AP03A,1350386,U6XX,555,490889-3,442476-2,5/14/2026,False,5/12/2026 10:23:45 PM,True,5/14/2026 3:52:54 AM
AP03A,1350387,U6XX,555,490889-4,442476-1,5/14/2026,False,5/12/2026 10:23:45 PM,True,5/14/2026 3:52:50 AM
AP03A,1350388,U6XX,556,490890-1,442477-4,5/14/2026,False,5/12/2026 10:27:00 PM,True,5/14/2026 3:58:15 AM
AP03A,1350389,U6XX,556,490890-2,442477-3,5/14/2026,False,5/12/2026 10:27:00 PM,True,5/14/2026 3:58:12 AM
AP03A,1350390,U6XX,556,490890-3,442477-2,5/14/2026,False,5/12/2026 10:27:01 PM,True,5/14/2026 3:58:08 AM
AP03A,1350391,U611-LHTOP,130,489863-8,0-0,5/14/2026,True,5/14/2026 7:59:16 AM,True,5/11/2026 7:35:03 PM
AP03A,1350391,U611-RHTOP,72,489522-8,0-0,5/14/2026,True,5/14/2026 7:59:16 AM,True,5/11/2026 6:52:12 PM
AP03A,1350391,U6XX,556,490890-4,442477-1,5/14/2026,False,5/12/2026 10:27:01 PM,True,5/14/2026 3:58:08 AM
AP03A,1350392,U6XX,557,490891-1,442478-4,5/14/2026,False,5/12/2026 10:31:07 PM,True,5/14/2026 4:10:25 AM
AP03A,1350393,U6XX,557,490891-2,442478-3,5/14/2026,False,5/12/2026 10:31:07 PM,True,5/14/2026 4:10:19 AM
AP03A,1350394,U6XX,557,490891-3,442478-2,5/14/2026,False,5/12/2026 10:31:08 PM,True,5/14/2026 4:10:17 AM
AP03A,1350395,U6XX,557,490891-4,442478-1,5/14/2026,False,5/12/2026 10:31:08 PM,True,5/14/2026 4:10:11 AM
AP03A,1350396,U6XX,558,490892-1,442479-4,5/14/2026,False,5/12/2026 10:34:43 PM,True,5/14/2026 4:16:11 AM
AP03A,1350397,U6XX,558,490892-2,442479-3,5/14/2026,False,5/12/2026 10:34:44 PM,True,5/14/2026 4:13:31 AM
AP03A,1350398,U6XX,558,490892-3,442479-2,5/14/2026,False,5/12/2026 10:34:44 PM,True,5/14/2026 4:13:29 AM
AP03A,1350399,U6XX,558,490892-4,442479-1,5/14/2026,False,5/12/2026 10:34:44 PM,True,5/14/2026 4:13:26 AM
AP03A,1350400,U6XX,559,490893-1,442480-4,5/14/2026,False,5/12/2026 10:38:10 PM,True,5/14/2026 4:19:11 AM
AP03A,1350401,U6XX,559,490893-2,442480-3,5/14/2026,False,5/12/2026 10:38:10 PM,True,5/14/2026 4:16:22 AM
AP03A,1350402,U6XX,559,490893-3,442480-2,5/14/2026,False,5/12/2026 10:38:10 PM,True,5/14/2026 4:16:19 AM
AP03A,1350403,U6XX,559,490893-4,442480-1,5/14/2026,False,5/12/2026 10:38:10 PM,True,5/14/2026 4:16:16 AM
AP03A,1350404,U611-LHTOP,130,489863-9,0-0,5/14/2026,True,5/14/2026 7:59:16 AM,True,5/11/2026 7:36:55 PM
AP03A,1350404,U611-RHTOP,72,489522-9,0-0,5/14/2026,True,5/14/2026 7:59:16 AM,True,5/11/2026 6:57:02 PM
AP03A,1350404,U6XX,560,490894-1,442481-4,5/14/2026,False,5/12/2026 10:42:17 PM,True,5/14/2026 4:22:13 AM
AP03A,1350405,U6XX,560,490894-2,442481-3,5/14/2026,False,5/12/2026 10:42:17 PM,True,5/14/2026 4:19:24 AM
AP03A,1350406,U6XX,560,490894-3,442481-2,5/14/2026,False,5/12/2026 10:42:17 PM,True,5/14/2026 4:19:18 AM
AP03A,1350407,U6XX,560,490894-4,442481-1,5/14/2026,False,5/12/2026 10:42:17 PM,True,5/14/2026 4:19:15 AM
AP03A,1350408,U6XX,561,490895-1,442482-4,5/14/2026,False,5/12/2026 10:45:33 PM,True,5/14/2026 4:23:49 AM
AP03A,1350409,U6XX,561,490895-2,442482-3,5/14/2026,False,5/12/2026 10:45:33 PM,True,5/14/2026 4:23:45 AM
AP03A,1350410,U6XX,561,490895-3,442482-2,5/14/2026,False,5/12/2026 10:45:33 PM,True,5/14/2026 4:22:20 AM
AP03A,1350411,U6XX,561,490895-4,442482-1,5/14/2026,False,5/12/2026 10:45:33 PM,True,5/14/2026 4:22:14 AM
AP03A,1350412,U6XX,562,490896-1,442483-4,5/14/2026,False,5/12/2026 10:48:48 PM,True,5/14/2026 4:29:19 AM
AP03A,1350413,U6XX,562,490896-2,442483-3,5/14/2026,False,5/12/2026 10:48:49 PM,True,5/14/2026 4:26:40 AM
AP03A,1350414,U6XX,562,490896-3,442483-2,5/14/2026,False,5/12/2026 10:48:49 PM,True,5/14/2026 4:26:37 AM
AP03A,1350415,U6XX,562,490896-4,442483-1,5/14/2026,False,5/12/2026 10:48:49 PM,True,5/14/2026 4:26:33 AM
AP03A,1350416,U6XX,563,490897-1,442484-4,5/14/2026,False,5/12/2026 10:52:04 PM,True,5/14/2026 4:31:45 AM
AP03A,1350417,U611-LHTOP,130,489863-10,0-0,5/14/2026,True,5/14/2026 7:59:16 AM,True,5/11/2026 7:38:35 PM
AP03A,1350417,U611-RHTOP,72,489522-10,0-0,5/14/2026,True,5/14/2026 7:59:16 AM,True,5/11/2026 7:04:56 PM
AP03A,1350417,U6XX,563,490897-2,442484-3,5/14/2026,False,5/12/2026 10:52:04 PM,True,5/14/2026 4:31:45 AM
AP03A,1350418,U6XX,563,490897-3,442484-2,5/14/2026,False,5/12/2026 10:52:04 PM,True,5/14/2026 4:29:29 AM
AP03A,1350419,U6XX,563,490897-4,442484-1,5/14/2026,False,5/12/2026 10:52:04 PM,True,5/14/2026 4:29:26 AM
AP03A,1350420,U6XX,564,490898-1,442485-4,5/14/2026,False,5/12/2026 10:56:31 PM,True,5/14/2026 4:36:36 AM
AP03A,1350421,U6XX,564,490898-2,442485-3,5/14/2026,False,5/12/2026 10:56:31 PM,True,5/14/2026 4:33:47 AM
AP03A,1350422,U6XX,564,490898-3,442485-2,5/14/2026,False,5/12/2026 10:56:31 PM,True,5/14/2026 4:33:38 AM
AP03A,1350423,U6XX,564,490898-4,442485-1,5/14/2026,False,5/12/2026 10:56:32 PM,True,5/14/2026 4:31:49 AM
AP03A,1350424,U6XX,565,490899-1,442486-4,5/14/2026,False,5/12/2026 11:30:56 PM,True,5/14/2026 4:39:29 AM
AP03A,1350425,U6XX,565,490899-2,442486-3,5/14/2026,False,5/12/2026 11:30:56 PM,True,5/14/2026 4:39:26 AM
AP03A,1350426,U6XX,565,490899-3,442486-2,5/14/2026,False,5/12/2026 11:30:56 PM,True,5/14/2026 4:37:01 AM
AP03A,1350427,U6XX,565,490899-4,442486-1,5/14/2026,False,5/12/2026 11:30:57 PM,True,5/14/2026 4:36:58 AM
AP03A,1350428,U6XX,566,490900-1,442487-4,5/14/2026,False,5/12/2026 11:35:13 PM,True,5/14/2026 4:43:13 AM
AP03A,1350429,U6XX,566,490900-2,442487-3,5/14/2026,False,5/12/2026 11:35:13 PM,True,5/14/2026 4:43:08 AM
AP03A,1350430,U611-LHTOP,130,489863-11,0-0,5/14/2026,True,5/14/2026 7:59:16 AM,True,5/11/2026 7:41:17 PM
AP03A,1350430,U611-RHTOP,72,489522-11,0-0,5/14/2026,True,5/14/2026 7:59:16 AM,True,5/11/2026 7:12:30 PM
AP03A,1350430,U6XX,566,490900-3,442487-2,5/14/2026,False,5/12/2026 11:35:13 PM,True,5/14/2026 4:43:08 AM
AP03A,1350431,U6XX,566,490900-4,442487-1,5/14/2026,False,5/12/2026 11:35:13 PM,True,5/14/2026 4:41:28 AM
AP03A,1350432,U6XX,567,490901-1,442488-4,5/14/2026,False,5/12/2026 11:38:38 PM,True,5/14/2026 4:46:08 AM
AP03A,1350433,U6XX,567,490901-2,442488-3,5/14/2026,False,5/12/2026 11:38:38 PM,True,5/14/2026 4:46:02 AM
AP03A,1350434,U6XX,567,490901-3,442488-2,5/14/2026,False,5/12/2026 11:38:38 PM,True,5/14/2026 4:43:19 AM
AP03A,1350435,U6XX,567,490901-4,442488-1,5/14/2026,False,5/12/2026 11:38:39 PM,True,5/14/2026 4:43:16 AM
AP03A,1350436,U6XX,568,490902-1,442489-4,5/14/2026,False,5/12/2026 11:42:13 PM,True,5/14/2026 4:50:42 AM
AP03A,1350437,U6XX,568,490902-2,442489-3,5/14/2026,False,5/12/2026 11:42:14 PM,True,5/14/2026 4:48:47 AM
AP03A,1350438,U6XX,568,490902-3,442489-2,5/14/2026,False,5/12/2026 11:42:14 PM,True,5/14/2026 4:48:43 AM
AP03A,1350439,U6XX,568,490902-4,442489-1,5/14/2026,False,5/12/2026 11:42:14 PM,True,5/14/2026 4:46:44 AM
AP03A,1350440,U6XX,569,490903-1,442490-4,5/14/2026,False,5/12/2026 11:45:29 PM,True,5/14/2026 6:10:00 AM
AP03A,1350441,U6XX,569,490903-2,442490-3,5/14/2026,False,5/12/2026 11:45:29 PM,True,5/14/2026 6:09:55 AM
AP03A,1350442,U611-LHTOP,130,489863-12,0-0,5/14/2026,True,5/14/2026 7:59:16 AM,True,5/11/2026 7:43:34 PM
AP03A,1350442,U611-RHTOP,72,489522-12,0-0,5/14/2026,True,5/14/2026 7:59:16 AM,True,5/11/2026 7:20:18 PM
AP03A,1350442,U6XX,569,490903-3,442490-2,5/14/2026,False,5/12/2026 11:45:29 PM,True,5/14/2026 6:09:55 AM
AP03A,1350443,U6XX,569,490903-4,442490-1,5/14/2026,False,5/12/2026 11:45:30 PM,True,5/14/2026 4:50:48 AM
AP03A,1350444,U6XX,570,490904-1,442491-4,5/14/2026,False,5/12/2026 11:48:44 PM,True,5/14/2026 6:13:35 AM
AP03A,1350445,U6XX,570,490904-2,442491-3,5/14/2026,False,5/12/2026 11:48:45 PM,True,5/14/2026 6:13:31 AM
AP03A,1350446,U6XX,570,490904-3,442491-2,5/14/2026,False,5/12/2026 11:48:45 PM,True,5/14/2026 6:13:26 AM
AP03A,1350447,U6XX,570,490904-4,442491-1,5/14/2026,False,5/12/2026 11:48:46 PM,True,5/14/2026 6:10:06 AM
AP03A,1350448,U6XX,571,490905-1,442492-4,5/14/2026,False,5/12/2026 11:52:01 PM,True,5/14/2026 6:18:23 AM
AP03A,1350449,U6XX,571,490905-2,442492-3,5/14/2026,False,5/12/2026 11:52:01 PM,True,5/14/2026 6:17:14 AM
AP03A,1350450,U6XX,571,490905-3,442492-2,5/14/2026,False,5/12/2026 11:52:01 PM,True,5/14/2026 6:16:49 AM
AP03A,1350451,U6XX,571,490905-4,442492-1,5/14/2026,False,5/12/2026 11:52:01 PM,True,5/14/2026 6:14:48 AM
AP03A,1350452,U6XX,572,490906-1,442493-4,5/14/2026,False,5/12/2026 11:56:57 PM,True,5/14/2026 6:21:26 AM
AP03A,1350453,U6XX,572,490906-2,442493-3,5/14/2026,False,5/12/2026 11:56:58 PM,True,5/14/2026 6:21:21 AM
AP03A,1350454,U6XX,572,490906-3,442493-2,5/14/2026,False,5/12/2026 11:56:58 PM,True,5/14/2026 6:21:17 AM
AP03A,1350455,U611-LHTOP,131,489875-1,0-0,5/14/2026,True,5/14/2026 7:59:16 AM,True,5/11/2026 7:48:40 PM
AP03A,1350455,U611-RHTOP,72,489522-13,0-0,5/14/2026,True,5/14/2026 7:59:16 AM,True,5/11/2026 7:24:44 PM
AP03A,1350455,U6XX,572,490906-4,442493-1,5/14/2026,False,5/12/2026 11:56:58 PM,True,5/14/2026 6:21:16 AM
AP03A,1350456,U6XX,573,490907-1,442494-4,5/14/2026,False,5/13/2026 12:00:23 AM,True,5/14/2026 6:25:29 AM
AP03A,1350457,U6XX,573,490907-2,442494-3,5/14/2026,False,5/13/2026 12:00:23 AM,True,5/14/2026 6:25:26 AM
AP03A,1350458,U6XX,573,490907-3,442494-2,5/14/2026,False,5/13/2026 12:00:23 AM,True,5/14/2026 6:22:50 AM
AP03A,1350459,U6XX,573,490907-4,442494-1,5/14/2026,False,5/13/2026 12:00:23 AM,True,5/14/2026 6:22:47 AM
AP03A,1350460,U6XX,574,490908-1,442495-4,5/14/2026,False,5/13/2026 12:05:01 AM,True,5/14/2026 6:28:04 AM
AP03A,1350461,U6XX,574,490908-2,442495-3,5/14/2026,False,5/13/2026 12:05:01 AM,True,5/14/2026 6:28:00 AM
AP03A,1350462,U6XX,574,490908-3,442495-2,5/14/2026,False,5/13/2026 12:05:01 AM,True,5/14/2026 6:27:56 AM
AP03A,1350463,U6XX,574,490908-4,442495-1,5/14/2026,False,5/13/2026 12:05:01 AM,True,5/14/2026 6:25:33 AM
AP03A,1350464,U6XX,575,490909-1,442496-4,5/14/2026,False,5/13/2026 12:08:26 AM,True,5/14/2026 6:31:49 AM
AP03A,1350465,U6XX,575,490909-2,442496-3,5/14/2026,False,5/13/2026 12:08:27 AM,True,5/14/2026 6:29:51 AM
AP03A,1350466,U6XX,575,490909-3,442496-2,5/14/2026,False,5/13/2026 12:08:27 AM,True,5/14/2026 6:29:47 AM
AP03A,1350467,U6XX,575,490909-4,442496-1,5/14/2026,False,5/13/2026 12:08:27 AM,True,5/14/2026 6:28:26 AM
AP03A,1350468,U611-LHTOP,131,489875-2,0-0,5/14/2026,True,5/14/2026 7:59:16 AM,True,5/11/2026 7:51:21 PM
AP03A,1350468,U611-RHTOP,72,489522-14,0-0,5/14/2026,True,5/14/2026 7:59:16 AM,True,5/11/2026 7:33:56 PM
AP03A,1350468,U6XX,576,490910-1,442497-4,5/14/2026,False,5/13/2026 12:12:34 AM,True,5/14/2026 6:35:50 AM
AP03A,1350469,U6XX,576,490910-2,442497-3,5/14/2026,False,5/13/2026 12:12:34 AM,True,5/14/2026 6:33:42 AM
AP03A,1350470,U6XX,576,490910-3,442497-2,5/14/2026,False,5/13/2026 12:12:34 AM,True,5/14/2026 6:33:30 AM
AP03A,1350471,U6XX,576,490910-4,442497-1,5/14/2026,False,5/13/2026 12:12:35 AM,True,5/14/2026 6:32:23 AM
AP03A,1350472,U6XX,577,490911-1,442498-4,5/14/2026,False,5/13/2026 12:16:10 AM,True,5/14/2026 6:38:01 AM
AP03A,1350473,U6XX,577,490911-2,442498-3,5/14/2026,False,5/13/2026 12:16:11 AM,True,5/14/2026 6:37:55 AM
AP03A,1350474,U6XX,577,490911-3,442498-2,5/14/2026,False,5/13/2026 12:16:11 AM,True,5/14/2026 6:37:49 AM
AP03A,1350475,U6XX,577,490911-4,442498-1,5/14/2026,False,5/13/2026 12:16:11 AM,True,5/14/2026 6:35:50 AM
AP03A,1350476,U6XX,578,490912-1,442499-4,5/14/2026,False,5/13/2026 12:19:26 AM,True,5/14/2026 6:42:57 AM
AP03A,1350477,U6XX,578,490912-2,442499-3,5/14/2026,False,5/13/2026 12:19:27 AM,True,5/14/2026 6:40:33 AM
AP03A,1350478,U6XX,578,490912-3,442499-2,5/14/2026,False,5/13/2026 12:19:27 AM,True,5/14/2026 6:40:21 AM
AP03A,1350479,U6XX,578,490912-4,442499-1,5/14/2026,False,5/13/2026 12:19:27 AM,True,5/14/2026 6:39:09 AM
AP03A,1350480,U6XX,579,490913-1,442500-4,5/14/2026,False,5/13/2026 12:23:02 AM,True,5/14/2026 6:44:50 AM
AP03A,1350481,U611-LHTOP,131,489875-3,0-0,5/14/2026,True,5/14/2026 7:59:16 AM,True,5/11/2026 7:56:09 PM
AP03A,1350481,U611-RHTOP,72,489522-15,0-0,5/14/2026,True,5/14/2026 7:59:16 AM,True,5/11/2026 7:39:24 PM
AP03A,1350481,U6XX,579,490913-2,442500-3,5/14/2026,False,5/13/2026 12:23:02 AM,True,5/14/2026 6:44:49 AM
AP03A,1350482,U6XX,579,490913-3,442500-2,5/14/2026,False,5/13/2026 12:23:02 AM,True,5/14/2026 6:44:40 AM
AP03A,1350483,U6XX,579,490913-4,442500-1,5/14/2026,False,5/13/2026 12:23:02 AM,True,5/14/2026 6:43:01 AM
AP03A,1350484,U6XX,580,490914-1,442501-4,5/14/2026,False,5/13/2026 12:29:32 AM,True,5/14/2026 6:50:09 AM
AP03A,1350485,U6XX,580,490914-2,442501-3,5/14/2026,False,5/13/2026 12:29:32 AM,True,5/14/2026 6:50:04 AM
AP03A,1350486,U6XX,580,490914-3,442501-2,5/14/2026,False,5/13/2026 12:29:32 AM,True,5/14/2026 6:48:22 AM
AP03A,1350487,U6XX,580,490914-4,442501-1,5/14/2026,False,5/13/2026 12:29:32 AM,True,5/14/2026 6:48:17 AM
AP03A,1350488,U6XX,581,490915-1,442502-4,5/14/2026,False,5/13/2026 12:32:58 AM,True,5/14/2026 6:54:03 AM
AP03A,1350489,U6XX,581,490915-2,442502-3,5/14/2026,False,5/13/2026 12:32:58 AM,True,5/14/2026 6:52:30 AM
AP03A,1350490,U6XX,581,490915-3,442502-2,5/14/2026,False,5/13/2026 12:32:58 AM,True,5/14/2026 6:52:24 AM
AP03A,1350491,U6XX,581,490915-4,442502-1,5/14/2026,False,5/13/2026 12:32:58 AM,True,5/14/2026 6:50:24 AM
AP03A,1350492,U6XX,582,490916-1,442503-4,5/14/2026,False,5/13/2026 12:36:54 AM,True,5/14/2026 7:02:29 AM
AP03A,1350493,U6XX,582,490916-2,442503-3,5/14/2026,False,5/13/2026 12:36:54 AM,True,5/14/2026 7:02:17 AM
AP03A,1350494,U611-LHTOP,131,489875-4,0-0,5/14/2026,True,5/14/2026 7:59:16 AM,True,5/11/2026 8:00:18 PM
AP03A,1350494,U611-RHTOP,72,489522-16,0-0,5/14/2026,True,5/14/2026 7:59:16 AM,True,5/11/2026 7:45:01 PM
AP03A,1350494,U6XX,582,490916-3,442503-2,5/14/2026,False,5/13/2026 12:36:54 AM,True,5/14/2026 7:02:16 AM
AP03A,1350495,U6XX,582,490916-4,442503-1,5/14/2026,False,5/13/2026 12:36:54 AM,True,5/14/2026 6:54:07 AM
AP03A,1350496,U6XX,583,490917-1,442504-4,5/14/2026,False,5/13/2026 12:40:09 AM,True,5/14/2026 7:06:57 AM
AP03A,1350497,U6XX,583,490917-2,442504-3,5/14/2026,False,5/13/2026 12:40:09 AM,True,5/14/2026 7:05:48 AM
AP03A,1350498,U6XX,583,490917-3,442504-2,5/14/2026,False,5/13/2026 12:40:10 AM,True,5/14/2026 7:05:38 AM
AP03A,1350499,U6XX,583,490917-4,442504-1,5/14/2026,False,5/13/2026 12:40:10 AM,True,5/14/2026 7:03:27 AM
AP03A,1350500,U6XX,584,490918-1,442505-4,5/14/2026,False,5/13/2026 12:43:26 AM,True,5/14/2026 7:11:26 AM
AP03A,1350501,U6XX,584,490918-2,442505-3,5/14/2026,False,5/13/2026 12:43:26 AM,True,5/14/2026 7:10:14 AM
AP03A,1350502,U6XX,584,490918-3,442505-2,5/14/2026,False,5/13/2026 12:43:26 AM,True,5/14/2026 7:10:09 AM
AP03A,1350503,U6XX,584,490918-4,442505-1,5/14/2026,False,5/13/2026 12:43:26 AM,True,5/14/2026 7:07:22 AM
AP03A,1350504,U6XX,585,490919-1,442506-4,5/14/2026,False,5/13/2026 12:46:42 AM,True,5/14/2026 7:16:18 AM
AP03A,1350505,U6XX,585,490919-2,442506-3,5/14/2026,False,5/13/2026 12:46:42 AM,True,5/14/2026 7:14:46 AM
AP03A,1350506,U6XX,585,490919-3,442506-2,5/14/2026,False,5/13/2026 12:46:42 AM,True,5/14/2026 7:14:37 AM
AP03A,1350507,U611-LHTOP,131,489875-5,0-0,5/14/2026,True,5/14/2026 7:59:16 AM,True,5/11/2026 8:02:30 PM
AP03A,1350507,U611-RHTOP,72,489522-17,0-0,5/14/2026,True,5/14/2026 7:59:16 AM,True,5/11/2026 7:51:29 PM
AP03A,1350507,U6XX,585,490919-4,442506-1,5/14/2026,False,5/13/2026 12:46:43 AM,True,5/14/2026 7:14:37 AM
AP03A,1350508,U6XX,586,490920-1,442507-4,5/14/2026,False,5/13/2026 12:50:40 AM,True,5/14/2026 7:19:52 AM
AP03A,1350509,U6XX,586,490920-2,442507-3,5/14/2026,False,5/13/2026 12:50:40 AM,True,5/14/2026 7:19:47 AM
AP03A,1350510,U6XX,586,490920-3,442507-2,5/14/2026,False,5/13/2026 12:50:40 AM,True,5/14/2026 7:19:43 AM
AP03A,1350511,U6XX,586,490920-4,442507-1,5/14/2026,False,5/13/2026 12:50:40 AM,True,5/14/2026 7:16:25 AM
AP03A,1350512,U6XX,587,490921-1,442508-4,5/14/2026,False,5/13/2026 12:53:48 AM,True,5/14/2026 7:23:29 AM
AP03A,1350513,U6XX,587,490921-2,442508-3,5/14/2026,False,5/13/2026 12:53:48 AM,True,5/14/2026 7:22:55 AM
AP03A,1350514,U6XX,587,490921-3,442508-2,5/14/2026,False,5/13/2026 12:53:48 AM,True,5/14/2026 7:21:38 AM
AP03A,1350515,U6XX,587,490921-4,442508-1,5/14/2026,False,5/13/2026 12:53:49 AM,True,5/14/2026 7:20:05 AM
AP03A,1350516,U6XX,588,490922-1,442509-4,5/14/2026,False,5/13/2026 12:57:15 AM,True,5/14/2026 7:27:13 AM
AP03A,1350517,U6XX,588,490922-2,442509-3,5/14/2026,False,5/13/2026 12:57:15 AM,True,5/14/2026 7:27:04 AM
AP03A,1350518,U6XX,588,490922-3,442509-2,5/14/2026,False,5/13/2026 12:57:15 AM,True,5/14/2026 7:25:31 AM
AP03A,1350519,U6XX,588,490922-4,442509-1,5/14/2026,False,5/13/2026 12:57:15 AM,True,5/14/2026 7:24:09 AM
AP03A,1350520,U611-LHTOP,131,489875-6,0-0,5/14/2026,True,5/14/2026 7:59:16 AM,True,5/11/2026 8:05:45 PM
AP03A,1350520,U611-RHTOP,72,489522-18,0-0,5/14/2026,True,5/14/2026 7:59:16 AM,True,5/11/2026 7:58:18 PM
AP03A,1350520,U6XX,589,490923-1,442510-4,5/14/2026,False,5/13/2026 1:00:31 AM,True,5/14/2026 7:31:28 AM
AP03A,1350521,U6XX,589,490923-2,442510-3,5/14/2026,False,5/13/2026 1:00:31 AM,True,5/14/2026 7:29:54 AM
AP03A,1350522,U6XX,589,490923-3,442510-2,5/14/2026,False,5/13/2026 1:00:31 AM,True,5/14/2026 7:29:04 AM
AP03A,1350523,U6XX,589,490923-4,442510-1,5/14/2026,False,5/13/2026 1:00:31 AM,True,5/14/2026 7:28:16 AM
AP03A,1350524,U6XX,590,490924-1,442511-4,5/14/2026,False,5/13/2026 1:03:47 AM,True,5/14/2026 7:33:43 AM
AP03A,1350525,U6XX,590,490924-2,442511-3,5/14/2026,False,5/13/2026 1:03:47 AM,True,5/14/2026 7:33:37 AM
AP03A,1350526,U6XX,590,490924-3,442511-2,5/14/2026,False,5/13/2026 1:03:47 AM,True,5/14/2026 7:32:03 AM
AP03A,1350527,U6XX,590,490924-4,442511-1,5/14/2026,False,5/13/2026 1:03:48 AM,True,5/14/2026 7:31:29 AM
AP03A,1350528,U6XX,591,490925-1,442512-4,5/14/2026,False,5/13/2026 1:07:35 AM,True,5/14/2026 7:37:26 AM
AP03A,1350529,U6XX,591,490925-2,442512-3,5/14/2026,False,5/13/2026 1:07:35 AM,True,5/14/2026 7:37:23 AM
AP03A,1350530,U6XX,591,490925-3,442512-2,5/14/2026,False,5/13/2026 1:07:35 AM,True,5/14/2026 7:35:01 AM
AP03A,1350531,U6XX,591,490925-4,442512-1,5/14/2026,False,5/13/2026 1:07:35 AM,True,5/14/2026 7:34:55 AM
AP03A,1350532,U6XX,592,490926-1,442513-4,5/14/2026,False,5/13/2026 1:10:41 AM,True,5/14/2026 7:39:36 AM
AP03A,1350533,U611-LHTOP,131,489875-7,0-0,5/14/2026,True,5/14/2026 7:59:16 AM,True,5/11/2026 8:08:15 PM
AP03A,1350533,U611-RHTOP,72,489522-19,0-0,5/14/2026,True,5/14/2026 7:59:16 AM,True,5/11/2026 8:02:30 PM
AP03A,1350533,U6XX,592,490926-2,442513-3,5/14/2026,False,5/13/2026 1:10:41 AM,True,5/14/2026 7:39:36 AM
AP03A,1350534,U6XX,592,490926-3,442513-2,5/14/2026,False,5/13/2026 1:10:41 AM,True,5/14/2026 7:39:24 AM
AP03A,1350535,U6XX,592,490926-4,442513-1,5/14/2026,False,5/13/2026 1:10:41 AM,True,5/14/2026 7:37:30 AM
AP03A,1350536,U6XX,593,490927-1,442514-4,5/14/2026,False,5/13/2026 1:15:18 AM,True,5/14/2026 7:43:09 AM
AP03A,1350537,U6XX,593,490927-2,442514-3,5/14/2026,False,5/13/2026 1:15:19 AM,True,5/14/2026 7:41:43 AM
AP03A,1350538,U6XX,593,490927-3,442514-2,5/14/2026,False,5/13/2026 1:15:19 AM,True,5/14/2026 7:41:38 AM
AP03A,1350539,U6XX,593,490927-4,442514-1,5/14/2026,False,5/13/2026 1:15:19 AM,True,5/14/2026 7:41:34 AM
AP03A,1350540,U6XX,594,490928-1,442515-4,5/14/2026,False,5/13/2026 1:18:44 AM,True,5/14/2026 7:50:00 AM
AP03A,1350541,U6XX,594,490928-2,442515-3,5/14/2026,False,5/13/2026 1:18:45 AM,True,5/14/2026 7:49:56 AM
AP03A,1350542,U6XX,594,490928-3,442515-2,5/14/2026,False,5/13/2026 1:18:45 AM,True,5/14/2026 7:47:30 AM
AP03A,1350543,U6XX,594,490928-4,442515-1,5/14/2026,False,5/13/2026 1:18:45 AM,True,5/14/2026 7:47:23 AM
AP03A,1350544,U6XX,595,490929-1,442516-4,5/14/2026,False,5/13/2026 1:23:12 AM,True,5/14/2026 7:51:27 AM
AP03A,1350545,U6XX,595,490929-2,442516-3,5/14/2026,False,5/13/2026 1:23:12 AM,True,5/14/2026 7:51:14 AM
AP03A,1350546,U611-LHTOP,131,489875-8,0-0,5/14/2026,True,5/14/2026 7:59:16 AM,True,5/11/2026 8:10:06 PM
AP03A,1350546,U611-RHTOP,72,489522-20,0-0,5/14/2026,True,5/14/2026 7:59:16 AM,True,5/11/2026 8:06:48 PM
AP03A,1350546,U6XX,595,490929-3,442516-2,5/14/2026,False,5/13/2026 1:23:13 AM,True,5/14/2026 7:51:13 AM
AP03A,1350547,U6XX,595,490929-4,442516-1,5/14/2026,False,5/13/2026 1:23:13 AM,True,5/14/2026 7:50:04 AM
AP03A,1350548,U6XX,596,490930-1,442517-4,5/14/2026,False,5/13/2026 1:26:27 AM,True,5/14/2026 7:56:05 AM
AP03A,1350549,U6XX,596,490930-2,442517-3,5/14/2026,False,5/13/2026 1:26:28 AM,True,5/14/2026 7:55:59 AM
AP03A,1350550,U6XX,596,490930-3,442517-2,5/14/2026,False,5/13/2026 1:26:28 AM,True,5/14/2026 7:55:55 AM
AP03A,1350551,U6XX,596,490930-4,442517-1,5/14/2026,False,5/13/2026 1:26:28 AM,True,5/14/2026 7:54:15 AM
AP03A,1350552,U6XX,597,490931-1,442518-4,5/14/2026,False,5/13/2026 1:29:54 AM,True,5/14/2026 7:58:49 AM
AP03A,1350553,U6XX,597,490931-2,442518-3,5/14/2026,False,5/13/2026 1:29:54 AM,True,5/14/2026 7:57:55 AM
AP03A,1350554,U6XX,597,490931-3,442518-2,5/14/2026,False,5/13/2026 1:29:54 AM,True,5/14/2026 7:57:43 AM
AP03A,1350555,U6XX,597,490931-4,442518-1,5/14/2026,False,5/13/2026 1:29:55 AM,True,5/14/2026 7:56:21 AM
AP03A,1350556,U6XX,598,490932-1,442519-4,5/14/2026,False,5/13/2026 1:33:00 AM,True,5/14/2026 8:05:51 AM
AP03A,1350557,U6XX,598,490932-2,442519-3,5/14/2026,False,5/13/2026 1:33:00 AM,True,5/14/2026 8:05:12 AM
AP03A,1350558,U6XX,598,490932-3,442519-2,5/14/2026,False,5/13/2026 1:33:00 AM,True,5/14/2026 8:05:07 AM
AP03A,1350559,U611-LHTOP,131,489875-9,0-0,5/14/2026,True,5/14/2026 7:59:16 AM,True,5/11/2026 8:13:23 PM
AP03A,1350559,U611-RHTOP,72,489522-21,0-0,5/14/2026,True,5/14/2026 7:59:16 AM,True,5/11/2026 8:11:48 PM
AP03A,1350559,U6XX,598,490932-4,442519-1,5/14/2026,False,5/13/2026 1:33:00 AM,True,5/14/2026 8:05:06 AM
AP03A,1350560,U6XX,599,490933-1,442520-4,5/14/2026,False,5/13/2026 1:36:06 AM,True,5/14/2026 8:10:20 AM
AP03A,1350561,U6XX,599,490933-2,442520-3,5/14/2026,False,5/13/2026 1:36:07 AM,True,5/14/2026 8:09:49 AM
AP03A,1350562,U6XX,599,490933-3,442520-2,5/14/2026,False,5/13/2026 1:36:07 AM,True,5/14/2026 8:08:22 AM
AP03A,1350563,U6XX,599,490933-4,442520-1,5/14/2026,False,5/13/2026 1:36:07 AM,True,5/14/2026 8:06:41 AM
AP03A,1350564,U6XX,600,490934-1,442521-4,5/15/2026,False,5/13/2026 1:39:23 AM,True,5/14/2026 8:13:57 AM
AP03A,1350565,U6XX,600,490934-2,442521-3,5/15/2026,False,5/13/2026 1:39:23 AM,True,5/14/2026 8:12:39 AM
AP03A,1350566,U6XX,600,490934-3,442521-2,5/15/2026,False,5/13/2026 1:39:23 AM,True,5/14/2026 8:12:18 AM
AP03A,1350567,U6XX,600,490934-4,442521-1,5/15/2026,False,5/13/2026 1:39:23 AM,True,5/14/2026 8:11:12 AM
AP03A,1350568,U6XX,601,490935-1,442522-4,5/15/2026,False,5/13/2026 1:42:49 AM,True,5/14/2026 8:37:44 AM
AP03A,1350569,U6XX,601,490935-2,442522-3,5/15/2026,False,5/13/2026 1:42:49 AM,True,5/14/2026 8:37:00 AM
AP03A,1350570,U6XX,601,490935-3,442522-2,5/15/2026,False,5/13/2026 1:42:49 AM,True,5/14/2026 8:35:54 AM
AP03A,1350571,U611-LHTOP,131,489875-10,0-0,5/14/2026,True,5/14/2026 7:59:16 AM,True,5/11/2026 8:39:31 PM
AP03A,1350571,U611-RHTOP,72,489522-22,0-0,5/14/2026,True,5/14/2026 7:59:16 AM,True,5/11/2026 8:43:28 PM
AP03A,1350571,U6XX,601,490935-4,442522-1,5/15/2026,False,5/13/2026 1:42:49 AM,True,5/14/2026 8:35:53 AM
AP03A,1350572,U6XX,602,490936-1,442523-4,5/15/2026,False,5/13/2026 1:45:34 AM,True,5/14/2026 8:41:39 AM
AP03A,1350573,U6XX,602,490936-2,442523-3,5/15/2026,False,5/13/2026 1:45:34 AM,True,5/14/2026 8:41:34 AM
AP03A,1350574,U6XX,602,490936-3,442523-2,5/15/2026,False,5/13/2026 1:45:34 AM,True,5/14/2026 8:39:51 AM
AP03A,1350575,U6XX,602,490936-4,442523-1,5/15/2026,False,5/13/2026 1:45:35 AM,True,5/14/2026 8:38:41 AM
AP03A,1350576,U6XX,603,490937-1,442524-4,5/15/2026,False,5/13/2026 1:48:51 AM,True,5/14/2026 8:46:03 AM
AP03A,1350577,U6XX,603,490937-2,442524-3,5/15/2026,False,5/13/2026 1:48:51 AM,True,5/14/2026 8:45:13 AM
AP03A,1350578,U6XX,603,490937-3,442524-2,5/15/2026,False,5/13/2026 1:48:51 AM,True,5/14/2026 8:44:45 AM
AP03A,1350579,U6XX,603,490937-4,442524-1,5/15/2026,False,5/13/2026 1:48:51 AM,True,5/14/2026 8:42:01 AM
AP03A,1350580,U6XX,604,490938-1,442525-4,5/15/2026,False,5/13/2026 1:52:06 AM,True,5/14/2026 8:49:08 AM
AP03A,1350581,U6XX,604,490938-2,442525-3,5/15/2026,False,5/13/2026 1:52:06 AM,True,5/14/2026 8:48:21 AM
AP03A,1350582,U6XX,604,490938-3,442525-2,5/15/2026,False,5/13/2026 1:52:06 AM,True,5/14/2026 8:47:40 AM
AP03A,1350583,U6XX,604,490938-4,442525-1,5/15/2026,False,5/13/2026 1:52:07 AM,True,5/14/2026 8:46:42 AM
AP03A,1350584,U611-LHTOP,131,489875-11,0-0,5/14/2026,True,5/14/2026 7:59:16 AM,True,5/11/2026 8:47:55 PM
AP03A,1350584,U611-RHTOP,72,489522-23,0-0,5/14/2026,True,5/14/2026 7:59:16 AM,True,5/11/2026 8:51:21 PM
AP03A,1350584,U6XX,605,490939-1,442526-4,5/15/2026,False,5/13/2026 1:55:21 AM,True,5/14/2026 8:53:40 AM
AP03A,1350585,U6XX,605,490939-2,442526-3,5/15/2026,False,5/13/2026 1:55:22 AM,True,5/14/2026 8:52:06 AM
AP03A,1350586,U6XX,605,490939-3,442526-2,5/15/2026,False,5/13/2026 1:55:22 AM,True,5/14/2026 8:51:06 AM
AP03A,1350587,U6XX,605,490939-4,442526-1,5/15/2026,False,5/13/2026 1:55:22 AM,True,5/14/2026 8:50:01 AM
AP03A,1350588,U6XX,606,490940-1,442527-4,5/15/2026,False,5/13/2026 1:58:57 AM,True,5/14/2026 8:55:52 AM
AP03A,1350589,U6XX,606,490940-2,442527-3,5/15/2026,False,5/13/2026 1:58:57 AM,True,5/14/2026 8:55:07 AM
AP03A,1350590,U6XX,606,490940-3,442527-2,5/15/2026,False,5/13/2026 1:58:57 AM,True,5/14/2026 8:55:01 AM
AP03A,1350591,U6XX,606,490940-4,442527-1,5/15/2026,False,5/13/2026 1:58:58 AM,True,5/14/2026 8:53:41 AM
AP03A,1350592,U6XX,607,490941-1,442528-4,5/15/2026,False,5/13/2026 2:23:18 AM,True,5/14/2026 8:59:01 AM
AP03A,1350593,U6XX,607,490941-2,442528-3,5/15/2026,False,5/13/2026 2:23:18 AM,True,5/14/2026 8:58:28 AM
AP03A,1350594,U6XX,607,490941-3,442528-2,5/15/2026,False,5/13/2026 2:23:18 AM,True,5/14/2026 8:57:22 AM
AP03A,1350595,U6XX,607,490941-4,442528-1,5/15/2026,False,5/13/2026 2:23:19 AM,True,5/14/2026 8:56:22 AM
AP03A,1350596,U6XX,608,490942-1,442529-4,5/15/2026,False,5/13/2026 2:26:34 AM,True,5/14/2026 9:03:14 AM
AP03A,1350597,U611-LHTOP,131,489875-12,0-0,5/14/2026,True,5/14/2026 7:59:16 AM,True,5/11/2026 8:51:03 PM
AP03A,1350597,U611-RHTOP,72,489522-24,0-0,5/14/2026,True,5/14/2026 7:59:16 AM,True,5/11/2026 8:56:11 PM
AP03A,1350597,U6XX,608,490942-2,442529-3,5/15/2026,False,5/13/2026 2:26:35 AM,True,5/14/2026 9:03:13 AM
AP03A,1350598,U6XX,608,490942-3,442529-2,5/15/2026,False,5/13/2026 2:26:35 AM,True,5/14/2026 9:00:15 AM
AP03A,1350599,U6XX,608,490942-4,442529-1,5/15/2026,False,5/13/2026 2:26:35 AM,True,5/14/2026 8:59:34 AM
AP03A,1350600,U6XX,609,490943-1,442530-4,5/15/2026,False,5/13/2026 2:30:00 AM,True,5/14/2026 9:07:03 AM
AP03A,1350601,U6XX,609,490943-2,442530-3,5/15/2026,False,5/13/2026 2:30:00 AM,True,5/14/2026 9:05:47 AM
AP03A,1350602,U6XX,609,490943-3,442530-2,5/15/2026,False,5/13/2026 2:30:00 AM,True,5/14/2026 9:05:44 AM
AP03A,1350603,U6XX,609,490943-4,442530-1,5/15/2026,False,5/13/2026 2:30:00 AM,True,5/14/2026 9:04:19 AM
AP03A,1350604,U6XX,610,490944-1,442531-4,5/15/2026,False,5/13/2026 2:33:25 AM,True,5/14/2026 9:09:09 AM
AP03A,1350605,U6XX,610,490944-2,442531-3,5/15/2026,False,5/13/2026 2:33:25 AM,True,5/14/2026 9:07:50 AM
AP03A,1350606,U6XX,610,490944-3,442531-2,5/15/2026,False,5/13/2026 2:33:25 AM,True,5/14/2026 9:07:12 AM
AP03A,1350607,U6XX,610,490944-4,442531-1,5/15/2026,False,5/13/2026 2:33:26 AM,True,5/14/2026 9:07:08 AM
AP03A,1350608,U6XX,611,490945-1,442532-4,5/15/2026,False,5/13/2026 2:36:40 AM,True,5/14/2026 9:11:48 AM
AP03A,1350609,U6XX,611,490945-2,442532-3,5/15/2026,False,5/13/2026 2:36:40 AM,True,5/14/2026 9:11:32 AM
AP03A,1350610,U611-LHTOP,132,489884-1,0-0,5/14/2026,True,5/14/2026 7:59:16 AM,True,5/11/2026 8:55:32 PM
AP03A,1350610,U611-RHTOP,73,489568-1,0-0,5/14/2026,True,5/14/2026 7:59:16 AM,True,5/11/2026 9:16:39 PM
AP03A,1350610,U6XX,611,490945-3,442532-2,5/15/2026,False,5/13/2026 2:36:41 AM,True,5/14/2026 9:11:31 AM
AP03A,1350611,U6XX,611,490945-4,442532-1,5/15/2026,False,5/13/2026 2:36:41 AM,True,5/14/2026 9:09:35 AM
AP03A,1350612,U6XX,612,490946-1,442533-4,5/15/2026,False,5/13/2026 2:39:46 AM,True,5/14/2026 9:15:04 AM
AP03A,1350613,U6XX,612,490946-2,442533-3,5/15/2026,False,5/13/2026 2:39:46 AM,True,5/14/2026 9:14:59 AM
AP03A,1350614,U6XX,612,490946-3,442533-2,5/15/2026,False,5/13/2026 2:39:46 AM,True,5/14/2026 9:14:54 AM
AP03A,1350615,U6XX,612,490946-4,442533-1,5/15/2026,False,5/13/2026 2:39:47 AM,True,5/14/2026 9:12:32 AM
AP03A,1350616,U6XX,613,490947-1,442534-4,5/15/2026,False,5/13/2026 2:43:52 AM,True,5/14/2026 9:20:11 AM
AP03A,1350617,U6XX,613,490947-2,442534-3,5/15/2026,False,5/13/2026 2:43:53 AM,True,5/14/2026 9:17:33 AM
AP03A,1350618,U6XX,613,490947-3,442534-2,5/15/2026,False,5/13/2026 2:43:53 AM,True,5/14/2026 9:17:04 AM
AP03A,1350619,U6XX,613,490947-4,442534-1,5/15/2026,False,5/13/2026 2:43:53 AM,True,5/14/2026 9:16:45 AM
AP03A,1350620,U6XX,614,490948-1,442535-4,5/15/2026,False,5/13/2026 2:47:08 AM,True,5/14/2026 9:21:51 AM
AP03A,1350621,U6XX,614,490948-2,442535-3,5/15/2026,False,5/13/2026 2:47:08 AM,True,5/14/2026 9:21:46 AM
AP03A,1350622,U6XX,614,490948-3,442535-2,5/15/2026,False,5/13/2026 2:47:08 AM,True,5/14/2026 9:20:18 AM
AP03A,1350623,U611-LHTOP,132,489884-2,0-0,5/14/2026,True,5/14/2026 7:59:16 AM,True,5/11/2026 8:58:24 PM
AP03A,1350623,U611-RHTOP,73,489568-2,0-0,5/14/2026,True,5/14/2026 7:59:16 AM,True,5/11/2026 9:26:06 PM
AP03A,1350623,U6XX,614,490948-4,442535-1,5/15/2026,False,5/13/2026 2:47:08 AM,True,5/14/2026 9:20:18 AM
AP03A,1350624,U6XX,615,490949-1,442536-4,5/15/2026,False,5/13/2026 2:50:34 AM,True,5/14/2026 9:27:17 AM
AP03A,1350625,U6XX,615,490949-2,442536-3,5/15/2026,False,5/13/2026 2:50:34 AM,True,5/14/2026 9:27:14 AM
AP03A,1350626,U6XX,615,490949-3,442536-2,5/15/2026,False,5/13/2026 2:50:34 AM,True,5/14/2026 9:27:00 AM
AP03A,1350627,U6XX,615,490949-4,442536-1,5/15/2026,False,5/13/2026 2:50:34 AM,True,5/14/2026 9:22:19 AM
AP03A,1350628,U6XX,616,490950-1,442537-4,5/15/2026,False,5/13/2026 2:53:59 AM,True,5/14/2026 9:29:34 AM
AP03A,1350629,U6XX,616,490950-2,442537-3,5/15/2026,False,5/13/2026 2:54:00 AM,True,5/14/2026 9:27:51 AM
AP03A,1350630,U6XX,616,490950-3,442537-2,5/15/2026,False,5/13/2026 2:54:00 AM,True,5/14/2026 9:27:27 AM
AP03A,1350631,U6XX,616,490950-4,442537-1,5/15/2026,False,5/13/2026 2:54:00 AM,True,5/14/2026 9:27:22 AM
AP03A,1350632,U6XX,617,490951-1,442538-4,5/15/2026,False,5/13/2026 2:57:16 AM,True,5/14/2026 9:33:09 AM
AP03A,1350633,U6XX,617,490951-2,442538-3,5/15/2026,False,5/13/2026 2:57:16 AM,True,5/14/2026 9:33:06 AM
AP03A,1350634,U6XX,617,490951-3,442538-2,5/15/2026,False,5/13/2026 2:57:16 AM,True,5/14/2026 9:30:20 AM
AP03A,1350635,U6XX,617,490951-4,442538-1,5/15/2026,False,5/13/2026 2:57:16 AM,True,5/14/2026 9:30:17 AM
AP03A,1350636,U611-LHTOP,132,489884-3,0-0,5/14/2026,True,5/14/2026 7:59:16 AM,True,5/11/2026 9:10:47 PM
AP03A,1350636,U611-RHTOP,73,489568-3,0-0,5/14/2026,True,5/14/2026 7:59:16 AM,True,5/11/2026 9:34:36 PM
AP03A,1350636,U6XX,618,490964-1,442539-4,5/15/2026,False,5/13/2026 3:03:30 AM,True,5/14/2026 9:37:53 AM
AP03A,1350637,U6XX,618,490964-2,442539-3,5/15/2026,False,5/13/2026 3:03:30 AM,True,5/14/2026 9:35:18 AM
AP03A,1350638,U6XX,618,490964-3,442539-2,5/15/2026,False,5/13/2026 3:03:30 AM,True,5/14/2026 9:35:10 AM
AP03A,1350639,U6XX,618,490964-4,442539-1,5/15/2026,False,5/13/2026 3:03:30 AM,True,5/14/2026 9:33:23 AM
AP03A,1350640,U6XX,619,490965-1,442540-4,5/15/2026,False,5/13/2026 3:09:09 AM,True,5/14/2026 9:40:14 AM
AP03A,1350641,U6XX,619,490965-2,442540-3,5/15/2026,False,5/13/2026 3:09:10 AM,True,5/14/2026 9:39:17 AM
AP03A,1350642,U6XX,619,490965-3,442540-2,5/15/2026,False,5/13/2026 3:09:10 AM,True,5/14/2026 9:39:09 AM
AP03A,1350643,U6XX,619,490965-4,442540-1,5/15/2026,False,5/13/2026 3:09:10 AM,True,5/14/2026 9:37:53 AM
AP03A,1350644,U6XX,620,490966-1,442541-4,5/15/2026,False,5/13/2026 3:12:46 AM,True,5/14/2026 9:44:11 AM
AP03A,1350645,U6XX,620,490966-2,442541-3,5/15/2026,False,5/13/2026 3:12:46 AM,True,5/14/2026 9:42:57 AM
AP03A,1350646,U6XX,620,490966-3,442541-2,5/15/2026,False,5/13/2026 3:12:46 AM,True,5/14/2026 9:42:53 AM
AP03A,1350647,U6XX,620,490966-4,442541-1,5/15/2026,False,5/13/2026 3:12:47 AM,True,5/14/2026 9:41:06 AM
AP03A,1350648,U6XX,621,490967-1,442542-4,5/15/2026,False,5/13/2026 3:16:23 AM,True,5/14/2026 9:47:16 AM
AP03A,1350649,U611-LHTOP,132,489884-4,0-0,5/14/2026,True,5/14/2026 7:59:16 AM,True,5/11/2026 9:12:53 PM
AP03A,1350649,U611-RHTOP,73,489568-4,0-0,5/14/2026,True,5/14/2026 7:59:16 AM,True,5/11/2026 9:41:13 PM
AP03A,1350649,U6XX,621,490967-2,442542-3,5/15/2026,False,5/13/2026 3:16:23 AM,True,5/14/2026 9:47:16 AM
AP03A,1350650,U6XX,621,490967-3,442542-2,5/15/2026,False,5/13/2026 3:16:23 AM,True,5/14/2026 9:46:09 AM
AP03A,1350651,U6XX,621,490967-4,442542-1,5/15/2026,False,5/13/2026 3:16:23 AM,True,5/14/2026 9:44:14 AM
AP03A,1350652,U6XX,622,490968-1,442543-4,5/15/2026,False,5/13/2026 3:19:38 AM,True,5/14/2026 9:50:43 AM
AP03A,1350653,U6XX,622,490968-2,442543-3,5/15/2026,False,5/13/2026 3:19:39 AM,True,5/14/2026 9:49:20 AM
AP03A,1350654,U6XX,622,490968-3,442543-2,5/15/2026,False,5/13/2026 3:19:39 AM,True,5/14/2026 9:49:13 AM
AP03A,1350655,U6XX,622,490968-4,442543-1,5/15/2026,False,5/13/2026 3:19:39 AM,True,5/14/2026 9:47:25 AM
AP03A,1350656,U6XX,623,490969-1,442544-4,5/15/2026,False,5/13/2026 3:23:05 AM,True,5/14/2026 9:54:38 AM
AP03A,1350657,U6XX,623,490969-2,442544-3,5/15/2026,False,5/13/2026 3:23:05 AM,True,5/14/2026 9:53:50 AM
AP03A,1350658,U6XX,623,490969-3,442544-2,5/15/2026,False,5/13/2026 3:23:05 AM,True,5/14/2026 9:53:46 AM
AP03A,1350659,U6XX,623,490969-4,442544-1,5/15/2026,False,5/13/2026 3:23:05 AM,True,5/14/2026 9:52:35 AM
AP03A,1350660,U6XX,624,490970-1,442545-4,5/15/2026,False,5/13/2026 3:26:21 AM,True,5/14/2026 10:05:04 AM
AP03A,1350661,U6XX,624,490970-2,442545-3,5/15/2026,False,5/13/2026 3:26:21 AM,True,5/14/2026 10:03:56 AM
AP03A,1350662,U611-LHTOP,132,489884-5,0-0,5/14/2026,True,5/14/2026 7:59:16 AM,True,5/11/2026 9:16:07 PM
AP03A,1350662,U611-RHTOP,73,489568-5,0-0,5/14/2026,True,5/14/2026 7:59:16 AM,True,5/11/2026 9:44:50 PM
AP03A,1350662,U6XX,624,490970-3,442545-2,5/15/2026,False,5/13/2026 3:26:21 AM,True,5/14/2026 10:03:55 AM
AP03A,1350663,U6XX,624,490970-4,442545-1,5/15/2026,False,5/13/2026 3:26:22 AM,True,5/14/2026 9:55:43 AM
AP03A,1350664,U6XX,625,490971-1,442546-4,5/15/2026,False,5/13/2026 3:30:08 AM,True,5/14/2026 10:08:15 AM
AP03A,1350665,U6XX,625,490971-2,442546-3,5/15/2026,False,5/13/2026 3:30:08 AM,True,5/14/2026 10:07:36 AM
AP03A,1350666,U6XX,625,490971-3,442546-2,5/15/2026,False,5/13/2026 3:30:08 AM,True,5/14/2026 10:07:32 AM
AP03A,1350667,U6XX,625,490971-4,442546-1,5/15/2026,False,5/13/2026 3:30:08 AM,True,5/14/2026 10:05:34 AM
AP03A,1350668,U6XX,626,490972-1,442547-4,5/15/2026,False,5/13/2026 3:34:04 AM,True,5/14/2026 10:11:18 AM
AP03A,1350669,U6XX,626,490972-2,442547-3,5/15/2026,False,5/13/2026 3:34:05 AM,True,5/14/2026 10:10:29 AM
AP03A,1350670,U6XX,626,490972-3,442547-2,5/15/2026,False,5/13/2026 3:34:05 AM,True,5/14/2026 10:09:52 AM
AP03A,1350671,U6XX,626,490972-4,442547-1,5/15/2026,False,5/13/2026 3:34:06 AM,True,5/14/2026 10:09:01 AM
AP03A,1350672,U6XX,627,490973-1,442548-4,5/15/2026,False,5/13/2026 3:38:12 AM,True,5/14/2026 10:14:56 AM
AP03A,1350673,U6XX,627,490973-2,442548-3,5/15/2026,False,5/13/2026 3:38:12 AM,True,5/14/2026 10:13:58 AM
AP03A,1350674,U6XX,627,490973-3,442548-2,5/15/2026,False,5/13/2026 3:38:12 AM,True,5/14/2026 10:13:50 AM
AP03A,1350675,U611-LHTOP,132,489884-6,0-0,5/14/2026,True,5/14/2026 7:59:16 AM,True,5/11/2026 9:33:07 PM
AP03A,1350675,U611-RHTOP,73,489568-6,0-0,5/14/2026,True,5/14/2026 7:59:16 AM,True,5/11/2026 9:51:01 PM
AP03A,1350675,U6XX,627,490973-4,442548-1,5/15/2026,False,5/13/2026 3:38:13 AM,True,5/14/2026 10:13:50 AM
AP03A,1350676,U6XX,628,490974-1,442549-4,5/15/2026,False,5/13/2026 3:41:28 AM,True,5/14/2026 10:18:18 AM
AP03A,1350677,U6XX,628,490974-2,442549-3,5/15/2026,False,5/13/2026 3:41:28 AM,True,5/14/2026 10:17:52 AM
AP03A,1350678,U6XX,628,490974-3,442549-2,5/15/2026,False,5/13/2026 3:41:28 AM,True,5/14/2026 10:16:34 AM
AP03A,1350679,U6XX,628,490974-4,442549-1,5/15/2026,False,5/13/2026 3:41:29 AM,True,5/14/2026 10:15:36 AM
AP03A,1350680,U6XX,629,490975-1,442550-4,5/15/2026,False,5/13/2026 3:44:35 AM,True,5/14/2026 10:22:32 AM
AP03A,1350681,U6XX,629,490975-2,442550-3,5/15/2026,False,5/13/2026 3:44:35 AM,True,5/14/2026 10:22:29 AM
AP03A,1350682,U6XX,629,490975-3,442550-2,5/15/2026,False,5/13/2026 3:44:35 AM,True,5/14/2026 10:22:26 AM
AP03A,1350683,U6XX,629,490975-4,442550-1,5/15/2026,False,5/13/2026 3:44:35 AM,True,5/14/2026 10:19:07 AM
AP03A,1350684,U6XX,630,490976-1,442551-4,5/15/2026,False,5/13/2026 3:48:01 AM,True,5/14/2026 10:24:53 AM
AP03A,1350685,U6XX,630,490976-2,442551-3,5/15/2026,False,5/13/2026 3:48:01 AM,True,5/14/2026 10:24:33 AM
AP03A,1350686,U6XX,630,490976-3,442551-2,5/15/2026,False,5/13/2026 3:48:02 AM,True,5/14/2026 10:23:42 AM
AP03A,1350687,U6XX,630,490976-4,442551-1,5/15/2026,False,5/13/2026 3:48:03 AM,True,5/14/2026 10:23:33 AM
AP03A,1350688,U611-LHTOP,132,489884-7,0-0,5/15/2026,True,5/14/2026 7:59:16 AM,True,5/11/2026 9:34:45 PM
AP03A,1350688,U611-RHTOP,73,489568-7,0-0,5/15/2026,True,5/14/2026 7:59:16 AM,True,5/11/2026 10:07:24 PM
AP03A,1350688,U6XX,631,490977-1,442552-4,5/15/2026,False,5/13/2026 3:51:28 AM,True,5/14/2026 10:30:15 AM
AP03A,1350689,U6XX,631,490977-2,442552-3,5/15/2026,False,5/13/2026 3:51:28 AM,True,5/14/2026 10:28:23 AM
AP03A,1350690,U6XX,631,490977-3,442552-2,5/15/2026,False,5/13/2026 3:51:28 AM,True,5/14/2026 10:27:24 AM
AP03A,1350691,U6XX,631,490977-4,442552-1,5/15/2026,False,5/13/2026 3:51:28 AM,True,5/14/2026 10:25:38 AM
AP03A,1350692,U6XX,632,490978-1,442553-4,5/15/2026,False,5/13/2026 3:54:33 AM,True,5/14/2026 10:32:44 AM
AP03A,1350693,U6XX,632,490978-2,442553-3,5/15/2026,False,5/13/2026 3:54:33 AM,True,5/14/2026 10:31:56 AM
AP03A,1350694,U6XX,632,490978-3,442553-2,5/15/2026,False,5/13/2026 3:54:33 AM,True,5/14/2026 10:31:26 AM
AP03A,1350695,U6XX,632,490978-4,442553-1,5/15/2026,False,5/13/2026 3:54:33 AM,True,5/14/2026 10:30:16 AM
AP03A,1350696,U6XX,633,490979-1,442554-4,5/15/2026,False,5/13/2026 3:58:29 AM,True,5/14/2026 10:36:27 AM
AP03A,1350697,U6XX,633,490979-2,442554-3,5/15/2026,False,5/13/2026 3:58:29 AM,True,5/14/2026 10:34:51 AM
AP03A,1350698,U6XX,633,490979-3,442554-2,5/15/2026,False,5/13/2026 3:58:29 AM,True,5/14/2026 10:34:15 AM
AP03A,1350699,U6XX,633,490979-4,442554-1,5/15/2026,False,5/13/2026 3:58:30 AM,True,5/14/2026 10:33:24 AM
AP03A,1350700,U611-LHTOP,132,489884-8,0-0,5/15/2026,True,5/14/2026 7:59:16 AM,True,5/11/2026 9:36:35 PM
AP03A,1350700,U611-RHTOP,73,489568-8,0-0,5/15/2026,True,5/14/2026 7:59:16 AM,True,5/11/2026 10:14:31 PM
AP03A,1350700,U6XX,634,490980-1,442555-4,5/15/2026,False,5/13/2026 4:08:03 AM,True,5/14/2026 10:40:02 AM
AP03A,1350701,U6XX,634,490980-2,442555-3,5/15/2026,False,5/13/2026 4:08:03 AM,True,5/14/2026 10:38:16 AM
AP03A,1350702,U6XX,634,490980-3,442555-2,5/15/2026,False,5/13/2026 4:08:03 AM,True,5/14/2026 10:37:25 AM
AP03A,1350703,U6XX,634,490980-4,442555-1,5/15/2026,False,5/13/2026 4:08:03 AM,True,5/14/2026 10:36:32 AM
AP03A,1350704,U6XX,635,490981-1,442556-4,5/15/2026,False,5/13/2026 4:11:28 AM,True,5/14/2026 10:43:31 AM
AP03A,1350705,U6XX,635,490981-2,442556-3,5/15/2026,False,5/13/2026 4:11:28 AM,True,5/14/2026 10:42:34 AM
AP03A,1350706,U6XX,635,490981-3,442556-2,5/15/2026,False,5/13/2026 4:11:28 AM,True,5/14/2026 10:42:27 AM
AP03A,1350707,U6XX,635,490981-4,442556-1,5/15/2026,False,5/13/2026 4:11:28 AM,True,5/14/2026 10:40:03 AM
AP03A,1350708,U6XX,636,490982-1,442557-4,5/15/2026,False,5/13/2026 4:14:42 AM,True,5/14/2026 10:45:49 AM
AP03A,1350709,U6XX,636,490982-2,442557-3,5/15/2026,False,5/13/2026 4:14:43 AM,True,5/14/2026 10:45:18 AM
AP03A,1350710,U6XX,636,490982-3,442557-2,5/15/2026,False,5/13/2026 4:14:43 AM,True,5/14/2026 10:44:17 AM
AP03A,1350711,U6XX,636,490982-4,442557-1,5/15/2026,False,5/13/2026 4:14:43 AM,True,5/14/2026 10:43:49 AM
AP03A,1350712,U6XX,637,490983-1,442558-4,5/15/2026,False,5/13/2026 4:17:58 AM,True,5/14/2026 10:49:11 AM
AP03A,1350713,U611-LHTOP,132,489884-9,0-0,5/15/2026,True,5/14/2026 7:59:16 AM,True,5/11/2026 9:37:55 PM
AP03A,1350713,U611-RHTOP,73,489568-9,0-0,5/15/2026,True,5/14/2026 7:59:16 AM,True,5/11/2026 10:22:21 PM
AP03A,1350713,U6XX,637,490983-2,442558-3,5/15/2026,False,5/13/2026 4:17:58 AM,True,5/14/2026 10:49:11 AM
AP03A,1350714,U6XX,637,490983-3,442558-2,5/15/2026,False,5/13/2026 4:17:58 AM,True,5/14/2026 10:47:18 AM
AP03A,1350715,U6XX,637,490983-4,442558-1,5/15/2026,False,5/13/2026 4:17:58 AM,True,5/14/2026 10:46:42 AM
AP03A,1350716,U6XX,638,490984-1,442559-4,5/15/2026,False,5/13/2026 4:21:03 AM,True,5/14/2026 10:53:38 AM
AP03A,1350717,U6XX,638,490984-2,442559-3,5/15/2026,False,5/13/2026 4:21:03 AM,True,5/14/2026 10:52:29 AM
AP03A,1350718,U6XX,638,490984-3,442559-2,5/15/2026,False,5/13/2026 4:21:03 AM,True,5/14/2026 10:51:41 AM
AP03A,1350719,U6XX,638,490984-4,442559-1,5/15/2026,False,5/13/2026 4:21:03 AM,True,5/14/2026 10:50:13 AM
AP03A,1350720,U6XX,639,490985-1,442560-4,5/15/2026,False,5/13/2026 4:24:38 AM,True,5/14/2026 10:56:54 AM
AP03A,1350721,U6XX,639,490985-2,442560-3,5/15/2026,False,5/13/2026 4:24:39 AM,True,5/14/2026 10:55:52 AM
AP03A,1350722,U6XX,639,490985-3,442560-2,5/15/2026,False,5/13/2026 4:24:39 AM,True,5/14/2026 10:55:19 AM
AP03A,1350723,U6XX,639,490985-4,442560-1,5/15/2026,False,5/13/2026 4:24:39 AM,True,5/14/2026 10:54:13 AM
AP03A,1350724,U6XX,640,490987-1,-,5/15/2026,False,5/13/2026 6:07:46 AM,False,5/13/2026 6:07:46 AM
AP03A,1350725,U6XX,640,490987-2,-,5/15/2026,False,5/13/2026 6:07:46 AM,False,5/13/2026 6:07:46 AM
AP03A,1350726,U611-LHTOP,132,489884-10,0-0,5/15/2026,True,5/14/2026 7:59:16 AM,True,5/11/2026 9:39:33 PM
AP03A,1350726,U611-RHTOP,73,489568-10,0-0,5/15/2026,True,5/14/2026 7:59:16 AM,True,5/11/2026 10:26:54 PM
AP03A,1350726,U6XX,640,490987-3,-,5/15/2026,False,5/13/2026 6:07:46 AM,False,5/13/2026 6:07:46 AM
AP03A,1350727,U6XX,640,490987-4,-,5/15/2026,False,5/13/2026 6:07:47 AM,False,5/13/2026 6:07:47 AM
AP03A,1350728,U6XX,641,490989-1,-,5/15/2026,False,5/13/2026 6:11:06 AM,False,5/13/2026 6:11:06 AM
AP03A,1350729,U6XX,641,490989-2,-,5/15/2026,False,5/13/2026 6:11:06 AM,False,5/13/2026 6:11:06 AM
AP03A,1350730,U6XX,641,490989-3,-,5/15/2026,False,5/13/2026 6:11:06 AM,False,5/13/2026 6:11:06 AM
AP03A,1350731,U6XX,641,490989-4,-,5/15/2026,False,5/13/2026 6:11:06 AM,False,5/13/2026 6:11:06 AM
AP03A,1350732,U6XX,642,490990-1,-,5/15/2026,False,5/13/2026 6:14:20 AM,False,5/13/2026 6:14:20 AM
AP03A,1350733,U6XX,642,490990-2,-,5/15/2026,False,5/13/2026 6:14:20 AM,False,5/13/2026 6:14:20 AM
AP03A,1350734,U6XX,642,490990-3,-,5/15/2026,False,5/13/2026 6:14:20 AM,False,5/13/2026 6:14:20 AM
AP03A,1350735,U6XX,642,490990-4,-,5/15/2026,False,5/13/2026 6:14:21 AM,False,5/13/2026 6:14:21 AM
AP03A,1350736,U6XX,643,490991-1,-,5/15/2026,False,5/13/2026 6:17:35 AM,False,5/13/2026 6:17:35 AM
AP03A,1350737,U6XX,643,490991-2,-,5/15/2026,False,5/13/2026 6:17:35 AM,False,5/13/2026 6:17:35 AM
AP03A,1350738,U6XX,643,490991-3,-,5/15/2026,False,5/13/2026 6:17:35 AM,False,5/13/2026 6:17:35 AM
AP03A,1350739,U611-LHTOP,132,489884-11,0-0,5/15/2026,True,5/14/2026 7:59:16 AM,True,5/11/2026 9:41:06 PM
AP03A,1350739,U611-RHTOP,73,489568-11,0-0,5/15/2026,True,5/14/2026 7:59:16 AM,True,5/11/2026 10:33:25 PM
AP03A,1350739,U6XX,643,490991-4,-,5/15/2026,False,5/13/2026 6:17:35 AM,False,5/13/2026 6:17:35 AM
AP03A,1350740,U6XX,644,490992-1,-,5/15/2026,False,5/13/2026 6:20:43 AM,False,5/13/2026 6:20:43 AM
AP03A,1350741,U6XX,644,490992-2,-,5/15/2026,False,5/13/2026 6:20:43 AM,False,5/13/2026 6:20:43 AM
AP03A,1350742,U6XX,644,490992-3,-,5/15/2026,False,5/13/2026 6:20:43 AM,False,5/13/2026 6:20:43 AM
AP03A,1350743,U6XX,644,490992-4,-,5/15/2026,False,5/13/2026 6:20:43 AM,False,5/13/2026 6:20:43 AM
AP03A,1350744,U6XX,645,490993-1,-,5/15/2026,False,5/13/2026 6:23:57 AM,False,5/13/2026 6:23:57 AM
AP03A,1350745,U6XX,645,490993-2,-,5/15/2026,False,5/13/2026 6:23:58 AM,False,5/13/2026 6:23:58 AM
AP03A,1350746,U6XX,645,490993-3,-,5/15/2026,False,5/13/2026 6:23:58 AM,False,5/13/2026 6:23:58 AM
AP03A,1350747,U6XX,645,490993-4,-,5/15/2026,False,5/13/2026 6:23:58 AM,False,5/13/2026 6:23:58 AM
AP03A,1350748,U6XX,646,490994-1,-,5/15/2026,False,5/13/2026 6:28:24 AM,False,5/13/2026 6:28:24 AM
AP03A,1350749,U6XX,646,490994-2,-,5/15/2026,False,5/13/2026 6:28:25 AM,False,5/13/2026 6:28:25 AM
AP03A,1350750,U6XX,646,490994-3,-,5/15/2026,False,5/13/2026 6:28:25 AM,False,5/13/2026 6:28:25 AM
AP03A,1350751,U6XX,646,490994-4,-,5/15/2026,False,5/13/2026 6:28:25 AM,False,5/13/2026 6:28:25 AM
AP03A,1350752,U611-LHTOP,132,489884-12,0-0,5/15/2026,True,5/14/2026 7:59:16 AM,True,5/11/2026 9:42:46 PM
AP03A,1350752,U611-RHTOP,73,489568-12,0-0,5/15/2026,True,5/14/2026 7:59:16 AM,True,5/11/2026 10:39:01 PM
AP03A,1350752,U6XX,647,490995-1,-,5/15/2026,False,5/13/2026 6:31:09 AM,False,5/13/2026 6:31:09 AM
AP03A,1350753,U6XX,647,490995-2,-,5/15/2026,False,5/13/2026 6:31:09 AM,False,5/13/2026 6:31:09 AM
AP03A,1350754,U6XX,647,490995-3,-,5/15/2026,False,5/13/2026 6:31:09 AM,False,5/13/2026 6:31:09 AM
AP03A,1350755,U6XX,647,490995-4,-,5/15/2026,False,5/13/2026 6:31:09 AM,False,5/13/2026 6:31:09 AM
AP03A,1350756,U6XX,648,490996-1,-,5/15/2026,False,5/13/2026 6:34:55 AM,False,5/13/2026 6:34:55 AM
AP03A,1350757,U6XX,648,490996-2,-,5/15/2026,False,5/13/2026 6:34:55 AM,False,5/13/2026 6:34:55 AM
AP03A,1350758,U6XX,648,490996-3,-,5/15/2026,False,5/13/2026 6:34:55 AM,False,5/13/2026 6:34:55 AM
AP03A,1350759,U6XX,648,490996-4,-,5/15/2026,False,5/13/2026 6:34:55 AM,False,5/13/2026 6:34:55 AM
AP03A,1350760,U6XX,649,490998-1,-,5/15/2026,False,5/13/2026 6:38:04 AM,False,5/13/2026 6:38:04 AM
AP03A,1350761,U6XX,649,490998-2,-,5/15/2026,False,5/13/2026 6:38:04 AM,False,5/13/2026 6:38:04 AM
AP03A,1350762,U6XX,649,490998-3,-,5/15/2026,False,5/13/2026 6:38:04 AM,False,5/13/2026 6:38:04 AM
AP03A,1350763,U6XX,649,490998-4,-,5/15/2026,False,5/13/2026 6:38:04 AM,False,5/13/2026 6:38:04 AM
AP03A,1350764,U6XX,650,490999-1,-,5/15/2026,False,5/13/2026 6:41:39 AM,False,5/13/2026 6:41:39 AM
AP03A,1350765,U611-LHTOP,133,490108-1,0-0,5/15/2026,True,5/14/2026 7:59:16 AM,True,5/11/2026 9:44:46 PM
AP03A,1350765,U611-RHTOP,73,489568-13,0-0,5/15/2026,True,5/14/2026 7:59:16 AM,True,5/11/2026 10:51:26 PM
AP03A,1350765,U6XX,650,490999-2,-,5/15/2026,False,5/13/2026 6:41:39 AM,False,5/13/2026 6:41:39 AM
AP03A,1350766,U6XX,650,490999-3,-,5/15/2026,False,5/13/2026 6:41:39 AM,False,5/13/2026 6:41:39 AM
AP03A,1350767,U6XX,650,490999-4,-,5/15/2026,False,5/13/2026 6:41:40 AM,False,5/13/2026 6:41:40 AM
AP03A,1350768,U6XX,651,491000-1,-,5/15/2026,False,5/13/2026 6:44:54 AM,False,5/13/2026 6:44:54 AM
AP03A,1350769,U6XX,651,491000-2,-,5/15/2026,False,5/13/2026 6:44:54 AM,False,5/13/2026 6:44:54 AM
AP03A,1350770,U6XX,651,491000-3,-,5/15/2026,False,5/13/2026 6:44:54 AM,False,5/13/2026 6:44:54 AM
AP03A,1350771,U6XX,651,491000-4,-,5/15/2026,False,5/13/2026 6:44:54 AM,False,5/13/2026 6:44:54 AM
AP03A,1350772,U6XX,652,491001-1,-,5/15/2026,False,5/13/2026 6:47:59 AM,False,5/13/2026 6:47:59 AM
AP03A,1350773,U6XX,652,491001-2,-,5/15/2026,False,5/13/2026 6:47:59 AM,False,5/13/2026 6:47:59 AM
AP03A,1350774,U6XX,652,491001-3,-,5/15/2026,False,5/13/2026 6:47:59 AM,False,5/13/2026 6:47:59 AM
AP03A,1350775,U6XX,652,491001-4,-,5/15/2026,False,5/13/2026 6:47:59 AM,False,5/13/2026 6:47:59 AM
AP03A,1350776,U6XX,653,491002-1,-,5/15/2026,False,5/13/2026 7:05:00 AM,False,5/13/2026 7:05:00 AM
AP03A,1350777,U6XX,653,491002-2,-,5/15/2026,False,5/13/2026 7:05:00 AM,False,5/13/2026 7:05:00 AM
AP03A,1350778,U611-LHTOP,133,490108-2,0-0,5/15/2026,True,5/14/2026 7:59:16 AM,True,5/11/2026 9:53:00 PM
AP03A,1350778,U611-RHTOP,73,489568-14,0-0,5/15/2026,True,5/14/2026 7:59:16 AM,True,5/11/2026 10:57:43 PM
AP03A,1350778,U6XX,653,491002-3,-,5/15/2026,False,5/13/2026 7:05:00 AM,False,5/13/2026 7:05:00 AM
AP03A,1350779,U6XX,653,491002-4,-,5/15/2026,False,5/13/2026 7:05:01 AM,False,5/13/2026 7:05:01 AM
AP03A,1350780,U6XX,654,491003-1,-,5/15/2026,False,5/13/2026 7:09:06 AM,False,5/13/2026 7:09:06 AM
AP03A,1350781,U6XX,654,491003-2,-,5/15/2026,False,5/13/2026 7:09:06 AM,False,5/13/2026 7:09:06 AM
AP03A,1350782,U6XX,654,491003-3,-,5/15/2026,False,5/13/2026 7:09:06 AM,False,5/13/2026 7:09:06 AM
AP03A,1350783,U6XX,654,491003-4,-,5/15/2026,False,5/13/2026 7:09:07 AM,False,5/13/2026 7:09:07 AM
AP03A,1350784,U6XX,655,491004-1,-,5/15/2026,False,5/13/2026 7:12:33 AM,False,5/13/2026 7:12:33 AM
AP03A,1350785,U6XX,655,491004-2,-,5/15/2026,False,5/13/2026 7:12:33 AM,False,5/13/2026 7:12:33 AM
AP03A,1350786,U6XX,655,491004-3,-,5/15/2026,False,5/13/2026 7:12:33 AM,False,5/13/2026 7:12:33 AM
AP03A,1350787,U6XX,655,491004-4,-,5/15/2026,False,5/13/2026 7:12:34 AM,False,5/13/2026 7:12:34 AM
AP03A,1350788,U6XX,656,491005-1,-,5/15/2026,False,5/13/2026 7:15:49 AM,False,5/13/2026 7:15:49 AM
AP03A,1350789,U6XX,656,491005-2,-,5/15/2026,False,5/13/2026 7:15:49 AM,False,5/13/2026 7:15:49 AM
AP03A,1350790,U6XX,656,491005-3,-,5/15/2026,False,5/13/2026 7:15:49 AM,False,5/13/2026 7:15:49 AM
AP03A,1350791,U611-LHTOP,133,490108-3,0-0,5/15/2026,True,5/14/2026 7:59:16 AM,True,5/11/2026 9:55:24 PM
AP03A,1350791,U611-RHTOP,73,489568-15,0-0,5/15/2026,True,5/14/2026 7:59:16 AM,True,5/11/2026 11:34:39 PM
AP03A,1350791,U6XX,656,491005-4,-,5/15/2026,False,5/13/2026 7:15:49 AM,False,5/13/2026 7:15:49 AM
AP03A,1350792,U6XX,657,491006-1,-,5/15/2026,False,5/13/2026 7:18:53 AM,False,5/13/2026 7:18:53 AM
AP03A,1350793,U6XX,657,491006-2,-,5/15/2026,False,5/13/2026 7:18:53 AM,False,5/13/2026 7:18:53 AM
AP03A,1350794,U6XX,657,491006-3,-,5/15/2026,False,5/13/2026 7:18:53 AM,False,5/13/2026 7:18:53 AM
AP03A,1350795,U6XX,657,491006-4,-,5/15/2026,False,5/13/2026 7:18:53 AM,False,5/13/2026 7:18:53 AM
AP03A,1350796,U6XX,658,491007-1,-,5/15/2026,False,5/13/2026 7:22:08 AM,False,5/13/2026 7:22:08 AM
AP03A,1350797,U6XX,658,491007-2,-,5/15/2026,False,5/13/2026 7:22:08 AM,False,5/13/2026 7:22:08 AM
AP03A,1350798,U6XX,658,491007-3,-,5/15/2026,False,5/13/2026 7:22:08 AM,False,5/13/2026 7:22:08 AM
AP03A,1350799,U6XX,658,491007-4,-,5/15/2026,False,5/13/2026 7:22:08 AM,False,5/13/2026 7:22:08 AM
AP03A,1350800,U6XX,659,491008-1,-,5/15/2026,False,5/13/2026 7:25:43 AM,False,5/13/2026 7:25:43 AM
AP03A,1350801,U6XX,659,491008-2,-,5/15/2026,False,5/13/2026 7:25:43 AM,False,5/13/2026 7:25:43 AM
AP03A,1350802,U6XX,659,491008-3,-,5/15/2026,False,5/13/2026 7:25:43 AM,False,5/13/2026 7:25:43 AM
AP03A,1350803,U6XX,659,491008-4,-,5/15/2026,False,5/13/2026 7:25:44 AM,False,5/13/2026 7:25:44 AM
AP03A,1350804,U611-LHTOP,133,490108-4,0-0,5/15/2026,True,5/14/2026 7:59:16 AM,True,5/11/2026 9:57:58 PM
AP03A,1350804,U611-RHTOP,73,489568-16,0-0,5/15/2026,True,5/14/2026 7:59:16 AM,True,5/11/2026 11:38:56 PM
AP03A,1350804,U6XX,660,491009-1,-,5/15/2026,False,5/13/2026 7:28:48 AM,False,5/13/2026 7:28:48 AM
AP03A,1350805,U6XX,660,491009-2,-,5/15/2026,False,5/13/2026 7:28:48 AM,False,5/13/2026 7:28:48 AM
AP03A,1350806,U6XX,660,491009-3,-,5/15/2026,False,5/13/2026 7:28:48 AM,False,5/13/2026 7:28:48 AM
AP03A,1350807,U6XX,660,491009-4,-,5/15/2026,False,5/13/2026 7:28:48 AM,False,5/13/2026 7:28:48 AM
AP03A,1350808,U6XX,661,491010-1,-,5/15/2026,False,5/13/2026 7:32:13 AM,False,5/13/2026 7:32:13 AM
AP03A,1350809,U6XX,661,491010-2,-,5/15/2026,False,5/13/2026 7:32:13 AM,False,5/13/2026 7:32:13 AM
AP03A,1350810,U6XX,661,491010-3,-,5/15/2026,False,5/13/2026 7:32:13 AM,False,5/13/2026 7:32:13 AM
AP03A,1350811,U6XX,661,491010-4,-,5/15/2026,False,5/13/2026 7:32:13 AM,False,5/13/2026 7:32:13 AM
AP03A,1350812,U6XX,662,491011-1,-,5/15/2026,False,5/13/2026 7:35:49 AM,False,5/13/2026 7:35:49 AM
AP03A,1350813,U6XX,662,491011-2,-,5/15/2026,False,5/13/2026 7:35:49 AM,False,5/13/2026 7:35:49 AM
AP03A,1350814,U6XX,662,491011-3,-,5/15/2026,False,5/13/2026 7:35:49 AM,False,5/13/2026 7:35:49 AM
AP03A,1350815,U6XX,662,491011-4,-,5/15/2026,False,5/13/2026 7:35:49 AM,False,5/13/2026 7:35:49 AM
AP03A,1350816,U6XX,663,491012-1,-,5/15/2026,False,5/13/2026 7:38:43 AM,False,5/13/2026 7:38:43 AM
AP03A,1350817,U611-LHTOP,133,490108-5,0-0,5/15/2026,True,5/14/2026 7:59:16 AM,True,5/11/2026 10:08:56 PM
AP03A,1350817,U611-RHTOP,73,489568-17,0-0,5/15/2026,True,5/14/2026 7:59:16 AM,True,5/11/2026 11:43:57 PM
AP03A,1350817,U6XX,663,491012-2,-,5/15/2026,False,5/13/2026 7:38:43 AM,False,5/13/2026 7:38:43 AM
AP03A,1350818,U6XX,663,491012-3,-,5/15/2026,False,5/13/2026 7:38:43 AM,False,5/13/2026 7:38:43 AM
AP03A,1350819,U6XX,663,491012-4,-,5/15/2026,False,5/13/2026 7:38:44 AM,False,5/13/2026 7:38:44 AM
AP03A,1350820,U6XX,664,491014-1,-,5/15/2026,False,5/13/2026 7:42:02 AM,False,5/13/2026 7:42:02 AM
AP03A,1350821,U6XX,664,491014-2,-,5/15/2026,False,5/13/2026 7:42:03 AM,False,5/13/2026 7:42:03 AM
AP03A,1350822,U6XX,664,491014-3,-,5/15/2026,False,5/13/2026 7:42:03 AM,False,5/13/2026 7:42:03 AM
AP03A,1350823,U6XX,664,491014-4,-,5/15/2026,False,5/13/2026 7:42:03 AM,False,5/13/2026 7:42:03 AM
AP03A,1350824,U6XX,665,491015-1,-,5/15/2026,False,5/13/2026 7:45:09 AM,False,5/13/2026 7:45:09 AM
AP03A,1350825,U6XX,665,491015-2,-,5/15/2026,False,5/13/2026 7:45:09 AM,False,5/13/2026 7:45:09 AM
AP03A,1350826,U6XX,665,491015-3,-,5/15/2026,False,5/13/2026 7:45:09 AM,False,5/13/2026 7:45:09 AM
AP03A,1350827,U6XX,665,491015-4,-,5/15/2026,False,5/13/2026 7:45:10 AM,False,5/13/2026 7:45:10 AM
AP03A,1350828,U6XX,666,491016-1,-,5/15/2026,False,5/13/2026 7:48:16 AM,False,5/13/2026 7:48:16 AM
AP03A,1350829,U611-LHTOP,133,490108-6,0-0,5/15/2026,True,5/14/2026 7:59:16 AM,True,5/11/2026 10:10:47 PM
AP03A,1350829,U611-RHTOP,73,489568-18,0-0,5/15/2026,True,5/14/2026 7:59:16 AM,True,5/11/2026 11:52:24 PM
AP03A,1350829,U6XX,666,491016-2,-,5/15/2026,False,5/13/2026 7:48:17 AM,False,5/13/2026 7:48:17 AM
AP03A,1350830,U6XX,666,491016-3,-,5/15/2026,False,5/13/2026 7:48:17 AM,False,5/13/2026 7:48:17 AM
AP03A,1350831,U6XX,666,491016-4,-,5/15/2026,False,5/13/2026 7:48:17 AM,False,5/13/2026 7:48:17 AM
AP03A,1350832,U6XX,667,491017-1,-,5/15/2026,False,5/13/2026 7:51:33 AM,False,5/13/2026 7:51:33 AM
AP03A,1350833,U6XX,667,491017-2,-,5/15/2026,False,5/13/2026 7:51:33 AM,False,5/13/2026 7:51:33 AM
AP03A,1350834,U6XX,667,491017-3,-,5/15/2026,False,5/13/2026 7:51:34 AM,False,5/13/2026 7:51:34 AM
AP03A,1350835,U6XX,667,491017-4,-,5/15/2026,False,5/13/2026 7:51:34 AM,False,5/13/2026 7:51:34 AM
AP03A,1350836,U6XX,668,491018-1,-,5/15/2026,False,5/13/2026 7:54:59 AM,False,5/13/2026 7:54:59 AM
AP03A,1350837,U6XX,668,491018-2,-,5/15/2026,False,5/13/2026 7:54:59 AM,False,5/13/2026 7:54:59 AM
AP03A,1350838,U6XX,668,491018-3,-,5/15/2026,False,5/13/2026 7:54:59 AM,False,5/13/2026 7:54:59 AM
AP03A,1350839,U6XX,668,491018-4,-,5/15/2026,False,5/13/2026 7:55:00 AM,False,5/13/2026 7:55:00 AM
AP03A,1350840,U6XX,669,491020-1,-,5/15/2026,False,5/13/2026 8:03:07 AM,False,5/13/2026 8:03:07 AM
AP03A,1350841,U6XX,669,491020-2,-,5/15/2026,False,5/13/2026 8:03:07 AM,False,5/13/2026 8:03:07 AM
AP03A,1350842,U611-LHTOP,133,490108-7,0-0,5/15/2026,True,5/14/2026 7:59:16 AM,True,5/11/2026 10:13:36 PM
AP03A,1350842,U611-RHTOP,73,489568-19,0-0,5/15/2026,True,5/14/2026 7:59:16 AM,True,5/12/2026 12:01:11 AM
AP03A,1350842,U6XX,669,491020-3,-,5/15/2026,False,5/13/2026 8:03:07 AM,False,5/13/2026 8:03:07 AM
AP03A,1350843,U6XX,669,491020-4,-,5/15/2026,False,5/13/2026 8:03:07 AM,False,5/13/2026 8:03:07 AM
AP03A,1350844,U6XX,670,491021-1,-,5/15/2026,False,5/13/2026 8:06:32 AM,False,5/13/2026 8:06:32 AM
AP03A,1350845,U6XX,670,491021-2,-,5/15/2026,False,5/13/2026 8:06:32 AM,False,5/13/2026 8:06:32 AM
AP03A,1350846,U6XX,670,491021-3,-,5/15/2026,False,5/13/2026 8:06:32 AM,False,5/13/2026 8:06:32 AM
AP03A,1350847,U6XX,670,491021-4,-,5/15/2026,False,5/13/2026 8:06:33 AM,False,5/13/2026 8:06:33 AM
AP03A,1350848,U6XX,671,491022-1,-,5/15/2026,False,5/13/2026 8:09:39 AM,False,5/13/2026 8:09:39 AM
AP03A,1350849,U6XX,671,491022-2,-,5/15/2026,False,5/13/2026 8:09:40 AM,False,5/13/2026 8:09:40 AM
AP03A,1350850,U6XX,671,491022-3,-,5/15/2026,False,5/13/2026 8:09:40 AM,False,5/13/2026 8:09:40 AM
AP03A,1350851,U6XX,671,491022-4,-,5/15/2026,False,5/13/2026 8:09:40 AM,False,5/13/2026 8:09:40 AM
AP03A,1350852,U6XX,672,491023-1,-,5/15/2026,False,5/13/2026 8:12:54 AM,False,5/13/2026 8:12:54 AM
AP03A,1350853,U6XX,672,491023-2,-,5/15/2026,False,5/13/2026 8:12:54 AM,False,5/13/2026 8:12:54 AM
AP03A,1350854,U6XX,672,491023-3,-,5/15/2026,False,5/13/2026 8:12:55 AM,False,5/13/2026 8:12:55 AM
AP03A,1350855,U611-LHTOP,133,490108-8,0-0,5/15/2026,True,5/14/2026 7:59:16 AM,True,5/11/2026 10:18:58 PM
AP03A,1350855,U611-RHTOP,73,489568-20,0-0,5/15/2026,True,5/14/2026 7:59:16 AM,True,5/12/2026 12:08:03 AM
AP03A,1350855,U6XX,672,491023-4,-,5/15/2026,False,5/13/2026 8:12:55 AM,False,5/13/2026 8:12:55 AM
AP03A,1350856,U6XX,673,491024-1,-,5/15/2026,False,5/13/2026 8:36:57 AM,False,5/13/2026 8:36:57 AM
AP03A,1350857,U6XX,673,491024-2,-,5/15/2026,False,5/13/2026 8:36:57 AM,False,5/13/2026 8:36:57 AM
AP03A,1350858,U6XX,673,491024-3,-,5/15/2026,False,5/13/2026 8:36:57 AM,False,5/13/2026 8:36:57 AM
AP03A,1350859,U6XX,673,491024-4,-,5/15/2026,False,5/13/2026 8:36:57 AM,False,5/13/2026 8:36:57 AM
AP03A,1350860,U6XX,674,491025-1,-,5/15/2026,False,5/13/2026 8:40:32 AM,False,5/13/2026 8:40:32 AM
AP03A,1350861,U6XX,674,491025-2,-,5/15/2026,False,5/13/2026 8:40:32 AM,False,5/13/2026 8:40:32 AM
AP03A,1350862,U6XX,674,491025-3,-,5/15/2026,False,5/13/2026 8:40:32 AM,False,5/13/2026 8:40:32 AM
AP03A,1350863,U6XX,674,491025-4,-,5/15/2026,False,5/13/2026 8:40:33 AM,False,5/13/2026 8:40:33 AM
AP03A,1350864,U6XX,675,491026-1,-,5/15/2026,False,5/13/2026 8:43:48 AM,False,5/13/2026 8:43:48 AM
AP03A,1350865,U6XX,675,491026-2,-,5/15/2026,False,5/13/2026 8:43:48 AM,False,5/13/2026 8:43:48 AM
AP03A,1350866,U6XX,675,491026-3,-,5/15/2026,False,5/13/2026 8:43:48 AM,False,5/13/2026 8:43:48 AM
AP03A,1350867,U6XX,675,491026-4,-,5/15/2026,False,5/13/2026 8:43:49 AM,False,5/13/2026 8:43:49 AM
AP03A,1350868,U611-LHTOP,133,490108-9,0-0,5/15/2026,True,5/14/2026 7:59:16 AM,True,5/11/2026 10:20:34 PM
AP03A,1350868,U611-RHTOP,73,489568-21,0-0,5/15/2026,True,5/14/2026 7:59:16 AM,True,5/12/2026 12:20:32 AM
AP03A,1350868,U6XX,676,491027-1,-,5/15/2026,False,5/13/2026 8:47:46 AM,False,5/13/2026 8:47:46 AM
AP03A,1350869,U6XX,676,491027-2,-,5/15/2026,False,5/13/2026 8:47:46 AM,False,5/13/2026 8:47:46 AM
AP03A,1350870,U6XX,676,491027-3,-,5/15/2026,False,5/13/2026 8:47:47 AM,False,5/13/2026 8:47:47 AM
AP03A,1350871,U6XX,676,491027-4,-,5/15/2026,False,5/13/2026 8:47:48 AM,False,5/13/2026 8:47:48 AM
AP03A,1350872,U6XX,677,491028-1,-,5/15/2026,False,5/13/2026 8:51:34 AM,False,5/13/2026 8:51:34 AM
AP03A,1350873,U6XX,677,491028-2,-,5/15/2026,False,5/13/2026 8:51:35 AM,False,5/13/2026 8:51:35 AM
AP03A,1350874,U6XX,677,491028-3,-,5/15/2026,False,5/13/2026 8:51:35 AM,False,5/13/2026 8:51:35 AM
AP03A,1350875,U6XX,677,491028-4,-,5/15/2026,False,5/13/2026 8:51:35 AM,False,5/13/2026 8:51:35 AM
AP03A,1350876,U6XX,678,491029-1,-,5/15/2026,False,5/13/2026 8:56:03 AM,False,5/13/2026 8:56:03 AM
AP03A,1350877,U6XX,678,491029-2,-,5/15/2026,False,5/13/2026 8:56:03 AM,False,5/13/2026 8:56:03 AM
AP03A,1350878,U6XX,678,491029-3,-,5/15/2026,False,5/13/2026 8:56:03 AM,False,5/13/2026 8:56:03 AM
AP03A,1350879,U6XX,678,491029-4,-,5/15/2026,False,5/13/2026 8:56:04 AM,False,5/13/2026 8:56:04 AM
AP03A,1350880,U6XX,679,491030-1,-,5/15/2026,False,5/13/2026 9:00:31 AM,False,5/13/2026 9:00:31 AM
AP03A,1350881,U611-LHTOP,133,490108-10,0-0,5/15/2026,True,5/14/2026 7:59:16 AM,True,5/11/2026 10:22:56 PM
AP03A,1350881,U611-RHTOP,73,489568-22,0-0,5/15/2026,True,5/14/2026 7:59:16 AM,True,5/12/2026 12:28:26 AM
AP03A,1350881,U6XX,679,491030-2,-,5/15/2026,False,5/13/2026 9:00:31 AM,False,5/13/2026 9:00:31 AM
AP03A,1350882,U6XX,679,491030-3,-,5/15/2026,False,5/13/2026 9:00:31 AM,False,5/13/2026 9:00:31 AM
AP03A,1350883,U6XX,679,491030-4,-,5/15/2026,False,5/13/2026 9:00:31 AM,False,5/13/2026 9:00:31 AM
AP03A,1350884,U6XX,680,491031-1,-,5/15/2026,False,5/13/2026 9:04:47 AM,False,5/13/2026 9:04:47 AM
AP03A,1350885,U6XX,680,491031-2,-,5/15/2026,False,5/13/2026 9:04:48 AM,False,5/13/2026 9:04:48 AM
AP03A,1350886,U6XX,680,491031-3,-,5/15/2026,False,5/13/2026 9:04:48 AM,False,5/13/2026 9:04:48 AM
AP03A,1350887,U6XX,680,491031-4,-,5/15/2026,False,5/13/2026 9:04:48 AM,False,5/13/2026 9:04:48 AM
AP03A,1350888,U6XX,681,491033-1,-,5/15/2026,False,5/13/2026 9:08:07 AM,False,5/13/2026 9:08:07 AM
AP03A,1350889,U6XX,681,491033-2,-,5/15/2026,False,5/13/2026 9:08:08 AM,False,5/13/2026 9:08:07 AM
AP03A,1350890,U6XX,681,491033-3,-,5/15/2026,False,5/13/2026 9:08:08 AM,False,5/13/2026 9:08:08 AM
AP03A,1350891,U6XX,681,491033-4,-,5/15/2026,False,5/13/2026 9:08:08 AM,False,5/13/2026 9:08:08 AM
AP03A,1350892,U6XX,682,491034-1,-,5/15/2026,False,5/13/2026 9:11:33 AM,False,5/13/2026 9:11:33 AM
AP03A,1350893,U6XX,682,491034-2,-,5/15/2026,False,5/13/2026 9:11:34 AM,False,5/13/2026 9:11:34 AM
AP03A,1350894,U611-LHTOP,133,490108-11,0-0,5/15/2026,True,5/14/2026 7:59:16 AM,True,5/11/2026 10:25:55 PM
AP03A,1350894,U611-RHTOP,73,489568-23,0-0,5/15/2026,True,5/14/2026 7:59:16 AM,True,5/12/2026 12:33:59 AM
AP03A,1350894,U6XX,682,491034-3,-,5/15/2026,False,5/13/2026 9:11:34 AM,False,5/13/2026 9:11:34 AM
AP03A,1350895,U6XX,682,491034-4,-,5/15/2026,False,5/13/2026 9:11:34 AM,False,5/13/2026 9:11:34 AM
AP03A,1350896,U6XX,683,491035-1,-,5/15/2026,False,5/13/2026 9:14:29 AM,False,5/13/2026 9:14:29 AM
AP03A,1350897,U6XX,683,491035-2,-,5/15/2026,False,5/13/2026 9:14:29 AM,False,5/13/2026 9:14:29 AM
AP03A,1350898,U6XX,683,491035-3,-,5/15/2026,False,5/13/2026 9:14:30 AM,False,5/13/2026 9:14:30 AM
AP03A,1350899,U6XX,683,491035-4,-,5/15/2026,False,5/13/2026 9:14:30 AM,False,5/13/2026 9:14:30 AM
AP03A,1350900,U6XX,684,491036-1,-,5/15/2026,False,5/13/2026 9:17:56 AM,False,5/13/2026 9:17:56 AM
AP03A,1350901,U6XX,684,491036-2,-,5/15/2026,False,5/13/2026 9:17:56 AM,False,5/13/2026 9:17:56 AM
AP03A,1350902,U6XX,684,491036-3,-,5/15/2026,False,5/13/2026 9:17:56 AM,False,5/13/2026 9:17:56 AM
AP03A,1350903,U6XX,684,491036-4,-,5/15/2026,False,5/13/2026 9:17:56 AM,False,5/13/2026 9:17:56 AM
AP03A,1350904,U6XX,685,491037-1,-,5/15/2026,False,5/13/2026 9:21:33 AM,False,5/13/2026 9:21:33 AM
AP03A,1350905,U6XX,685,491037-2,-,5/15/2026,False,5/13/2026 9:21:33 AM,False,5/13/2026 9:21:33 AM
AP03A,1350906,U6XX,685,491037-3,-,5/15/2026,False,5/13/2026 9:21:33 AM,False,5/13/2026 9:21:33 AM
AP03A,1350907,U611-LHTOP,133,490108-12,0-0,5/15/2026,True,5/14/2026 7:59:16 AM,True,5/11/2026 10:27:55 PM
AP03A,1350907,U611-RHTOP,73,489568-24,0-0,5/15/2026,True,5/14/2026 7:59:16 AM,True,5/12/2026 12:37:52 AM
AP03A,1350907,U6XX,685,491037-4,-,5/15/2026,False,5/13/2026 9:21:33 AM,False,5/13/2026 9:21:33 AM
AP03A,1350908,U6XX,686,491038-1,-,5/15/2026,False,5/13/2026 9:24:48 AM,False,5/13/2026 9:24:48 AM
AP03A,1350909,U6XX,686,491038-2,-,5/15/2026,False,5/13/2026 9:24:48 AM,False,5/13/2026 9:24:48 AM
AP03A,1350910,U6XX,686,491038-3,-,5/15/2026,False,5/13/2026 9:24:48 AM,False,5/13/2026 9:24:48 AM
AP03A,1350911,U6XX,686,491038-4,-,5/15/2026,False,5/13/2026 9:24:48 AM,False,5/13/2026 9:24:48 AM
AP03A,1350912,U6XX,687,491039-1,-,5/15/2026,False,5/13/2026 9:29:45 AM,False,5/13/2026 9:29:45 AM
AP03A,1350913,U6XX,687,491039-2,-,5/15/2026,False,5/13/2026 9:29:45 AM,False,5/13/2026 9:29:45 AM
AP03A,1350914,U6XX,687,491039-3,-,5/15/2026,False,5/13/2026 9:29:45 AM,False,5/13/2026 9:29:45 AM
AP03A,1350915,U6XX,687,491039-4,-,5/15/2026,False,5/13/2026 9:29:46 AM,False,5/13/2026 9:29:46 AM
AP03A,1350916,U6XX,688,491040-1,-,5/15/2026,False,5/13/2026 9:33:00 AM,False,5/13/2026 9:33:00 AM
AP03A,1350917,U6XX,688,491040-2,-,5/15/2026,False,5/13/2026 9:33:01 AM,False,5/13/2026 9:33:01 AM
AP03A,1350918,U6XX,688,491040-3,-,5/15/2026,False,5/13/2026 9:33:01 AM,False,5/13/2026 9:33:01 AM
AP03A,1350919,U6XX,688,491040-4,-,5/15/2026,False,5/13/2026 9:33:01 AM,False,5/13/2026 9:33:01 AM
AP03A,1350920,U611-LHTOP,134,490178-1,0-0,5/15/2026,True,5/14/2026 7:59:16 AM,True,5/11/2026 10:31:28 PM
AP03A,1350920,U611-RHTOP,74,489609-1,0-0,5/15/2026,True,5/14/2026 7:59:16 AM,True,5/12/2026 12:42:37 AM
AP03A,1350920,U6XX,689,491042-1,-,5/15/2026,False,5/13/2026 9:36:20 AM,False,5/13/2026 9:36:20 AM
AP03A,1350921,U6XX,689,491042-2,-,5/15/2026,False,5/13/2026 9:36:21 AM,False,5/13/2026 9:36:21 AM
AP03A,1350922,U6XX,689,491042-3,-,5/15/2026,False,5/13/2026 9:36:21 AM,False,5/13/2026 9:36:21 AM
AP03A,1350923,U6XX,689,491042-4,-,5/15/2026,False,5/13/2026 9:36:22 AM,False,5/13/2026 9:36:22 AM
AP03A,1350924,U6XX,690,491043-1,-,5/15/2026,False,5/13/2026 9:39:37 AM,False,5/13/2026 9:39:37 AM
AP03A,1350925,U6XX,690,491043-2,-,5/15/2026,False,5/13/2026 9:39:37 AM,False,5/13/2026 9:39:37 AM
AP03A,1350926,U6XX,690,491043-3,-,5/15/2026,False,5/13/2026 9:39:37 AM,False,5/13/2026 9:39:37 AM
AP03A,1350927,U6XX,690,491043-4,-,5/15/2026,False,5/13/2026 9:39:38 AM,False,5/13/2026 9:39:38 AM
AP03A,1350928,U6XX,691,491044-1,-,5/15/2026,False,5/13/2026 9:43:13 AM,False,5/13/2026 9:43:13 AM
AP03A,1350929,U6XX,691,491044-2,-,5/15/2026,False,5/13/2026 9:43:13 AM,False,5/13/2026 9:43:13 AM
AP03A,1350930,U6XX,691,491044-3,-,5/15/2026,False,5/13/2026 9:43:14 AM,False,5/13/2026 9:43:14 AM
AP03A,1350931,U6XX,691,491044-4,-,5/15/2026,False,5/13/2026 9:43:14 AM,False,5/13/2026 9:43:14 AM
AP03A,1350932,U6XX,692,491045-1,-,5/15/2026,False,5/13/2026 9:46:39 AM,False,5/13/2026 9:46:39 AM
AP03A,1350933,U611-LHTOP,134,490178-2,0-0,5/15/2026,True,5/14/2026 7:59:16 AM,True,5/11/2026 10:33:06 PM
AP03A,1350933,U611-RHTOP,74,489609-2,0-0,5/15/2026,True,5/14/2026 7:59:16 AM,True,5/12/2026 12:54:29 AM
AP03A,1350933,U6XX,692,491045-2,-,5/15/2026,False,5/13/2026 9:46:39 AM,False,5/13/2026 9:46:39 AM
AP03A,1350934,U6XX,692,491045-3,-,5/15/2026,False,5/13/2026 9:46:39 AM,False,5/13/2026 9:46:39 AM
AP03A,1350935,U6XX,692,491045-4,-,5/15/2026,False,5/13/2026 9:46:40 AM,False,5/13/2026 9:46:40 AM
AP03A,1350936,U6XX,693,491046-1,-,5/15/2026,False,5/13/2026 9:50:04 AM,False,5/13/2026 9:50:04 AM
AP03A,1350937,U6XX,693,491046-2,-,5/15/2026,False,5/13/2026 9:50:05 AM,False,5/13/2026 9:50:05 AM
AP03A,1350938,U6XX,693,491046-3,-,5/15/2026,False,5/13/2026 9:50:05 AM,False,5/13/2026 9:50:05 AM
AP03A,1350939,U6XX,693,491046-4,-,5/15/2026,False,5/13/2026 9:50:05 AM,False,5/13/2026 9:50:05 AM
AP03A,1350940,U6XX,694,491047-1,-,5/15/2026,False,5/13/2026 9:53:40 AM,False,5/13/2026 9:53:40 AM
AP03A,1350941,U6XX,694,491047-2,-,5/15/2026,False,5/13/2026 9:53:40 AM,False,5/13/2026 9:53:40 AM
AP03A,1350942,U6XX,694,491047-3,-,5/15/2026,False,5/13/2026 9:53:41 AM,False,5/13/2026 9:53:41 AM
AP03A,1350943,U6XX,694,491047-4,-,5/15/2026,False,5/13/2026 9:53:41 AM,False,5/13/2026 9:53:41 AM
AP03A,1350944,U6XX,695,491049-1,-,5/15/2026,False,5/13/2026 10:02:16 AM,False,5/13/2026 10:02:16 AM
AP03A,1350945,U6XX,695,491049-2,-,5/15/2026,False,5/13/2026 10:02:16 AM,False,5/13/2026 10:02:16 AM
AP03A,1350946,U611-LHTOP,134,490178-3,0-0,5/15/2026,True,5/14/2026 7:59:16 AM,True,5/11/2026 10:34:41 PM
AP03A,1350946,U611-RHTOP,74,489609-3,0-0,5/15/2026,True,5/14/2026 7:59:16 AM,True,5/12/2026 12:59:48 AM
AP03A,1350946,U6XX,695,491049-3,-,5/15/2026,False,5/13/2026 10:02:16 AM,False,5/13/2026 10:02:16 AM
AP03A,1350947,U6XX,695,491049-4,-,5/15/2026,False,5/13/2026 10:02:16 AM,False,5/13/2026 10:02:16 AM
AP03A,1350948,U6XX,696,491050-1,-,5/15/2026,False,5/13/2026 10:06:22 AM,False,5/13/2026 10:06:22 AM
AP03A,1350949,U6XX,696,491050-2,-,5/15/2026,False,5/13/2026 10:06:22 AM,False,5/13/2026 10:06:22 AM
AP03A,1350950,U6XX,696,491050-3,-,5/15/2026,False,5/13/2026 10:06:22 AM,False,5/13/2026 10:06:22 AM
AP03A,1350951,U6XX,696,491050-4,-,5/15/2026,False,5/13/2026 10:06:22 AM,False,5/13/2026 10:06:22 AM
AP03A,1350952,U6XX,697,491051-1,-,5/15/2026,False,5/13/2026 10:10:07 AM,False,5/13/2026 10:10:07 AM
AP03A,1350953,U6XX,697,491051-2,-,5/15/2026,False,5/13/2026 10:10:08 AM,False,5/13/2026 10:10:08 AM
AP03A,1350954,U6XX,697,491051-3,-,5/15/2026,False,5/13/2026 10:10:08 AM,False,5/13/2026 10:10:08 AM
AP03A,1350955,U6XX,697,491051-4,-,5/15/2026,False,5/13/2026 10:10:09 AM,False,5/13/2026 10:10:09 AM
AP03A,1350956,U6XX,698,491052-1,-,5/15/2026,False,5/13/2026 10:14:14 AM,False,5/13/2026 10:14:14 AM
AP03A,1350957,U6XX,698,491052-2,-,5/15/2026,False,5/13/2026 10:14:14 AM,False,5/13/2026 10:14:14 AM
AP03A,1350958,U6XX,698,491052-3,-,5/15/2026,False,5/13/2026 10:14:15 AM,False,5/13/2026 10:14:15 AM
AP03A,1350959,U611-LHTOP,134,490178-4,0-0,5/15/2026,True,5/14/2026 7:59:16 AM,True,5/11/2026 10:36:26 PM
AP03A,1350959,U611-RHTOP,74,489609-4,0-0,5/15/2026,True,5/14/2026 7:59:16 AM,True,5/12/2026 1:08:43 AM
AP03A,1350959,U6XX,698,491052-4,-,5/15/2026,False,5/13/2026 10:14:15 AM,False,5/13/2026 10:14:15 AM
AP03A,1350960,U6XX,699,491053-1,-,5/15/2026,False,5/13/2026 10:17:19 AM,False,5/13/2026 10:17:19 AM
AP03A,1350961,U6XX,699,491053-2,-,5/15/2026,False,5/13/2026 10:17:19 AM,False,5/13/2026 10:17:19 AM
AP03A,1350962,U6XX,699,491053-3,-,5/15/2026,False,5/13/2026 10:17:20 AM,False,5/13/2026 10:17:20 AM
AP03A,1350963,U6XX,699,491053-4,-,5/15/2026,False,5/13/2026 10:17:20 AM,False,5/13/2026 10:17:20 AM
AP03A,1350964,U6XX,700,491055-1,-,5/15/2026,False,5/13/2026 10:20:39 AM,False,5/13/2026 10:20:39 AM
AP03A,1350965,U6XX,700,491055-2,-,5/15/2026,False,5/13/2026 10:20:39 AM,False,5/13/2026 10:20:39 AM
AP03A,1350966,U6XX,700,491055-3,-,5/15/2026,False,5/13/2026 10:20:39 AM,False,5/13/2026 10:20:39 AM
AP03A,1350967,U6XX,700,491055-4,-,5/15/2026,False,5/13/2026 10:20:40 AM,False,5/13/2026 10:20:40 AM
AP03A,1350968,U6XX,701,491056-1,-,5/15/2026,False,5/13/2026 10:24:15 AM,False,5/13/2026 10:24:15 AM
AP03A,1350969,U6XX,701,491056-2,-,5/15/2026,False,5/13/2026 10:24:15 AM,False,5/13/2026 10:24:15 AM
AP03A,1350970,U6XX,701,491056-3,-,5/15/2026,False,5/13/2026 10:24:15 AM,False,5/13/2026 10:24:15 AM
AP03A,1350971,U611-LHTOP,134,490178-5,0-0,5/15/2026,True,5/14/2026 7:59:16 AM,True,5/11/2026 10:37:58 PM
AP03A,1350971,U611-RHTOP,74,489609-5,0-0,5/15/2026,True,5/14/2026 7:59:16 AM,True,5/12/2026 1:38:57 AM
AP03A,1350971,U6XX,701,491056-4,-,5/15/2026,False,5/13/2026 10:24:15 AM,False,5/13/2026 10:24:15 AM
AP03A,1350972,U6XX,702,491057-1,-,5/15/2026,False,5/13/2026 10:27:30 AM,False,5/13/2026 10:27:30 AM
AP03A,1350973,U6XX,702,491057-2,-,5/15/2026,False,5/13/2026 10:27:30 AM,False,5/13/2026 10:27:30 AM
AP03A,1350974,U6XX,702,491057-3,-,5/15/2026,False,5/13/2026 10:27:30 AM,False,5/13/2026 10:27:30 AM
AP03A,1350975,U6XX,702,491057-4,-,5/15/2026,False,5/13/2026 10:27:30 AM,False,5/13/2026 10:27:30 AM
AP03A,1350976,U6XX,703,491058-1,-,5/15/2026,False,5/13/2026 10:31:16 AM,False,5/13/2026 10:31:16 AM
AP03A,1350977,U6XX,703,491058-2,-,5/15/2026,False,5/13/2026 10:31:16 AM,False,5/13/2026 10:31:16 AM
AP03A,1350978,U6XX,703,491058-3,-,5/15/2026,False,5/13/2026 10:31:16 AM,False,5/13/2026 10:31:16 AM
AP03A,1350979,U6XX,703,491058-4,-,5/15/2026,False,5/13/2026 10:31:16 AM,False,5/13/2026 10:31:16 AM
AP03A,1350980,U6XX,704,491059-1,-,5/15/2026,False,5/13/2026 10:35:33 AM,False,5/13/2026 10:35:33 AM
AP03A,1350981,U6XX,704,491059-2,-,5/15/2026,False,5/13/2026 10:35:33 AM,False,5/13/2026 10:35:33 AM
AP03A,1350982,U6XX,704,491059-3,-,5/15/2026,False,5/13/2026 10:35:33 AM,False,5/13/2026 10:35:33 AM
AP03A,1350983,U6XX,704,491059-4,-,5/15/2026,False,5/13/2026 10:35:33 AM,False,5/13/2026 10:35:33 AM
AP03A,1350984,U611-LHTOP,134,490178-6,0-0,5/15/2026,True,5/14/2026 7:59:16 AM,True,5/11/2026 10:39:15 PM
AP03A,1350984,U611-RHTOP,74,489609-6,0-0,5/15/2026,True,5/14/2026 7:59:16 AM,True,5/12/2026 1:44:04 AM
AP03A,1350984,U6XX,705,491060-1,-,5/15/2026,False,5/13/2026 10:38:37 AM,False,5/13/2026 10:38:37 AM
AP03A,1350985,U6XX,705,491060-2,-,5/15/2026,False,5/13/2026 10:38:38 AM,False,5/13/2026 10:38:38 AM
AP03A,1350986,U6XX,705,491060-3,-,5/15/2026,False,5/13/2026 10:38:38 AM,False,5/13/2026 10:38:38 AM
AP03A,1350987,U6XX,705,491060-4,-,5/15/2026,False,5/13/2026 10:38:38 AM,False,5/13/2026 10:38:38 AM
AP03A,1350988,U6XX,706,491061-1,-,5/15/2026,False,5/13/2026 10:42:04 AM,False,5/13/2026 10:42:04 AM
AP03A,1350989,U6XX,706,491061-2,-,5/15/2026,False,5/13/2026 10:42:04 AM,False,5/13/2026 10:42:04 AM
AP03A,1350990,U6XX,706,491061-3,-,5/15/2026,False,5/13/2026 10:42:04 AM,False,5/13/2026 10:42:04 AM
AP03A,1350991,U6XX,706,491061-4,-,5/15/2026,False,5/13/2026 10:42:04 AM,False,5/13/2026 10:42:04 AM
AP03A,1350992,U6XX,707,491062-1,-,5/15/2026,False,5/13/2026 10:45:29 AM,False,5/13/2026 10:45:29 AM
AP03A,1350993,U6XX,707,491062-2,-,5/15/2026,False,5/13/2026 10:45:29 AM,False,5/13/2026 10:45:29 AM
AP03A,1350994,U6XX,707,491062-3,-,5/15/2026,False,5/13/2026 10:45:30 AM,False,5/13/2026 10:45:30 AM
AP03A,1350995,U6XX,707,491062-4,-,5/15/2026,False,5/13/2026 10:45:31 AM,False,5/13/2026 10:45:31 AM
AP03A,1350996,U6XX,708,491063-1,-,5/15/2026,False,5/13/2026 10:48:25 AM,False,5/13/2026 10:48:25 AM
AP03A,1350997,U611-LHTOP,134,490178-7,0-0,5/15/2026,True,5/14/2026 7:59:16 AM,True,5/11/2026 10:40:51 PM
AP03A,1350997,U611-RHTOP,74,489609-7,0-0,5/15/2026,True,5/14/2026 7:59:16 AM,True,5/12/2026 1:49:14 AM
AP03A,1350997,U6XX,708,491063-2,-,5/15/2026,False,5/13/2026 10:48:25 AM,False,5/13/2026 10:48:25 AM
AP03A,1350998,U6XX,708,491063-3,-,5/15/2026,False,5/13/2026 10:48:25 AM,False,5/13/2026 10:48:25 AM
AP03A,1350999,U6XX,708,491063-4,-,5/15/2026,False,5/13/2026 10:48:26 AM,False,5/13/2026 10:48:26 AM
AP03A,1351000,U6XX,709,491064-1,-,5/15/2026,False,5/13/2026 10:52:11 AM,False,5/13/2026 10:52:11 AM
AP03A,1351001,U6XX,709,491064-2,-,5/15/2026,False,5/13/2026 10:52:11 AM,False,5/13/2026 10:52:11 AM
AP03A,1351002,U6XX,709,491064-3,-,5/15/2026,False,5/13/2026 10:52:11 AM,False,5/13/2026 10:52:11 AM
AP03A,1351003,U6XX,709,491064-4,-,5/15/2026,False,5/13/2026 10:52:12 AM,False,5/13/2026 10:52:12 AM
AP03A,1351004,U6XX,710,491065-1,-,5/15/2026,False,5/13/2026 10:55:27 AM,False,5/13/2026 10:55:27 AM
AP03A,1351005,U6XX,710,491065-2,-,5/15/2026,False,5/13/2026 10:55:27 AM,False,5/13/2026 10:55:27 AM
AP03A,1351006,U6XX,710,491065-3,-,5/15/2026,False,5/13/2026 10:55:28 AM,False,5/13/2026 10:55:28 AM
AP03A,1351007,U6XX,710,491065-4,-,5/15/2026,False,5/13/2026 10:55:29 AM,False,5/13/2026 10:55:29 AM
AP03A,1351008,U6XX,711,491066-1,-,5/15/2026,False,5/13/2026 11:31:04 AM,False,5/13/2026 11:31:04 AM
AP03A,1351009,U6XX,711,491066-2,-,5/15/2026,False,5/13/2026 11:31:04 AM,False,5/13/2026 11:31:04 AM
AP03A,1351010,U611-LHTOP,134,490178-8,0-0,5/15/2026,True,5/14/2026 7:59:16 AM,True,5/11/2026 10:42:56 PM
AP03A,1351010,U611-RHTOP,74,489609-8,0-0,5/15/2026,True,5/14/2026 7:59:16 AM,True,5/12/2026 1:53:40 AM
AP03A,1351010,U6XX,711,491066-3,-,5/15/2026,False,5/13/2026 11:31:04 AM,False,5/13/2026 11:31:04 AM
AP03A,1351011,U6XX,711,491066-4,-,5/15/2026,False,5/13/2026 11:31:04 AM,False,5/13/2026 11:31:04 AM
AP03A,1351012,U6XX,712,491067-1,-,5/15/2026,False,5/13/2026 11:36:11 AM,False,5/13/2026 11:36:11 AM
AP03A,1351013,U6XX,712,491067-2,-,5/15/2026,False,5/13/2026 11:36:11 AM,False,5/13/2026 11:36:11 AM
AP03A,1351014,U6XX,712,491067-3,-,5/15/2026,False,5/13/2026 11:36:11 AM,False,5/13/2026 11:36:11 AM
AP03A,1351015,U6XX,712,491067-4,-,5/15/2026,False,5/13/2026 11:36:11 AM,False,5/13/2026 11:36:11 AM
AP03A,1351016,U6XX,713,491068-1,-,5/15/2026,False,5/13/2026 11:39:46 AM,False,5/13/2026 11:39:46 AM
AP03A,1351017,U6XX,713,491068-2,-,5/15/2026,False,5/13/2026 11:39:46 AM,False,5/13/2026 11:39:46 AM
AP03A,1351018,U6XX,713,491068-3,-,5/15/2026,False,5/13/2026 11:39:47 AM,False,5/13/2026 11:39:47 AM
AP03A,1351019,U6XX,713,491068-4,-,5/15/2026,False,5/13/2026 11:39:47 AM,False,5/13/2026 11:39:47 AM
AP03A,1351020,U6XX,714,491069-1,-,5/15/2026,False,5/13/2026 11:43:32 AM,False,5/13/2026 11:43:32 AM
AP03A,1351021,U6XX,714,491069-2,-,5/15/2026,False,5/13/2026 11:43:32 AM,False,5/13/2026 11:43:32 AM
AP03A,1351022,U6XX,714,491069-3,-,5/15/2026,False,5/13/2026 11:43:32 AM,False,5/13/2026 11:43:32 AM
AP03A,1351023,U611-LHTOP,134,490178-9,0-0,5/15/2026,True,5/14/2026 7:59:16 AM,True,5/11/2026 10:44:37 PM
AP03A,1351023,U611-RHTOP,74,489609-9,0-0,5/15/2026,True,5/14/2026 7:59:16 AM,True,5/12/2026 1:57:49 AM
AP03A,1351023,U6XX,714,491069-4,-,5/15/2026,False,5/13/2026 11:43:32 AM,False,5/13/2026 11:43:32 AM
AP03A,1351024,U6XX,715,491070-1,-,5/15/2026,False,5/13/2026 11:46:57 AM,False,5/13/2026 11:46:57 AM
AP03A,1351025,U6XX,715,491070-2,-,5/15/2026,False,5/13/2026 11:46:57 AM,False,5/13/2026 11:46:57 AM
AP03A,1351026,U6XX,715,491070-3,-,5/15/2026,False,5/13/2026 11:46:57 AM,False,5/13/2026 11:46:57 AM
AP03A,1351027,U6XX,715,491070-4,-,5/15/2026,False,5/13/2026 11:46:58 AM,False,5/13/2026 11:46:58 AM
AP03A,1351028,U6XX,716,491071-1,-,5/15/2026,False,5/13/2026 11:50:33 AM,False,5/13/2026 11:50:33 AM
AP03A,1351029,U6XX,716,491071-2,-,5/15/2026,False,5/13/2026 11:50:33 AM,False,5/13/2026 11:50:33 AM
AP03A,1351030,U6XX,716,491071-3,-,5/15/2026,False,5/13/2026 11:50:33 AM,False,5/13/2026 11:50:33 AM
AP03A,1351031,U6XX,716,491071-4,-,5/15/2026,False,5/13/2026 11:50:33 AM,False,5/13/2026 11:50:33 AM
AP03A,1351032,U6XX,717,491072-1,-,5/15/2026,False,5/13/2026 11:53:48 AM,False,5/13/2026 11:53:48 AM
AP03A,1351033,U6XX,717,491072-2,-,5/15/2026,False,5/13/2026 11:53:48 AM,False,5/13/2026 11:53:48 AM
AP03A,1351034,U6XX,717,491072-3,-,5/15/2026,False,5/13/2026 11:53:49 AM,False,5/13/2026 11:53:49 AM
AP03A,1351035,U6XX,717,491072-4,-,5/15/2026,False,5/13/2026 11:53:49 AM,False,5/13/2026 11:53:49 AM
AP03A,1351036,U611-LHTOP,134,490178-10,0-0,5/15/2026,True,5/14/2026 7:59:16 AM,True,5/11/2026 10:46:11 PM
AP03A,1351036,U611-RHTOP,74,489609-10,0-0,5/15/2026,True,5/14/2026 7:59:16 AM,True,5/12/2026 2:27:05 AM
AP03A,1351036,U6XX,718,491073-1,-,5/15/2026,False,5/13/2026 11:57:14 AM,False,5/13/2026 11:57:14 AM
AP03A,1351037,U6XX,718,491073-2,-,5/15/2026,False,5/13/2026 11:57:14 AM,False,5/13/2026 11:57:14 AM
AP03A,1351038,U6XX,718,491073-3,-,5/15/2026,False,5/13/2026 11:57:15 AM,False,5/13/2026 11:57:15 AM
AP03A,1351039,U6XX,718,491073-4,-,5/15/2026,False,5/13/2026 11:57:16 AM,False,5/13/2026 11:57:16 AM
AP03A,1351040,U6XX,719,491074-1,-,5/15/2026,False,5/13/2026 12:03:04 PM,False,5/13/2026 12:03:04 PM
AP03A,1351041,U6XX,719,491074-2,-,5/15/2026,False,5/13/2026 12:03:05 PM,False,5/13/2026 12:03:05 PM
AP03A,1351042,U6XX,719,491074-3,-,5/15/2026,False,5/13/2026 12:03:05 PM,False,5/13/2026 12:03:05 PM
AP03A,1351043,U6XX,719,491074-4,-,5/15/2026,False,5/13/2026 12:03:05 PM,False,5/13/2026 12:03:05 PM
AP03A,1351044,U6XX,720,491075-1,-,5/15/2026,False,5/13/2026 12:06:30 PM,False,5/13/2026 12:06:30 PM
AP03A,1351045,U6XX,720,491075-2,-,5/15/2026,False,5/13/2026 12:06:30 PM,False,5/13/2026 12:06:30 PM
AP03A,1351046,U6XX,720,491075-3,-,5/15/2026,False,5/13/2026 12:06:30 PM,False,5/13/2026 12:06:30 PM
AP03A,1351047,U6XX,720,491075-4,-,5/15/2026,False,5/13/2026 12:06:30 PM,False,5/13/2026 12:06:30 PM
AP03A,1351048,U6XX,721,491076-1,-,5/15/2026,False,5/13/2026 12:09:45 PM,False,5/13/2026 12:09:45 PM
AP03A,1351049,U611-LHTOP,134,490178-11,0-0,5/15/2026,True,5/14/2026 7:59:16 AM,True,5/11/2026 10:48:26 PM
AP03A,1351049,U611-RHTOP,74,489609-11,0-0,5/15/2026,True,5/14/2026 7:59:16 AM,True,5/12/2026 2:35:43 AM
AP03A,1351049,U6XX,721,491076-2,-,5/15/2026,False,5/13/2026 12:09:45 PM,False,5/13/2026 12:09:45 PM
AP03A,1351050,U6XX,721,491076-3,-,5/15/2026,False,5/13/2026 12:09:46 PM,False,5/13/2026 12:09:46 PM
AP03A,1351051,U6XX,721,491076-4,-,5/15/2026,False,5/13/2026 12:09:46 PM,False,5/13/2026 12:09:46 PM
AP03A,1351052,U6XX,722,491077-1,-,5/15/2026,False,5/13/2026 12:13:11 PM,False,5/13/2026 12:13:11 PM
AP03A,1351053,U6XX,722,491077-2,-,5/15/2026,False,5/13/2026 12:13:11 PM,False,5/13/2026 12:13:11 PM
AP03A,1351054,U6XX,722,491077-3,-,5/15/2026,False,5/13/2026 12:13:11 PM,False,5/13/2026 12:13:11 PM
AP03A,1351055,U6XX,722,491077-4,-,5/15/2026,False,5/13/2026 12:13:12 PM,False,5/13/2026 12:13:12 PM
AP03A,1351056,U6XX,723,491078-1,-,5/15/2026,False,5/13/2026 12:16:28 PM,False,5/13/2026 12:16:28 PM
AP03A,1351057,U6XX,723,491078-2,-,5/15/2026,False,5/13/2026 12:16:28 PM,False,5/13/2026 12:16:28 PM
AP03A,1351058,U6XX,723,491078-3,-,5/15/2026,False,5/13/2026 12:16:28 PM,False,5/13/2026 12:16:28 PM
AP03A,1351059,U6XX,723,491078-4,-,5/15/2026,False,5/13/2026 12:16:28 PM,False,5/13/2026 12:16:28 PM
AP03A,1351060,U6XX,724,491079-1,-,5/15/2026,False,5/13/2026 12:20:44 PM,False,5/13/2026 12:20:44 PM
AP03A,1351061,U6XX,724,491079-2,-,5/15/2026,False,5/13/2026 12:20:45 PM,False,5/13/2026 12:20:45 PM
AP03A,1351062,U611-LHTOP,134,490178-12,0-0,5/15/2026,True,5/14/2026 7:59:16 AM,True,5/11/2026 10:51:09 PM
AP03A,1351062,U611-RHTOP,74,489609-12,0-0,5/15/2026,True,5/14/2026 7:59:16 AM,True,5/12/2026 2:46:38 AM
AP03A,1351062,U6XX,724,491079-3,-,5/15/2026,False,5/13/2026 12:20:45 PM,False,5/13/2026 12:20:45 PM
AP03A,1351063,U6XX,724,491079-4,-,5/15/2026,False,5/13/2026 12:20:46 PM,False,5/13/2026 12:20:46 PM
AP03A,1351064,U6XX,725,491080-1,-,5/15/2026,False,5/13/2026 12:24:01 PM,False,5/13/2026 12:24:01 PM
AP03A,1351065,U6XX,725,491080-2,-,5/15/2026,False,5/13/2026 12:24:01 PM,False,5/13/2026 12:24:01 PM
AP03A,1351066,U6XX,725,491080-3,-,5/15/2026,False,5/13/2026 12:24:01 PM,False,5/13/2026 12:24:01 PM
AP03A,1351067,U6XX,725,491080-4,-,5/15/2026,False,5/13/2026 12:24:01 PM,False,5/13/2026 12:24:01 PM
AP03A,1351068,U6XX,726,491081-1,-,5/15/2026,False,5/13/2026 12:28:18 PM,False,5/13/2026 12:28:18 PM
AP03A,1351069,U6XX,726,491081-2,-,5/15/2026,False,5/13/2026 12:28:18 PM,False,5/13/2026 12:28:18 PM
AP03A,1351070,U6XX,726,491081-3,-,5/15/2026,False,5/13/2026 12:28:18 PM,False,5/13/2026 12:28:18 PM
AP03A,1351071,U6XX,726,491081-4,-,5/15/2026,False,5/13/2026 12:28:18 PM,False,5/13/2026 12:28:18 PM
AP03A,1351072,U6XX,727,491082-1,-,5/15/2026,False,5/13/2026 12:32:04 PM,False,5/13/2026 12:32:03 PM
AP03A,1351073,U6XX,727,491082-2,-,5/15/2026,False,5/13/2026 12:32:04 PM,False,5/13/2026 12:32:04 PM
AP03A,1351074,U6XX,727,491082-3,-,5/15/2026,False,5/13/2026 12:32:04 PM,False,5/13/2026 12:32:04 PM
AP03A,1351075,U611-LHTOP,135,490191-1,0-0,5/15/2026,True,5/14/2026 7:59:16 AM,True,5/12/2026 6:09:16 AM
AP03A,1351075,U611-RHTOP,74,489609-13,0-0,5/15/2026,True,5/14/2026 7:59:16 AM,True,5/12/2026 2:53:56 AM
AP03A,1351075,U6XX,727,491082-4,-,5/15/2026,False,5/13/2026 12:32:04 PM,False,5/13/2026 12:32:04 PM
AP03A,1351076,U6XX,728,491083-1,-,5/15/2026,False,5/13/2026 12:36:11 PM,False,5/13/2026 12:36:11 PM
AP03A,1351077,U6XX,728,491083-2,-,5/15/2026,False,5/13/2026 12:36:11 PM,False,5/13/2026 12:36:11 PM
AP03A,1351078,U6XX,728,491083-3,-,5/15/2026,False,5/13/2026 12:36:11 PM,False,5/13/2026 12:36:11 PM
AP03A,1351079,U6XX,728,491083-4,-,5/15/2026,False,5/13/2026 12:36:12 PM,False,5/13/2026 12:36:12 PM
AP03A,1351080,U6XX,729,491084-1,-,5/15/2026,False,5/13/2026 12:39:28 PM,False,5/13/2026 12:39:28 PM
AP03A,1351081,U6XX,729,491084-2,-,5/15/2026,False,5/13/2026 12:39:29 PM,False,5/13/2026 12:39:29 PM
AP03A,1351082,U6XX,729,491084-3,-,5/15/2026,False,5/13/2026 12:39:29 PM,False,5/13/2026 12:39:29 PM
AP03A,1351083,U6XX,729,491084-4,-,5/15/2026,False,5/13/2026 12:39:30 PM,False,5/13/2026 12:39:30 PM
AP03A,1351084,U6XX,730,491085-1,-,5/15/2026,False,5/13/2026 12:42:55 PM,False,5/13/2026 12:42:55 PM
AP03A,1351085,U6XX,730,491085-2,-,5/15/2026,False,5/13/2026 12:42:55 PM,False,5/13/2026 12:42:55 PM
AP03A,1351086,U6XX,730,491085-3,-,5/15/2026,False,5/13/2026 12:42:55 PM,False,5/13/2026 12:42:55 PM
AP03A,1351087,U6XX,730,491085-4,-,5/15/2026,False,5/13/2026 12:42:56 PM,False,5/13/2026 12:42:56 PM
AP03A,1351088,U611-LHTOP,135,490191-2,0-0,5/15/2026,True,5/14/2026 7:59:16 AM,True,5/12/2026 6:16:48 AM
AP03A,1351088,U611-RHTOP,74,489609-14,0-0,5/15/2026,True,5/14/2026 7:59:16 AM,True,5/12/2026 2:58:44 AM
AP03A,1351088,U6XX,731,491086-1,-,5/15/2026,False,5/13/2026 12:46:22 PM,False,5/13/2026 12:46:22 PM
AP03A,1351089,U6XX,731,491086-2,-,5/15/2026,False,5/13/2026 12:46:22 PM,False,5/13/2026 12:46:22 PM
AP03A,1351090,U6XX,731,491086-3,-,5/15/2026,False,5/13/2026 12:46:22 PM,False,5/13/2026 12:46:22 PM
AP03A,1351091,U6XX,731,491086-4,-,5/15/2026,False,5/13/2026 12:46:22 PM,False,5/13/2026 12:46:22 PM
AP03A,1351092,U6XX,732,491087-1,-,5/15/2026,False,5/13/2026 12:50:28 PM,False,5/13/2026 12:50:28 PM
AP03A,1351093,U6XX,732,491087-2,-,5/15/2026,False,5/13/2026 12:50:28 PM,False,5/13/2026 12:50:28 PM
AP03A,1351094,U6XX,732,491087-3,-,5/15/2026,False,5/13/2026 12:50:28 PM,False,5/13/2026 12:50:28 PM
AP03A,1351095,U6XX,732,491087-4,-,5/15/2026,False,5/13/2026 12:50:29 PM,False,5/13/2026 12:50:28 PM
AP03A,1351096,U6XX,733,491088-1,-,5/15/2026,False,5/13/2026 12:54:14 PM,False,5/13/2026 12:54:14 PM
AP03A,1351097,U6XX,733,491088-2,-,5/15/2026,False,5/13/2026 12:54:15 PM,False,5/13/2026 12:54:15 PM
AP03A,1351098,U6XX,733,491088-3,-,5/15/2026,False,5/13/2026 12:54:15 PM,False,5/13/2026 12:54:15 PM
AP03A,1351099,U6XX,733,491088-4,-,5/15/2026,False,5/13/2026 12:54:16 PM,False,5/13/2026 12:54:16 PM
AP03A,1351100,U611-LHTOP,135,490191-3,0-0,5/15/2026,True,5/14/2026 7:59:16 AM,True,5/12/2026 6:19:55 AM
AP03A,1351100,U611-RHTOP,74,489609-15,0-0,5/15/2026,True,5/14/2026 7:59:16 AM,True,5/12/2026 3:47:28 AM
AP03A,1351100,U6XX,734,491089-1,-,5/15/2026,False,5/13/2026 12:57:41 PM,False,5/13/2026 12:57:41 PM
AP03A,1351101,U6XX,734,491089-2,-,5/15/2026,False,5/13/2026 12:57:41 PM,False,5/13/2026 12:57:41 PM
AP03A,1351102,U6XX,734,491089-3,-,5/15/2026,False,5/13/2026 12:57:42 PM,False,5/13/2026 12:57:42 PM
AP03A,1351103,U6XX,734,491089-4,-,5/15/2026,False,5/13/2026 12:57:43 PM,False,5/13/2026 12:57:43 PM
AP03A,1351104,U6XX,735,491090-1,-,5/15/2026,False,5/13/2026 1:06:04 PM,False,5/13/2026 1:06:04 PM
AP03A,1351105,U6XX,735,491090-2,-,5/15/2026,False,5/13/2026 1:06:05 PM,False,5/13/2026 1:06:05 PM
AP03A,1351106,U6XX,735,491090-3,-,5/15/2026,False,5/13/2026 1:06:05 PM,False,5/13/2026 1:06:05 PM
AP03A,1351107,U6XX,735,491090-4,-,5/15/2026,False,5/13/2026 1:06:05 PM,False,5/13/2026 1:06:05 PM
AP03A,1351108,U6XX,736,491091-1,-,5/15/2026,False,5/13/2026 1:09:51 PM,False,5/13/2026 1:09:51 PM
AP03A,1351109,U6XX,736,491091-2,-,5/15/2026,False,5/13/2026 1:09:51 PM,False,5/13/2026 1:09:51 PM
AP03A,1351110,U6XX,736,491091-3,-,5/15/2026,False,5/13/2026 1:09:52 PM,False,5/13/2026 1:09:52 PM
AP03A,1351111,U6XX,736,491091-4,-,5/15/2026,False,5/13/2026 1:09:52 PM,False,5/13/2026 1:09:52 PM
AP03A,1351112,U6XX,737,491092-1,-,5/15/2026,False,5/13/2026 1:13:07 PM,False,5/13/2026 1:13:07 PM
AP03A,1351113,U611-LHTOP,135,490191-4,0-0,5/15/2026,True,5/14/2026 7:59:16 AM,True,5/12/2026 6:21:07 AM
AP03A,1351113,U611-RHTOP,74,489609-16,0-0,5/15/2026,True,5/14/2026 7:59:16 AM,True,5/12/2026 3:52:12 AM
AP03A,1351113,U6XX,737,491092-2,-,5/15/2026,False,5/13/2026 1:13:07 PM,False,5/13/2026 1:13:07 PM
AP03A,1351114,U6XX,737,491092-3,-,5/15/2026,False,5/13/2026 1:13:08 PM,False,5/13/2026 1:13:08 PM
AP03A,1351115,U6XX,737,491092-4,-,5/15/2026,False,5/13/2026 1:13:08 PM,False,5/13/2026 1:13:08 PM
AP03A,1351116,U6XX,738,491093-1,-,5/15/2026,False,5/13/2026 1:16:23 PM,False,5/13/2026 1:16:23 PM
AP03A,1351117,U6XX,738,491093-2,-,5/15/2026,False,5/13/2026 1:16:23 PM,False,5/13/2026 1:16:23 PM
AP03A,1351118,U6XX,738,491093-3,-,5/15/2026,False,5/13/2026 1:16:23 PM,False,5/13/2026 1:16:23 PM
AP03A,1351119,U6XX,738,491093-4,-,5/15/2026,False,5/13/2026 1:16:23 PM,False,5/13/2026 1:16:23 PM
AP03A,1351120,U6XX,739,491094-1,-,5/15/2026,False,5/13/2026 1:19:50 PM,False,5/13/2026 1:19:50 PM
AP03A,1351121,U6XX,739,491094-2,-,5/15/2026,False,5/13/2026 1:19:50 PM,False,5/13/2026 1:19:50 PM
AP03A,1351122,U6XX,739,491094-3,-,5/15/2026,False,5/13/2026 1:19:50 PM,False,5/13/2026 1:19:50 PM
AP03A,1351123,U6XX,739,491094-4,-,5/15/2026,False,5/13/2026 1:19:50 PM,False,5/13/2026 1:19:50 PM
AP03A,1351124,U6XX,740,491095-1,-,5/15/2026,False,5/13/2026 1:23:16 PM,False,5/13/2026 1:23:16 PM
AP03A,1351125,U6XX,740,491095-2,-,5/15/2026,False,5/13/2026 1:23:16 PM,False,5/13/2026 1:23:16 PM
AP03A,1351126,U611-LHTOP,135,490191-5,0-0,5/15/2026,True,5/14/2026 7:59:16 AM,True,5/12/2026 6:22:35 AM
AP03A,1351126,U611-RHTOP,74,489609-17,0-0,5/15/2026,True,5/14/2026 7:59:16 AM,True,5/12/2026 3:58:49 AM
AP03A,1351126,U6XX,740,491095-3,-,5/15/2026,False,5/13/2026 1:23:16 PM,False,5/13/2026 1:23:16 PM
AP03A,1351127,U6XX,740,491095-4,-,5/15/2026,False,5/13/2026 1:23:16 PM,False,5/13/2026 1:23:16 PM
AP03A,1351128,U6XX,741,491096-1,-,5/15/2026,False,5/13/2026 1:26:21 PM,False,5/13/2026 1:26:21 PM
AP03A,1361129,U6XX,741,491096-2,-,5/15/2026,False,5/13/2026 1:26:22 PM,False,5/13/2026 1:26:22 PM
AP03A,1361130,U6XX,741,491096-3,-,5/15/2026,False,5/13/2026 1:26:22 PM,False,5/13/2026 1:26:22 PM
AP03A,1361131,U6XX,741,491096-4,-,5/15/2026,False,5/13/2026 1:26:22 PM,False,5/13/2026 1:26:22 PM
AP03A,1361132,U6XX,742,491097-1,-,5/15/2026,False,5/13/2026 1:29:37 PM,False,5/13/2026 1:29:37 PM
AP03A,1361133,U6XX,742,491097-2,-,5/15/2026,False,5/13/2026 1:29:37 PM,False,5/13/2026 1:29:37 PM
AP03A,1361134,U6XX,742,491097-3,-,5/15/2026,False,5/13/2026 1:29:38 PM,False,5/13/2026 1:29:38 PM
AP03A,1361135,U6XX,742,491097-4,-,5/15/2026,False,5/13/2026 1:29:38 PM,False,5/13/2026 1:29:38 PM
AP03A,1361136,U6XX,743,491098-1,-,5/15/2026,False,5/13/2026 1:33:14 PM,False,5/13/2026 1:33:14 PM
AP03A,1361137,U6XX,743,491098-2,-,5/15/2026,False,5/13/2026 1:33:14 PM,False,5/13/2026 1:33:14 PM
AP03A,1361138,U6XX,743,491098-3,-,5/15/2026,False,5/13/2026 1:33:14 PM,False,5/13/2026 1:33:14 PM
AP03A,1361139,U611-LHTOP,135,490191-6,0-0,5/15/2026,True,5/14/2026 7:59:16 AM,True,5/12/2026 6:23:59 AM
AP03A,1361139,U611-RHTOP,74,489609-18,0-0,5/15/2026,True,5/14/2026 7:59:16 AM,True,5/12/2026 4:05:38 AM
AP03A,1361139,U6XX,743,491098-4,-,5/15/2026,False,5/13/2026 1:33:14 PM,False,5/13/2026 1:33:14 PM
AP03A,1361140,U6XX,744,491099-1,-,5/15/2026,False,5/13/2026 1:36:30 PM,False,5/13/2026 1:36:30 PM
AP03A,1361141,U6XX,744,491099-2,-,5/15/2026,False,5/13/2026 1:36:30 PM,False,5/13/2026 1:36:30 PM
AP03A,1361142,U6XX,744,491099-3,-,5/15/2026,False,5/13/2026 1:36:31 PM,False,5/13/2026 1:36:31 PM
AP03A,1361143,U6XX,744,491099-4,-,5/15/2026,False,5/13/2026 1:36:31 PM,False,5/13/2026 1:36:31 PM
AP03A,1361144,U6XX,745,491100-1,-,5/15/2026,False,5/13/2026 1:39:46 PM,False,5/13/2026 1:39:46 PM
AP03A,1361145,U6XX,745,491100-2,-,5/15/2026,False,5/13/2026 1:39:47 PM,False,5/13/2026 1:39:47 PM
AP03A,1361146,U6XX,745,491100-3,-,5/15/2026,False,5/13/2026 1:39:47 PM,False,5/13/2026 1:39:47 PM
AP03A,1361147,U6XX,745,491100-4,-,5/15/2026,False,5/13/2026 1:39:48 PM,False,5/13/2026 1:39:48 PM
AP03A,1361148,U6XX,746,491101-1,-,5/15/2026,False,5/13/2026 1:43:03 PM,False,5/13/2026 1:43:03 PM
AP03A,1361149,U6XX,746,491101-2,-,5/15/2026,False,5/13/2026 1:43:03 PM,False,5/13/2026 1:43:03 PM
AP03A,1361150,U6XX,746,491101-3,-,5/15/2026,False,5/13/2026 1:43:03 PM,False,5/13/2026 1:43:03 PM
AP03A,1361151,U6XX,746,491101-4,-,5/15/2026,False,5/13/2026 1:43:04 PM,False,5/13/2026 1:43:04 PM
AP03A,1361152,U611-LHTOP,135,490191-7,0-0,5/15/2026,True,5/14/2026 7:59:16 AM,True,5/12/2026 6:25:19 AM
AP03A,1361152,U611-RHTOP,74,489609-19,0-0,5/15/2026,True,5/14/2026 7:59:16 AM,True,5/12/2026 4:15:46 AM
AP03A,1361152,U6XX,747,491102-1,-,5/15/2026,False,5/13/2026 1:46:09 PM,False,5/13/2026 1:46:09 PM
AP03A,1361153,U6XX,747,491102-2,-,5/15/2026,False,5/13/2026 1:46:09 PM,False,5/13/2026 1:46:09 PM
AP03A,1361154,U6XX,747,491102-3,-,5/15/2026,False,5/13/2026 1:46:09 PM,False,5/13/2026 1:46:09 PM
AP03A,1361155,U6XX,747,491102-4,-,5/15/2026,False,5/13/2026 1:46:09 PM,False,5/13/2026 1:46:09 PM
AP03A,1361156,U6XX,748,491103-1,-,5/15/2026,False,5/13/2026 1:49:04 PM,False,5/13/2026 1:49:04 PM
AP03A,1361157,U6XX,748,491103-2,-,5/15/2026,False,5/13/2026 1:49:04 PM,False,5/13/2026 1:49:04 PM
AP03A,1361158,U6XX,748,491103-3,-,5/15/2026,False,5/13/2026 1:49:04 PM,False,5/13/2026 1:49:04 PM
AP03A,1361159,U6XX,748,491103-4,-,5/15/2026,False,5/13/2026 1:49:05 PM,False,5/13/2026 1:49:05 PM
AP03A,1361160,U6XX,749,491104-1,-,5/15/2026,False,5/13/2026 1:52:41 PM,False,5/13/2026 1:52:41 PM
AP03A,1361161,U6XX,749,491104-2,-,5/15/2026,False,5/13/2026 1:52:41 PM,False,5/13/2026 1:52:41 PM
AP03A,1361162,U6XX,749,491104-3,-,5/15/2026,False,5/13/2026 1:52:41 PM,False,5/13/2026 1:52:41 PM
AP03A,1361163,U6XX,749,491104-4,-,5/15/2026,False,5/13/2026 1:52:42 PM,False,5/13/2026 1:52:42 PM
AP03A,1361164,U6XX,750,491105-1,-,5/15/2026,False,5/13/2026 1:56:29 PM,False,5/13/2026 1:56:29 PM
AP03A,1361165,U611-LHTOP,135,490191-8,0-0,5/15/2026,True,5/14/2026 7:59:16 AM,True,5/12/2026 6:26:33 AM
AP03A,1361165,U611-RHTOP,74,489609-20,0-0,5/15/2026,True,5/14/2026 7:59:16 AM,True,5/12/2026 4:20:31 AM
AP03A,1361165,U6XX,750,491105-2,-,5/15/2026,False,5/13/2026 1:56:29 PM,False,5/13/2026 1:56:29 PM
AP03A,1361166,U6XX,750,491105-3,-,5/15/2026,False,5/13/2026 1:56:30 PM,False,5/13/2026 1:56:30 PM
AP03A,1361167,U6XX,750,491105-4,-,5/15/2026,False,5/13/2026 1:56:30 PM,False,5/13/2026 1:56:30 PM
AP03A,1361168,U6XX,751,491106-1,-,5/15/2026,False,5/13/2026 2:23:08 PM,False,5/13/2026 2:23:08 PM
AP03A,1361169,U6XX,751,491106-2,-,5/15/2026,False,5/13/2026 2:23:08 PM,False,5/13/2026 2:23:08 PM
AP03A,1361170,U6XX,751,491106-3,-,5/15/2026,False,5/13/2026 2:23:08 PM,False,5/13/2026 2:23:08 PM
AP03A,1361171,U6XX,751,491106-4,-,5/15/2026,False,5/13/2026 2:23:08 PM,False,5/13/2026 2:23:08 PM
AP03A,1361172,U6XX,752,491107-1,-,5/15/2026,False,5/13/2026 2:27:15 PM,False,5/13/2026 2:27:15 PM
AP03A,1361173,U6XX,752,491107-2,-,5/15/2026,False,5/13/2026 2:27:15 PM,False,5/13/2026 2:27:15 PM
AP03A,1361174,U6XX,752,491107-3,-,5/15/2026,False,5/13/2026 2:27:15 PM,False,5/13/2026 2:27:15 PM
AP03A,1361175,U6XX,752,491107-4,-,5/15/2026,False,5/13/2026 2:27:15 PM,False,5/13/2026 2:27:15 PM
AP03A,1361176,U6XX,753,491108-1,-,5/15/2026,False,5/13/2026 2:30:51 PM,False,5/13/2026 2:30:51 PM
AP03A,1361177,U6XX,753,491108-2,-,5/15/2026,False,5/13/2026 2:30:51 PM,False,5/13/2026 2:30:51 PM
AP03A,1361178,U611-LHTOP,135,490191-9,0-0,5/15/2026,True,5/14/2026 7:59:16 AM,True,5/12/2026 6:27:49 AM
AP03A,1361178,U611-RHTOP,74,489609-21,0-0,5/15/2026,True,5/14/2026 7:59:16 AM,True,5/12/2026 4:42:06 AM
AP03A,1361178,U6XX,753,491108-3,-,5/15/2026,False,5/13/2026 2:30:51 PM,False,5/13/2026 2:30:51 PM
AP03A,1361179,U6XX,753,491108-4,-,5/15/2026,False,5/13/2026 2:30:51 PM,False,5/13/2026 2:30:51 PM
AP03A,1361180,U6XX,754,491109-1,-,5/15/2026,False,5/13/2026 2:33:46 PM,False,5/13/2026 2:33:46 PM
AP03A,1361181,U6XX,754,491109-2,-,5/15/2026,False,5/13/2026 2:33:46 PM,False,5/13/2026 2:33:46 PM
AP03A,1361182,U6XX,754,491109-3,-,5/15/2026,False,5/13/2026 2:33:46 PM,False,5/13/2026 2:33:46 PM
AP03A,1361183,U6XX,754,491109-4,-,5/15/2026,False,5/13/2026 2:33:47 PM,False,5/13/2026 2:33:47 PM
AP03A,1361184,U6XX,755,491110-1,-,5/15/2026,False,5/13/2026 2:37:03 PM,False,5/13/2026 2:37:03 PM
AP03A,1361185,U6XX,755,491110-2,-,5/15/2026,False,5/13/2026 2:37:03 PM,False,5/13/2026 2:37:03 PM
AP03A,1361186,U6XX,755,491110-3,-,5/15/2026,False,5/13/2026 2:37:03 PM,False,5/13/2026 2:37:03 PM
AP03A,1361187,U6XX,755,491110-4,-,5/15/2026,False,5/13/2026 2:37:03 PM,False,5/13/2026 2:37:03 PM
AP03A,1361188,U6XX,756,491111-1,-,5/15/2026,False,5/13/2026 2:40:29 PM,False,5/13/2026 2:40:29 PM
AP03A,1361189,U6XX,756,491111-2,-,5/15/2026,False,5/13/2026 2:40:29 PM,False,5/13/2026 2:40:29 PM
AP03A,1361190,U6XX,756,491111-3,-,5/15/2026,False,5/13/2026 2:40:30 PM,False,5/13/2026 2:40:30 PM
AP03A,1361191,U611-LHTOP,135,490191-10,0-0,5/15/2026,True,5/14/2026 7:59:16 AM,True,5/12/2026 6:29:04 AM
AP03A,1361191,U611-RHTOP,74,489609-22,0-0,5/15/2026,True,5/14/2026 7:59:16 AM,True,5/12/2026 4:49:05 AM
AP03A,1361191,U6XX,756,491111-4,-,5/15/2026,False,5/13/2026 2:40:30 PM,False,5/13/2026 2:40:30 PM
AP03A,1361192,U6XX,757,491112-1,-,5/15/2026,False,5/13/2026 2:43:35 PM,False,5/13/2026 2:43:35 PM
AP03A,1361193,U6XX,757,491112-2,-,5/15/2026,False,5/13/2026 2:43:35 PM,False,5/13/2026 2:43:35 PM
AP03A,1361194,U6XX,757,491112-3,-,5/15/2026,False,5/13/2026 2:43:35 PM,False,5/13/2026 2:43:35 PM
AP03A,1361195,U6XX,757,491112-4,-,5/15/2026,False,5/13/2026 2:43:36 PM,False,5/13/2026 2:43:36 PM
AP03A,1361196,U6XX,758,491113-1,-,5/15/2026,False,5/13/2026 2:47:22 PM,False,5/13/2026 2:47:22 PM
AP03A,1361197,U6XX,758,491113-2,-,5/15/2026,False,5/13/2026 2:47:23 PM,False,5/13/2026 2:47:23 PM
AP03A,1361198,U6XX,758,491113-3,-,5/15/2026,False,5/13/2026 2:47:23 PM,False,5/13/2026 2:47:23 PM
AP03A,1361199,U6XX,758,491113-4,-,5/15/2026,False,5/13/2026 2:47:23 PM,False,5/13/2026 2:47:23 PM
AP03A,1361200,U6XX,759,491114-1,-,5/15/2026,False,5/13/2026 2:50:49 PM,False,5/13/2026 2:50:49 PM
AP03A,1361201,U6XX,759,491114-2,-,5/15/2026,False,5/13/2026 2:50:49 PM,False,5/13/2026 2:50:49 PM
AP03A,1361202,U6XX,759,491114-3,-,5/15/2026,False,5/13/2026 2:50:49 PM,False,5/13/2026 2:50:49 PM
AP03A,1361203,U6XX,759,491114-4,-,5/15/2026,False,5/13/2026 2:50:49 PM,False,5/13/2026 2:50:49 PM
AP03A,1361204,U611-LHTOP,135,490191-11,0-0,5/15/2026,True,5/14/2026 7:59:16 AM,True,5/12/2026 6:52:36 AM
AP03A,1361204,U611-RHTOP,74,489609-23,0-0,5/15/2026,True,5/14/2026 7:59:16 AM,True,5/12/2026 4:57:37 AM
AP03A,1361204,U6XX,760,491115-1,-,5/15/2026,False,5/13/2026 2:53:44 PM,False,5/13/2026 2:53:44 PM
AP03A,1361205,U6XX,760,491115-2,-,5/15/2026,False,5/13/2026 2:53:44 PM,False,5/13/2026 2:53:44 PM
AP03A,1361206,U6XX,760,491115-3,-,5/15/2026,False,5/13/2026 2:53:44 PM,False,5/13/2026 2:53:44 PM
AP03A,1361207,U6XX,760,491115-4,-,5/15/2026,False,5/13/2026 2:53:45 PM,False,5/13/2026 2:53:45 PM
AP03A,1361208,U6XX,761,491116-1,-,5/15/2026,False,5/13/2026 3:03:27 PM,False,5/13/2026 3:03:27 PM
AP03A,1361209,U6XX,761,491116-2,-,5/15/2026,False,5/13/2026 3:03:27 PM,False,5/13/2026 3:03:27 PM
AP03A,1361210,U6XX,761,491116-3,-,5/15/2026,False,5/13/2026 3:03:28 PM,False,5/13/2026 3:03:28 PM
AP03A,1361211,U6XX,761,491116-4,-,5/15/2026,False,5/13/2026 3:03:28 PM,False,5/13/2026 3:03:28 PM
AP03A,1361212,U6XX,762,491117-1,-,5/15/2026,False,5/13/2026 3:06:53 PM,False,5/13/2026 3:06:53 PM
AP03A,1361213,U6XX,762,491117-2,-,5/15/2026,False,5/13/2026 3:06:53 PM,False,5/13/2026 3:06:53 PM
AP03A,1361214,U6XX,762,491117-3,-,5/15/2026,False,5/13/2026 3:06:53 PM,False,5/13/2026 3:06:53 PM
AP03A,1361215,U6XX,762,491117-4,-,5/15/2026,False,5/13/2026 3:06:53 PM,False,5/13/2026 3:06:53 PM
AP03A,1361216,U6XX,763,491118-1,-,5/15/2026,False,5/13/2026 3:10:08 PM,False,5/13/2026 3:10:08 PM
AP03A,1361217,U611-LHTOP,135,490191-12,0-0,5/15/2026,True,5/14/2026 7:59:16 AM,True,5/12/2026 6:54:24 AM
AP03A,1361217,U611-RHTOP,74,489609-24,0-0,5/15/2026,True,5/14/2026 7:59:16 AM,True,5/12/2026 5:01:23 AM
AP03A,1361217,U6XX,763,491118-2,-,5/15/2026,False,5/13/2026 3:10:08 PM,False,5/13/2026 3:10:08 PM
AP03A,1361218,U6XX,763,491118-3,-,5/15/2026,False,5/13/2026 3:10:08 PM,False,5/13/2026 3:10:08 PM
AP03A,1361219,U6XX,763,491118-4,-,5/15/2026,False,5/13/2026 3:10:09 PM,False,5/13/2026 3:10:09 PM
AP03A,1361220,U6XX,764,491119-1,-,5/15/2026,False,5/13/2026 3:13:24 PM,False,5/13/2026 3:13:24 PM
AP03A,1361221,U6XX,764,491119-2,-,5/15/2026,False,5/13/2026 3:13:24 PM,False,5/13/2026 3:13:24 PM
AP03A,1361222,U6XX,764,491119-3,-,5/15/2026,False,5/13/2026 3:13:24 PM,False,5/13/2026 3:13:24 PM
AP03A,1361223,U6XX,764,491119-4,-,5/15/2026,False,5/13/2026 3:13:25 PM,False,5/13/2026 3:13:25 PM
AP03A,1361224,U6XX,765,491120-1,-,5/15/2026,False,5/13/2026 3:17:00 PM,False,5/13/2026 3:17:00 PM
AP03A,1361225,U6XX,765,491120-2,-,5/15/2026,False,5/13/2026 3:17:00 PM,False,5/13/2026 3:17:00 PM
AP03A,1361226,U6XX,765,491120-3,-,5/15/2026,False,5/13/2026 3:17:00 PM,False,5/13/2026 3:17:00 PM
AP03A,1361227,U6XX,765,491120-4,-,5/15/2026,False,5/13/2026 3:17:01 PM,False,5/13/2026 3:17:00 PM
AP03A,1361228,U6XX,766,491121-1,-,5/15/2026,False,5/13/2026 3:20:05 PM,False,5/13/2026 3:20:05 PM
AP03A,1361229,U611-LHTOP,136,490204-1,0-0,5/15/2026,True,5/14/2026 7:59:16 AM,True,5/12/2026 6:59:33 AM
AP03A,1361229,U611-RHTOP,75,489647-1,0-0,5/15/2026,True,5/14/2026 7:59:16 AM,True,5/12/2026 5:58:10 AM
AP03A,1361229,U6XX,766,491121-2,-,5/15/2026,False,5/13/2026 3:20:05 PM,False,5/13/2026 3:20:05 PM
AP03A,1361230,U6XX,766,491121-3,-,5/15/2026,False,5/13/2026 3:20:05 PM,False,5/13/2026 3:20:05 PM
AP03A,1361231,U6XX,766,491121-4,-,5/15/2026,False,5/13/2026 3:20:05 PM,False,5/13/2026 3:20:05 PM
AP03A,1361232,U6XX,767,491122-1,-,5/15/2026,False,5/13/2026 3:24:22 PM,False,5/13/2026 3:24:22 PM
AP03A,1361233,U6XX,767,491122-2,-,5/15/2026,False,5/13/2026 3:24:22 PM,False,5/13/2026 3:24:22 PM
AP03A,1361234,U6XX,767,491122-3,-,5/15/2026,False,5/13/2026 3:24:22 PM,False,5/13/2026 3:24:22 PM
AP03A,1361235,U6XX,767,491122-4,-,5/15/2026,False,5/13/2026 3:24:23 PM,False,5/13/2026 3:24:23 PM
AP03A,1361236,U6XX,768,491123-1,-,5/15/2026,False,5/13/2026 3:28:08 PM,False,5/13/2026 3:28:08 PM
AP03A,1361237,U6XX,768,491123-2,-,5/15/2026,False,5/13/2026 3:28:08 PM,False,5/13/2026 3:28:08 PM
AP03A,1361238,U6XX,768,491123-3,-,5/15/2026,False,5/13/2026 3:28:09 PM,False,5/13/2026 3:28:09 PM
AP03A,1361239,U6XX,768,491123-4,-,5/15/2026,False,5/13/2026 3:28:09 PM,False,5/13/2026 3:28:09 PM
AP03A,1361240,U6XX,769,491124-1,-,5/15/2026,False,5/13/2026 3:31:54 PM,False,5/13/2026 3:31:54 PM
AP03A,1361241,U6XX,769,491124-2,-,5/15/2026,False,5/13/2026 3:31:54 PM,False,5/13/2026 3:31:54 PM
AP03A,1361242,U611-LHTOP,136,490204-2,0-0,5/15/2026,True,5/14/2026 7:59:16 AM,True,5/12/2026 7:12:13 AM
AP03A,1361242,U611-RHTOP,75,489647-2,0-0,5/15/2026,True,5/14/2026 7:59:16 AM,True,5/12/2026 6:06:01 AM
AP03A,1361242,U6XX,769,491124-3,-,5/15/2026,False,5/13/2026 3:31:54 PM,False,5/13/2026 3:31:54 PM
AP03A,1361243,U6XX,769,491124-4,-,5/15/2026,False,5/13/2026 3:31:55 PM,False,5/13/2026 3:31:55 PM
AP03A,1361244,U6XX,770,491125-1,-,5/15/2026,False,5/13/2026 3:35:10 PM,False,5/13/2026 3:35:10 PM
AP03A,1361245,U6XX,770,491125-2,-,5/15/2026,False,5/13/2026 3:35:10 PM,False,5/13/2026 3:35:10 PM
AP03A,1361246,U6XX,770,491125-3,-,5/15/2026,False,5/13/2026 3:35:10 PM,False,5/13/2026 3:35:10 PM
AP03A,1361247,U6XX,770,491125-4,-,5/15/2026,False,5/13/2026 3:35:10 PM,False,5/13/2026 3:35:10 PM
AP03A,1361248,U6XX,771,491126-1,-,5/15/2026,False,5/13/2026 3:38:26 PM,False,5/13/2026 3:38:26 PM
AP03A,1361249,U6XX,771,491126-2,-,5/15/2026,False,5/13/2026 3:38:26 PM,False,5/13/2026 3:38:26 PM
AP03A,1361250,U6XX,771,491126-3,-,5/15/2026,False,5/13/2026 3:38:26 PM,False,5/13/2026 3:38:26 PM
AP03A,1361251,U6XX,771,491126-4,-,5/15/2026,False,5/13/2026 3:38:27 PM,False,5/13/2026 3:38:27 PM
AP03A,1361252,U6XX,772,491127-1,-,5/15/2026,False,5/13/2026 3:42:13 PM,False,5/13/2026 3:42:13 PM
AP03A,1361253,U6XX,772,491127-2,-,5/15/2026,False,5/13/2026 3:42:13 PM,False,5/13/2026 3:42:13 PM
AP03A,1361254,U6XX,772,491127-3,-,5/15/2026,False,5/13/2026 3:42:13 PM,False,5/13/2026 3:42:13 PM
AP03A,1361255,U611-LHTOP,136,490204-3,0-0,5/15/2026,True,5/14/2026 7:59:16 AM,True,5/12/2026 7:13:51 AM
AP03A,1361255,U611-RHTOP,75,489647-3,0-0,5/15/2026,True,5/14/2026 7:59:16 AM,True,5/12/2026 6:12:13 AM
AP03A,1361255,U6XX,772,491127-4,-,5/15/2026,False,5/13/2026 3:42:14 PM,False,5/13/2026 3:42:14 PM
AP03A,1361256,U6XX,773,491128-1,-,5/15/2026,False,5/13/2026 3:46:00 PM,False,5/13/2026 3:46:00 PM
AP03A,1361257,U6XX,773,491128-2,-,5/15/2026,False,5/13/2026 3:46:00 PM,False,5/13/2026 3:46:00 PM
AP03A,1361258,U6XX,773,491128-3,-,5/15/2026,False,5/13/2026 3:46:00 PM,False,5/13/2026 3:46:00 PM
AP03A,1361259,U6XX,773,491128-4,-,5/15/2026,False,5/13/2026 3:46:00 PM,False,5/13/2026 3:46:00 PM
AP03A,1361260,U6XX,774,491129-1,-,5/15/2026,False,5/13/2026 3:49:26 PM,False,5/13/2026 3:49:26 PM
AP03A,1361261,U6XX,774,491129-2,-,5/15/2026,False,5/13/2026 3:49:26 PM,False,5/13/2026 3:49:26 PM
AP03A,1361262,U6XX,774,491129-3,-,5/15/2026,False,5/13/2026 3:49:26 PM,False,5/13/2026 3:49:26 PM
AP03A,1361263,U6XX,774,491129-4,-,5/15/2026,False,5/13/2026 3:49:26 PM,False,5/13/2026 3:49:26 PM
AP03A,1361264,U6XX,775,491130-1,-,5/15/2026,False,5/13/2026 3:52:41 PM,False,5/13/2026 3:52:41 PM
AP03A,1361265,U6XX,775,491130-2,-,5/15/2026,False,5/13/2026 3:52:42 PM,False,5/13/2026 3:52:42 PM
AP03A,1361266,U6XX,775,491130-3,-,5/15/2026,False,5/13/2026 3:52:42 PM,False,5/13/2026 3:52:42 PM
AP03A,1361267,U6XX,775,491130-4,-,5/15/2026,False,5/13/2026 3:52:42 PM,False,5/13/2026 3:52:42 PM
AP03A,1361268,U611-LHTOP,136,490204-4,0-0,5/15/2026,True,5/14/2026 7:59:16 AM,True,5/12/2026 7:15:10 AM
AP03A,1361268,U611-RHTOP,75,489647-4,0-0,5/15/2026,True,5/14/2026 7:59:16 AM,True,5/12/2026 6:15:53 AM
AP03A,1361268,U6XX,776,491131-1,-,5/15/2026,False,5/13/2026 6:10:49 PM,False,5/13/2026 6:10:49 PM
AP03A,1361269,U6XX,776,491131-2,-,5/15/2026,False,5/13/2026 6:10:49 PM,False,5/13/2026 6:10:49 PM
AP03A,1361270,U6XX,776,491131-3,-,5/15/2026,False,5/13/2026 6:10:49 PM,False,5/13/2026 6:10:49 PM
AP03A,1361271,U6XX,776,491131-4,-,5/15/2026,False,5/13/2026 6:10:49 PM,False,5/13/2026 6:10:49 PM
AP03A,1361272,U6XX,777,491132-1,-,5/15/2026,False,5/13/2026 6:14:04 PM,False,5/13/2026 6:14:04 PM
AP03A,1361273,U6XX,777,491132-2,-,5/15/2026,False,5/13/2026 6:14:04 PM,False,5/13/2026 6:14:04 PM
AP03A,1361274,U6XX,777,491132-3,-,5/15/2026,False,5/13/2026 6:14:04 PM,False,5/13/2026 6:14:04 PM
AP03A,1361275,U6XX,777,491132-4,-,5/15/2026,False,5/13/2026 6:14:05 PM,False,5/13/2026 6:14:05 PM
AP03A,1361276,U6XX,778,491133-1,-,5/15/2026,False,5/13/2026 6:17:51 PM,False,5/13/2026 6:17:51 PM
AP03A,1361277,U6XX,778,491133-2,-,5/15/2026,False,5/13/2026 6:17:51 PM,False,5/13/2026 6:17:51 PM
AP03A,1361278,U6XX,778,491133-3,-,5/15/2026,False,5/13/2026 6:17:52 PM,False,5/13/2026 6:17:52 PM
AP03A,1361279,U6XX,778,491133-4,-,5/15/2026,False,5/13/2026 6:17:52 PM,False,5/13/2026 6:17:52 PM
AP03A,1361280,U6XX,779,491134-1,-,5/15/2026,False,5/13/2026 6:21:48 PM,False,5/13/2026 6:21:48 PM
AP03A,1361281,U611-LHTOP,136,490204-5,0-0,5/15/2026,True,5/14/2026 7:59:16 AM,True,5/12/2026 7:16:30 AM
AP03A,1361281,U611-RHTOP,75,489647-5,0-0,5/15/2026,True,5/14/2026 7:59:16 AM,True,5/12/2026 6:21:11 AM
AP03A,1361281,U6XX,779,491134-2,-,5/15/2026,False,5/13/2026 6:21:48 PM,False,5/13/2026 6:21:48 PM
AP03A,1361282,U6XX,779,491134-3,-,5/15/2026,False,5/13/2026 6:21:49 PM,False,5/13/2026 6:21:49 PM
AP03A,1361283,U6XX,779,491134-4,-,5/15/2026,False,5/13/2026 6:21:49 PM,False,5/13/2026 6:21:49 PM
AP03A,1361284,U6XX,780,491135-1,-,5/15/2026,False,5/13/2026 6:25:15 PM,False,5/13/2026 6:25:15 PM
AP03A,1361285,U6XX,780,491135-2,-,5/15/2026,False,5/13/2026 6:25:15 PM,False,5/13/2026 6:25:15 PM
AP03A,1361286,U6XX,780,491135-3,-,5/15/2026,False,5/13/2026 6:25:15 PM,False,5/13/2026 6:25:15 PM
AP03A,1361287,U6XX,780,491135-4,-,5/15/2026,False,5/13/2026 6:25:16 PM,False,5/13/2026 6:25:16 PM
AP03A,1361288,U6XX,781,491136-1,-,5/15/2026,False,5/13/2026 6:31:05 PM,False,5/13/2026 6:31:05 PM
AP03A,1361289,U6XX,781,491136-2,-,5/15/2026,False,5/13/2026 6:31:05 PM,False,5/13/2026 6:31:05 PM
AP03A,1361290,U6XX,781,491136-3,-,5/15/2026,False,5/13/2026 6:31:05 PM,False,5/13/2026 6:31:05 PM
AP03A,1361291,U6XX,781,491136-4,-,5/15/2026,False,5/13/2026 6:31:05 PM,False,5/13/2026 6:31:05 PM
AP03A,1361292,U6XX,782,491137-1,-,5/15/2026,False,5/13/2026 6:35:01 PM,False,5/13/2026 6:35:01 PM
AP03A,1361293,U6XX,782,491137-2,-,5/15/2026,False,5/13/2026 6:35:02 PM,False,5/13/2026 6:35:02 PM
AP03A,1361294,U611-LHTOP,136,490204-6,0-0,5/15/2026,True,5/14/2026 7:59:16 AM,True,5/12/2026 7:17:56 AM
AP03A,1361294,U611-RHTOP,75,489647-6,0-0,5/15/2026,True,5/14/2026 7:59:16 AM,True,5/12/2026 6:26:03 AM
AP03A,1361294,U6XX,782,491137-3,-,5/15/2026,False,5/13/2026 6:35:02 PM,False,5/13/2026 6:35:02 PM
AP03A,1361295,U6XX,782,491137-4,-,5/15/2026,False,5/13/2026 6:35:02 PM,False,5/13/2026 6:35:02 PM
AP03A,1361296,U6XX,783,491138-1,-,5/15/2026,False,5/13/2026 6:38:38 PM,False,5/13/2026 6:38:38 PM
AP03A,1361297,U6XX,783,491138-2,-,5/15/2026,False,5/13/2026 6:38:38 PM,False,5/13/2026 6:38:38 PM
AP03A,1361298,U6XX,783,491138-3,-,5/15/2026,False,5/13/2026 6:38:38 PM,False,5/13/2026 6:38:38 PM
AP03A,1361299,U6XX,783,491138-4,-,5/15/2026,False,5/13/2026 6:38:39 PM,False,5/13/2026 6:38:39 PM
AP03A,1361300,U6XX,784,491139-1,-,5/15/2026,False,5/13/2026 6:41:54 PM,False,5/13/2026 6:41:54 PM
AP03A,1361301,U6XX,784,491139-2,-,5/15/2026,False,5/13/2026 6:41:54 PM,False,5/13/2026 6:41:54 PM
AP03A,1361302,U6XX,784,491139-3,-,5/15/2026,False,5/13/2026 6:41:54 PM,False,5/13/2026 6:41:54 PM
AP03A,1361303,U6XX,784,491139-4,-,5/15/2026,False,5/13/2026 6:41:54 PM,False,5/13/2026 6:41:54 PM
AP03A,1361304,U6XX,785,491140-1,-,5/15/2026,False,5/13/2026 6:45:40 PM,False,5/13/2026 6:45:40 PM
AP03A,1361305,U6XX,785,491140-2,-,5/15/2026,False,5/13/2026 6:45:40 PM,False,5/13/2026 6:45:40 PM
AP03A,1361306,U6XX,785,491140-3,-,5/15/2026,False,5/13/2026 6:45:40 PM,False,5/13/2026 6:45:40 PM
AP03A,1361307,U611-LHTOP,136,490204-7,0-0,5/15/2026,True,5/14/2026 7:59:16 AM,True,5/12/2026 7:19:08 AM
AP03A,1361307,U611-RHTOP,75,489647-7,0-0,5/15/2026,True,5/14/2026 7:59:16 AM,True,5/12/2026 6:36:46 AM
AP03A,1361307,U6XX,785,491140-4,-,5/15/2026,False,5/13/2026 6:45:40 PM,False,5/13/2026 6:45:40 PM
AP03A,1361308,U6XX,786,491141-1,-,5/15/2026,False,5/13/2026 6:50:48 PM,False,5/13/2026 6:50:48 PM
AP03A,1361309,U6XX,786,491141-2,-,5/15/2026,False,5/13/2026 6:50:48 PM,False,5/13/2026 6:50:48 PM
AP03A,1361310,U6XX,786,491141-3,-,5/15/2026,False,5/13/2026 6:50:48 PM,False,5/13/2026 6:50:48 PM
AP03A,1361311,U6XX,786,491141-4,-,5/15/2026,False,5/13/2026 6:50:48 PM,False,5/13/2026 6:50:48 PM
AP03A,1361312,U6XX,787,491142-1,-,5/15/2026,False,5/13/2026 6:54:03 PM,False,5/13/2026 6:54:03 PM
AP03A,1361313,U6XX,787,491142-2,-,5/15/2026,False,5/13/2026 6:54:04 PM,False,5/13/2026 6:54:04 PM
AP03A,1361314,U6XX,787,491142-3,-,5/15/2026,False,5/13/2026 6:54:04 PM,False,5/13/2026 6:54:04 PM
AP03A,1361315,U6XX,787,491142-4,-,5/15/2026,False,5/13/2026 6:54:04 PM,False,5/13/2026 6:54:04 PM
AP03A,1361316,U6XX,788,491143-1,-,5/15/2026,False,5/13/2026 7:04:19 PM,False,5/13/2026 7:04:19 PM
AP03A,1361317,U6XX,788,491143-2,-,5/15/2026,False,5/13/2026 7:04:19 PM,False,5/13/2026 7:04:19 PM
AP03A,1361318,U6XX,788,491143-3,-,5/15/2026,False,5/13/2026 7:04:19 PM,False,5/13/2026 7:04:19 PM
AP03A,1361319,U6XX,788,491143-4,-,5/15/2026,False,5/13/2026 7:04:19 PM,False,5/13/2026 7:04:19 PM
AP03A,1361320,U611-LHTOP,136,490204-8,0-0,5/15/2026,True,5/14/2026 7:59:16 AM,True,5/12/2026 7:20:44 AM
AP03A,1361320,U611-RHTOP,75,489647-8,0-0,5/15/2026,True,5/14/2026 7:59:16 AM,True,5/12/2026 6:44:53 AM
AP03A,1361320,U6XX,789,491144-1,-,5/15/2026,False,5/13/2026 7:07:35 PM,False,5/13/2026 7:07:35 PM
AP03A,1361321,U6XX,789,491144-2,-,5/15/2026,False,5/13/2026 7:07:35 PM,False,5/13/2026 7:07:35 PM
AP03A,1361322,U6XX,789,491144-3,-,5/15/2026,False,5/13/2026 7:07:35 PM,False,5/13/2026 7:07:35 PM
AP03A,1361323,U6XX,789,491144-4,-,5/15/2026,False,5/13/2026 7:07:35 PM,False,5/13/2026 7:07:35 PM
AP03A,1361324,U6XX,790,491145-1,-,5/15/2026,False,5/13/2026 7:11:12 PM,False,5/13/2026 7:11:12 PM
AP03A,1361325,U6XX,790,491145-2,-,5/15/2026,False,5/13/2026 7:11:12 PM,False,5/13/2026 7:11:12 PM
AP03A,1361326,U6XX,790,491145-3,-,5/15/2026,False,5/13/2026 7:11:12 PM,False,5/13/2026 7:11:12 PM
AP03A,1361327,U6XX,790,491145-4,-,5/15/2026,False,5/13/2026 7:11:13 PM,False,5/13/2026 7:11:13 PM
AP03A,1361328,U6XX,791,491146-1,-,5/15/2026,False,5/13/2026 7:14:58 PM,False,5/13/2026 7:14:58 PM
AP03A,1361329,U6XX,791,491146-2,-,5/15/2026,False,5/13/2026 7:14:59 PM,False,5/13/2026 7:14:59 PM
AP03A,1361330,U6XX,791,491146-3,-,5/15/2026,False,5/13/2026 7:14:59 PM,False,5/13/2026 7:14:59 PM
AP03A,1361331,U6XX,791,491146-4,-,5/15/2026,False,5/13/2026 7:15:00 PM,False,5/13/2026 7:15:00 PM
AP03A,1361332,U6XX,792,491147-1,-,5/15/2026,False,5/13/2026 7:19:07 PM,False,5/13/2026 7:19:07 PM
AP03A,1361333,U611-LHTOP,136,490204-9,0-0,5/15/2026,True,5/14/2026 7:59:16 AM,True,5/12/2026 7:22:43 AM
AP03A,1361333,U611-RHTOP,75,489647-9,0-0,5/15/2026,True,5/14/2026 7:59:16 AM,True,5/12/2026 6:48:37 AM
AP03A,1361333,U6XX,792,491147-2,-,5/15/2026,False,5/13/2026 7:19:07 PM,False,5/13/2026 7:19:07 PM
AP03A,1361334,U6XX,792,491147-3,-,5/15/2026,False,5/13/2026 7:19:07 PM,False,5/13/2026 7:19:07 PM
AP03A,1361335,U6XX,792,491147-4,-,5/15/2026,False,5/13/2026 7:19:08 PM,False,5/13/2026 7:19:08 PM
AP03A,1361336,U6XX,793,491148-1,-,5/15/2026,False,5/13/2026 7:22:43 PM,False,5/13/2026 7:22:43 PM
AP03A,1361337,U6XX,793,491148-2,-,5/15/2026,False,5/13/2026 7:22:43 PM,False,5/13/2026 7:22:43 PM
AP03A,1361338,U6XX,793,491148-3,-,5/15/2026,False,5/13/2026 7:22:44 PM,False,5/13/2026 7:22:44 PM
AP03A,1361339,U6XX,793,491148-4,-,5/15/2026,False,5/13/2026 7:22:44 PM,False,5/13/2026 7:22:44 PM
AP03A,1361340,U6XX,794,491149-1,-,5/15/2026,False,5/13/2026 7:26:09 PM,False,5/13/2026 7:26:09 PM
AP03A,1361341,U6XX,794,491149-2,-,5/15/2026,False,5/13/2026 7:26:10 PM,False,5/13/2026 7:26:10 PM
AP03A,1361342,U6XX,794,491149-3,-,5/15/2026,False,5/13/2026 7:26:10 PM,False,5/13/2026 7:26:10 PM
AP03A,1361343,U6XX,794,491149-4,-,5/15/2026,False,5/13/2026 7:26:10 PM,False,5/13/2026 7:26:10 PM
AP03A,1361344,U6XX,795,491150-1,-,5/15/2026,False,5/13/2026 7:29:56 PM,False,5/13/2026 7:29:56 PM
AP03A,1361345,U6XX,795,491150-2,-,5/15/2026,False,5/13/2026 7:29:56 PM,False,5/13/2026 7:29:56 PM
AP03A,1361346,U611-LHTOP,136,490204-10,0-0,5/15/2026,True,5/14/2026 7:59:16 AM,True,5/12/2026 7:26:00 AM
AP03A,1361346,U611-RHTOP,75,489647-10,0-0,5/15/2026,True,5/14/2026 7:59:16 AM,True,5/12/2026 6:52:38 AM
AP03A,1361346,U6XX,795,491150-3,-,5/15/2026,False,5/13/2026 7:29:56 PM,False,5/13/2026 7:29:56 PM
AP03A,1361347,U6XX,795,491150-4,-,5/15/2026,False,5/13/2026 7:29:56 PM,False,5/13/2026 7:29:56 PM
AP03A,1361348,U6XX,796,491151-1,-,5/15/2026,False,5/13/2026 7:33:32 PM,False,5/13/2026 7:33:32 PM
AP03A,1361349,U6XX,796,491151-2,-,5/15/2026,False,5/13/2026 7:33:32 PM,False,5/13/2026 7:33:32 PM
AP03A,1361350,U6XX,796,491151-3,-,5/15/2026,False,5/13/2026 7:33:32 PM,False,5/13/2026 7:33:32 PM
AP03A,1361351,U6XX,796,491151-4,-,5/15/2026,False,5/13/2026 7:33:32 PM,False,5/13/2026 7:33:32 PM
AP03A,1361352,U6XX,797,491152-1,-,5/15/2026,False,5/13/2026 7:36:38 PM,False,5/13/2026 7:36:38 PM
AP03A,1361353,U6XX,797,491152-2,-,5/15/2026,False,5/13/2026 7:36:38 PM,False,5/13/2026 7:36:38 PM
AP03A,1361354,U6XX,797,491152-3,-,5/15/2026,False,5/13/2026 7:36:38 PM,False,5/13/2026 7:36:38 PM
AP03A,1361355,U6XX,797,491152-4,-,5/15/2026,False,5/13/2026 7:36:39 PM,False,5/13/2026 7:36:39 PM
AP03A,1361356,U6XX,798,491153-1,-,5/15/2026,False,5/13/2026 7:40:04 PM,False,5/13/2026 7:40:04 PM
AP03A,1361357,U6XX,798,491153-2,-,5/15/2026,False,5/13/2026 7:40:04 PM,False,5/13/2026 7:40:04 PM
AP03A,1361358,U611-LHTOP,136,490204-11,0-0,5/15/2026,True,5/14/2026 7:59:16 AM,True,5/12/2026 7:35:48 AM
AP03A,1361358,U611-RHTOP,75,489647-11,0-0,5/15/2026,True,5/14/2026 7:59:16 AM,True,5/12/2026 6:57:01 AM
AP03A,1361358,U6XX,798,491153-3,-,5/15/2026,False,5/13/2026 7:40:04 PM,False,5/13/2026 7:40:04 PM
AP03A,1361359,U6XX,798,491153-4,-,5/15/2026,False,5/13/2026 7:40:04 PM,False,5/13/2026 7:40:04 PM
AP03A,1361360,U6XX,799,491154-1,-,5/15/2026,False,5/13/2026 7:43:40 PM,False,5/13/2026 7:43:40 PM
AP03A,1361361,U6XX,799,491154-2,-,5/15/2026,False,5/13/2026 7:43:40 PM,False,5/13/2026 7:43:40 PM
AP03A,1361362,U6XX,799,491154-3,-,5/15/2026,False,5/13/2026 7:43:40 PM,False,5/13/2026 7:43:40 PM
AP03A,1361363,U6XX,799,491154-4,-,5/15/2026,False,5/13/2026 7:43:41 PM,False,5/13/2026 7:43:41 PM
AP03A,1361364,U6XX,800,491155-1,-,5/15/2026,False,5/13/2026 7:46:45 PM,False,5/13/2026 7:46:45 PM
AP03A,1361365,U6XX,800,491155-2,-,5/15/2026,False,5/13/2026 7:46:45 PM,False,5/13/2026 7:46:45 PM
AP03A,1361366,U6XX,800,491155-3,-,5/15/2026,False,5/13/2026 7:46:46 PM,False,5/13/2026 7:46:45 PM
AP03A,1361367,U6XX,800,491155-4,-,5/15/2026,False,5/13/2026 7:46:46 PM,False,5/13/2026 7:46:46 PM
AP03A,1361368,U6XX,801,491156-1,-,5/15/2026,False,5/13/2026 7:50:01 PM,False,5/13/2026 7:50:01 PM
AP03A,1361369,U6XX,801,491156-2,-,5/15/2026,False,5/13/2026 7:50:01 PM,False,5/13/2026 7:50:01 PM
AP03A,1361370,U6XX,801,491156-3,-,5/15/2026,False,5/13/2026 7:50:01 PM,False,5/13/2026 7:50:01 PM
AP03A,1361371,U611-LHTOP,136,490204-12,0-0,5/15/2026,True,5/14/2026 7:59:16 AM,True,5/12/2026 7:37:07 AM
AP03A,1361371,U611-RHTOP,75,489647-12,0-0,5/15/2026,True,5/14/2026 7:59:16 AM,True,5/12/2026 7:01:07 AM
AP03A,1361371,U6XX,801,491156-4,-,5/15/2026,False,5/13/2026 7:50:01 PM,False,5/13/2026 7:50:01 PM
AP03A,1361372,U6XX,802,491157-1,-,5/15/2026,False,5/13/2026 7:53:17 PM,False,5/13/2026 7:53:17 PM
AP03A,1361373,U6XX,802,491157-2,-,5/15/2026,False,5/13/2026 7:53:17 PM,False,5/13/2026 7:53:17 PM
AP03A,1361374,U6XX,802,491157-3,-,5/15/2026,False,5/13/2026 7:53:17 PM,False,5/13/2026 7:53:17 PM
AP03A,1361375,U6XX,802,491157-4,-,5/15/2026,False,5/13/2026 7:53:17 PM,False,5/13/2026 7:53:17 PM
AP03A,1361376,U6XX,803,491158-1,-,5/15/2026,False,5/13/2026 7:56:22 PM,False,5/13/2026 7:56:22 PM
AP03A,1361377,U6XX,803,491158-2,-,5/15/2026,False,5/13/2026 7:56:23 PM,False,5/13/2026 7:56:23 PM
AP03A,1361378,U6XX,803,491158-3,-,5/15/2026,False,5/13/2026 7:56:23 PM,False,5/13/2026 7:56:23 PM
AP03A,1361379,U6XX,803,491158-4,-,5/15/2026,False,5/13/2026 7:56:23 PM,False,5/13/2026 7:56:23 PM
AP03A,1361380,U6XX,804,491159-1,-,5/15/2026,False,5/13/2026 8:06:18 PM,False,5/13/2026 8:06:18 PM
AP03A,1361381,U6XX,804,491159-2,-,5/15/2026,False,5/13/2026 8:06:18 PM,False,5/13/2026 8:06:18 PM
AP03A,1361382,U6XX,804,491159-3,-,5/15/2026,False,5/13/2026 8:06:18 PM,False,5/13/2026 8:06:18 PM
AP03A,1361383,U6XX,804,491159-4,-,5/15/2026,False,5/13/2026 8:06:19 PM,False,5/13/2026 8:06:19 PM
AP03A,1361384,U611-LHTOP,137,490213-1,0-0,5/15/2026,True,5/14/2026 7:59:16 AM,True,5/12/2026 7:40:32 AM
AP03A,1361384,U611-RHTOP,75,489647-13,0-0,5/15/2026,True,5/14/2026 7:59:16 AM,True,5/12/2026 7:04:41 AM
AP03A,1361384,U6XX,805,491160-1,-,5/15/2026,False,5/13/2026 8:09:35 PM,False,5/13/2026 8:09:35 PM
AP03A,1361385,U6XX,805,491160-2,-,5/15/2026,False,5/13/2026 8:09:35 PM,False,5/13/2026 8:09:35 PM
AP03A,1361386,U6XX,805,491160-3,-,5/15/2026,False,5/13/2026 8:09:35 PM,False,5/13/2026 8:09:35 PM
AP03A,1361387,U6XX,805,491160-4,-,5/15/2026,False,5/13/2026 8:09:35 PM,False,5/13/2026 8:09:35 PM
AP03A,1361388,U6XX,806,491161-1,-,5/15/2026,False,5/13/2026 8:13:01 PM,False,5/13/2026 8:13:01 PM
AP03A,1361389,U6XX,806,491161-2,-,5/15/2026,False,5/13/2026 8:13:01 PM,False,5/13/2026 8:13:01 PM
AP03A,1361390,U6XX,806,491161-3,-,5/15/2026,False,5/13/2026 8:13:02 PM,False,5/13/2026 8:13:02 PM
AP03A,1361391,U6XX,806,491161-4,-,5/15/2026,False,5/13/2026 8:13:02 PM,False,5/13/2026 8:13:02 PM
AP03A,1361392,U6XX,807,491162-1,-,5/15/2026,False,5/13/2026 8:36:59 PM,False,5/13/2026 8:36:59 PM
AP03A,1361393,U6XX,807,491162-2,-,5/15/2026,False,5/13/2026 8:36:59 PM,False,5/13/2026 8:36:59 PM
AP03A,1361394,U6XX,807,491162-3,-,5/15/2026,False,5/13/2026 8:36:59 PM,False,5/13/2026 8:36:59 PM
AP03A,1361395,U6XX,807,491162-4,-,5/15/2026,False,5/13/2026 8:37:00 PM,False,5/13/2026 8:37:00 PM
AP03A,1361396,U6XX,808,491163-1,-,5/15/2026,False,5/13/2026 8:40:16 PM,False,5/13/2026 8:40:16 PM
AP03A,1361397,U611-LHTOP,137,490213-2,0-0,5/15/2026,True,5/14/2026 7:59:16 AM,True,5/12/2026 7:41:56 AM
AP03A,1361397,U611-RHTOP,75,489647-14,0-0,5/15/2026,True,5/14/2026 7:59:16 AM,True,5/12/2026 7:08:21 AM
AP03A,1361397,U6XX,808,491163-2,-,5/15/2026,False,5/13/2026 8:40:16 PM,False,5/13/2026 8:40:16 PM
AP03A,1361398,U6XX,808,491163-3,-,5/15/2026,False,5/13/2026 8:40:16 PM,False,5/13/2026 8:40:16 PM
AP03A,1361399,U6XX,808,491163-4,-,5/15/2026,False,5/13/2026 8:40:16 PM,False,5/13/2026 8:40:16 PM
AP03A,1361400,U6XX,809,491164-1,-,5/15/2026,False,5/13/2026 8:43:52 PM,False,5/13/2026 8:43:52 PM
AP03A,1361401,U6XX,809,491164-2,-,5/15/2026,False,5/13/2026 8:43:52 PM,False,5/13/2026 8:43:52 PM
AP03A,1361402,U6XX,809,491164-3,-,5/15/2026,False,5/13/2026 8:43:53 PM,False,5/13/2026 8:43:53 PM
AP03A,1361403,U6XX,809,491164-4,-,5/15/2026,False,5/13/2026 8:43:53 PM,False,5/13/2026 8:43:53 PM
AP03A,1361404,U6XX,810,491165-1,-,5/15/2026,False,5/13/2026 8:47:18 PM,False,5/13/2026 8:47:18 PM
AP03A,1361405,U6XX,810,491165-2,-,5/15/2026,False,5/13/2026 8:47:19 PM,False,5/13/2026 8:47:19 PM
AP03A,1361406,U6XX,810,491165-3,-,5/15/2026,False,5/13/2026 8:47:19 PM,False,5/13/2026 8:47:19 PM
AP03A,1361407,U6XX,810,491165-4,-,5/15/2026,False,5/13/2026 8:47:19 PM,False,5/13/2026 8:47:19 PM
AP03A,1361408,U6XX,811,491166-1,-,5/15/2026,False,5/13/2026 8:50:34 PM,False,5/13/2026 8:50:34 PM
AP03A,1361409,U6XX,811,491166-2,-,5/15/2026,False,5/13/2026 8:50:35 PM,False,5/13/2026 8:50:35 PM
AP03A,1361410,U611-LHTOP,137,490213-3,0-0,5/15/2026,True,5/14/2026 7:59:16 AM,True,5/12/2026 7:45:59 AM
AP03A,1361410,U611-RHTOP,75,489647-15,0-0,5/15/2026,True,5/14/2026 7:59:16 AM,True,5/12/2026 7:12:00 AM
AP03A,1361410,U6XX,811,491166-3,-,5/15/2026,False,5/13/2026 8:50:35 PM,False,5/13/2026 8:50:35 PM
AP03A,1361411,U6XX,811,491166-4,-,5/15/2026,False,5/13/2026 8:50:35 PM,False,5/13/2026 8:50:35 PM
AP03A,1361412,U6XX,812,491167-1,-,5/15/2026,False,5/13/2026 8:54:00 PM,False,5/13/2026 8:54:00 PM
AP03A,1361413,U6XX,812,491167-2,-,5/15/2026,False,5/13/2026 8:54:01 PM,False,5/13/2026 8:54:01 PM
AP03A,1361414,U6XX,812,491167-3,-,5/15/2026,False,5/13/2026 8:54:01 PM,False,5/13/2026 8:54:01 PM
AP03A,1361415,U6XX,812,491167-4,-,5/15/2026,False,5/13/2026 8:54:01 PM,False,5/13/2026 8:54:01 PM
AP03A,1361416,U6XX,813,491168-1,-,5/15/2026,False,5/13/2026 8:57:06 PM,False,5/13/2026 8:57:06 PM
AP03A,1361417,U6XX,813,491168-2,-,5/15/2026,False,5/13/2026 8:57:06 PM,False,5/13/2026 8:57:06 PM
AP03A,1361418,U6XX,813,491168-3,-,5/15/2026,False,5/13/2026 8:57:07 PM,False,5/13/2026 8:57:07 PM
AP03A,1361419,U6XX,813,491168-4,-,5/15/2026,False,5/13/2026 8:57:07 PM,False,5/13/2026 8:57:07 PM
AP03A,1361420,U6XX,814,491169-1,-,5/15/2026,False,5/13/2026 9:03:17 PM,False,5/13/2026 9:03:17 PM
AP03A,1361421,U6XX,814,491169-2,-,5/15/2026,False,5/13/2026 9:03:17 PM,False,5/13/2026 9:03:17 PM
AP03A,1361422,U6XX,814,491169-3,-,5/15/2026,False,5/13/2026 9:03:17 PM,False,5/13/2026 9:03:17 PM
AP03A,1361423,U611-LHTOP,137,490213-4,0-0,5/15/2026,True,5/14/2026 7:59:16 AM,True,5/12/2026 7:48:40 AM
AP03A,1361423,U611-RHTOP,75,489647-16,0-0,5/15/2026,True,5/14/2026 7:59:16 AM,True,5/12/2026 7:16:48 AM
AP03A,1361423,U6XX,814,491169-4,-,5/15/2026,False,5/13/2026 9:03:17 PM,False,5/13/2026 9:03:17 PM
AP03A,1361424,U6XX,815,491170-1,-,5/15/2026,False,5/13/2026 9:06:42 PM,False,5/13/2026 9:06:42 PM
AP03A,1361425,U6XX,815,491170-2,-,5/15/2026,False,5/13/2026 9:06:43 PM,False,5/13/2026 9:06:43 PM
AP03A,1361426,U6XX,815,491170-3,-,5/15/2026,False,5/13/2026 9:06:43 PM,False,5/13/2026 9:06:43 PM
AP03A,1361427,U6XX,815,491170-4,-,5/15/2026,False,5/13/2026 9:06:43 PM,False,5/13/2026 9:06:43 PM
AP03A,1361428,U6XX,816,491171-1,-,5/15/2026,False,5/13/2026 9:10:18 PM,False,5/13/2026 9:10:18 PM
AP03A,1361429,U6XX,816,491171-2,-,5/15/2026,False,5/13/2026 9:10:18 PM,False,5/13/2026 9:10:18 PM
AP03A,1361430,U6XX,816,491171-3,-,5/15/2026,False,5/13/2026 9:10:18 PM,False,5/13/2026 9:10:18 PM
AP03A,1361431,U6XX,816,491171-4,-,5/15/2026,False,5/13/2026 9:10:19 PM,False,5/13/2026 9:10:19 PM
AP03A,1361432,U6XX,817,491172-1,-,5/15/2026,False,5/13/2026 9:14:14 PM,False,5/13/2026 9:14:14 PM
AP03A,1361433,U6XX,817,491172-2,-,5/15/2026,False,5/13/2026 9:14:14 PM,False,5/13/2026 9:14:14 PM
AP03A,1361434,U6XX,817,491172-3,-,5/15/2026,False,5/13/2026 9:14:14 PM,False,5/13/2026 9:14:14 PM
AP03A,1361435,U6XX,817,491172-4,-,5/15/2026,False,5/13/2026 9:14:15 PM,False,5/13/2026 9:14:15 PM
AP03A,1361436,U611-LHTOP,137,490213-5,0-0,5/15/2026,True,5/14/2026 7:59:16 AM,True,5/12/2026 7:50:28 AM
AP03A,1361436,U611-RHTOP,75,489647-17,0-0,5/15/2026,True,5/14/2026 7:59:16 AM,True,5/12/2026 7:21:24 AM
AP03A,1361436,U6XX,818,491173-1,-,5/15/2026,False,5/13/2026 9:17:29 PM,False,5/13/2026 9:17:29 PM
AP03A,1361437,U6XX,818,491173-2,-,5/15/2026,False,5/13/2026 9:17:29 PM,False,5/13/2026 9:17:29 PM
AP03A,1361438,U6XX,818,491173-3,-,5/15/2026,False,5/13/2026 9:17:29 PM,False,5/13/2026 9:17:29 PM
AP03A,1361439,U6XX,818,491173-4,-,5/15/2026,False,5/13/2026 9:17:30 PM,False,5/13/2026 9:17:30 PM
AP03A,1361440,U6XX,819,491174-1,-,5/15/2026,False,5/13/2026 9:20:44 PM,False,5/13/2026 9:20:44 PM
AP03A,1361441,U6XX,819,491174-2,-,5/15/2026,False,5/13/2026 9:20:44 PM,False,5/13/2026 9:20:44 PM
AP03A,1361442,U6XX,819,491174-3,-,5/15/2026,False,5/13/2026 9:20:44 PM,False,5/13/2026 9:20:44 PM
AP03A,1361443,U6XX,819,491174-4,-,5/15/2026,False,5/13/2026 9:20:45 PM,False,5/13/2026 9:20:45 PM
AP03A,1361444,U6XX,820,491175-1,-,5/15/2026,False,5/13/2026 9:25:13 PM,False,5/13/2026 9:25:13 PM
AP03A,1361445,U6XX,820,491175-2,-,5/15/2026,False,5/13/2026 9:25:13 PM,False,5/13/2026 9:25:13 PM
AP03A,1361446,U6XX,820,491175-3,-,5/15/2026,False,5/13/2026 9:25:13 PM,False,5/13/2026 9:25:13 PM
AP03A,1361447,U6XX,820,491175-4,-,5/15/2026,False,5/13/2026 9:25:13 PM,False,5/13/2026 9:25:13 PM
AP03A,1361448,U6XX,821,491176-1,-,5/15/2026,False,5/13/2026 9:28:39 PM,False,5/13/2026 9:28:39 PM
AP03A,1361449,U611-LHTOP,137,490213-6,0-0,5/15/2026,True,5/14/2026 7:59:16 AM,True,5/12/2026 7:52:54 AM
AP03A,1361449,U611-RHTOP,75,489647-18,0-0,5/15/2026,True,5/14/2026 7:59:16 AM,True,5/12/2026 7:25:02 AM
AP03A,1361449,U6XX,821,491176-2,-,5/15/2026,False,5/13/2026 9:28:39 PM,False,5/13/2026 9:28:39 PM
AP03A,1361450,U6XX,821,491176-3,-,5/15/2026,False,5/13/2026 9:28:39 PM,False,5/13/2026 9:28:39 PM
AP03A,1361451,U6XX,821,491176-4,-,5/15/2026,False,5/13/2026 9:28:39 PM,False,5/13/2026 9:28:39 PM
AP03A,1361452,U6XX,822,491177-1,-,5/15/2026,False,5/13/2026 9:32:05 PM,False,5/13/2026 9:32:05 PM
AP03A,1361453,U6XX,822,491177-2,-,5/15/2026,False,5/13/2026 9:32:05 PM,False,5/13/2026 9:32:05 PM
AP03A,1361454,U6XX,822,491177-3,-,5/15/2026,False,5/13/2026 9:32:05 PM,False,5/13/2026 9:32:05 PM
AP03A,1361455,U6XX,822,491177-4,-,5/15/2026,False,5/13/2026 9:32:06 PM,False,5/13/2026 9:32:06 PM
AP03A,1361456,U6XX,823,491178-1,-,5/15/2026,False,5/13/2026 9:35:21 PM,False,5/13/2026 9:35:21 PM
AP03A,1361457,U6XX,823,491178-2,-,5/15/2026,False,5/13/2026 9:35:21 PM,False,5/13/2026 9:35:21 PM
AP03A,1361458,U6XX,823,491178-3,-,5/15/2026,False,5/13/2026 9:35:21 PM,False,5/13/2026 9:35:21 PM
AP03A,1361459,U6XX,823,491178-4,-,5/15/2026,False,5/13/2026 9:35:22 PM,False,5/13/2026 9:35:22 PM
AP03A,1361460,U6XX,824,491179-1,-,5/15/2026,False,5/13/2026 9:38:58 PM,False,5/13/2026 9:38:58 PM
AP03A,1361461,U6XX,824,491179-2,-,5/15/2026,False,5/13/2026 9:38:58 PM,False,5/13/2026 9:38:58 PM
AP03A,1361462,U611-LHTOP,137,490213-7,0-0,5/15/2026,True,5/14/2026 7:59:16 AM,True,5/12/2026 7:54:58 AM
AP03A,1361462,U611-RHTOP,75,489647-19,0-0,5/15/2026,True,5/14/2026 7:59:16 AM,True,5/12/2026 7:32:06 AM
AP03A,1361462,U6XX,824,491179-3,-,5/15/2026,False,5/13/2026 9:38:58 PM,False,5/13/2026 9:38:58 PM
AP03A,1361463,U6XX,824,491179-4,-,5/15/2026,False,5/13/2026 9:38:58 PM,False,5/13/2026 9:38:58 PM
AP03A,1361464,U6XX,825,491180-1,-,5/15/2026,False,5/13/2026 9:42:44 PM,False,5/13/2026 9:42:44 PM
AP03A,1361465,U6XX,825,491180-2,-,5/15/2026,False,5/13/2026 9:42:45 PM,False,5/13/2026 9:42:45 PM
AP03A,1361466,U6XX,825,491180-3,-,5/15/2026,False,5/13/2026 9:42:45 PM,False,5/13/2026 9:42:45 PM
AP03A,1361467,U6XX,825,491180-4,-,5/15/2026,False,5/13/2026 9:42:45 PM,False,5/13/2026 9:42:45 PM
AP03A,1361468,U6XX,826,491181-1,-,5/15/2026,False,5/13/2026 9:46:00 PM,False,5/13/2026 9:46:00 PM
AP03A,1361469,U6XX,826,491181-2,-,5/15/2026,False,5/13/2026 9:46:00 PM,False,5/13/2026 9:46:00 PM
AP03A,1361470,U6XX,826,491181-3,-,5/15/2026,False,5/13/2026 9:46:01 PM,False,5/13/2026 9:46:01 PM
AP03A,1361471,U6XX,826,491181-4,-,5/15/2026,False,5/13/2026 9:46:01 PM,False,5/13/2026 9:46:01 PM
AP03A,1361472,U6XX,827,491182-1,-,5/15/2026,False,5/13/2026 9:49:57 PM,False,5/13/2026 9:49:57 PM
AP03A,1361473,U6XX,827,491182-2,-,5/15/2026,False,5/13/2026 9:49:58 PM,False,5/13/2026 9:49:58 PM
AP03A,1361474,U6XX,827,491182-3,-,5/15/2026,False,5/13/2026 9:49:58 PM,False,5/13/2026 9:49:58 PM
AP03A,1361475,U611-LHTOP,137,490213-8,0-0,5/15/2026,True,5/14/2026 7:59:16 AM,True,5/12/2026 7:56:34 AM
AP03A,1361475,U611-RHTOP,75,489647-20,0-0,5/15/2026,True,5/14/2026 7:59:16 AM,True,5/12/2026 7:36:06 AM
AP03A,1361475,U6XX,827,491182-4,-,5/15/2026,False,5/13/2026 9:49:58 PM,False,5/13/2026 9:49:58 PM
AP03A,1361476,U6XX,828,491183-1,-,5/15/2026,False,5/13/2026 9:53:14 PM,False,5/13/2026 9:53:14 PM
AP03A,1361477,U6XX,828,491183-2,-,5/15/2026,False,5/13/2026 9:53:14 PM,False,5/13/2026 9:53:14 PM
AP03A,1361478,U6XX,828,491183-3,-,5/15/2026,False,5/13/2026 9:53:14 PM,False,5/13/2026 9:53:14 PM
AP03A,1361479,U6XX,828,491183-4,-,5/15/2026,False,5/13/2026 9:53:14 PM,False,5/13/2026 9:53:14 PM
AP03A,1361480,U6XX,829,491184-1,-,5/15/2026,False,5/13/2026 9:57:01 PM,False,5/13/2026 9:57:01 PM
AP03A,1361481,U6XX,829,491184-2,-,5/15/2026,False,5/13/2026 9:57:01 PM,False,5/13/2026 9:57:01 PM
AP03A,1361482,U6XX,829,491184-3,-,5/15/2026,False,5/13/2026 9:57:01 PM,False,5/13/2026 9:57:01 PM
AP03A,1361483,U6XX,829,491184-4,-,5/15/2026,False,5/13/2026 9:57:02 PM,False,5/13/2026 9:57:02 PM
AP03A,1361484,U6XX,830,491185-1,-,5/15/2026,False,5/13/2026 10:06:37 PM,False,5/13/2026 10:06:37 PM
AP03A,1361485,U6XX,830,491185-2,-,5/15/2026,False,5/13/2026 10:06:37 PM,False,5/13/2026 10:06:37 PM
AP03A,1361486,U6XX,830,491185-3,-,5/15/2026,False,5/13/2026 10:06:37 PM,False,5/13/2026 10:06:37 PM
AP03A,1361487,U611-LHTOP,137,490213-9,0-0,5/15/2026,True,5/14/2026 7:59:16 AM,True,5/12/2026 7:57:57 AM
AP03A,1361487,U611-RHTOP,75,489647-21,0-0,5/15/2026,True,5/14/2026 7:59:16 AM,True,5/12/2026 7:39:59 AM
AP03A,1361487,U6XX,830,491185-4,-,5/15/2026,False,5/13/2026 10:06:37 PM,False,5/13/2026 10:06:37 PM
AP03A,1361488,U6XX,831,491186-1,-,5/15/2026,False,5/13/2026 10:10:22 PM,False,5/13/2026 10:10:22 PM
AP03A,1361489,U6XX,831,491186-2,-,5/15/2026,False,5/13/2026 10:10:22 PM,False,5/13/2026 10:10:22 PM
AP03A,1361490,U6XX,831,491186-3,-,5/15/2026,False,5/13/2026 10:10:23 PM,False,5/13/2026 10:10:23 PM
AP03A,1361491,U6XX,831,491186-4,-,5/15/2026,False,5/13/2026 10:10:24 PM,False,5/13/2026 10:10:24 PM
AP03A,1361492,U6XX,832,491187-1,-,5/15/2026,False,5/13/2026 10:13:50 PM,False,5/13/2026 10:13:50 PM
AP03A,1361493,U6XX,832,491187-2,-,5/15/2026,False,5/13/2026 10:13:50 PM,False,5/13/2026 10:13:50 PM
AP03A,1361494,U6XX,832,491187-3,-,5/15/2026,False,5/13/2026 10:13:50 PM,False,5/13/2026 10:13:50 PM
AP03A,1361495,U6XX,832,491187-4,-,5/15/2026,False,5/13/2026 10:13:50 PM,False,5/13/2026 10:13:50 PM
AP03A,1361496,U6XX,833,491188-1,-,5/15/2026,False,5/13/2026 10:18:08 PM,False,5/13/2026 10:18:08 PM
AP03A,1361497,U6XX,833,491188-2,-,5/15/2026,False,5/13/2026 10:18:08 PM,False,5/13/2026 10:18:08 PM
AP03A,1361498,U6XX,833,491188-3,-,5/15/2026,False,5/13/2026 10:18:08 PM,False,5/13/2026 10:18:08 PM
AP03A,1361499,U6XX,833,491188-4,-,5/15/2026,False,5/13/2026 10:18:09 PM,False,5/13/2026 10:18:09 PM
AP03A,1361500,U611-LHTOP,137,490213-10,0-0,5/15/2026,True,5/14/2026 7:59:16 AM,True,5/12/2026 7:59:21 AM
AP03A,1361500,U611-RHTOP,75,489647-22,0-0,5/15/2026,True,5/14/2026 7:59:16 AM,True,5/12/2026 7:43:25 AM
AP03A,1361500,U6XX,834,491189-1,-,5/15/2026,False,5/13/2026 10:21:14 PM,False,5/13/2026 10:21:14 PM
AP03A,1361501,U6XX,834,491189-2,-,5/15/2026,False,5/13/2026 10:21:14 PM,False,5/13/2026 10:21:14 PM
AP03A,1361502,U6XX,834,491189-3,-,5/15/2026,False,5/13/2026 10:21:14 PM,False,5/13/2026 10:21:14 PM
AP03A,1361503,U6XX,834,491189-4,-,5/15/2026,False,5/13/2026 10:21:14 PM,False,5/13/2026 10:21:14 PM
AP03A,1361504,U6XX,835,491190-1,-,5/15/2026,False,5/13/2026 10:24:30 PM,False,5/13/2026 10:24:30 PM
AP03A,1361505,U6XX,835,491190-2,-,5/15/2026,False,5/13/2026 10:24:30 PM,False,5/13/2026 10:24:30 PM
AP03A,1361506,U6XX,835,491190-3,-,5/15/2026,False,5/13/2026 10:24:31 PM,False,5/13/2026 10:24:31 PM
AP03A,1361507,U6XX,835,491190-4,-,5/15/2026,False,5/13/2026 10:24:31 PM,False,5/13/2026 10:24:31 PM
AP03A,1361508,U6XX,836,491191-1,-,5/15/2026,False,5/13/2026 10:27:56 PM,False,5/13/2026 10:27:56 PM
AP03A,1361509,U6XX,836,491191-2,-,5/15/2026,False,5/13/2026 10:27:57 PM,False,5/13/2026 10:27:57 PM
AP03A,1361510,U6XX,836,491191-3,-,5/15/2026,False,5/13/2026 10:27:57 PM,False,5/13/2026 10:27:57 PM
AP03A,1361511,U6XX,836,491191-4,-,5/15/2026,False,5/13/2026 10:27:57 PM,False,5/13/2026 10:27:57 PM
AP03A,1361512,U6XX,837,491192-1,-,5/15/2026,False,5/13/2026 10:31:33 PM,False,5/13/2026 10:31:33 PM
AP03A,1361513,U611-LHTOP,137,490213-11,0-0,5/15/2026,True,5/14/2026 7:59:16 AM,True,5/12/2026 8:00:50 AM
AP03A,1361513,U611-RHTOP,75,489647-23,0-0,5/15/2026,True,5/14/2026 7:59:16 AM,True,5/12/2026 7:47:00 AM
AP03A,1361513,U6XX,837,491192-2,-,5/15/2026,False,5/13/2026 10:31:33 PM,False,5/13/2026 10:31:33 PM
AP03A,1361514,U6XX,837,491192-3,-,5/15/2026,False,5/13/2026 10:31:33 PM,False,5/13/2026 10:31:33 PM
AP03A,1361515,U6XX,837,491192-4,-,5/15/2026,False,5/13/2026 10:31:34 PM,False,5/13/2026 10:31:34 PM
AP03A,1361516,U6XX,838,491193-1,-,5/15/2026,False,5/13/2026 10:34:39 PM,False,5/13/2026 10:34:39 PM
AP03A,1361517,U6XX,838,491193-2,-,5/15/2026,False,5/13/2026 10:34:39 PM,False,5/13/2026 10:34:39 PM
AP03A,1361518,U6XX,838,491193-3,-,5/15/2026,False,5/13/2026 10:34:39 PM,False,5/13/2026 10:34:39 PM
AP03A,1361519,U6XX,838,491193-4,-,5/15/2026,False,5/13/2026 10:34:40 PM,False,5/13/2026 10:34:40 PM
AP03A,1361520,U6XX,839,491194-1,-,5/15/2026,False,5/13/2026 10:37:56 PM,False,5/13/2026 10:37:56 PM
AP03A,1361521,U6XX,839,491194-2,-,5/15/2026,False,5/13/2026 10:37:57 PM,False,5/13/2026 10:37:57 PM
AP03A,1361522,U6XX,839,491194-3,-,5/15/2026,False,5/13/2026 10:37:57 PM,False,5/13/2026 10:37:57 PM
AP03A,1361523,U6XX,839,491194-4,-,5/15/2026,False,5/13/2026 10:37:57 PM,False,5/13/2026 10:37:57 PM
AP03A,1361524,U6XX,840,491195-1,-,5/15/2026,False,5/13/2026 10:41:13 PM,False,5/13/2026 10:41:13 PM
AP03A,1361525,U6XX,840,491195-2,-,5/15/2026,False,5/13/2026 10:41:14 PM,False,5/13/2026 10:41:13 PM
AP03A,1361526,U611-LHTOP,137,490213-12,0-0,5/15/2026,True,5/14/2026 7:59:16 AM,True,5/12/2026 8:02:04 AM
AP03A,1361526,U611-RHTOP,75,489647-24,0-0,5/15/2026,True,5/14/2026 7:59:16 AM,True,5/12/2026 7:50:48 AM
AP03A,1361526,U6XX,840,491195-3,-,5/15/2026,False,5/13/2026 10:41:14 PM,False,5/13/2026 10:41:14 PM
AP03A,1361527,U6XX,840,491195-4,-,5/15/2026,False,5/13/2026 10:41:14 PM,False,5/13/2026 10:41:14 PM
AP03A,1361528,U6XX,841,491196-1,-,5/15/2026,False,5/13/2026 10:44:29 PM,False,5/13/2026 10:44:29 PM
AP03A,1361529,U6XX,841,491196-2,-,5/15/2026,False,5/13/2026 10:44:29 PM,False,5/13/2026 10:44:29 PM
AP03A,1361530,U611-LHTOP,138,490389-1,0-0,5/15/2026,False,5/11/2026 6:09:30 AM,True,5/12/2026 8:06:10 AM
AP03A,1361530,U611-RHTOP,76,489833-1,0-0,5/15/2026,False,5/8/2026 7:07:26 AM,True,5/12/2026 7:56:24 AM
AP03A,1361530,U6XX,841,491196-3,-,5/15/2026,False,5/13/2026 10:44:30 PM,False,5/13/2026 10:44:30 PM
AP03A,1361531,U6XX,841,491196-4,-,5/15/2026,False,5/13/2026 10:44:30 PM,False,5/13/2026 10:44:30 PM
AP03A,1361532,U6XX,842,491197-1,-,5/15/2026,False,5/13/2026 10:47:35 PM,False,5/13/2026 10:47:35 PM
AP03A,1361533,U6XX,842,491197-2,-,5/15/2026,False,5/13/2026 10:47:35 PM,False,5/13/2026 10:47:35 PM
AP03A,1361534,U6XX,842,491197-3,-,5/15/2026,False,5/13/2026 10:47:35 PM,False,5/13/2026 10:47:35 PM
AP03A,1361535,U6XX,842,491197-4,-,5/15/2026,False,5/13/2026 10:47:35 PM,False,5/13/2026 10:47:35 PM
AP03A,1361536,U6XX,843,491198-1,-,5/15/2026,False,5/13/2026 10:51:21 PM,False,5/13/2026 10:51:21 PM
AP03A,1361537,U6XX,843,491198-2,-,5/15/2026,False,5/13/2026 10:51:22 PM,False,5/13/2026 10:51:22 PM
AP03A,1361538,U6XX,843,491198-3,-,5/15/2026,False,5/13/2026 10:51:22 PM,False,5/13/2026 10:51:22 PM
AP03A,1361539,U611-LHTOP,138,490389-2,0-0,5/15/2026,False,5/11/2026 6:09:30 AM,True,5/12/2026 8:07:48 AM
AP03A,1361539,U611-RHTOP,76,489833-2,0-0,5/15/2026,False,5/9/2026 6:16:20 AM,True,5/12/2026 8:00:01 AM
AP03A,1361539,U6XX,843,491198-4,-,5/15/2026,False,5/13/2026 10:51:22 PM,False,5/13/2026 10:51:22 PM
AP03A,1361540,U6XX,844,491199-1,-,5/15/2026,False,5/13/2026 10:54:27 PM,False,5/13/2026 10:54:27 PM
AP03A,1361541,U6XX,844,491199-2,-,5/15/2026,False,5/13/2026 10:54:27 PM,False,5/13/2026 10:54:27 PM
AP03A,1361542,U6XX,844,491199-3,-,5/15/2026,False,5/13/2026 10:54:27 PM,False,5/13/2026 10:54:27 PM
AP03A,1361543,U6XX,844,491199-4,-,5/15/2026,False,5/13/2026 10:54:28 PM,False,5/13/2026 10:54:28 PM
AP03A,1361544,U6XX,845,491200-1,-,5/15/2026,False,5/13/2026 10:58:14 PM,False,5/13/2026 10:58:14 PM
AP03A,1361545,U6XX,845,491200-2,-,5/15/2026,False,5/13/2026 10:58:14 PM,False,5/13/2026 10:58:14 PM
AP03A,1361546,U6XX,845,491200-3,-,5/15/2026,False,5/13/2026 10:58:14 PM,False,5/13/2026 10:58:14 PM
AP03A,1361547,U6XX,845,491200-4,-,5/15/2026,False,5/13/2026 10:58:15 PM,False,5/13/2026 10:58:15 PM
AP03A,1361548,U6XX,846,491201-1,-,5/15/2026,False,5/13/2026 11:32:33 PM,False,5/13/2026 11:32:33 PM
AP03A,1361549,U6XX,846,491201-2,-,5/15/2026,False,5/13/2026 11:32:33 PM,False,5/13/2026 11:32:33 PM
AP03A,1361550,U6XX,846,491201-3,-,5/15/2026,False,5/13/2026 11:32:34 PM,False,5/13/2026 11:32:34 PM
AP03A,1361551,U6XX,846,491201-4,-,5/15/2026,False,5/13/2026 11:32:34 PM,False,5/13/2026 11:32:34 PM
AP03A,1361552,U611-LHTOP,138,490389-3,0-0,5/15/2026,False,5/11/2026 6:09:30 AM,True,5/12/2026 8:37:20 AM
AP03A,1361552,U611-RHTOP,76,489833-3,0-0,5/15/2026,False,5/9/2026 6:16:20 AM,True,5/12/2026 8:03:20 AM
AP03A,1361552,U6XX,847,491202-1,-,5/15/2026,False,5/13/2026 11:35:49 PM,False,5/13/2026 11:35:49 PM
AP03A,1361553,U6XX,847,491202-2,-,5/15/2026,False,5/13/2026 11:35:49 PM,False,5/13/2026 11:35:49 PM
AP03A,1361554,U6XX,847,491202-3,-,5/15/2026,False,5/13/2026 11:35:49 PM,False,5/13/2026 11:35:49 PM
AP03A,1361555,U6XX,847,491202-4,-,5/15/2026,False,5/13/2026 11:35:49 PM,False,5/13/2026 11:35:49 PM
AP03A,1361556,U6XX,848,491203-1,-,5/15/2026,False,5/13/2026 11:39:25 PM,False,5/13/2026 11:39:25 PM
AP03A,1361557,U6XX,848,491203-2,-,5/15/2026,False,5/13/2026 11:39:26 PM,False,5/13/2026 11:39:26 PM
AP03A,1361558,U6XX,848,491203-3,-,5/15/2026,False,5/13/2026 11:39:26 PM,False,5/13/2026 11:39:26 PM
AP03A,1361559,U6XX,848,491203-4,-,5/15/2026,False,5/13/2026 11:39:26 PM,False,5/13/2026 11:39:26 PM
AP03A,1361560,U6XX,849,491204-1,-,5/15/2026,False,5/13/2026 11:43:33 PM,False,5/13/2026 11:43:33 PM
AP03A,1361561,U6XX,849,491204-2,-,5/15/2026,False,5/13/2026 11:43:33 PM,False,5/13/2026 11:43:33 PM
AP03A,1361562,U6XX,849,491204-3,-,5/15/2026,False,5/13/2026 11:43:34 PM,False,5/13/2026 11:43:34 PM
AP03A,1361563,U6XX,849,491204-4,-,5/15/2026,False,5/13/2026 11:43:34 PM,False,5/13/2026 11:43:34 PM
AP03A,1361564,U6XX,850,491205-1,-,5/15/2026,False,5/13/2026 11:46:50 PM,False,5/13/2026 11:46:50 PM
AP03A,1361565,U611-LHTOP,138,490389-4,0-0,5/15/2026,False,5/11/2026 6:09:30 AM,True,5/12/2026 8:38:42 AM
AP03A,1361565,U611-RHTOP,76,489833-4,0-0,5/15/2026,False,5/9/2026 6:16:20 AM,True,5/12/2026 8:08:20 AM
AP03A,1361565,U6XX,850,491205-2,-,5/15/2026,False,5/13/2026 11:46:50 PM,False,5/13/2026 11:46:50 PM
AP03A,1361566,U6XX,850,491205-3,-,5/15/2026,False,5/13/2026 11:46:50 PM,False,5/13/2026 11:46:50 PM
AP03A,1361567,U6XX,850,491205-4,-,5/15/2026,False,5/13/2026 11:46:50 PM,False,5/13/2026 11:46:50 PM
AP03A,1361568,U6XX,851,491206-1,-,5/15/2026,False,5/13/2026 11:50:16 PM,False,5/13/2026 11:50:16 PM
AP03A,1361569,U6XX,851,491206-2,-,5/15/2026,False,5/13/2026 11:50:16 PM,False,5/13/2026 11:50:16 PM
AP03A,1361570,U6XX,851,491206-3,-,5/15/2026,False,5/13/2026 11:50:17 PM,False,5/13/2026 11:50:17 PM
AP03A,1361571,U6XX,851,491206-4,-,5/15/2026,False,5/13/2026 11:50:17 PM,False,5/13/2026 11:50:17 PM
AP03A,1361572,U6XX,852,491207-1,-,5/15/2026,False,5/13/2026 11:53:43 PM,False,5/13/2026 11:53:43 PM
AP03A,1361573,U6XX,852,491207-2,-,5/15/2026,False,5/13/2026 11:53:43 PM,False,5/13/2026 11:53:43 PM
AP03A,1361574,U6XX,852,491207-3,-,5/15/2026,False,5/13/2026 11:53:43 PM,False,5/13/2026 11:53:43 PM
AP03A,1361575,U6XX,852,491207-4,-,5/15/2026,False,5/13/2026 11:53:43 PM,False,5/13/2026 11:53:43 PM
AP03A,1361576,U6XX,853,491208-1,-,5/15/2026,False,5/13/2026 11:56:48 PM,False,5/13/2026 11:56:48 PM
AP03A,1361577,U6XX,853,491208-2,-,5/15/2026,False,5/13/2026 11:56:49 PM,False,5/13/2026 11:56:49 PM
AP03A,1361578,U611-LHTOP,138,490389-5,0-0,5/15/2026,False,5/11/2026 6:09:30 AM,True,5/12/2026 8:44:16 AM
AP03A,1361578,U611-RHTOP,76,489833-5,0-0,5/15/2026,False,5/9/2026 6:16:20 AM,True,5/12/2026 8:47:11 AM
AP03A,1361578,U6XX,853,491208-3,-,5/15/2026,False,5/13/2026 11:56:49 PM,False,5/13/2026 11:56:49 PM
AP03A,1361579,U6XX,853,491208-4,-,5/15/2026,False,5/13/2026 11:56:49 PM,False,5/13/2026 11:56:49 PM
AP03A,1361580,U6XX,854,491209-1,-,5/15/2026,False,5/14/2026 12:01:57 AM,False,5/14/2026 12:01:57 AM
AP03A,1361581,U6XX,854,491209-2,-,5/15/2026,False,5/14/2026 12:01:58 AM,False,5/14/2026 12:01:58 AM
AP03A,1361582,U6XX,854,491209-3,-,5/15/2026,False,5/14/2026 12:01:58 AM,False,5/14/2026 12:01:58 AM
AP03A,1361583,U6XX,854,491209-4,-,5/15/2026,False,5/14/2026 12:01:58 AM,False,5/14/2026 12:01:58 AM
AP03A,1361584,U6XX,855,491210-1,-,5/15/2026,False,5/14/2026 12:05:04 AM,False,5/14/2026 12:05:04 AM
AP03A,1361585,U6XX,855,491210-2,-,5/15/2026,False,5/14/2026 12:05:04 AM,False,5/14/2026 12:05:04 AM
AP03A,1361586,U6XX,855,491210-3,-,5/15/2026,False,5/14/2026 12:05:04 AM,False,5/14/2026 12:05:04 AM
AP03A,1361587,U6XX,855,491210-4,-,5/15/2026,False,5/14/2026 12:05:04 AM,False,5/14/2026 12:05:04 AM
AP03A,1361588,U6XX,856,491211-1,-,5/15/2026,False,5/14/2026 12:08:10 AM,False,5/14/2026 12:08:10 AM
AP03A,1361589,U6XX,856,491211-2,-,5/15/2026,False,5/14/2026 12:08:10 AM,False,5/14/2026 12:08:10 AM
AP03A,1361590,U6XX,856,491211-3,-,5/15/2026,False,5/14/2026 12:08:10 AM,False,5/14/2026 12:08:10 AM
AP03A,1361591,U611-LHTOP,138,490389-6,0-0,5/15/2026,False,5/11/2026 6:09:30 AM,True,5/12/2026 8:47:45 AM
AP03A,1361591,U611-RHTOP,76,489833-6,0-0,5/15/2026,False,5/9/2026 6:16:21 AM,True,5/12/2026 8:50:53 AM
AP03A,1361591,U6XX,856,491211-4,-,5/15/2026,False,5/14/2026 12:08:10 AM,False,5/14/2026 12:08:10 AM
AP03A,1361592,U6XX,857,491212-1,-,5/15/2026,False,5/14/2026 12:11:16 AM,False,5/14/2026 12:11:16 AM
AP03A,1361593,U6XX,857,491212-2,-,5/15/2026,False,5/14/2026 12:11:16 AM,False,5/14/2026 12:11:16 AM
AP03A,1361594,U6XX,857,491212-3,-,5/15/2026,False,5/14/2026 12:11:16 AM,False,5/14/2026 12:11:16 AM
AP03A,1361595,U6XX,857,491212-4,-,5/15/2026,False,5/14/2026 12:11:16 AM,False,5/14/2026 12:11:16 AM
AP03A,1361596,U6XX,858,491213-1,-,5/16/2026,False,5/14/2026 12:14:42 AM,False,5/14/2026 12:14:42 AM
AP03A,1361597,U6XX,858,491213-2,-,5/16/2026,False,5/14/2026 12:14:42 AM,False,5/14/2026 12:14:42 AM
AP03A,1361598,U6XX,858,491213-3,-,5/16/2026,False,5/14/2026 12:14:42 AM,False,5/14/2026 12:14:42 AM
AP03A,1361599,U6XX,858,491213-4,-,5/16/2026,False,5/14/2026 12:14:42 AM,False,5/14/2026 12:14:42 AM
AP03A,1361600,U6XX,859,491214-1,-,5/16/2026,False,5/14/2026 12:18:07 AM,False,5/14/2026 12:18:07 AM
AP03A,1361601,U6XX,859,491214-2,-,5/16/2026,False,5/14/2026 12:18:08 AM,False,5/14/2026 12:18:08 AM
AP03A,1361602,U6XX,859,491214-3,-,5/16/2026,False,5/14/2026 12:18:08 AM,False,5/14/2026 12:18:08 AM
AP03A,1361603,U6XX,859,491214-4,-,5/16/2026,False,5/14/2026 12:18:08 AM,False,5/14/2026 12:18:08 AM
AP03A,1361604,U611-LHTOP,138,490389-7,0-0,5/15/2026,False,5/11/2026 6:09:30 AM,True,5/12/2026 8:51:15 AM
AP03A,1361604,U611-RHTOP,76,489833-7,0-0,5/15/2026,False,5/9/2026 6:16:21 AM,True,5/12/2026 8:54:48 AM
AP03A,1361604,U6XX,860,491215-1,-,5/16/2026,False,5/14/2026 12:21:13 AM,False,5/14/2026 12:21:13 AM
AP03A,1361605,U6XX,860,491215-2,-,5/16/2026,False,5/14/2026 12:21:13 AM,False,5/14/2026 12:21:13 AM
AP03A,1361606,U6XX,860,491215-3,-,5/16/2026,False,5/14/2026 12:21:13 AM,False,5/14/2026 12:21:13 AM
AP03A,1361607,U6XX,860,491215-4,-,5/16/2026,False,5/14/2026 12:21:14 AM,False,5/14/2026 12:21:14 AM
AP03A,1361608,U6XX,861,491216-1,-,5/16/2026,False,5/14/2026 12:24:20 AM,False,5/14/2026 12:24:20 AM
AP03A,1361609,U6XX,861,491216-2,-,5/16/2026,False,5/14/2026 12:24:20 AM,False,5/14/2026 12:24:20 AM
AP03A,1361610,U6XX,861,491216-3,-,5/16/2026,False,5/14/2026 12:24:20 AM,False,5/14/2026 12:24:20 AM
AP03A,1361611,U6XX,861,491216-4,-,5/16/2026,False,5/14/2026 12:24:20 AM,False,5/14/2026 12:24:20 AM
AP03A,1361612,U6XX,862,491217-1,-,5/16/2026,False,5/14/2026 12:27:46 AM,False,5/14/2026 12:27:46 AM
AP03A,1361613,U6XX,862,491217-2,-,5/16/2026,False,5/14/2026 12:27:46 AM,False,5/14/2026 12:27:46 AM
AP03A,1361614,U6XX,862,491217-3,-,5/16/2026,False,5/14/2026 12:27:46 AM,False,5/14/2026 12:27:46 AM
AP03A,1361615,U6XX,862,491217-4,-,5/16/2026,False,5/14/2026 12:27:46 AM,False,5/14/2026 12:27:46 AM
AP03A,1361616,U611-LHTOP,138,490389-8,0-0,5/15/2026,False,5/11/2026 6:09:31 AM,True,5/12/2026 8:53:07 AM
AP03A,1361616,U611-RHTOP,76,489833-8,0-0,5/15/2026,False,5/9/2026 6:16:21 AM,True,5/12/2026 8:59:18 AM
AP03A,1361616,U6XX,863,491218-1,-,5/16/2026,False,5/14/2026 12:31:52 AM,False,5/14/2026 12:31:52 AM
AP03A,1361617,U6XX,863,491218-2,-,5/16/2026,False,5/14/2026 12:31:53 AM,False,5/14/2026 12:31:53 AM
AP03A,1361618,U6XX,863,491218-3,-,5/16/2026,False,5/14/2026 12:31:53 AM,False,5/14/2026 12:31:53 AM
AP03A,1361619,U6XX,863,491218-4,-,5/16/2026,False,5/14/2026 12:31:53 AM,False,5/14/2026 12:31:53 AM
AP03A,1361620,U6XX,864,491219-1,-,5/16/2026,False,5/14/2026 12:35:29 AM,False,5/14/2026 12:35:29 AM
AP03A,1361621,U6XX,864,491219-2,-,5/16/2026,False,5/14/2026 12:35:30 AM,False,5/14/2026 12:35:30 AM
AP03A,1361622,U6XX,864,491219-3,-,5/16/2026,False,5/14/2026 12:35:30 AM,False,5/14/2026 12:35:30 AM
AP03A,1361623,U6XX,864,491219-4,-,5/16/2026,False,5/14/2026 12:35:30 AM,False,5/14/2026 12:35:30 AM
AP03A,1361624,U6XX,865,491220-1,-,5/16/2026,False,5/14/2026 12:38:46 AM,False,5/14/2026 12:38:46 AM
AP03A,1361625,U6XX,865,491220-2,-,5/16/2026,False,5/14/2026 12:38:46 AM,False,5/14/2026 12:38:46 AM
AP03A,1361626,U6XX,865,491220-3,-,5/16/2026,False,5/14/2026 12:38:46 AM,False,5/14/2026 12:38:46 AM
AP03A,1361627,U6XX,865,491220-4,-,5/16/2026,False,5/14/2026 12:38:46 AM,False,5/14/2026 12:38:46 AM
AP03A,1361628,U6XX,866,491221-1,-,5/16/2026,False,5/14/2026 12:42:01 AM,False,5/14/2026 12:42:01 AM
AP03A,1361629,U611-LHTOP,138,490389-9,0-0,5/15/2026,False,5/11/2026 6:09:31 AM,True,5/12/2026 8:54:37 AM
AP03A,1361629,U611-RHTOP,76,489833-9,0-0,5/15/2026,False,5/9/2026 6:16:21 AM,True,5/12/2026 9:03:45 AM
AP03A,1361629,U6XX,866,491221-2,-,5/16/2026,False,5/14/2026 12:42:02 AM,False,5/14/2026 12:42:02 AM
AP03A,1361630,U6XX,866,491221-3,-,5/16/2026,False,5/14/2026 12:42:02 AM,False,5/14/2026 12:42:02 AM
AP03A,1361631,U6XX,866,491221-4,-,5/16/2026,False,5/14/2026 12:42:02 AM,False,5/14/2026 12:42:02 AM
AP03A,1361632,U6XX,867,491222-1,-,5/16/2026,False,5/14/2026 12:45:38 AM,False,5/14/2026 12:45:38 AM
AP03A,1361633,U6XX,867,491222-2,-,5/16/2026,False,5/14/2026 12:45:38 AM,False,5/14/2026 12:45:38 AM
AP03A,1361634,U6XX,867,491222-3,-,5/16/2026,False,5/14/2026 12:45:38 AM,False,5/14/2026 12:45:38 AM
AP03A,1361635,U6XX,867,491222-4,-,5/16/2026,False,5/14/2026 12:45:38 AM,False,5/14/2026 12:45:38 AM
AP03A,1361636,U6XX,868,491223-1,-,5/16/2026,False,5/14/2026 12:48:54 AM,False,5/14/2026 12:48:53 AM
AP03A,1361637,U6XX,868,491223-2,-,5/16/2026,False,5/14/2026 12:48:54 AM,False,5/14/2026 12:48:54 AM
AP03A,1361638,U6XX,868,491223-3,-,5/16/2026,False,5/14/2026 12:48:54 AM,False,5/14/2026 12:48:54 AM
AP03A,1361639,U6XX,868,491223-4,-,5/16/2026,False,5/14/2026 12:48:54 AM,False,5/14/2026 12:48:54 AM
AP03A,1361640,U6XX,869,491224-1,-,5/16/2026,False,5/14/2026 12:51:59 AM,False,5/14/2026 12:51:59 AM
AP03A,1361641,U6XX,869,491224-2,-,5/16/2026,False,5/14/2026 12:51:59 AM,False,5/14/2026 12:51:59 AM
AP03A,1361642,U611-LHTOP,138,490389-10,0-0,5/15/2026,False,5/11/2026 6:09:31 AM,True,5/12/2026 8:58:53 AM
AP03A,1361642,U611-RHTOP,76,489833-10,0-0,5/15/2026,False,5/9/2026 6:16:21 AM,True,5/12/2026 9:08:07 AM
AP03A,1361642,U6XX,869,491224-3,-,5/16/2026,False,5/14/2026 12:51:59 AM,False,5/14/2026 12:51:59 AM
AP03A,1361643,U6XX,869,491224-4,-,5/16/2026,False,5/14/2026 12:51:59 AM,False,5/14/2026 12:51:59 AM
AP03A,1361644,U6XX,870,491225-1,-,5/16/2026,False,5/14/2026 1:04:17 AM,False,5/14/2026 1:04:17 AM
AP03A,1361645,U6XX,870,491225-2,-,5/16/2026,False,5/14/2026 1:04:18 AM,False,5/14/2026 1:04:18 AM
AP03A,1361646,U6XX,870,491225-3,-,5/16/2026,False,5/14/2026 1:04:18 AM,False,5/14/2026 1:04:18 AM
AP03A,1361647,U6XX,870,491225-4,-,5/16/2026,False,5/14/2026 1:04:18 AM,False,5/14/2026 1:04:18 AM
AP03A,1361648,U6XX,871,491226-1,-,5/16/2026,False,5/14/2026 1:07:33 AM,False,5/14/2026 1:07:33 AM
AP03A,1361649,U6XX,871,491226-2,-,5/16/2026,False,5/14/2026 1:07:34 AM,False,5/14/2026 1:07:34 AM
AP03A,1361650,U6XX,871,491226-3,-,5/16/2026,False,5/14/2026 1:07:34 AM,False,5/14/2026 1:07:34 AM
AP03A,1361651,U6XX,871,491226-4,-,5/16/2026,False,5/14/2026 1:07:34 AM,False,5/14/2026 1:07:34 AM
AP03A,1361652,U6XX,872,491227-1,-,5/16/2026,False,5/14/2026 1:10:49 AM,False,5/14/2026 1:10:49 AM
AP03A,1361653,U6XX,872,491227-2,-,5/16/2026,False,5/14/2026 1:10:50 AM,False,5/14/2026 1:10:50 AM
AP03A,1361654,U6XX,872,491227-3,-,5/16/2026,False,5/14/2026 1:10:50 AM,False,5/14/2026 1:10:50 AM
AP03A,1361655,U611-LHTOP,138,490389-11,0-0,5/15/2026,False,5/11/2026 6:09:31 AM,True,5/12/2026 9:02:31 AM
AP03A,1361655,U611-RHTOP,76,489833-11,0-0,5/15/2026,False,5/9/2026 6:16:22 AM,True,5/12/2026 9:13:12 AM
AP03A,1361655,U6XX,872,491227-4,-,5/16/2026,False,5/14/2026 1:10:50 AM,False,5/14/2026 1:10:50 AM
AP03A,1361656,U6XX,873,491228-1,-,5/16/2026,False,5/14/2026 1:14:16 AM,False,5/14/2026 1:14:16 AM
AP03A,1361657,U6XX,873,491228-2,-,5/16/2026,False,5/14/2026 1:14:16 AM,False,5/14/2026 1:14:16 AM
AP03A,1361658,U6XX,873,491228-3,-,5/16/2026,False,5/14/2026 1:14:16 AM,False,5/14/2026 1:14:16 AM
AP03A,1361659,U6XX,873,491228-4,-,5/16/2026,False,5/14/2026 1:14:17 AM,False,5/14/2026 1:14:17 AM
AP03A,1361660,U6XX,874,491229-1,-,5/16/2026,False,5/14/2026 1:17:32 AM,False,5/14/2026 1:17:32 AM
AP03A,1361661,U6XX,874,491229-2,-,5/16/2026,False,5/14/2026 1:17:32 AM,False,5/14/2026 1:17:32 AM
AP03A,1361662,U6XX,874,491229-3,-,5/16/2026,False,5/14/2026 1:17:32 AM,False,5/14/2026 1:17:32 AM
AP03A,1361663,U6XX,874,491229-4,-,5/16/2026,False,5/14/2026 1:17:32 AM,False,5/14/2026 1:17:32 AM
AP03A,1361664,U6XX,875,491230-1,-,5/16/2026,False,5/14/2026 1:20:57 AM,False,5/14/2026 1:20:57 AM
AP03A,1361665,U6XX,875,491230-2,-,5/16/2026,False,5/14/2026 1:20:57 AM,False,5/14/2026 1:20:57 AM
AP03A,1361666,U6XX,875,491230-3,-,5/16/2026,False,5/14/2026 1:20:57 AM,False,5/14/2026 1:20:57 AM
AP03A,1361667,U6XX,875,491230-4,-,5/16/2026,False,5/14/2026 1:20:58 AM,False,5/14/2026 1:20:58 AM
AP03A,1361668,U611-LHTOP,138,490389-12,0-0,5/15/2026,False,5/11/2026 6:09:31 AM,True,5/12/2026 9:04:16 AM
AP03A,1361668,U611-RHTOP,76,489833-12,0-0,5/15/2026,False,5/9/2026 6:16:22 AM,True,5/12/2026 9:16:41 AM
AP03A,1361668,U6XX,876,491231-1,-,5/16/2026,False,5/14/2026 1:24:02 AM,False,5/14/2026 1:24:02 AM
AP03A,1361669,U6XX,876,491231-2,-,5/16/2026,False,5/14/2026 1:24:02 AM,False,5/14/2026 1:24:02 AM
AP03A,1361670,U6XX,876,491231-3,-,5/16/2026,False,5/14/2026 1:24:02 AM,False,5/14/2026 1:24:02 AM
AP03A,1361671,U6XX,876,491231-4,-,5/16/2026,False,5/14/2026 1:24:03 AM,False,5/14/2026 1:24:03 AM
AP03A,1361672,U6XX,877,491232-1,-,5/16/2026,False,5/14/2026 1:27:17 AM,False,5/14/2026 1:27:17 AM
AP03A,1361673,U6XX,877,491232-2,-,5/16/2026,False,5/14/2026 1:27:17 AM,False,5/14/2026 1:27:17 AM
AP03A,1361674,U6XX,877,491232-3,-,5/16/2026,False,5/14/2026 1:27:18 AM,False,5/14/2026 1:27:18 AM
AP03A,1361675,U6XX,877,491232-4,-,5/16/2026,False,5/14/2026 1:27:18 AM,False,5/14/2026 1:27:18 AM
AP03A,1361676,U6XX,878,491233-1,-,5/16/2026,False,5/14/2026 1:30:43 AM,False,5/14/2026 1:30:43 AM
AP03A,1361677,U6XX,878,491233-2,-,5/16/2026,False,5/14/2026 1:30:43 AM,False,5/14/2026 1:30:43 AM
AP03A,1361678,U6XX,878,491233-3,-,5/16/2026,False,5/14/2026 1:30:44 AM,False,5/14/2026 1:30:43 AM
AP03A,1361679,U6XX,878,491233-4,-,5/16/2026,False,5/14/2026 1:30:44 AM,False,5/14/2026 1:30:44 AM
AP03A,1361680,U6XX,879,491234-1,-,5/16/2026,False,5/14/2026 1:33:38 AM,False,5/14/2026 1:33:38 AM
AP03A,1361681,U611-LHTOP,139,490398-1,0-0,5/15/2026,False,5/11/2026 6:35:36 AM,True,5/12/2026 9:06:35 AM
AP03A,1361681,U611-RHTOP,76,489833-13,0-0,5/15/2026,False,5/9/2026 6:16:22 AM,True,5/12/2026 9:20:09 AM
AP03A,1361681,U6XX,879,491234-2,-,5/16/2026,False,5/14/2026 1:33:38 AM,False,5/14/2026 1:33:38 AM
AP03A,1361682,U6XX,879,491234-3,-,5/16/2026,False,5/14/2026 1:33:38 AM,False,5/14/2026 1:33:38 AM
AP03A,1361683,U6XX,879,491234-4,-,5/16/2026,False,5/14/2026 1:33:39 AM,False,5/14/2026 1:33:39 AM
AP03A,1361684,U6XX,880,491235-1,-,5/16/2026,False,5/14/2026 1:37:14 AM,False,5/14/2026 1:37:14 AM
AP03A,1361685,U6XX,880,491235-2,-,5/16/2026,False,5/14/2026 1:37:15 AM,False,5/14/2026 1:37:15 AM
AP03A,1361686,U6XX,880,491235-3,-,5/16/2026,False,5/14/2026 1:37:15 AM,False,5/14/2026 1:37:15 AM
AP03A,1361687,U6XX,880,491235-4,-,5/16/2026,False,5/14/2026 1:37:15 AM,False,5/14/2026 1:37:15 AM
AP03A,1361688,U6XX,881,491236-1,-,5/16/2026,False,5/14/2026 1:40:40 AM,False,5/14/2026 1:40:40 AM
AP03A,1361689,U6XX,881,491236-2,-,5/16/2026,False,5/14/2026 1:40:41 AM,False,5/14/2026 1:40:41 AM
AP03A,1361690,U6XX,881,491236-3,-,5/16/2026,False,5/14/2026 1:40:41 AM,False,5/14/2026 1:40:41 AM
AP03A,1361691,U6XX,881,491236-4,-,5/16/2026,False,5/14/2026 1:40:41 AM,False,5/14/2026 1:40:41 AM
AP03A,1361692,U6XX,882,491237-1,-,5/16/2026,False,5/14/2026 1:44:57 AM,False,5/14/2026 1:44:57 AM
AP03A,1361693,U6XX,882,491237-2,-,5/16/2026,False,5/14/2026 1:44:57 AM,False,5/14/2026 1:44:57 AM
AP03A,1361694,U611-LHTOP,139,490398-2,0-0,5/15/2026,False,5/11/2026 6:35:36 AM,True,5/12/2026 9:17:34 AM
AP03A,1361694,U611-RHTOP,76,489833-14,0-0,5/15/2026,False,5/9/2026 6:16:22 AM,True,5/12/2026 9:27:04 AM
AP03A,1361694,U6XX,882,491237-3,-,5/16/2026,False,5/14/2026 1:44:57 AM,False,5/14/2026 1:44:57 AM
AP03A,1371695,U6XX,882,491237-4,-,5/16/2026,False,5/14/2026 1:44:57 AM,False,5/14/2026 1:44:57 AM
AP03A,1371696,U6XX,883,491238-1,-,5/16/2026,False,5/14/2026 1:48:23 AM,False,5/14/2026 1:48:23 AM
AP03A,1371697,U6XX,883,491238-2,-,5/16/2026,False,5/14/2026 1:48:23 AM,False,5/14/2026 1:48:23 AM
AP03A,1371698,U6XX,883,491238-3,-,5/16/2026,False,5/14/2026 1:48:23 AM,False,5/14/2026 1:48:23 AM
AP03A,1371699,U6XX,883,491238-4,-,5/16/2026,False,5/14/2026 1:48:24 AM,False,5/14/2026 1:48:24 AM
AP03A,1371700,U6XX,884,491239-1,-,5/16/2026,False,5/14/2026 1:52:30 AM,False,5/14/2026 1:52:30 AM
AP03A,1371701,U6XX,884,491239-2,-,5/16/2026,False,5/14/2026 1:52:30 AM,False,5/14/2026 1:52:30 AM
AP03A,1371702,U6XX,884,491239-3,-,5/16/2026,False,5/14/2026 1:52:30 AM,False,5/14/2026 1:52:30 AM
AP03A,1371703,U6XX,884,491239-4,-,5/16/2026,False,5/14/2026 1:52:30 AM,False,5/14/2026 1:52:30 AM
AP03A,1371704,U6XX,885,491240-1,-,5/16/2026,False,5/14/2026 1:55:55 AM,False,5/14/2026 1:55:55 AM
AP03A,1371705,U6XX,885,491240-2,-,5/16/2026,False,5/14/2026 1:55:56 AM,False,5/14/2026 1:55:56 AM
AP03A,1371706,U6XX,885,491240-3,-,5/16/2026,False,5/14/2026 1:55:56 AM,False,5/14/2026 1:55:56 AM
AP03A,1371707,U611-LHTOP,139,490398-3,0-0,5/15/2026,False,5/11/2026 6:35:36 AM,True,5/12/2026 9:19:44 AM
AP03A,1371707,U611-RHTOP,76,489833-15,0-0,5/15/2026,False,5/9/2026 6:16:22 AM,True,5/12/2026 9:30:32 AM
AP03A,1371707,U6XX,885,491240-4,-,5/16/2026,False,5/14/2026 1:55:56 AM,False,5/14/2026 1:55:56 AM
AP03A,1371708,U6XX,886,491241-1,-,5/16/2026,False,5/14/2026 1:59:11 AM,False,5/14/2026 1:59:11 AM
AP03A,1371709,U6XX,886,491241-2,-,5/16/2026,False,5/14/2026 1:59:12 AM,False,5/14/2026 1:59:11 AM
AP03A,1371710,U6XX,886,491241-3,-,5/16/2026,False,5/14/2026 1:59:12 AM,False,5/14/2026 1:59:12 AM
AP03A,1371711,U6XX,886,491241-4,-,5/16/2026,False,5/14/2026 1:59:12 AM,False,5/14/2026 1:59:12 AM
AP03A,1371712,U6XX,887,491242-1,-,5/16/2026,False,5/14/2026 2:28:18 AM,False,5/14/2026 2:28:18 AM
AP03A,1371713,U6XX,887,491242-2,-,5/16/2026,False,5/14/2026 2:28:19 AM,False,5/14/2026 2:28:19 AM
AP03A,1371714,U6XX,887,491242-3,-,5/16/2026,False,5/14/2026 2:28:19 AM,False,5/14/2026 2:28:19 AM
AP03A,1371715,U6XX,887,491242-4,-,5/16/2026,False,5/14/2026 2:28:19 AM,False,5/14/2026 2:28:19 AM
AP03A,1371716,U6XX,888,491243-1,-,5/16/2026,False,5/14/2026 2:31:54 AM,False,5/14/2026 2:31:54 AM
AP03A,1371717,U6XX,888,491243-2,-,5/16/2026,False,5/14/2026 2:31:54 AM,False,5/14/2026 2:31:54 AM
AP03A,1371718,U6XX,888,491243-3,-,5/16/2026,False,5/14/2026 2:31:55 AM,False,5/14/2026 2:31:55 AM
AP03A,1371719,U6XX,888,491243-4,-,5/16/2026,False,5/14/2026 2:31:55 AM,False,5/14/2026 2:31:55 AM
AP03A,1371720,U611-LHTOP,139,490398-4,0-0,5/16/2026,False,5/11/2026 6:35:36 AM,True,5/12/2026 9:22:11 AM
AP03A,1371720,U611-RHTOP,76,489833-16,0-0,5/16/2026,False,5/9/2026 6:16:22 AM,True,5/12/2026 9:34:18 AM
AP03A,1371720,U6XX,889,491244-1,-,5/16/2026,False,5/14/2026 2:35:10 AM,False,5/14/2026 2:35:10 AM
AP03A,1371721,U6XX,889,491244-2,-,5/16/2026,False,5/14/2026 2:35:10 AM,False,5/14/2026 2:35:10 AM
AP03A,1371722,U6XX,889,491244-3,-,5/16/2026,False,5/14/2026 2:35:10 AM,False,5/14/2026 2:35:10 AM
AP03A,1371723,U6XX,889,491244-4,-,5/16/2026,False,5/14/2026 2:35:10 AM,False,5/14/2026 2:35:10 AM
AP03A,1371724,U6XX,890,491245-1,-,5/16/2026,False,5/14/2026 2:38:25 AM,False,5/14/2026 2:38:25 AM
AP03A,1371725,U6XX,890,491245-2,-,5/16/2026,False,5/14/2026 2:38:25 AM,False,5/14/2026 2:38:25 AM
AP03A,1371726,U6XX,890,491245-3,-,5/16/2026,False,5/14/2026 2:38:25 AM,False,5/14/2026 2:38:25 AM
AP03A,1371727,U6XX,890,491245-4,-,5/16/2026,False,5/14/2026 2:38:25 AM,False,5/14/2026 2:38:25 AM
AP03A,1371728,U6XX,891,491246-1,-,5/16/2026,False,5/14/2026 2:41:30 AM,False,5/14/2026 2:41:30 AM
AP03A,1371729,U6XX,891,491246-2,-,5/16/2026,False,5/14/2026 2:41:30 AM,False,5/14/2026 2:41:30 AM
AP03A,1371730,U611-LHTOP,139,490398-5,0-0,5/16/2026,False,5/11/2026 6:35:36 AM,True,5/12/2026 9:23:33 AM
AP03A,1371730,U611-RHTOP,76,489833-17,0-0,5/16/2026,False,5/9/2026 6:16:23 AM,True,5/12/2026 9:37:56 AM
AP03A,1371730,U6XX,891,491246-3,-,5/16/2026,False,5/14/2026 2:41:30 AM,False,5/14/2026 2:41:30 AM
AP03A,1371731,U6XX,891,491246-4,-,5/16/2026,False,5/14/2026 2:41:31 AM,False,5/14/2026 2:41:31 AM
AP03A,1371732,U6XX,892,491247-1,-,5/16/2026,False,5/14/2026 2:44:46 AM,False,5/14/2026 2:44:46 AM
AP03A,1371733,U611-LHTOP,139,490398-6,0-0,5/16/2026,False,5/11/2026 6:35:37 AM,True,5/12/2026 9:25:30 AM
AP03A,1371733,U611-RHTOP,76,489833-18,0-0,5/16/2026,False,5/9/2026 6:16:23 AM,True,5/12/2026 9:42:00 AM
AP03A,1371733,U6XX,892,491247-2,-,5/16/2026,False,5/14/2026 2:44:46 AM,False,5/14/2026 2:44:46 AM
AP03A,1371734,U6XX,892,491247-3,-,5/16/2026,False,5/14/2026 2:44:46 AM,False,5/14/2026 2:44:46 AM
AP03A,1371735,U6XX,892,491247-4,-,5/16/2026,False,5/14/2026 2:44:46 AM,False,5/14/2026 2:44:46 AM
AP03A,1371736,U6XX,893,491248-1,-,5/16/2026,False,5/14/2026 2:48:01 AM,False,5/14/2026 2:48:01 AM
AP03A,1371737,U6XX,893,491248-2,-,5/16/2026,False,5/14/2026 2:48:01 AM,False,5/14/2026 2:48:01 AM
AP03A,1371738,U6XX,893,491248-3,-,5/16/2026,False,5/14/2026 2:48:02 AM,False,5/14/2026 2:48:02 AM
AP03A,1371739,U6XX,893,491248-4,-,5/16/2026,False,5/14/2026 2:48:02 AM,False,5/14/2026 2:48:02 AM
AP03A,1371740,U6XX,894,491249-1,-,5/16/2026,False,5/14/2026 2:51:17 AM,False,5/14/2026 2:51:17 AM
AP03A,1371741,U6XX,894,491249-2,-,5/16/2026,False,5/14/2026 2:51:17 AM,False,5/14/2026 2:51:17 AM
AP03A,1371742,U6XX,894,491249-3,-,5/16/2026,False,5/14/2026 2:51:17 AM,False,5/14/2026 2:51:17 AM
AP03A,1371743,U6XX,894,491249-4,-,5/16/2026,False,5/14/2026 2:51:17 AM,False,5/14/2026 2:51:17 AM
AP03A,1371744,U6XX,895,491250-1,-,5/16/2026,False,5/14/2026 2:55:03 AM,False,5/14/2026 2:55:03 AM
AP03A,1371745,U611-LHTOP,139,490398-7,0-0,5/16/2026,False,5/11/2026 6:35:37 AM,True,5/12/2026 9:27:31 AM
AP03A,1371745,U611-RHTOP,76,489833-19,0-0,5/16/2026,False,5/9/2026 6:16:24 AM,True,5/12/2026 9:45:53 AM
AP03A,1371745,U6XX,895,491250-2,-,5/16/2026,False,5/14/2026 2:55:03 AM,False,5/14/2026 2:55:03 AM
AP03A,1371746,U6XX,895,491250-3,-,5/16/2026,False,5/14/2026 2:55:03 AM,False,5/14/2026 2:55:03 AM
AP03A,1371747,U6XX,895,491250-4,-,5/16/2026,False,5/14/2026 2:55:04 AM,False,5/14/2026 2:55:04 AM
AP03A,1371748,U6XX,896,491251-1,-,5/16/2026,False,5/14/2026 2:58:18 AM,False,5/14/2026 2:58:18 AM
AP03A,1371749,U6XX,896,491251-2,-,5/16/2026,False,5/14/2026 2:58:19 AM,False,5/14/2026 2:58:19 AM
AP03A,1371750,U6XX,896,491251-3,-,5/16/2026,False,5/14/2026 2:58:19 AM,False,5/14/2026 2:58:19 AM
AP03A,1371751,U6XX,896,491251-4,-,5/16/2026,False,5/14/2026 2:58:20 AM,False,5/14/2026 2:58:20 AM
AP03A,1371752,U6XX,897,491252-1,-,5/16/2026,False,5/14/2026 3:05:00 AM,False,5/14/2026 3:05:00 AM
AP03A,1371753,U6XX,897,491252-2,-,5/16/2026,False,5/14/2026 3:05:00 AM,False,5/14/2026 3:05:00 AM
AP03A,1371754,U6XX,897,491252-3,-,5/16/2026,False,5/14/2026 3:05:00 AM,False,5/14/2026 3:05:00 AM
AP03A,1371755,U6XX,897,491252-4,-,5/16/2026,False,5/14/2026 3:05:00 AM,False,5/14/2026 3:05:00 AM
AP03A,1371756,U6XX,898,491258-1,-,5/16/2026,False,5/14/2026 3:08:20 AM,False,5/14/2026 3:08:20 AM
AP03A,1371757,U6XX,898,491258-2,-,5/16/2026,False,5/14/2026 3:08:21 AM,False,5/14/2026 3:08:21 AM
AP03A,1371758,U611-LHTOP,139,490398-8,0-0,5/16/2026,False,5/11/2026 6:35:37 AM,True,5/12/2026 9:28:53 AM
AP03A,1371758,U611-RHTOP,76,489833-20,0-0,5/16/2026,False,5/9/2026 6:16:24 AM,True,5/12/2026 9:49:36 AM
AP03A,1371758,U6XX,898,491258-3,-,5/16/2026,False,5/14/2026 3:08:21 AM,False,5/14/2026 3:08:21 AM
AP03A,1371759,U6XX,898,491258-4,-,5/16/2026,False,5/14/2026 3:08:22 AM,False,5/14/2026 3:08:22 AM
AP03A,1371760,U6XX,899,491259-1,-,5/16/2026,False,5/14/2026 3:12:59 AM,False,5/14/2026 3:12:59 AM
AP03A,1371761,U6XX,899,491259-2,-,5/16/2026,False,5/14/2026 3:12:59 AM,False,5/14/2026 3:12:59 AM
AP03A,1371762,U6XX,899,491259-3,-,5/16/2026,False,5/14/2026 3:12:59 AM,False,5/14/2026 3:12:59 AM
AP03A,1371763,U6XX,899,491259-4,-,5/16/2026,False,5/14/2026 3:12:59 AM,False,5/14/2026 3:12:59 AM
AP03A,1371764,U6XX,900,491260-1,-,5/16/2026,False,5/14/2026 3:16:16 AM,False,5/14/2026 3:16:16 AM
AP03A,1371765,U6XX,900,491260-2,-,5/16/2026,False,5/14/2026 3:16:16 AM,False,5/14/2026 3:16:16 AM
AP03A,1371766,U6XX,900,491260-3,-,5/16/2026,False,5/14/2026 3:16:16 AM,False,5/14/2026 3:16:16 AM
AP03A,1371767,U6XX,900,491260-4,-,5/16/2026,False,5/14/2026 3:16:16 AM,False,5/14/2026 3:16:16 AM
AP03A,1371768,U6XX,901,491261-1,-,5/16/2026,False,5/14/2026 3:19:22 AM,False,5/14/2026 3:19:22 AM
AP03A,1371769,U6XX,901,491261-2,-,5/16/2026,False,5/14/2026 3:19:22 AM,False,5/14/2026 3:19:22 AM
AP03A,1371770,U6XX,901,491261-3,-,5/16/2026,False,5/14/2026 3:19:22 AM,False,5/14/2026 3:19:22 AM
AP03A,1371771,U611-LHTOP,139,490398-9,0-0,5/16/2026,False,5/11/2026 6:35:37 AM,True,5/12/2026 9:30:38 AM
AP03A,1371771,U611-RHTOP,76,489833-21,0-0,5/16/2026,False,5/9/2026 6:16:24 AM,True,5/12/2026 9:53:06 AM
AP03A,1371771,U6XX,901,491261-4,-,5/16/2026,False,5/14/2026 3:19:23 AM,False,5/14/2026 3:19:23 AM
AP03A,1371772,U6XX,902,491262-1,-,5/16/2026,False,5/14/2026 3:23:09 AM,False,5/14/2026 3:23:09 AM
AP03A,1371773,U6XX,902,491262-2,-,5/16/2026,False,5/14/2026 3:23:09 AM,False,5/14/2026 3:23:09 AM
AP03A,1371774,U6XX,902,491262-3,-,5/16/2026,False,5/14/2026 3:23:09 AM,False,5/14/2026 3:23:09 AM
AP03A,1371775,U6XX,902,491262-4,-,5/16/2026,False,5/14/2026 3:23:09 AM,False,5/14/2026 3:23:09 AM
AP03A,1371776,U6XX,903,491263-1,-,5/16/2026,False,5/14/2026 3:27:25 AM,False,5/14/2026 3:27:25 AM
AP03A,1371777,U6XX,903,491263-2,-,5/16/2026,False,5/14/2026 3:27:25 AM,False,5/14/2026 3:27:25 AM
AP03A,1371778,U6XX,903,491263-3,-,5/16/2026,False,5/14/2026 3:27:25 AM,False,5/14/2026 3:27:25 AM
AP03A,1371779,U6XX,903,491263-4,-,5/16/2026,False,5/14/2026 3:27:26 AM,False,5/14/2026 3:27:26 AM
AP03A,1371780,U6XX,904,491264-1,-,5/16/2026,False,5/14/2026 3:30:30 AM,False,5/14/2026 3:30:30 AM
AP03A,1371781,U6XX,904,491264-2,-,5/16/2026,False,5/14/2026 3:30:31 AM,False,5/14/2026 3:30:31 AM
AP03A,1371782,U6XX,904,491264-3,-,5/16/2026,False,5/14/2026 3:30:31 AM,False,5/14/2026 3:30:31 AM
AP03A,1371783,U6XX,904,491264-4,-,5/16/2026,False,5/14/2026 3:30:31 AM,False,5/14/2026 3:30:31 AM
AP03A,1371784,U611-LHTOP,139,490398-10,0-0,5/16/2026,False,5/11/2026 6:35:37 AM,True,5/12/2026 9:32:37 AM
AP03A,1371784,U611-RHTOP,76,489833-22,0-0,5/16/2026,False,5/9/2026 6:16:24 AM,True,5/12/2026 9:57:33 AM
AP03A,1371784,U6XX,905,491265-1,-,5/16/2026,False,5/14/2026 3:34:07 AM,False,5/14/2026 3:34:07 AM
AP03A,1371785,U6XX,905,491265-2,-,5/16/2026,False,5/14/2026 3:34:07 AM,False,5/14/2026 3:34:07 AM
AP03A,1371786,U6XX,905,491265-3,-,5/16/2026,False,5/14/2026 3:34:07 AM,False,5/14/2026 3:34:07 AM
AP03A,1371787,U6XX,905,491265-4,-,5/16/2026,False,5/14/2026 3:34:07 AM,False,5/14/2026 3:34:07 AM
AP03A,1371788,U6XX,906,491266-1,-,5/16/2026,False,5/14/2026 3:37:22 AM,False,5/14/2026 3:37:22 AM
AP03A,1371789,U6XX,906,491266-2,-,5/16/2026,False,5/14/2026 3:37:22 AM,False,5/14/2026 3:37:22 AM
AP03A,1371790,U6XX,906,491266-3,-,5/16/2026,False,5/14/2026 3:37:22 AM,False,5/14/2026 3:37:22 AM
AP03A,1371791,U6XX,906,491266-4,-,5/16/2026,False,5/14/2026 3:37:22 AM,False,5/14/2026 3:37:22 AM
AP03A,1371792,U6XX,907,491267-1,-,5/16/2026,False,5/14/2026 3:40:38 AM,False,5/14/2026 3:40:38 AM
AP03A,1371793,U6XX,907,491267-2,-,5/16/2026,False,5/14/2026 3:40:38 AM,False,5/14/2026 3:40:38 AM
AP03A,1371794,U6XX,907,491267-3,-,5/16/2026,False,5/14/2026 3:40:38 AM,False,5/14/2026 3:40:38 AM
AP03A,1371795,U6XX,907,491267-4,-,5/16/2026,False,5/14/2026 3:40:39 AM,False,5/14/2026 3:40:39 AM
AP03A,1371796,U6XX,908,491268-1,-,5/16/2026,False,5/14/2026 3:44:15 AM,False,5/14/2026 3:44:15 AM
AP03A,1371797,U611-LHTOP,139,490398-11,0-0,5/16/2026,False,5/11/2026 6:35:37 AM,True,5/12/2026 9:34:12 AM
AP03A,1371797,U611-RHTOP,76,489833-23,0-0,5/16/2026,False,5/9/2026 6:16:24 AM,True,5/12/2026 10:01:14 AM
AP03A,1371797,U6XX,908,491268-2,-,5/16/2026,False,5/14/2026 3:44:15 AM,False,5/14/2026 3:44:15 AM
AP03A,1371798,U6XX,908,491268-3,-,5/16/2026,False,5/14/2026 3:44:15 AM,False,5/14/2026 3:44:15 AM
AP03A,1371799,U6XX,908,491268-4,-,5/16/2026,False,5/14/2026 3:44:15 AM,False,5/14/2026 3:44:15 AM
AP03A,1371800,U6XX,909,491269-1,-,5/16/2026,False,5/14/2026 3:47:31 AM,False,5/14/2026 3:47:31 AM
AP03A,1371801,U6XX,909,491269-2,-,5/16/2026,False,5/14/2026 3:47:31 AM,False,5/14/2026 3:47:31 AM
AP03A,1371802,U6XX,909,491269-3,-,5/16/2026,False,5/14/2026 3:47:31 AM,False,5/14/2026 3:47:31 AM
AP03A,1371803,U6XX,909,491269-4,-,5/16/2026,False,5/14/2026 3:47:31 AM,False,5/14/2026 3:47:31 AM
AP03A,1371804,U6XX,910,491270-1,-,5/16/2026,False,5/14/2026 3:50:46 AM,False,5/14/2026 3:50:46 AM
AP03A,1371805,U6XX,910,491270-2,-,5/16/2026,False,5/14/2026 3:50:46 AM,False,5/14/2026 3:50:46 AM
AP03A,1371806,U6XX,910,491270-3,-,5/16/2026,False,5/14/2026 3:50:47 AM,False,5/14/2026 3:50:47 AM
AP03A,1371807,U6XX,910,491270-4,-,5/16/2026,False,5/14/2026 3:50:47 AM,False,5/14/2026 3:50:47 AM
AP03A,1371808,U6XX,911,491271-1,-,5/16/2026,False,5/14/2026 3:55:03 AM,False,5/14/2026 3:55:03 AM
AP03A,1371809,U6XX,911,491271-2,-,5/16/2026,False,5/14/2026 3:55:03 AM,False,5/14/2026 3:55:03 AM
AP03A,1371810,U611-LHTOP,139,490398-12,0-0,5/16/2026,False,5/11/2026 6:35:37 AM,True,5/12/2026 9:36:00 AM
AP03A,1371810,U611-RHTOP,76,489833-24,0-0,5/16/2026,False,5/9/2026 6:16:25 AM,True,5/12/2026 10:05:48 AM
AP03A,1371810,U6XX,911,491271-3,-,5/16/2026,False,5/14/2026 3:55:03 AM,False,5/14/2026 3:55:03 AM
AP03A,1371811,U6XX,911,491271-4,-,5/16/2026,False,5/14/2026 3:55:03 AM,False,5/14/2026 3:55:03 AM
AP03A,1371812,U6XX,912,491272-1,-,5/16/2026,False,5/14/2026 3:58:38 AM,False,5/14/2026 3:58:38 AM
AP03A,1371813,U6XX,912,491272-2,-,5/16/2026,False,5/14/2026 3:58:39 AM,False,5/14/2026 3:58:39 AM
AP03A,1371814,U6XX,912,491272-3,-,5/16/2026,False,5/14/2026 3:58:39 AM,False,5/14/2026 3:58:39 AM
AP03A,1371815,U6XX,912,491272-4,-,5/16/2026,False,5/14/2026 3:58:39 AM,False,5/14/2026 3:58:39 AM
AP03A,1371816,U6XX,913,491273-1,-,5/16/2026,False,5/14/2026 4:10:46 AM,False,5/14/2026 4:10:46 AM
AP03A,1371817,U6XX,913,491273-2,-,5/16/2026,False,5/14/2026 4:10:46 AM,False,5/14/2026 4:10:46 AM
AP03A,1371818,U6XX,913,491273-3,-,5/16/2026,False,5/14/2026 4:10:46 AM,False,5/14/2026 4:10:46 AM
AP03A,1371819,U6XX,913,491273-4,-,5/16/2026,False,5/14/2026 4:10:46 AM,False,5/14/2026 4:10:46 AM
AP03A,1371820,U6XX,914,491274-1,-,5/16/2026,False,5/14/2026 4:14:11 AM,False,5/14/2026 4:14:11 AM
AP03A,1371821,U6XX,914,491274-2,-,5/16/2026,False,5/14/2026 4:14:12 AM,False,5/14/2026 4:14:12 AM
AP03A,1371822,U6XX,914,491274-3,-,5/16/2026,False,5/14/2026 4:14:12 AM,False,5/14/2026 4:14:12 AM
AP03A,1371823,U611-LHTOP,140,490403-1,0-0,5/16/2026,False,5/11/2026 6:56:19 AM,True,5/12/2026 9:39:21 AM
AP03A,1371823,U611-RHTOP,77,490105-1,0-0,5/16/2026,False,5/9/2026 6:16:28 AM,True,5/12/2026 10:10:27 AM
AP03A,1371823,U6XX,914,491274-4,-,5/16/2026,False,5/14/2026 4:14:12 AM,False,5/14/2026 4:14:12 AM
AP03A,1371824,U6XX,915,491275-1,-,5/16/2026,False,5/14/2026 4:17:29 AM,False,5/14/2026 4:17:29 AM
AP03A,1371825,U6XX,915,491275-2,-,5/16/2026,False,5/14/2026 4:17:29 AM,False,5/14/2026 4:17:29 AM
AP03A,1371826,U6XX,915,491275-3,-,5/17/2026,False,5/14/2026 4:17:29 AM,False,5/14/2026 4:17:29 AM
AP03A,1371827,U6XX,915,491275-4,-,5/17/2026,False,5/14/2026 4:17:29 AM,False,5/14/2026 4:17:29 AM
AP03A,1371828,U6XX,916,491276-1,-,5/17/2026,False,5/14/2026 4:20:34 AM,False,5/14/2026 4:20:34 AM
AP03A,1371829,U6XX,916,491276-2,-,5/17/2026,False,5/14/2026 4:20:34 AM,False,5/14/2026 4:20:34 AM
AP03A,1371830,U6XX,916,491276-3,-,5/17/2026,False,5/14/2026 4:20:34 AM,False,5/14/2026 4:20:34 AM
AP03A,1371831,U6XX,916,491276-4,-,5/17/2026,False,5/14/2026 4:20:34 AM,False,5/14/2026 4:20:34 AM
AP03A,1371832,U6XX,917,491277-1,-,5/17/2026,False,5/14/2026 4:24:00 AM,False,5/14/2026 4:24:00 AM
AP03A,1371833,U6XX,917,491277-2,-,5/17/2026,False,5/14/2026 4:24:00 AM,False,5/14/2026 4:24:00 AM
AP03A,1371834,U6XX,917,491277-3,-,5/17/2026,False,5/14/2026 4:24:00 AM,False,5/14/2026 4:24:00 AM
AP03A,1371835,U6XX,917,491277-4,-,5/17/2026,False,5/14/2026 4:24:00 AM,False,5/14/2026 4:24:00 AM
AP03A,1371836,U611-LHTOP,140,490403-2,0-0,5/16/2026,False,5/11/2026 6:56:19 AM,True,5/12/2026 9:41:03 AM
AP03A,1371836,U611-RHTOP,77,490105-2,0-0,5/16/2026,False,5/9/2026 9:03:10 AM,True,5/12/2026 10:14:46 AM
AP03A,1371836,U6XX,918,491278-1,-,5/17/2026,False,5/14/2026 4:27:45 AM,False,5/14/2026 4:27:45 AM
AP03A,1371837,U6XX,918,491278-2,-,5/17/2026,False,5/14/2026 4:27:46 AM,False,5/14/2026 4:27:46 AM
AP03A,1371838,U6XX,918,491278-3,-,5/17/2026,False,5/14/2026 4:27:46 AM,False,5/14/2026 4:27:46 AM
AP03A,1371839,U6XX,918,491278-4,-,5/17/2026,False,5/14/2026 4:27:46 AM,False,5/14/2026 4:27:46 AM
AP03A,1371840,U6XX,919,491279-1,-,5/17/2026,False,5/14/2026 4:31:31 AM,False,5/14/2026 4:31:31 AM
AP03A,1371841,U6XX,919,491279-2,-,5/17/2026,False,5/14/2026 4:31:31 AM,False,5/14/2026 4:31:31 AM
AP03A,1371842,U6XX,919,491279-3,-,5/17/2026,False,5/14/2026 4:31:31 AM,False,5/14/2026 4:31:31 AM
AP03A,1371843,U6XX,919,491279-4,-,5/17/2026,False,5/14/2026 4:31:32 AM,False,5/14/2026 4:31:32 AM
AP03A,1371844,U6XX,920,491280-1,-,5/17/2026,False,5/14/2026 4:34:47 AM,False,5/14/2026 4:34:47 AM
AP03A,1371845,U6XX,920,491280-2,-,5/17/2026,False,5/14/2026 4:34:47 AM,False,5/14/2026 4:34:47 AM
AP03A,1371846,U6XX,920,491280-3,-,5/17/2026,False,5/14/2026 4:34:47 AM,False,5/14/2026 4:34:47 AM
AP03A,1371847,U6XX,920,491280-4,-,5/17/2026,False,5/14/2026 4:34:47 AM,False,5/14/2026 4:34:47 AM
AP03A,1371848,U6XX,921,491281-1,-,5/17/2026,False,5/14/2026 4:38:13 AM,False,5/14/2026 4:38:13 AM
AP03A,1371849,U611-LHTOP,140,490403-3,0-0,5/16/2026,False,5/11/2026 6:56:19 AM,True,5/12/2026 9:42:44 AM
AP03A,1371849,U611-RHTOP,77,490105-3,0-0,5/16/2026,False,5/9/2026 9:03:11 AM,True,5/12/2026 10:18:29 AM
AP03A,1371849,U6XX,921,491281-2,-,5/17/2026,False,5/14/2026 4:38:13 AM,False,5/14/2026 4:38:13 AM
AP03A,1371850,U6XX,921,491281-3,-,5/17/2026,False,5/14/2026 4:38:13 AM,False,5/14/2026 4:38:13 AM
AP03A,1371851,U6XX,921,491281-4,-,5/17/2026,False,5/14/2026 4:38:13 AM,False,5/14/2026 4:38:13 AM
AP03A,1371852,U6XX,922,491282-1,-,5/17/2026,False,5/14/2026 4:41:49 AM,False,5/14/2026 4:41:49 AM
AP03A,1371853,U6XX,922,491282-2,-,5/17/2026,False,5/14/2026 4:41:49 AM,False,5/14/2026 4:41:49 AM
AP03A,1371854,U6XX,922,491282-3,-,5/17/2026,False,5/14/2026 4:41:49 AM,False,5/14/2026 4:41:49 AM
AP03A,1371855,U6XX,922,491282-4,-,5/17/2026,False,5/14/2026 4:41:50 AM,False,5/14/2026 4:41:50 AM
AP03A,1371856,U6XX,923,491283-1,-,5/17/2026,False,5/14/2026 4:46:27 AM,False,5/14/2026 4:46:27 AM
AP03A,1371857,U6XX,923,491283-2,-,5/17/2026,False,5/14/2026 4:46:27 AM,False,5/14/2026 4:46:27 AM
AP03A,1371858,U6XX,923,491283-3,-,5/17/2026,False,5/14/2026 4:46:27 AM,False,5/14/2026 4:46:27 AM
AP03A,1371859,U6XX,923,491283-4,-,5/17/2026,False,5/14/2026 4:46:27 AM,False,5/14/2026 4:46:27 AM
AP03A,1371860,U6XX,924,491284-1,-,5/17/2026,False,5/14/2026 4:49:42 AM,False,5/14/2026 4:49:42 AM
AP03A,1371861,U6XX,924,491284-2,-,5/17/2026,False,5/14/2026 4:49:43 AM,False,5/14/2026 4:49:43 AM
AP03A,1371862,U611-LHTOP,140,490403-4,0-0,5/16/2026,False,5/11/2026 6:56:19 AM,True,5/12/2026 9:44:15 AM
AP03A,1371862,U611-RHTOP,77,490105-4,0-0,5/16/2026,False,5/9/2026 9:03:11 AM,True,5/12/2026 10:21:55 AM
AP03A,1371862,U6XX,924,491284-3,-,5/17/2026,False,5/14/2026 4:49:43 AM,False,5/14/2026 4:49:43 AM
AP03A,1371863,U6XX,924,491284-4,-,5/17/2026,False,5/14/2026 4:49:43 AM,False,5/14/2026 4:49:43 AM
AP03A,1371864,U6XX,925,491285-1,-,5/17/2026,False,5/14/2026 6:11:39 AM,False,5/14/2026 6:11:39 AM
AP03A,1371865,U6XX,925,491285-2,-,5/17/2026,False,5/14/2026 6:11:39 AM,False,5/14/2026 6:11:39 AM
AP03A,1371866,U6XX,925,491285-3,-,5/17/2026,False,5/14/2026 6:11:39 AM,False,5/14/2026 6:11:39 AM
AP03A,1371867,U6XX,925,491285-4,-,5/17/2026,False,5/14/2026 6:11:40 AM,False,5/14/2026 6:11:40 AM
AP03A,1371868,U6XX,926,491286-1,-,5/17/2026,False,5/14/2026 6:16:40 AM,False,5/14/2026 6:16:40 AM
AP03A,1371869,U6XX,926,491286-2,-,5/17/2026,False,5/14/2026 6:16:40 AM,False,5/14/2026 6:16:40 AM
AP03A,1371870,U6XX,926,491286-3,-,5/17/2026,False,5/14/2026 6:16:40 AM,False,5/14/2026 6:16:40 AM
AP03A,1371871,U6XX,926,491286-4,-,5/17/2026,False,5/14/2026 6:16:40 AM,False,5/14/2026 6:16:40 AM
AP03A,1371872,U6XX,927,491287-1,-,5/17/2026,False,5/14/2026 6:20:16 AM,False,5/14/2026 6:20:16 AM
AP03A,1371873,U6XX,927,491287-2,-,5/17/2026,False,5/14/2026 6:20:16 AM,False,5/14/2026 6:20:16 AM
AP03A,1371874,U611-LHTOP,140,490403-5,0-0,5/16/2026,False,5/11/2026 6:56:19 AM,True,5/12/2026 9:45:47 AM
AP03A,1371874,U611-RHTOP,77,490105-5,0-0,5/16/2026,False,5/9/2026 9:03:11 AM,True,5/12/2026 10:27:42 AM
AP03A,1371874,U6XX,927,491287-3,-,5/17/2026,False,5/14/2026 6:20:16 AM,False,5/14/2026 6:20:16 AM
AP03A,1371875,U6XX,927,491287-4,-,5/17/2026,False,5/14/2026 6:20:16 AM,False,5/14/2026 6:20:16 AM
AP03A,1371876,U6XX,928,491288-1,-,5/17/2026,False,5/14/2026 6:23:21 AM,False,5/14/2026 6:23:21 AM
AP03A,1371877,U6XX,928,491288-2,-,5/17/2026,False,5/14/2026 6:23:21 AM,False,5/14/2026 6:23:21 AM
AP03A,1371878,U6XX,928,491288-3,-,5/17/2026,False,5/14/2026 6:23:21 AM,False,5/14/2026 6:23:21 AM
AP03A,1371879,U6XX,928,491288-4,-,5/17/2026,False,5/14/2026 6:23:21 AM,False,5/14/2026 6:23:21 AM
AP03A,1371880,U6XX,929,491289-1,-,5/17/2026,False,5/14/2026 6:26:36 AM,False,5/14/2026 6:26:36 AM
AP03A,1371881,U6XX,929,491289-2,-,5/17/2026,False,5/14/2026 6:26:36 AM,False,5/14/2026 6:26:36 AM
AP03A,1371882,U6XX,929,491289-3,-,5/17/2026,False,5/14/2026 6:26:36 AM,False,5/14/2026 6:26:36 AM
AP03A,1371883,U6XX,929,491289-4,-,5/17/2026,False,5/14/2026 6:26:36 AM,False,5/14/2026 6:26:36 AM
AP03A,1371884,U6XX,930,491290-1,-,5/17/2026,False,5/14/2026 6:31:54 AM,False,5/14/2026 6:31:54 AM
AP03A,1371885,U6XX,930,491290-2,-,5/17/2026,False,5/14/2026 6:31:54 AM,False,5/14/2026 6:31:54 AM
AP03A,1371886,U6XX,930,491290-3,-,5/17/2026,False,5/14/2026 6:31:54 AM,False,5/14/2026 6:31:54 AM
AP03A,1371887,U611-LHTOP,140,490403-6,0-0,5/16/2026,False,5/11/2026 6:56:19 AM,True,5/12/2026 9:47:16 AM
AP03A,1371887,U611-RHTOP,77,490105-6,0-0,5/16/2026,False,5/9/2026 9:03:11 AM,True,5/12/2026 10:31:04 AM
AP03A,1371887,U6XX,930,491290-4,-,5/17/2026,False,5/14/2026 6:31:54 AM,False,5/14/2026 6:31:54 AM
AP03A,1371888,U6XX,931,491291-1,-,5/17/2026,False,5/14/2026 6:35:09 AM,False,5/14/2026 6:35:09 AM
AP03A,1371889,U6XX,931,491291-2,-,5/17/2026,False,5/14/2026 6:35:09 AM,False,5/14/2026 6:35:09 AM
AP03A,1371890,U6XX,931,491291-3,-,5/17/2026,False,5/14/2026 6:35:09 AM,False,5/14/2026 6:35:09 AM
AP03A,1371891,U6XX,931,491291-4,-,5/17/2026,False,5/14/2026 6:35:09 AM,False,5/14/2026 6:35:09 AM
AP03A,1371892,U6XX,932,491292-1,-,5/17/2026,False,5/14/2026 6:38:24 AM,False,5/14/2026 6:38:24 AM
AP03A,1371893,U6XX,932,491292-2,-,5/17/2026,False,5/14/2026 6:38:24 AM,False,5/14/2026 6:38:24 AM
AP03A,1371894,U6XX,932,491292-3,-,5/17/2026,False,5/14/2026 6:38:24 AM,False,5/14/2026 6:38:24 AM
AP03A,1371895,U6XX,932,491292-4,-,5/17/2026,False,5/14/2026 6:38:25 AM,False,5/14/2026 6:38:25 AM
AP03A,1371896,U6XX,933,491293-1,-,5/17/2026,False,5/14/2026 6:42:00 AM,False,5/14/2026 6:42:00 AM
AP03A,1371897,U6XX,933,491293-2,-,5/17/2026,False,5/14/2026 6:42:00 AM,False,5/14/2026 6:42:00 AM
AP03A,1371898,U6XX,933,491293-3,-,5/17/2026,False,5/14/2026 6:42:00 AM,False,5/14/2026 6:42:00 AM
AP03A,1371899,U6XX,933,491293-4,-,5/17/2026,False,5/14/2026 6:42:00 AM,False,5/14/2026 6:42:00 AM
AP03A,1371900,U611-LHTOP,140,490403-7,0-0,5/16/2026,False,5/11/2026 6:56:19 AM,True,5/12/2026 9:48:39 AM
AP03A,1371900,U611-RHTOP,77,490105-7,0-0,5/16/2026,False,5/9/2026 9:03:12 AM,True,5/12/2026 10:34:56 AM
AP03A,1371900,U6XX,934,491294-1,-,5/17/2026,False,5/14/2026 6:45:15 AM,False,5/14/2026 6:45:15 AM
AP03A,1371901,U6XX,934,491294-2,-,5/17/2026,False,5/14/2026 6:45:15 AM,False,5/14/2026 6:45:15 AM
AP03A,1371902,U6XX,934,491294-3,-,5/17/2026,False,5/14/2026 6:45:15 AM,False,5/14/2026 6:45:15 AM
AP03A,1371903,U6XX,934,491294-4,-,5/17/2026,False,5/14/2026 6:45:16 AM,False,5/14/2026 6:45:16 AM
AP03A,1371904,U6XX,935,491295-1,-,5/17/2026,False,5/14/2026 6:48:20 AM,False,5/14/2026 6:48:20 AM
AP03A,1371905,U6XX,935,491295-2,-,5/17/2026,False,5/14/2026 6:48:20 AM,False,5/14/2026 6:48:20 AM
AP03A,1371906,U6XX,935,491295-3,-,5/17/2026,False,5/14/2026 6:48:21 AM,False,5/14/2026 6:48:21 AM
AP03A,1371907,U6XX,935,491295-4,-,5/17/2026,False,5/14/2026 6:48:22 AM,False,5/14/2026 6:48:22 AM
AP03A,1371908,U6XX,936,491296-1,-,5/17/2026,False,5/14/2026 6:51:47 AM,False,5/14/2026 6:51:47 AM
AP03A,1371909,U6XX,936,491296-2,-,5/17/2026,False,5/14/2026 6:51:47 AM,False,5/14/2026 6:51:47 AM
AP03A,1371910,U6XX,936,491296-3,-,5/17/2026,False,5/14/2026 6:51:47 AM,False,5/14/2026 6:51:47 AM
AP03A,1371911,U6XX,936,491296-4,-,5/17/2026,False,5/14/2026 6:51:47 AM,False,5/14/2026 6:51:47 AM
AP03A,1371912,U6XX,937,491297-1,-,5/17/2026,False,5/14/2026 6:55:03 AM,False,5/14/2026 6:55:03 AM
AP03A,1371913,U611-LHTOP,140,490403-8,0-0,5/16/2026,False,5/11/2026 6:56:19 AM,True,5/12/2026 9:53:26 AM
AP03A,1371913,U611-RHTOP,77,490105-8,0-0,5/16/2026,False,5/9/2026 9:03:12 AM,True,5/12/2026 10:39:21 AM
AP03A,1371913,U6XX,937,491297-2,-,5/17/2026,False,5/14/2026 6:55:03 AM,False,5/14/2026 6:55:03 AM
AP03A,1371914,U6XX,937,491297-3,-,5/17/2026,False,5/14/2026 6:55:03 AM,False,5/14/2026 6:55:03 AM
AP03A,1371915,U6XX,937,491297-4,-,5/17/2026,False,5/14/2026 6:55:03 AM,False,5/14/2026 6:55:03 AM
AP03A,1371916,U6XX,938,491298-1,-,5/17/2026,False,5/14/2026 7:06:07 AM,False,5/14/2026 7:06:07 AM
AP03A,1371917,U6XX,938,491298-2,-,5/17/2026,False,5/14/2026 7:06:07 AM,False,5/14/2026 7:06:07 AM
AP03A,1371918,U6XX,938,491298-3,-,5/17/2026,False,5/14/2026 7:06:07 AM,False,5/14/2026 7:06:07 AM
AP03A,1371919,U6XX,938,491298-4,-,5/17/2026,False,5/14/2026 7:06:07 AM,False,5/14/2026 7:06:07 AM
AP03A,1371920,U6XX,939,491299-1,-,5/17/2026,False,5/14/2026 7:10:43 AM,False,5/14/2026 7:10:43 AM
AP03A,1371921,U6XX,939,491299-2,-,5/17/2026,False,5/14/2026 7:10:43 AM,False,5/14/2026 7:10:43 AM
AP03A,1371922,U6XX,939,491299-3,-,5/17/2026,False,5/14/2026 7:10:43 AM,False,5/14/2026 7:10:43 AM
AP03A,1371923,U6XX,939,491299-4,-,5/17/2026,False,5/14/2026 7:10:44 AM,False,5/14/2026 7:10:44 AM
AP03A,1371924,U6XX,940,491300-1,-,5/17/2026,False,5/14/2026 7:15:19 AM,False,5/14/2026 7:15:19 AM
AP03A,1371925,U6XX,940,491300-2,-,5/17/2026,False,5/14/2026 7:15:20 AM,False,5/14/2026 7:15:20 AM
AP03A,1371926,U611-LHTOP,140,490403-9,0-0,5/16/2026,False,5/11/2026 6:56:19 AM,True,5/12/2026 9:55:09 AM
AP03A,1371926,U611-RHTOP,77,490105-9,0-0,5/16/2026,False,5/9/2026 9:03:12 AM,True,5/12/2026 10:42:52 AM
AP03A,1371926,U6XX,940,491300-3,-,5/17/2026,False,5/14/2026 7:15:20 AM,False,5/14/2026 7:15:20 AM
AP03A,1371927,U6XX,940,491300-4,-,5/17/2026,False,5/14/2026 7:15:20 AM,False,5/14/2026 7:15:20 AM
AP03A,1371928,U6XX,941,491301-1,-,5/17/2026,False,5/14/2026 7:18:34 AM,False,5/14/2026 7:18:34 AM
AP03A,1371929,U6XX,941,491301-2,-,5/17/2026,False,5/14/2026 7:18:34 AM,False,5/14/2026 7:18:34 AM
AP03A,1371930,U6XX,941,491301-3,-,5/17/2026,False,5/14/2026 7:18:35 AM,False,5/14/2026 7:18:35 AM
AP03A,1371931,U6XX,941,491301-4,-,5/17/2026,False,5/14/2026 7:18:35 AM,False,5/14/2026 7:18:35 AM
AP03A,1371932,U6XX,942,491302-1,-,5/17/2026,False,5/14/2026 7:21:29 AM,False,5/14/2026 7:21:29 AM
AP03A,1371933,U6XX,942,491302-2,-,5/17/2026,False,5/14/2026 7:21:29 AM,False,5/14/2026 7:21:29 AM
AP03A,1371934,U6XX,942,491302-3,-,5/17/2026,False,5/14/2026 7:21:29 AM,False,5/14/2026 7:21:29 AM
AP03A,1371935,U6XX,942,491302-4,-,5/17/2026,False,5/14/2026 7:21:29 AM,False,5/14/2026 7:21:29 AM
AP03A,1371936,U6XX,943,491303-1,-,5/17/2026,False,5/14/2026 7:25:04 AM,False,5/14/2026 7:25:04 AM
AP03A,1371937,U6XX,943,491303-2,-,5/17/2026,False,5/14/2026 7:25:04 AM,False,5/14/2026 7:25:04 AM
AP03A,1371938,U6XX,943,491303-3,-,5/17/2026,False,5/14/2026 7:25:05 AM,False,5/14/2026 7:25:05 AM
AP03A,1371939,U611-LHTOP,140,490403-10,0-0,5/17/2026,False,5/11/2026 6:56:19 AM,True,5/12/2026 9:58:23 AM
AP03A,1371939,U611-RHTOP,77,490105-10,0-0,5/17/2026,False,5/9/2026 9:03:12 AM,True,5/12/2026 10:46:00 AM
AP03A,1371939,U6XX,943,491303-4,-,5/17/2026,False,5/14/2026 7:25:05 AM,False,5/14/2026 7:25:05 AM
AP03A,1371940,U6XX,944,491304-1,-,5/17/2026,False,5/14/2026 7:28:40 AM,False,5/14/2026 7:28:40 AM
AP03A,1371941,U6XX,944,491304-2,-,5/17/2026,False,5/14/2026 7:28:40 AM,False,5/14/2026 7:28:40 AM
AP03A,1371942,U6XX,944,491304-3,-,5/17/2026,False,5/14/2026 7:28:40 AM,False,5/14/2026 7:28:40 AM
AP03A,1371943,U6XX,944,491304-4,-,5/17/2026,False,5/14/2026 7:28:41 AM,False,5/14/2026 7:28:41 AM
AP03A,1371944,U6XX,945,491305-1,-,5/17/2026,False,5/14/2026 7:31:56 AM,False,5/14/2026 7:31:56 AM
AP03A,1371945,U6XX,945,491305-2,-,5/17/2026,False,5/14/2026 7:31:56 AM,False,5/14/2026 7:31:56 AM
AP03A,1371946,U6XX,945,491305-3,-,5/17/2026,False,5/14/2026 7:31:57 AM,False,5/14/2026 7:31:57 AM
AP03A,1371947,U6XX,945,491305-4,-,5/17/2026,False,5/14/2026 7:31:57 AM,False,5/14/2026 7:31:57 AM
AP03A,1371948,U6XX,946,491306-1,-,5/17/2026,False,5/14/2026 7:35:22 AM,False,5/14/2026 7:35:22 AM
AP03A,1371949,U6XX,946,491306-2,-,5/17/2026,False,5/14/2026 7:35:22 AM,False,5/14/2026 7:35:22 AM
AP03A,1371950,U6XX,946,491306-3,-,5/17/2026,False,5/14/2026 7:35:22 AM,False,5/14/2026 7:35:22 AM
AP03A,1371951,U6XX,946,491306-4,-,5/17/2026,False,5/14/2026 7:35:22 AM,False,5/14/2026 7:35:22 AM
AP03A,1371952,U611-LHTOP,140,490403-11,0-0,5/17/2026,False,5/11/2026 6:56:20 AM,True,5/12/2026 10:00:37 AM
AP03A,1371952,U611-RHTOP,77,490105-11,0-0,5/17/2026,False,5/9/2026 9:03:14 AM,True,5/12/2026 10:52:25 AM
AP03A,1371952,U6XX,947,491307-1,-,5/17/2026,False,5/14/2026 7:38:17 AM,False,5/14/2026 7:38:17 AM
AP03A,1371953,U6XX,947,491307-2,-,5/17/2026,False,5/14/2026 7:38:17 AM,False,5/14/2026 7:38:17 AM
AP03A,1371954,U6XX,947,491307-3,-,5/17/2026,False,5/14/2026 7:38:17 AM,False,5/14/2026 7:38:17 AM
AP03A,1371955,U6XX,947,491307-4,-,5/17/2026,False,5/14/2026 7:38:17 AM,False,5/14/2026 7:38:17 AM
AP03A,1371956,U6XX,948,491308-1,-,5/17/2026,False,5/14/2026 7:41:32 AM,False,5/14/2026 7:41:32 AM
AP03A,1371957,U6XX,948,491308-2,-,5/17/2026,False,5/14/2026 7:41:32 AM,False,5/14/2026 7:41:32 AM
AP03A,1371958,U6XX,948,491308-3,-,5/17/2026,False,5/14/2026 7:41:32 AM,False,5/14/2026 7:41:32 AM
AP03A,1371959,U6XX,948,491308-4,-,5/17/2026,False,5/14/2026 7:41:33 AM,False,5/14/2026 7:41:33 AM
AP03A,1371960,U6XX,949,491309-1,-,5/17/2026,False,5/14/2026 7:47:41 AM,False,5/14/2026 7:47:41 AM
AP03A,1371961,U6XX,949,491309-2,-,5/17/2026,False,5/14/2026 7:47:41 AM,False,5/14/2026 7:47:41 AM
AP03A,1371962,U6XX,949,491309-3,-,5/17/2026,False,5/14/2026 7:47:42 AM,False,5/14/2026 7:47:42 AM
AP03A,1371963,U6XX,949,491309-4,-,5/17/2026,False,5/14/2026 7:47:42 AM,False,5/14/2026 7:47:42 AM
AP03A,1371964,U6XX,950,491310-1,-,5/17/2026,False,5/14/2026 7:50:47 AM,False,5/14/2026 7:50:47 AM
AP03A,1371965,U611-LHTOP,140,490403-12,0-0,5/17/2026,False,5/11/2026 6:56:20 AM,True,5/12/2026 10:01:55 AM
AP03A,1371965,U611-RHTOP,77,490105-12,0-0,5/17/2026,False,5/9/2026 9:03:14 AM,True,5/12/2026 10:56:22 AM
AP03A,1371965,U6XX,950,491310-2,-,5/17/2026,False,5/14/2026 7:50:47 AM,False,5/14/2026 7:50:47 AM
AP03A,1371966,U6XX,950,491310-3,-,5/17/2026,False,5/14/2026 7:50:47 AM,False,5/14/2026 7:50:47 AM
AP03A,1371967,U6XX,950,491310-4,-,5/17/2026,False,5/14/2026 7:50:47 AM,False,5/14/2026 7:50:47 AM
AP03A,1371968,U6XX,951,491311-1,-,5/17/2026,False,5/14/2026 7:54:13 AM,False,5/14/2026 7:54:13 AM
AP03A,1371969,U6XX,951,491311-2,-,5/17/2026,False,5/14/2026 7:54:13 AM,False,5/14/2026 7:54:13 AM
AP03A,1371970,U6XX,951,491311-3,-,5/17/2026,False,5/14/2026 7:54:13 AM,False,5/14/2026 7:54:13 AM
AP03A,1371971,U6XX,951,491311-4,-,5/17/2026,False,5/14/2026 7:54:13 AM,False,5/14/2026 7:54:13 AM
AP03A,1371972,U6XX,952,491312-1,-,5/17/2026,False,5/14/2026 7:57:09 AM,False,5/14/2026 7:57:09 AM
AP03A,1371973,U6XX,952,491312-2,-,5/17/2026,False,5/14/2026 7:57:09 AM,False,5/14/2026 7:57:09 AM
AP03A,1371974,U6XX,952,491312-3,-,5/17/2026,False,5/14/2026 7:57:09 AM,False,5/14/2026 7:57:09 AM
AP03A,1371975,U6XX,952,491312-4,-,5/17/2026,False,5/14/2026 7:57:09 AM,False,5/14/2026 7:57:09 AM
AP03A,1371976,U6XX,953,491313-1,-,5/17/2026,False,5/14/2026 8:03:54 AM,False,5/14/2026 8:03:54 AM
AP03A,1371977,U6XX,953,491313-2,-,5/17/2026,False,5/14/2026 8:03:55 AM,False,5/14/2026 8:03:55 AM
AP03A,1371978,U611-LHTOP,141,490409-1,0-0,5/17/2026,False,5/11/2026 7:18:48 AM,True,5/12/2026 10:04:45 AM
AP03A,1371978,U611-RHTOP,77,490105-13,0-0,5/17/2026,False,5/9/2026 9:03:14 AM,True,5/12/2026 11:37:19 AM
AP03A,1371978,U6XX,953,491313-3,-,5/17/2026,False,5/14/2026 8:03:55 AM,False,5/14/2026 8:03:55 AM
AP03A,1371979,U6XX,953,491313-4,-,5/17/2026,False,5/14/2026 8:03:56 AM,False,5/14/2026 8:03:56 AM
AP03A,1371980,U6XX,954,491314-1,-,5/17/2026,False,5/14/2026 8:08:23 AM,False,5/14/2026 8:08:23 AM
AP03A,1371981,U6XX,954,491314-2,-,5/17/2026,False,5/14/2026 8:08:23 AM,False,5/14/2026 8:08:23 AM
AP03A,1371982,U6XX,954,491314-3,-,5/17/2026,False,5/14/2026 8:08:23 AM,False,5/14/2026 8:08:23 AM
AP03A,1371983,U6XX,954,491314-4,-,5/17/2026,False,5/14/2026 8:08:23 AM,False,5/14/2026 8:08:23 AM
AP03A,1371984,U6XX,955,491315-1,-,5/17/2026,False,5/14/2026 8:11:48 AM,False,5/14/2026 8:11:48 AM
AP03A,1371985,U6XX,955,491315-2,-,5/17/2026,False,5/14/2026 8:11:49 AM,False,5/14/2026 8:11:48 AM
AP03A,1371986,U6XX,955,491315-3,-,5/17/2026,False,5/14/2026 8:11:49 AM,False,5/14/2026 8:11:49 AM
AP03A,1371987,U6XX,955,491315-4,-,5/17/2026,False,5/14/2026 8:11:49 AM,False,5/14/2026 8:11:49 AM
AP03A,1371988,U6XX,956,491316-1,-,5/17/2026,False,5/14/2026 8:35:59 AM,False,5/14/2026 8:35:59 AM
AP03A,1371989,U6XX,956,491316-2,-,5/17/2026,False,5/14/2026 8:35:59 AM,False,5/14/2026 8:35:59 AM
AP03A,1371990,U6XX,956,491316-3,-,5/17/2026,False,5/14/2026 8:35:59 AM,False,5/14/2026 8:35:59 AM
AP03A,1371991,U611-LHTOP,141,490409-2,0-0,5/17/2026,False,5/11/2026 7:18:49 AM,True,5/12/2026 10:06:44 AM
AP03A,1371991,U611-RHTOP,77,490105-14,0-0,5/17/2026,False,5/9/2026 9:03:14 AM,True,5/12/2026 11:41:15 AM
AP03A,1371991,U6XX,956,491316-4,-,5/17/2026,False,5/14/2026 8:35:59 AM,False,5/14/2026 8:35:59 AM
AP03A,1371992,U6XX,957,491317-1,-,5/17/2026,False,5/14/2026 8:39:24 AM,False,5/14/2026 8:39:24 AM
AP03A,1371993,U6XX,957,491317-2,-,5/17/2026,False,5/14/2026 8:39:25 AM,False,5/14/2026 8:39:25 AM
AP03A,1371994,U6XX,957,491317-3,-,5/17/2026,False,5/14/2026 8:39:25 AM,False,5/14/2026 8:39:25 AM
AP03A,1371995,U6XX,957,491317-4,-,5/17/2026,False,5/14/2026 8:39:25 AM,False,5/14/2026 8:39:25 AM
AP03A,1371996,U6XX,958,491318-1,-,5/17/2026,False,5/14/2026 8:44:11 AM,False,5/14/2026 8:44:11 AM
AP03A,1371997,U6XX,958,491318-2,-,5/17/2026,False,5/14/2026 8:44:11 AM,False,5/14/2026 8:44:11 AM
AP03A,1371998,U6XX,958,491318-3,-,5/17/2026,False,5/14/2026 8:44:12 AM,False,5/14/2026 8:44:12 AM
AP03A,1371999,U6XX,958,491318-4,-,5/17/2026,False,5/14/2026 8:44:12 AM,False,5/14/2026 8:44:12 AM
AP03A,1372000,U6XX,959,491319-1,-,5/17/2026,False,5/14/2026 8:47:37 AM,False,5/14/2026 8:47:37 AM
AP03A,1372001,U6XX,959,491319-2,-,5/17/2026,False,5/14/2026 8:47:37 AM,False,5/14/2026 8:47:37 AM
AP03A,1372002,U6XX,959,491319-3,-,5/17/2026,False,5/14/2026 8:47:37 AM,False,5/14/2026 8:47:37 AM
AP03A,1372003,U611-LHTOP,141,490409-3,0-0,5/17/2026,False,5/11/2026 7:18:49 AM,True,5/12/2026 10:08:16 AM
AP03A,1372003,U611-RHTOP,77,490105-15,0-0,5/17/2026,False,5/9/2026 9:03:14 AM,True,5/12/2026 12:00:33 PM
AP03A,1372003,U6XX,959,491319-4,-,5/17/2026,False,5/14/2026 8:47:38 AM,False,5/14/2026 8:47:38 AM
AP03A,1372004,U6XX,960,491320-1,-,5/17/2026,False,5/14/2026 8:50:42 AM,False,5/14/2026 8:50:42 AM
AP03A,1372005,U6XX,960,491320-2,-,5/17/2026,False,5/14/2026 8:50:42 AM,False,5/14/2026 8:50:42 AM
AP03A,1372006,U6XX,960,491320-3,-,5/17/2026,False,5/14/2026 8:50:42 AM,False,5/14/2026 8:50:42 AM
AP03A,1372007,U6XX,960,491320-4,-,5/17/2026,False,5/14/2026 8:50:43 AM,False,5/14/2026 8:50:43 AM
AP03A,1372008,U6XX,961,491321-1,-,5/17/2026,False,5/14/2026 8:53:58 AM,False,5/14/2026 8:53:58 AM
AP03A,1372009,U6XX,961,491321-2,-,5/17/2026,False,5/14/2026 8:53:58 AM,False,5/14/2026 8:53:58 AM
AP03A,1372010,U6XX,961,491321-3,-,5/17/2026,False,5/14/2026 8:53:58 AM,False,5/14/2026 8:53:58 AM
AP03A,1372011,U6XX,961,491321-4,-,5/17/2026,False,5/14/2026 8:53:58 AM,False,5/14/2026 8:53:58 AM
AP03A,1372012,U6XX,962,491322-1,-,5/17/2026,False,5/14/2026 8:57:02 AM,False,5/14/2026 8:57:02 AM
AP03A,1372013,U6XX,962,491322-2,-,5/17/2026,False,5/14/2026 8:57:03 AM,False,5/14/2026 8:57:03 AM
AP03A,1372014,U6XX,962,491322-3,-,5/17/2026,False,5/14/2026 8:57:03 AM,False,5/14/2026 8:57:03 AM
AP03A,1372015,U6XX,962,491322-4,-,5/17/2026,False,5/14/2026 8:57:03 AM,False,5/14/2026 8:57:03 AM
AP03A,1372016,U611-LHTOP,141,490409-4,0-0,5/17/2026,False,5/11/2026 7:18:49 AM,True,5/12/2026 10:09:31 AM
AP03A,1372016,U611-RHTOP,77,490105-16,0-0,5/17/2026,False,5/9/2026 9:03:15 AM,True,5/12/2026 12:05:07 PM
AP03A,1372016,U6XX,963,491323-1,-,5/17/2026,False,5/14/2026 9:00:18 AM,False,5/14/2026 9:00:18 AM
AP03A,1372017,U6XX,963,491323-2,-,5/17/2026,False,5/14/2026 9:00:18 AM,False,5/14/2026 9:00:18 AM
AP03A,1372018,U6XX,963,491323-3,-,5/17/2026,False,5/14/2026 9:00:18 AM,False,5/14/2026 9:00:18 AM
AP03A,1372019,U6XX,963,491323-4,-,5/17/2026,False,5/14/2026 9:00:18 AM,False,5/14/2026 9:00:18 AM
AP03A,1372020,U6XX,964,491324-1,-,5/17/2026,False,5/14/2026 9:03:33 AM,False,5/14/2026 9:03:33 AM
AP03A,1372021,U6XX,964,491324-2,-,5/17/2026,False,5/14/2026 9:03:33 AM,False,5/14/2026 9:03:33 AM
AP03A,1372022,U6XX,964,491324-3,-,5/17/2026,False,5/14/2026 9:03:33 AM,False,5/14/2026 9:03:33 AM
AP03A,1372023,U6XX,964,491324-4,-,5/17/2026,False,5/14/2026 9:03:33 AM,False,5/14/2026 9:03:33 AM
AP03A,1372024,U6XX,965,491325-1,-,5/17/2026,False,5/14/2026 9:07:19 AM,False,5/14/2026 9:07:19 AM
AP03A,1372025,U6XX,965,491325-2,-,5/17/2026,False,5/14/2026 9:07:20 AM,False,5/14/2026 9:07:20 AM
AP03A,1372026,U6XX,965,491325-3,-,5/17/2026,False,5/14/2026 9:07:20 AM,False,5/14/2026 9:07:20 AM
AP03A,1372027,U6XX,965,491325-4,-,5/17/2026,False,5/14/2026 9:07:20 AM,False,5/14/2026 9:07:20 AM
AP03A,1372028,U6XX,966,491326-1,-,5/17/2026,False,5/14/2026 9:10:45 AM,False,5/14/2026 9:10:45 AM
AP03A,1372029,U611-LHTOP,141,490409-5,0-0,5/17/2026,False,5/11/2026 7:18:49 AM,True,5/12/2026 10:10:46 AM
AP03A,1372029,U611-RHTOP,77,490105-17,0-0,5/17/2026,False,5/9/2026 9:03:15 AM,True,5/12/2026 12:09:52 PM
AP03A,1372029,U6XX,966,491326-2,-,5/17/2026,False,5/14/2026 9:10:46 AM,False,5/14/2026 9:10:46 AM
AP03A,1372030,U6XX,966,491326-3,-,5/17/2026,False,5/14/2026 9:10:46 AM,False,5/14/2026 9:10:46 AM
AP03A,1372031,U6XX,966,491326-4,-,5/17/2026,False,5/14/2026 9:10:46 AM,False,5/14/2026 9:10:46 AM
AP03A,1372032,U6XX,967,491327-1,-,5/17/2026,False,5/14/2026 9:13:51 AM,False,5/14/2026 9:13:51 AM
AP03A,1372033,U6XX,967,491327-2,-,5/17/2026,False,5/14/2026 9:13:51 AM,False,5/14/2026 9:13:51 AM
AP03A,1372034,U6XX,967,491327-3,-,5/17/2026,False,5/14/2026 9:13:51 AM,False,5/14/2026 9:13:51 AM
AP03A,1372035,U6XX,967,491327-4,-,5/17/2026,False,5/14/2026 9:13:52 AM,False,5/14/2026 9:13:52 AM
AP03A,1372036,U6XX,968,491328-1,-,5/17/2026,False,5/14/2026 9:17:58 AM,False,5/14/2026 9:17:58 AM
AP03A,1372037,U6XX,968,491328-2,-,5/17/2026,False,5/14/2026 9:17:58 AM,False,5/14/2026 9:17:58 AM
AP03A,1372038,U6XX,968,491328-3,-,5/17/2026,False,5/14/2026 9:17:59 AM,False,5/14/2026 9:17:59 AM
AP03A,1372039,U6XX,968,491328-4,-,5/17/2026,False,5/14/2026 9:17:59 AM,False,5/14/2026 9:17:59 AM
AP03A,1372040,U6XX,969,491329-1,-,5/17/2026,False,5/14/2026 9:21:35 AM,False,5/14/2026 9:21:35 AM
AP03A,1372041,U6XX,969,491329-2,-,5/17/2026,False,5/14/2026 9:21:35 AM,False,5/14/2026 9:21:35 AM
AP03A,1372042,U611-LHTOP,141,490409-6,0-0,5/17/2026,False,5/11/2026 7:18:49 AM,True,5/12/2026 10:12:13 AM
AP03A,1372042,U611-RHTOP,77,490105-18,0-0,5/17/2026,False,5/9/2026 9:03:15 AM,True,5/12/2026 12:13:26 PM
AP03A,1372042,U6XX,969,491329-3,-,5/17/2026,False,5/14/2026 9:21:35 AM,False,5/14/2026 9:21:35 AM
AP03A,1372043,U6XX,969,491329-4,-,5/17/2026,False,5/14/2026 9:21:36 AM,False,5/14/2026 9:21:35 AM
AP03A,1372044,U6XX,970,491330-1,-,5/17/2026,False,5/14/2026 9:24:20 AM,False,5/14/2026 9:24:20 AM
AP03A,1372045,U6XX,970,491330-2,-,5/17/2026,False,5/14/2026 9:24:20 AM,False,5/14/2026 9:24:20 AM
AP03A,1372046,U6XX,970,491330-3,-,5/17/2026,False,5/14/2026 9:24:20 AM,False,5/14/2026 9:24:20 AM
AP03A,1372047,U6XX,970,491330-4,-,5/17/2026,False,5/14/2026 9:24:21 AM,False,5/14/2026 9:24:21 AM
AP03A,1372048,U6XX,971,491331-1,-,5/17/2026,False,5/14/2026 9:28:17 AM,False,5/14/2026 9:28:17 AM
AP03A,1372049,U6XX,971,491331-2,-,5/17/2026,False,5/14/2026 9:28:17 AM,False,5/14/2026 9:28:17 AM
AP03A,1372050,U6XX,971,491331-3,-,5/17/2026,False,5/14/2026 9:28:17 AM,False,5/14/2026 9:28:17 AM
AP03A,1372051,U6XX,971,491331-4,-,5/17/2026,False,5/14/2026 9:28:17 AM,False,5/14/2026 9:28:17 AM
AP03A,1372052,U6XX,972,491332-1,-,5/17/2026,False,5/14/2026 9:31:43 AM,False,5/14/2026 9:31:43 AM
AP03A,1372053,U6XX,972,491332-2,-,5/17/2026,False,5/14/2026 9:31:43 AM,False,5/14/2026 9:31:43 AM
AP03A,1372054,U6XX,972,491332-3,-,5/17/2026,False,5/14/2026 9:31:43 AM,False,5/14/2026 9:31:43 AM
AP03A,1372055,U611-LHTOP,141,490409-7,0-0,5/17/2026,False,5/11/2026 7:18:49 AM,True,5/12/2026 10:13:51 AM
AP03A,1372055,U611-RHTOP,77,490105-19,0-0,5/17/2026,False,5/9/2026 9:03:15 AM,True,5/12/2026 12:17:15 PM
AP03A,1372055,U6XX,972,491332-4,-,5/17/2026,False,5/14/2026 9:31:44 AM,False,5/14/2026 9:31:44 AM
AP03A,1372056,U6XX,973,491333-1,-,5/17/2026,False,5/14/2026 9:35:42 AM,False,5/14/2026 9:35:42 AM
AP03A,1372057,U6XX,973,491333-2,-,5/17/2026,False,5/14/2026 9:35:42 AM,False,5/14/2026 9:35:42 AM
AP03A,1372058,U6XX,973,491333-3,-,5/17/2026,False,5/14/2026 9:35:42 AM,False,5/14/2026 9:35:42 AM
AP03A,1372059,U6XX,973,491333-4,-,5/17/2026,False,5/14/2026 9:35:42 AM,False,5/14/2026 9:35:42 AM
AP03A,1372060,U6XX,974,491334-1,-,5/17/2026,False,5/14/2026 9:38:58 AM,False,5/14/2026 9:38:58 AM
AP03A,1372061,U6XX,974,491334-2,-,5/17/2026,False,5/14/2026 9:38:59 AM,False,5/14/2026 9:38:59 AM
AP03A,1372062,U6XX,974,491334-3,-,5/17/2026,False,5/14/2026 9:38:59 AM,False,5/14/2026 9:38:59 AM
AP03A,1372063,U6XX,974,491334-4,-,5/17/2026,False,5/14/2026 9:38:59 AM,False,5/14/2026 9:38:59 AM
AP03A,1372064,U6XX,975,491335-1,-,5/17/2026,False,5/14/2026 9:42:15 AM,False,5/14/2026 9:42:15 AM
AP03A,1372065,U6XX,975,491335-2,-,5/17/2026,False,5/14/2026 9:42:15 AM,False,5/14/2026 9:42:15 AM
AP03A,1372066,U6XX,975,491335-3,-,5/17/2026,False,5/14/2026 9:42:15 AM,False,5/14/2026 9:42:15 AM
AP03A,1372067,U6XX,975,491335-4,-,5/17/2026,False,5/14/2026 9:42:15 AM,False,5/14/2026 9:42:15 AM
AP03A,1372068,U611-LHTOP,141,490409-8,0-0,5/17/2026,False,5/11/2026 7:18:49 AM,True,5/12/2026 10:16:26 AM
AP03A,1372068,U611-RHTOP,77,490105-20,0-0,5/17/2026,False,5/9/2026 9:03:16 AM,True,5/12/2026 12:20:42 PM
AP03A,1372068,U6XX,976,491336-1,-,5/17/2026,False,5/14/2026 9:45:31 AM,False,5/14/2026 9:45:31 AM
AP03A,1372069,U6XX,976,491336-2,-,5/17/2026,False,5/14/2026 9:45:31 AM,False,5/14/2026 9:45:31 AM
AP03A,1372070,U6XX,976,491336-3,-,5/17/2026,False,5/14/2026 9:45:31 AM,False,5/14/2026 9:45:31 AM
AP03A,1372071,U6XX,976,491336-4,-,5/17/2026,False,5/14/2026 9:45:31 AM,False,5/14/2026 9:45:31 AM
AP03A,1372072,U6XX,977,491337-1,-,5/17/2026,False,5/14/2026 9:48:36 AM,False,5/14/2026 9:48:36 AM
AP03A,1372073,U6XX,977,491337-2,-,5/17/2026,False,5/14/2026 9:48:36 AM,False,5/14/2026 9:48:36 AM
AP03A,1372074,U6XX,977,491337-3,-,5/17/2026,False,5/14/2026 9:48:36 AM,False,5/14/2026 9:48:36 AM
AP03A,1372075,U6XX,977,491337-4,-,5/17/2026,False,5/14/2026 9:48:37 AM,False,5/14/2026 9:48:37 AM
AP03A,1372076,U6XX,978,491338-1,-,5/17/2026,False,5/14/2026 9:52:53 AM,False,5/14/2026 9:52:53 AM
AP03A,1372077,U6XX,978,491338-2,-,5/17/2026,False,5/14/2026 9:52:54 AM,False,5/14/2026 9:52:54 AM
AP03A,1372078,U6XX,978,491338-3,-,5/17/2026,False,5/14/2026 9:52:54 AM,False,5/14/2026 9:52:54 AM
AP03A,1372079,U6XX,978,491338-4,-,5/17/2026,False,5/14/2026 9:52:54 AM,False,5/14/2026 9:52:54 AM
AP03A,1372080,U6XX,979,491339-1,-,5/17/2026,False,5/14/2026 10:02:49 AM,False,5/14/2026 10:02:49 AM
AP03A,1372081,U611-LHTOP,141,490409-9,0-0,5/17/2026,False,5/11/2026 7:18:49 AM,True,5/12/2026 10:17:46 AM
AP03A,1372081,U611-RHTOP,77,490105-21,0-0,5/17/2026,False,5/9/2026 9:03:16 AM,True,5/12/2026 12:24:25 PM
AP03A,1372081,U6XX,979,491339-2,-,5/17/2026,False,5/14/2026 10:02:50 AM,False,5/14/2026 10:02:50 AM
AP03A,1372082,U6XX,979,491339-3,-,5/17/2026,False,5/14/2026 10:02:50 AM,False,5/14/2026 10:02:50 AM
AP03A,1372083,U6XX,979,491339-4,-,5/17/2026,False,5/14/2026 10:02:51 AM,False,5/14/2026 10:02:51 AM
AP03A,1372084,U6XX,980,491340-1,-,5/17/2026,False,5/14/2026 10:06:17 AM,False,5/14/2026 10:06:17 AM
AP03A,1372085,U6XX,980,491340-2,-,5/17/2026,False,5/14/2026 10:06:17 AM,False,5/14/2026 10:06:17 AM
AP03A,1372086,U6XX,980,491340-3,-,5/17/2026,False,5/14/2026 10:06:17 AM,False,5/14/2026 10:06:17 AM
AP03A,1372087,U6XX,980,491340-4,-,5/17/2026,False,5/14/2026 10:06:17 AM,False,5/14/2026 10:06:17 AM
AP03A,1372088,U6XX,981,491341-1,-,5/17/2026,False,5/14/2026 10:09:52 AM,False,5/14/2026 10:09:52 AM
AP03A,1372089,U6XX,981,491341-2,-,5/17/2026,False,5/14/2026 10:09:52 AM,False,5/14/2026 10:09:52 AM
AP03A,1372090,U6XX,981,491341-3,-,5/17/2026,False,5/14/2026 10:09:53 AM,False,5/14/2026 10:09:53 AM
AP03A,1372091,U6XX,981,491341-4,-,5/17/2026,False,5/14/2026 10:09:53 AM,False,5/14/2026 10:09:53 AM
AP03A,1372092,U6XX,982,491342-1,-,5/17/2026,False,5/14/2026 10:13:07 AM,False,5/14/2026 10:13:07 AM
AP03A,1372093,U6XX,982,491342-2,-,5/17/2026,False,5/14/2026 10:13:07 AM,False,5/14/2026 10:13:07 AM
AP03A,1372094,U611-LHTOP,141,490409-10,0-0,5/17/2026,False,5/11/2026 7:18:49 AM,True,5/12/2026 10:20:13 AM
AP03A,1372094,U611-RHTOP,77,490105-22,0-0,5/17/2026,False,5/9/2026 9:03:16 AM,True,5/12/2026 12:27:55 PM
AP03A,1372094,U6XX,982,491342-3,-,5/17/2026,False,5/14/2026 10:13:07 AM,False,5/14/2026 10:13:07 AM
AP03A,1372095,U6XX,982,491342-4,-,5/17/2026,False,5/14/2026 10:13:08 AM,False,5/14/2026 10:13:08 AM
AP03A,1372096,U6XX,983,491343-1,-,5/17/2026,False,5/14/2026 10:16:22 AM,False,5/14/2026 10:16:22 AM
AP03A,1372097,U6XX,983,491343-2,-,5/17/2026,False,5/14/2026 10:16:22 AM,False,5/14/2026 10:16:22 AM
AP03A,1372098,U6XX,983,491343-3,-,5/17/2026,False,5/14/2026 10:16:22 AM,False,5/14/2026 10:16:22 AM
AP03A,1372099,U6XX,983,491343-4,-,5/17/2026,False,5/14/2026 10:16:23 AM,False,5/14/2026 10:16:23 AM
AP03A,1372100,U6XX,984,491344-1,-,5/17/2026,False,5/14/2026 10:19:48 AM,False,5/14/2026 10:19:48 AM
AP03A,1372101,U6XX,984,491344-2,-,5/17/2026,False,5/14/2026 10:19:48 AM,False,5/14/2026 10:19:48 AM
AP03A,1372102,U6XX,984,491344-3,-,5/17/2026,False,5/14/2026 10:19:48 AM,False,5/14/2026 10:19:48 AM
AP03A,1372103,U6XX,984,491344-4,-,5/17/2026,False,5/14/2026 10:19:48 AM,False,5/14/2026 10:19:48 AM
AP03A,1372104,U6XX,985,491345-1,-,5/17/2026,False,5/14/2026 10:23:03 AM,False,5/14/2026 10:23:03 AM
AP03A,1372105,U6XX,985,491345-2,-,5/17/2026,False,5/14/2026 10:23:03 AM,False,5/14/2026 10:23:03 AM
AP03A,1372106,U6XX,985,491345-3,-,5/17/2026,False,5/14/2026 10:23:03 AM,False,5/14/2026 10:23:03 AM
AP03A,1372107,U611-LHTOP,141,490409-11,0-0,5/17/2026,False,5/11/2026 7:18:49 AM,True,5/12/2026 10:22:10 AM
AP03A,1372107,U611-RHTOP,77,490105-23,0-0,5/17/2026,False,5/9/2026 9:03:16 AM,True,5/12/2026 12:33:29 PM
AP03A,1372107,U6XX,985,491345-4,-,5/17/2026,False,5/14/2026 10:23:03 AM,False,5/14/2026 10:23:03 AM
AP03A,1372108,U6XX,986,491346-1,-,5/17/2026,False,5/14/2026 10:27:19 AM,False,5/14/2026 10:27:19 AM
AP03A,1372109,U6XX,986,491346-2,-,5/17/2026,False,5/14/2026 10:27:19 AM,False,5/14/2026 10:27:19 AM
AP03A,1372110,U6XX,986,491346-3,-,5/17/2026,False,5/14/2026 10:27:19 AM,False,5/14/2026 10:27:19 AM
AP03A,1372111,U6XX,986,491346-4,-,5/17/2026,False,5/14/2026 10:27:19 AM,False,5/14/2026 10:27:19 AM
AP03A,1372112,U6XX,987,491347-1,-,5/17/2026,False,5/14/2026 10:30:54 AM,False,5/14/2026 10:30:54 AM
AP03A,1372113,U6XX,987,491347-2,-,5/17/2026,False,5/14/2026 10:30:54 AM,False,5/14/2026 10:30:54 AM
AP03A,1372114,U6XX,987,491347-3,-,5/17/2026,False,5/14/2026 10:30:54 AM,False,5/14/2026 10:30:54 AM
AP03A,1372115,U6XX,987,491347-4,-,5/17/2026,False,5/14/2026 10:30:54 AM,False,5/14/2026 10:30:54 AM
AP03A,1372116,U6XX,988,491348-1,-,5/17/2026,False,5/14/2026 10:34:09 AM,False,5/14/2026 10:34:09 AM
AP03A,1372117,U6XX,988,491348-2,-,5/17/2026,False,5/14/2026 10:34:09 AM,False,5/14/2026 10:34:09 AM
AP03A,1372118,U6XX,988,491348-3,-,5/17/2026,False,5/14/2026 10:34:09 AM,False,5/14/2026 10:34:09 AM
AP03A,1372119,U6XX,988,491348-4,-,5/17/2026,False,5/14/2026 10:34:10 AM,False,5/14/2026 10:34:10 AM
AP03A,1372120,U611-LHTOP,141,490409-12,0-0,5/17/2026,False,5/11/2026 7:18:49 AM,True,5/12/2026 10:23:31 AM
AP03A,1372120,U611-RHTOP,77,490105-24,0-0,5/17/2026,False,5/9/2026 9:03:17 AM,True,5/12/2026 12:38:10 PM
AP03A,1372120,U6XX,989,491349-1,-,5/17/2026,False,5/14/2026 10:37:14 AM,False,5/14/2026 10:37:14 AM
AP03A,1372121,U6XX,989,491349-2,-,5/17/2026,False,5/14/2026 10:37:14 AM,False,5/14/2026 10:37:14 AM
AP03A,1372122,U6XX,989,491349-3,-,5/17/2026,False,5/14/2026 10:37:14 AM,False,5/14/2026 10:37:14 AM
AP03A,1372123,U6XX,989,491349-4,-,5/17/2026,False,5/14/2026 10:37:14 AM,False,5/14/2026 10:37:14 AM
AP03A,1372124,U6XX,990,491350-1,-,5/17/2026,False,5/14/2026 10:40:29 AM,False,5/14/2026 10:40:29 AM
AP03A,1372125,U6XX,990,491350-2,-,5/17/2026,False,5/14/2026 10:40:29 AM,False,5/14/2026 10:40:29 AM
AP03A,1372126,U6XX,990,491350-3,-,5/17/2026,False,5/14/2026 10:40:29 AM,False,5/14/2026 10:40:29 AM
AP03A,1372127,U6XX,990,491350-4,-,5/17/2026,False,5/14/2026 10:40:29 AM,False,5/14/2026 10:40:29 AM
AP03A,1372128,U6XX,991,491351-1,-,5/17/2026,False,5/14/2026 10:44:15 AM,False,5/14/2026 10:44:15 AM
AP03A,1372129,U6XX,991,491351-2,-,5/17/2026,False,5/14/2026 10:44:15 AM,False,5/14/2026 10:44:15 AM
AP03A,1372130,U6XX,991,491351-3,-,5/17/2026,False,5/14/2026 10:44:15 AM,False,5/14/2026 10:44:15 AM
AP03A,1372131,U6XX,991,491351-4,-,5/17/2026,False,5/14/2026 10:44:15 AM,False,5/14/2026 10:44:15 AM
AP03A,1372132,U611-LHTOP,142,490417-1,0-0,5/17/2026,False,5/11/2026 7:42:57 AM,True,5/12/2026 10:25:31 AM
AP03A,1372132,U611-RHTOP,78,490144-1,0-0,5/17/2026,False,5/9/2026 9:03:20 AM,True,5/12/2026 12:44:52 PM
AP03A,1372132,U6XX,992,491352-1,-,5/17/2026,False,5/14/2026 10:47:20 AM,False,5/14/2026 10:47:20 AM
AP03A,1372133,U6XX,992,491352-2,-,5/17/2026,False,5/14/2026 10:47:20 AM,False,5/14/2026 10:47:20 AM
AP03A,1372134,U6XX,992,491352-3,-,5/17/2026,False,5/14/2026 10:47:20 AM,False,5/14/2026 10:47:20 AM
AP03A,1372135,U6XX,992,491352-4,-,5/17/2026,False,5/14/2026 10:47:20 AM,False,5/14/2026 10:47:20 AM
AP03A,1372136,U6XX,993,491353-1,-,5/17/2026,False,5/14/2026 10:51:25 AM,False,5/14/2026 10:51:25 AM
AP03A,1372137,U6XX,993,491353-2,-,5/17/2026,False,5/14/2026 10:51:26 AM,False,5/14/2026 10:51:26 AM
AP03A,1372138,U6XX,993,491353-3,-,5/17/2026,False,5/14/2026 10:51:26 AM,False,5/14/2026 10:51:26 AM
AP03A,1372139,U6XX,993,491353-4,-,5/17/2026,False,5/14/2026 10:51:26 AM,False,5/14/2026 10:51:26 AM
AP03A,1372140,U6XX,994,491354-1,-,5/17/2026,False,5/14/2026 10:55:01 AM,False,5/14/2026 10:55:01 AM
AP03A,1372141,U6XX,994,491354-2,-,5/17/2026,False,5/14/2026 10:55:01 AM,False,5/14/2026 10:55:01 AM
AP03A,1372142,U6XX,994,491354-3,-,5/17/2026,False,5/14/2026 10:55:01 AM,False,5/14/2026 10:55:01 AM
AP03A,1372143,U6XX,994,491354-4,-,5/17/2026,False,5/14/2026 10:55:02 AM,False,5/14/2026 10:55:02 AM
AP03A,1372144,,,-,-,5/17/2026,False,,False,
AP03A,1372145,,,-,-,5/17/2026,False,,False,
AP03A,1372145,U611-LHTOP,142,490417-2,0-0,5/17/2026,False,5/11/2026 7:42:57 AM,True,5/12/2026 10:26:39 AM
AP03A,1372145,U611-RHTOP,78,490144-2,0-0,5/17/2026,False,5/11/2026 6:11:15 AM,True,5/12/2026 12:48:44 PM
AP03A,1372146,,,-,-,5/17/2026,False,,False,
AP03A,1372147,,,-,-,5/17/2026,False,,False,
AP03A,1372148,,,-,-,5/17/2026,False,,False,
AP03A,1372149,,,-,-,5/17/2026,False,,False,
AP03A,1372150,,,-,-,5/17/2026,False,,False,
AP03A,1372151,,,-,-,5/17/2026,False,,False,
AP03A,1372152,,,-,-,5/17/2026,False,,False,
AP03A,1372153,,,-,-,5/17/2026,False,,False,
AP03A,1372154,,,-,-,5/17/2026,False,,False,
AP03A,1372155,,,-,-,5/17/2026,False,,False,
AP03A,1372156,,,-,-,5/17/2026,False,,False,
AP03A,1372157,,,-,-,5/17/2026,False,,False,
AP03A,1372158,,,-,-,5/17/2026,False,,False,
AP03A,1372158,U611-LHTOP,142,490417-3,0-0,5/17/2026,False,5/11/2026 7:42:57 AM,True,5/12/2026 10:27:46 AM
AP03A,1372158,U611-RHTOP,78,490144-3,0-0,5/17/2026,False,5/11/2026 6:11:15 AM,True,5/12/2026 12:53:21 PM
AP03A,1372159,,,-,-,5/17/2026,False,,False,
AP03A,1372160,,,-,-,5/17/2026,False,,False,
AP03A,1372161,,,-,-,5/17/2026,False,,False,
AP03A,1372162,,,-,-,5/17/2026,False,,False,
AP03A,1372163,,,-,-,5/17/2026,False,,False,
AP03A,1372164,,,-,-,5/17/2026,False,,False,
AP03A,1372165,,,-,-,5/17/2026,False,,False,
AP03A,1372166,,,-,-,5/17/2026,False,,False,
AP03A,1372167,,,-,-,5/17/2026,False,,False,
AP03A,1372168,,,-,-,5/17/2026,False,,False,
AP03A,1372169,,,-,-,5/17/2026,False,,False,
AP03A,1372170,,,-,-,5/17/2026,False,,False,
AP03A,1372171,,,-,-,5/17/2026,False,,False,
AP03A,1372171,U611-LHTOP,142,490417-4,0-0,5/17/2026,False,5/11/2026 7:42:57 AM,True,5/12/2026 10:30:37 AM
AP03A,1372171,U611-RHTOP,78,490144-4,0-0,5/17/2026,False,5/11/2026 6:11:15 AM,True,5/12/2026 12:56:55 PM
AP03A,1372172,,,-,-,5/17/2026,False,,False,
AP03A,1372173,,,-,-,5/17/2026,False,,False,
AP03A,1372174,,,-,-,5/17/2026,False,,False,
AP03A,1372175,,,-,-,5/17/2026,False,,False,
AP03A,1372176,,,-,-,5/17/2026,False,,False,
AP03A,1372177,,,-,-,5/17/2026,False,,False,
AP03A,1372178,,,-,-,5/17/2026,False,,False,
AP03A,1372179,,,-,-,5/17/2026,False,,False,
AP03A,1372180,,,-,-,5/17/2026,False,,False,
AP03A,1372181,,,-,-,5/17/2026,False,,False,
AP03A,1372182,,,-,-,5/17/2026,False,,False,
AP03A,1372183,,,-,-,5/17/2026,False,,False,
AP03A,1372184,,,-,-,5/17/2026,False,,False,
AP03A,1372184,U611-LHTOP,142,490417-5,0-0,5/17/2026,False,5/11/2026 7:42:57 AM,True,5/12/2026 10:32:43 AM
AP03A,1372184,U611-RHTOP,78,490144-5,0-0,5/17/2026,False,5/11/2026 6:11:15 AM,True,5/12/2026 1:00:39 PM
AP03A,1372185,,,-,-,5/17/2026,False,,False,
AP03A,1372186,,,-,-,5/17/2026,False,,False,
AP03A,1372187,,,-,-,5/17/2026,False,,False,
AP03A,1372188,,,-,-,5/17/2026,False,,False,
AP03A,1372189,,,-,-,5/17/2026,False,,False,
AP03A,1372190,,,-,-,5/17/2026,False,,False,
AP03A,1372191,,,-,-,5/17/2026,False,,False,
AP03A,1372192,,,-,-,5/17/2026,False,,False,
AP03A,1372193,,,-,-,5/17/2026,False,,False,
AP03A,1372194,,,-,-,5/17/2026,False,,False,
AP03A,1372195,,,-,-,5/17/2026,False,,False,
AP03A,1372196,,,-,-,5/17/2026,False,,False,
AP03A,1372197,,,-,-,5/17/2026,False,,False,
AP03A,1372197,U611-LHTOP,142,490417-6,0-0,5/17/2026,False,5/11/2026 7:42:57 AM,True,5/12/2026 10:35:14 AM
AP03A,1372197,U611-RHTOP,78,490144-6,0-0,5/17/2026,False,5/11/2026 6:11:15 AM,True,5/12/2026 1:04:16 PM
AP03A,1372198,,,-,-,5/17/2026,False,,False,
AP03A,1372199,,,-,-,5/17/2026,False,,False,
AP03A,1372200,,,-,-,5/17/2026,False,,False,
AP03A,1372201,,,-,-,5/17/2026,False,,False,
AP03A,1372202,,,-,-,5/17/2026,False,,False,
AP03A,1372203,,,-,-,5/17/2026,False,,False,
AP03A,1372204,,,-,-,5/17/2026,False,,False,
AP03A,1372205,,,-,-,5/17/2026,False,,False,
AP03A,1372206,,,-,-,5/17/2026,False,,False,
AP03A,1372207,,,-,-,5/17/2026,False,,False,
AP03A,1372208,,,-,-,5/17/2026,False,,False,
AP03A,1372209,,,-,-,5/17/2026,False,,False,
AP03A,1372210,,,-,-,5/17/2026,False,,False,
AP03A,1372211,,,-,-,5/17/2026,False,,False,
AP03A,1372212,,,-,-,5/17/2026,False,,False,
AP03A,1372213,,,-,-,5/17/2026,False,,False,
AP03A,1372214,,,-,-,5/17/2026,False,,False,
AP03A,1372215,,,-,-,5/17/2026,False,,False,
AP03A,1372216,,,-,-,5/17/2026,False,,False,
AP03A,1372217,,,-,-,5/17/2026,False,,False,
AP03A,1372218,,,-,-,5/17/2026,False,,False,
AP03A,1372219,,,-,-,5/17/2026,False,,False,
AP03A,1372220,,,-,-,5/17/2026,False,,False,
AP03A,1372221,,,-,-,5/17/2026,False,,False,
AP03A,1372222,,,-,-,5/17/2026,False,,False,
AP03A,1372223,,,-,-,5/17/2026,False,,False,
AP03A,1372223,U611-LHTOP,142,490417-7,0-0,5/17/2026,False,5/11/2026 7:42:57 AM,True,5/12/2026 10:36:40 AM
AP03A,1372223,U611-RHTOP,78,490144-7,0-0,5/17/2026,False,5/11/2026 6:11:15 AM,True,5/12/2026 1:08:31 PM
AP03A,1372224,,,-,-,5/17/2026,False,,False,
AP03A,1372225,,,-,-,5/17/2026,False,,False,
AP03A,1372226,,,-,-,5/17/2026,False,,False,
AP03A,1372227,,,-,-,5/17/2026,False,,False,
AP03A,1372228,,,-,-,5/17/2026,False,,False,
AP03A,1372229,,,-,-,5/17/2026,False,,False,
AP03A,1372230,,,-,-,5/17/2026,False,,False,
AP03A,1372231,,,-,-,5/17/2026,False,,False,
AP03A,1372232,,,-,-,5/17/2026,False,,False,
AP03A,1372233,,,-,-,5/17/2026,False,,False,
AP03A,1372234,,,-,-,5/17/2026,False,,False,
AP03A,1372235,,,-,-,5/17/2026,False,,False,
AP03A,1372236,,,-,-,5/17/2026,False,,False,
AP03A,1372236,U611-LHTOP,142,490417-8,0-0,5/17/2026,False,5/11/2026 7:42:57 AM,True,5/12/2026 10:38:14 AM
AP03A,1372236,U611-RHTOP,78,490144-8,0-0,5/17/2026,False,5/11/2026 6:11:15 AM,True,5/12/2026 1:12:07 PM
AP03A,1372237,,,-,-,5/17/2026,False,,False,
AP03A,1372238,,,-,-,5/17/2026,False,,False,
AP03A,1372239,,,-,-,5/17/2026,False,,False,
AP03A,1372240,,,-,-,5/17/2026,False,,False,
AP03A,1372241,,,-,-,5/17/2026,False,,False,
AP03A,1372242,,,-,-,5/17/2026,False,,False,
AP03A,1372243,,,-,-,5/17/2026,False,,False,
AP03A,1372244,,,-,-,5/17/2026,False,,False,
AP03A,1372245,,,-,-,5/17/2026,False,,False,
AP03A,1372246,,,-,-,5/17/2026,False,,False,
AP03A,1372247,,,-,-,5/17/2026,False,,False,
AP03A,1372248,,,-,-,5/17/2026,False,,False,
AP03A,1372249,,,-,-,5/17/2026,False,,False,
AP03A,1372249,U611-LHTOP,142,490417-9,0-0,5/17/2026,False,5/11/2026 7:42:58 AM,True,5/12/2026 10:40:20 AM
AP03A,1372249,U611-RHTOP,78,490144-9,0-0,5/17/2026,False,5/11/2026 6:11:15 AM,True,5/12/2026 1:15:50 PM
AP03A,1372250,,,-,-,5/17/2026,False,,False,
AP03A,1372251,,,-,-,5/17/2026,False,,False,
AP03A,1372252,,,-,-,5/17/2026,False,,False,
AP03A,1372253,,,-,-,5/17/2026,False,,False,
AP03A,1372254,,,-,-,5/17/2026,False,,False,
AP03A,1372255,,,-,-,5/17/2026,False,,False,
AP03A,1372256,,,-,-,5/17/2026,False,,False,
AP03A,1372257,,,-,-,5/17/2026,False,,False,
AP03A,1372258,,,-,-,5/17/2026,False,,False,
AP03A,1372259,,,-,-,5/17/2026,False,,False,
AP03A,1372260,,,-,-,5/17/2026,False,,False,
AP03A,1372261,,,-,-,5/17/2026,False,,False,
AP03A,1372261,U611-LHTOP,142,490417-10,0-0,5/17/2026,False,5/11/2026 7:42:58 AM,True,5/12/2026 10:41:52 AM
AP03A,1372261,U611-RHTOP,78,490144-10,0-0,5/17/2026,False,5/11/2026 6:11:15 AM,True,5/12/2026 1:19:14 PM
AP03A,1382262,,,-,-,5/17/2026,False,,False,
AP03A,1382262,U611-LHTOP,142,490417-11,0-0,5/17/2026,False,5/12/2026 3:06:22 AM,True,5/12/2026 10:43:04 AM
AP03A,1382262,U611-RHTOP,78,490144-11,0-0,5/17/2026,False,5/12/2026 3:06:07 AM,True,5/12/2026 1:23:37 PM
AP03A,1382263,,,-,-,5/17/2026,False,,False,
AP03A,1382264,,,-,-,5/17/2026,False,,False,
AP03A,1382265,,,-,-,5/17/2026,False,,False,
AP03A,1382266,,,-,-,5/17/2026,False,,False,
AP03A,1382267,,,-,-,5/17/2026,False,,False,
AP03A,1382268,,,-,-,5/17/2026,False,,False,
AP03A,1382269,,,-,-,5/17/2026,False,,False,
AP03A,1382270,,,-,-,5/17/2026,False,,False,
AP03A,1382271,,,-,-,5/17/2026,False,,False,
AP03A,1382272,,,-,-,5/17/2026,False,,False,
AP03A,1382273,,,-,-,5/17/2026,False,,False,
AP03A,1382274,,,-,-,5/17/2026,False,,False,
AP03A,1382275,,,-,-,5/17/2026,False,,False,
AP03A,1382275,U611-LHTOP,142,490417-12,0-0,5/17/2026,False,5/12/2026 3:06:23 AM,True,5/12/2026 10:44:20 AM
AP03A,1382275,U611-RHTOP,78,490144-12,0-0,5/17/2026,False,5/12/2026 3:06:07 AM,True,5/12/2026 1:26:58 PM
AP03A,1382276,,,-,-,5/17/2026,False,,False,
AP03A,1382277,,,-,-,5/17/2026,False,,False,
AP03A,1382278,,,-,-,5/17/2026,False,,False,
AP03A,1382279,,,-,-,5/17/2026,False,,False,
AP03A,1382280,,,-,-,5/17/2026,False,,False,
AP03A,1382281,,,-,-,5/17/2026,False,,False,
AP03A,1382282,,,-,-,5/17/2026,False,,False,
AP03A,1382283,,,-,-,5/17/2026,False,,False,
AP03A,1382284,,,-,-,5/17/2026,False,,False,
AP03A,1382285,,,-,-,5/17/2026,False,,False,
AP03A,1382286,,,-,-,5/17/2026,False,,False,
AP03A,1382287,,,-,-,5/17/2026,False,,False,
AP03A,1382288,,,-,-,5/17/2026,False,,False,
AP03A,1382288,U611-LHTOP,143,490644-1,0-0,5/17/2026,False,5/12/2026 3:06:24 AM,True,5/13/2026 6:07:27 AM
AP03A,1382288,U611-RHTOP,78,490144-13,0-0,5/17/2026,False,5/12/2026 3:06:07 AM,True,5/12/2026 1:31:28 PM
AP03A,1382289,,,-,-,5/17/2026,False,,False,
AP03A,1382290,,,-,-,5/17/2026,False,,False,
AP03A,1382291,,,-,-,5/17/2026,False,,False,
AP03A,1382292,,,-,-,5/17/2026,False,,False,
AP03A,1382293,,,-,-,5/17/2026,False,,False,
AP03A,1382294,,,-,-,5/17/2026,False,,False,
AP03A,1382295,,,-,-,5/17/2026,False,,False,
AP03A,1382296,,,-,-,5/17/2026,False,,False,
AP03A,1382297,,,-,-,5/17/2026,False,,False,
AP03A,1382298,,,-,-,5/17/2026,False,,False,
AP03A,1382299,,,-,-,5/17/2026,False,,False,
AP03A,1382300,,,-,-,5/17/2026,False,,False,
AP03A,1382301,,,-,-,5/17/2026,False,,False,
AP03A,1382301,U611-LHTOP,143,490644-2,0-0,5/17/2026,False,5/12/2026 3:06:24 AM,True,5/13/2026 6:09:40 AM
AP03A,1382301,U611-RHTOP,78,490144-14,0-0,5/17/2026,False,5/12/2026 3:06:08 AM,True,5/12/2026 1:34:47 PM
AP03A,1382302,,,-,-,5/17/2026,False,,False,
AP03A,1382303,,,-,-,5/17/2026,False,,False,
AP03A,1382304,,,-,-,5/17/2026,False,,False,
AP03A,1382305,,,-,-,5/17/2026,False,,False,
AP03A,1382306,,,-,-,5/17/2026,False,,False,
AP03A,1382307,,,-,-,5/17/2026,False,,False,
AP03A,1382308,,,-,-,5/17/2026,False,,False,
AP03A,1382309,,,-,-,5/17/2026,False,,False,
AP03A,1382310,,,-,-,5/17/2026,False,,False,
AP03A,1382311,,,-,-,5/17/2026,False,,False,
AP03A,1382312,,,-,-,5/17/2026,False,,False,
AP03A,1382313,,,-,-,5/17/2026,False,,False,
AP03A,1382314,,,-,-,5/17/2026,False,,False,
AP03A,1382314,U611-LHTOP,143,490644-3,0-0,5/17/2026,False,5/12/2026 3:06:24 AM,True,5/13/2026 6:11:43 AM
AP03A,1382314,U611-RHTOP,78,490144-15,0-0,5/17/2026,False,5/12/2026 3:06:09 AM,True,5/12/2026 1:37:52 PM
AP03A,1382315,,,-,-,5/17/2026,False,,False,
AP03A,1382316,,,-,-,5/17/2026,False,,False,
AP03A,1382317,,,-,-,5/17/2026,False,,False,
AP03A,1382318,,,-,-,5/17/2026,False,,False,
AP03A,1382319,,,-,-,5/17/2026,False,,False,
AP03A,1382320,,,-,-,5/17/2026,False,,False,
AP03A,1382321,,,-,-,5/17/2026,False,,False,
AP03A,1382322,,,-,-,5/17/2026,False,,False,
AP03A,1382323,,,-,-,5/17/2026,False,,False,
AP03A,1382324,,,-,-,5/17/2026,False,,False,
AP03A,1382325,,,-,-,5/17/2026,False,,False,
AP03A,1382326,,,-,-,5/17/2026,False,,False,
AP03A,1382327,,,-,-,5/17/2026,False,,False,
AP03A,1382327,U611-LHTOP,143,490644-4,0-0,5/17/2026,False,5/12/2026 3:06:25 AM,True,5/13/2026 6:13:29 AM
AP03A,1382327,U611-RHTOP,78,490144-16,0-0,5/17/2026,False,5/12/2026 3:06:09 AM,True,5/12/2026 1:41:16 PM
AP03A,1382328,,,-,-,5/17/2026,False,,False,
AP03A,1382329,,,-,-,5/17/2026,False,,False,
AP03A,1382330,,,-,-,5/17/2026,False,,False,
AP03A,1382331,,,-,-,5/17/2026,False,,False,
AP03A,1382332,,,-,-,5/17/2026,False,,False,
AP03A,1382333,,,-,-,5/17/2026,False,,False,
AP03A,1382334,,,-,-,5/17/2026,False,,False,
AP03A,1382335,,,-,-,5/17/2026,False,,False,
AP03A,1382336,,,-,-,5/17/2026,False,,False,
AP03A,1382337,,,-,-,5/17/2026,False,,False,
AP03A,1382338,,,-,-,5/17/2026,False,,False,
AP03A,1382339,,,-,-,5/17/2026,False,,False,
AP03A,1382339,U611-LHTOP,143,490644-5,0-0,5/17/2026,False,5/12/2026 3:06:25 AM,True,5/13/2026 6:15:24 AM
AP03A,1382339,U611-RHTOP,78,490144-17,0-0,5/17/2026,False,5/12/2026 3:06:09 AM,True,5/12/2026 1:44:25 PM
AP03A,1382340,,,-,-,5/17/2026,False,,False,
AP03A,1382341,,,-,-,5/17/2026,False,,False,
AP03A,1382342,,,-,-,5/17/2026,False,,False,
AP03A,1382343,,,-,-,5/17/2026,False,,False,
AP03A,1382344,,,-,-,5/17/2026,False,,False,
AP03A,1382345,,,-,-,5/17/2026,False,,False,
AP03A,1382346,,,-,-,5/17/2026,False,,False,
AP03A,1382347,,,-,-,5/17/2026,False,,False,
AP03A,1382348,,,-,-,5/17/2026,False,,False,
AP03A,1382349,,,-,-,5/17/2026,False,,False,
AP03A,1382350,,,-,-,5/17/2026,False,,False,
AP03A,1382351,,,-,-,5/17/2026,False,,False,
AP03A,1382352,,,-,-,5/17/2026,False,,False,
AP03A,1382352,U611-LHTOP,143,490644-6,0-0,5/17/2026,False,5/12/2026 3:06:25 AM,True,5/13/2026 6:17:43 AM
AP03A,1382352,U611-RHTOP,78,490144-18,0-0,5/17/2026,False,5/12/2026 3:06:10 AM,True,5/12/2026 1:47:53 PM
AP03A,1382353,,,-,-,5/17/2026,False,,False,
AP03A,1382354,,,-,-,5/17/2026,False,,False,
AP03A,1382355,,,-,-,5/17/2026,False,,False,
AP03A,1382356,,,-,-,5/17/2026,False,,False,
AP03A,1382357,,,-,-,5/17/2026,False,,False,
AP03A,1382358,,,-,-,5/17/2026,False,,False,
AP03A,1382359,,,-,-,5/17/2026,False,,False,
AP03A,1382360,,,-,-,5/17/2026,False,,False,
AP03A,1382361,,,-,-,5/17/2026,False,,False,
AP03A,1382362,,,-,-,5/17/2026,False,,False,
AP03A,1382363,,,-,-,5/17/2026,False,,False,
AP03A,1382364,,,-,-,5/17/2026,False,,False,
AP03A,1382365,,,-,-,5/17/2026,False,,False,
AP03A,1382365,U611-LHTOP,143,490644-7,0-0,5/17/2026,False,5/12/2026 3:06:25 AM,True,5/13/2026 6:20:51 AM
AP03A,1382365,U611-RHTOP,78,490144-19,0-0,5/17/2026,False,5/12/2026 3:06:11 AM,True,5/12/2026 1:51:19 PM
AP03A,1382366,,,-,-,5/17/2026,False,,False,
AP03A,1382367,,,-,-,5/17/2026,False,,False,
AP03A,1382368,,,-,-,5/17/2026,False,,False,
AP03A,1382369,,,-,-,5/17/2026,False,,False,
AP03A,1382370,,,-,-,5/17/2026,False,,False,
AP03A,1382371,,,-,-,5/17/2026,False,,False,
AP03A,1382372,,,-,-,5/17/2026,False,,False,
AP03A,1382373,,,-,-,5/17/2026,False,,False,
AP03A,1382374,,,-,-,5/17/2026,False,,False,
AP03A,1382375,,,-,-,5/17/2026,False,,False,
AP03A,1382376,,,-,-,5/17/2026,False,,False,
AP03A,1382377,,,-,-,5/17/2026,False,,False,
AP03A,1382378,,,-,-,5/17/2026,False,,False,
AP03A,1382378,U611-LHTOP,143,490644-8,0-0,5/17/2026,False,5/12/2026 3:06:27 AM,True,5/13/2026 6:22:03 AM
AP03A,1382378,U611-RHTOP,78,490144-20,0-0,5/17/2026,False,5/12/2026 3:06:11 AM,True,5/12/2026 1:54:30 PM
AP03A,1382379,,,-,-,5/17/2026,False,,False,
AP03A,1382380,,,-,-,5/17/2026,False,,False,
AP03A,1382381,,,-,-,5/17/2026,False,,False,
AP03A,1382382,,,-,-,5/17/2026,False,,False,
AP03A,1382383,,,-,-,5/17/2026,False,,False,
AP03A,1382384,,,-,-,5/17/2026,False,,False,
AP03A,1382385,,,-,-,5/17/2026,False,,False,
AP03A,1382386,,,-,-,5/17/2026,False,,False,
AP03A,1382387,,,-,-,5/17/2026,False,,False,
AP03A,1382388,,,-,-,5/17/2026,False,,False,
AP03A,1382389,,,-,-,5/17/2026,False,,False,
AP03A,1382390,,,-,-,5/17/2026,False,,False,
AP03A,1382391,,,-,-,5/17/2026,False,,False,
AP03A,1382391,U611-LHTOP,143,490644-9,0-0,5/17/2026,False,5/12/2026 3:06:27 AM,True,5/13/2026 6:23:21 AM
AP03A,1382391,U611-RHTOP,78,490144-21,0-0,5/17/2026,False,5/12/2026 3:06:11 AM,True,5/12/2026 2:26:37 PM
AP03A,1382392,,,-,-,5/17/2026,False,,False,
AP03A,1382393,,,-,-,5/17/2026,False,,False,
AP03A,1382394,,,-,-,5/17/2026,False,,False,
AP03A,1382395,,,-,-,5/17/2026,False,,False,
AP03A,1382396,,,-,-,5/17/2026,False,,False,
AP03A,1382397,,,-,-,5/17/2026,False,,False,
AP03A,1382398,,,-,-,5/17/2026,False,,False,
AP03A,1382399,,,-,-,5/17/2026,False,,False,
AP03A,1382400,,,-,-,5/17/2026,False,,False,
AP03A,1382401,,,-,-,5/17/2026,False,,False,
AP03A,1382402,,,-,-,5/17/2026,False,,False,
AP03A,1382403,,,-,-,5/17/2026,False,,False,
AP03A,1382403,U611-LHTOP,143,490644-10,0-0,5/17/2026,False,5/12/2026 3:06:27 AM,True,5/13/2026 6:24:40 AM
AP03A,1382403,U611-RHTOP,78,490144-22,0-0,5/17/2026,False,5/12/2026 3:06:13 AM,True,5/12/2026 2:30:17 PM
AP03A,1382404,,,-,-,5/17/2026,False,,False,
AP03A,1382405,,,-,-,5/17/2026,False,,False,
AP03A,1382406,,,-,-,5/17/2026,False,,False,
AP03A,1382407,,,-,-,5/17/2026,False,,False,
AP03A,1382408,,,-,-,5/17/2026,False,,False,
AP03A,1382409,,,-,-,5/17/2026,False,,False,
AP03A,1382410,,,-,-,5/17/2026,False,,False,
AP03A,1382411,,,-,-,5/17/2026,False,,False,
AP03A,1382412,,,-,-,5/17/2026,False,,False,
AP03A,1382413,,,-,-,5/17/2026,False,,False,
AP03A,1382414,,,-,-,5/17/2026,False,,False,
AP03A,1382415,,,-,-,5/17/2026,False,,False,
AP03A,1382416,,,-,-,5/17/2026,False,,False,
AP03A,1382416,U611-LHTOP,143,490644-11,0-0,5/17/2026,False,5/12/2026 3:06:50 AM,True,5/13/2026 6:25:53 AM
AP03A,1382416,U611-RHTOP,78,490144-23,0-0,5/17/2026,False,5/12/2026 3:06:13 AM,True,5/12/2026 2:34:50 PM
AP03A,1382417,,,-,-,5/17/2026,False,,False,
AP03A,1382418,,,-,-,5/17/2026,False,,False,
AP03A,1382419,,,-,-,5/17/2026,False,,False,
AP03A,1382420,,,-,-,5/17/2026,False,,False,
AP03A,1382421,,,-,-,5/17/2026,False,,False,
AP03A,1382422,,,-,-,5/17/2026,False,,False,
AP03A,1382423,,,-,-,5/17/2026,False,,False,
AP03A,1382424,,,-,-,5/17/2026,False,,False,
AP03A,1382425,,,-,-,5/17/2026,False,,False,
AP03A,1382426,,,-,-,5/17/2026,False,,False,
AP03A,1382427,,,-,-,5/17/2026,False,,False,
AP03A,1382428,,,-,-,5/17/2026,False,,False,
AP03A,1382429,,,-,-,5/17/2026,False,,False,
AP03A,1382429,U611-LHTOP,143,490644-12,0-0,5/17/2026,False,5/12/2026 3:06:50 AM,True,5/13/2026 6:27:14 AM
AP03A,1382429,U611-RHTOP,78,490144-24,0-0,5/17/2026,False,5/12/2026 3:06:13 AM,True,5/12/2026 2:38:41 PM
AP03A,1382430,,,-,-,5/17/2026,False,,False,
AP03A,1382431,,,-,-,5/17/2026,False,,False,
AP03A,1382432,,,-,-,5/17/2026,False,,False,
AP03A,1382433,,,-,-,5/17/2026,False,,False,
AP03A,1382434,,,-,-,5/17/2026,False,,False,
AP03A,1382435,,,-,-,5/17/2026,False,,False,
AP03A,1382436,,,-,-,5/17/2026,False,,False,
AP03A,1382437,,,-,-,5/17/2026,False,,False,
AP03A,1382438,,,-,-,5/17/2026,False,,False,
AP03A,1382439,,,-,-,5/17/2026,False,,False,
AP03A,1382440,,,-,-,5/17/2026,False,,False,
AP03A,1382441,,,-,-,5/17/2026,False,,False,
AP03A,1382442,,,-,-,5/17/2026,False,,False,
AP03A,1382442,U611-LHTOP,144,490646-1,0-0,5/17/2026,False,5/12/2026 3:06:51 AM,True,5/13/2026 6:34:53 AM
AP03A,1382442,U611-RHTOP,79,490643-1,0-0,5/17/2026,False,5/12/2026 3:06:17 AM,True,5/12/2026 6:09:24 PM
AP03A,1382443,,,-,-,5/17/2026,False,,False,
AP03A,1382444,,,-,-,5/17/2026,False,,False,
AP03A,1382445,,,-,-,5/17/2026,False,,False,
AP03A,1382446,,,-,-,5/17/2026,False,,False,
AP03A,1382447,,,-,-,5/17/2026,False,,False,
AP03A,1382448,,,-,-,5/17/2026,False,,False,
AP03A,1382449,,,-,-,5/17/2026,False,,False,
AP03A,1382450,,,-,-,5/17/2026,False,,False,
AP03A,1382451,,,-,-,5/17/2026,False,,False,
AP03A,1382452,,,-,-,5/17/2026,False,,False,
AP03A,1382453,,,-,-,5/17/2026,False,,False,
AP03A,1382454,,,-,-,5/17/2026,False,,False,
AP03A,1382455,,,-,-,5/17/2026,False,,False,
AP03A,1382455,U611-LHTOP,144,490646-2,0-0,5/17/2026,False,5/12/2026 3:06:51 AM,True,5/13/2026 6:36:17 AM
AP03A,1382455,U611-RHTOP,79,490643-2,0-0,5/17/2026,False,5/12/2026 3:06:18 AM,True,5/12/2026 6:12:49 PM
AP03A,1382456,,,-,-,5/17/2026,False,,False,
AP03A,1382457,,,-,-,5/17/2026,False,,False,
AP03A,1382458,,,-,-,5/17/2026,False,,False,
AP03A,1382459,,,-,-,5/17/2026,False,,False,
AP03A,1382460,,,-,-,5/17/2026,False,,False,
AP03A,1382461,,,-,-,5/17/2026,False,,False,
AP03A,1382462,,,-,-,5/17/2026,False,,False,
AP03A,1382463,,,-,-,5/17/2026,False,,False,
AP03A,1382464,,,-,-,5/17/2026,False,,False,
AP03A,1382465,,,-,-,5/17/2026,False,,False,
AP03A,1382466,,,-,-,5/17/2026,False,,False,
AP03A,1382467,,,-,-,5/17/2026,False,,False,
AP03A,1382467,U611-LHTOP,144,490646-3,0-0,5/17/2026,False,5/12/2026 3:06:52 AM,True,5/13/2026 6:37:55 AM
AP03A,1382467,U611-RHTOP,79,490643-3,0-0,5/17/2026,False,5/12/2026 3:06:18 AM,True,5/12/2026 6:15:43 PM
AP03A,1382468,,,-,-,5/17/2026,False,,False,
AP03A,1382469,,,-,-,5/17/2026,False,,False,
AP03A,1382470,,,-,-,5/17/2026,False,,False,
AP03A,1382471,,,-,-,5/17/2026,False,,False,
AP03A,1382472,,,-,-,5/17/2026,False,,False,
AP03A,1382473,,,-,-,5/17/2026,False,,False,
AP03A,1382474,,,-,-,5/17/2026,False,,False,
AP03A,1382475,,,-,-,5/17/2026,False,,False,
AP03A,1382476,,,-,-,5/17/2026,False,,False,
AP03A,1382477,,,-,-,5/17/2026,False,,False,
AP03A,1382478,,,-,-,5/17/2026,False,,False,
AP03A,1382479,,,-,-,5/17/2026,False,,False,
AP03A,1382480,,,-,-,5/17/2026,False,,False,
AP03A,1382480,U611-LHTOP,144,490646-4,0-0,5/17/2026,False,5/12/2026 3:06:52 AM,True,5/13/2026 6:39:24 AM
AP03A,1382480,U611-RHTOP,79,490643-4,0-0,5/17/2026,False,5/12/2026 3:06:18 AM,True,5/12/2026 6:18:52 PM
AP03A,1382481,,,-,-,5/17/2026,False,,False,
AP03A,1382482,,,-,-,5/17/2026,False,,False,
AP03A,1382483,,,-,-,5/17/2026,False,,False,
AP03A,1382484,,,-,-,5/17/2026,False,,False,
AP03A,1382485,,,-,-,5/17/2026,False,,False,
AP03A,1382486,,,-,-,5/17/2026,False,,False,
AP03A,1382487,,,-,-,5/17/2026,False,,False,
AP03A,1382488,,,-,-,5/17/2026,False,,False,
AP03A,1382489,,,-,-,5/17/2026,False,,False,
AP03A,1382490,,,-,-,5/17/2026,False,,False,
AP03A,1382491,,,-,-,5/17/2026,False,,False,
AP03A,1382492,,,-,-,5/17/2026,False,,False,
AP03A,1382493,,,-,-,5/17/2026,False,,False,
AP03A,1382493,U611-LHTOP,144,490646-5,0-0,5/17/2026,False,5/12/2026 3:06:52 AM,True,5/13/2026 6:41:06 AM
AP03A,1382493,U611-RHTOP,79,490643-5,0-0,5/17/2026,False,5/12/2026 3:06:19 AM,True,5/12/2026 6:22:40 PM
AP03A,1382494,,,-,-,5/17/2026,False,,False,
AP03A,1382495,,,-,-,5/17/2026,False,,False,
AP03A,1382496,,,-,-,5/17/2026,False,,False,
AP03A,1382497,,,-,-,5/17/2026,False,,False,
AP03A,1382498,,,-,-,5/17/2026,False,,False,
AP03A,1382499,,,-,-,5/17/2026,False,,False,
AP03A,1382500,,,-,-,5/17/2026,False,,False,
AP03A,1382501,,,-,-,5/17/2026,False,,False,
AP03A,1382502,,,-,-,5/17/2026,False,,False,
AP03A,1382503,,,-,-,5/17/2026,False,,False,
AP03A,1382504,,,-,-,5/17/2026,False,,False,
AP03A,1382505,,,-,-,5/17/2026,False,,False,
AP03A,1382506,,,-,-,5/17/2026,False,,False,
AP03A,1382506,U611-LHTOP,144,490646-6,0-0,5/17/2026,False,5/12/2026 3:06:54 AM,True,5/13/2026 6:45:25 AM
AP03A,1382506,U611-RHTOP,79,490643-6,0-0,5/17/2026,False,5/12/2026 3:06:20 AM,True,5/12/2026 6:27:12 PM
AP03A,1382507,,,-,-,5/17/2026,False,,False,
AP03A,1382508,,,-,-,5/17/2026,False,,False,
AP03A,1382509,,,-,-,5/17/2026,False,,False,
AP03A,1382510,,,-,-,5/17/2026,False,,False,
AP03A,1382511,,,-,-,5/17/2026,False,,False,
AP03A,1382512,,,-,-,5/17/2026,False,,False,
AP03A,1382513,,,-,-,5/17/2026,False,,False,
AP03A,1382514,,,-,-,5/17/2026,False,,False,
AP03A,1382515,,,-,-,5/17/2026,False,,False,
AP03A,1382516,,,-,-,5/17/2026,False,,False,
AP03A,1382517,,,-,-,5/17/2026,False,,False,
AP03A,1382518,,,-,-,5/17/2026,False,,False,
AP03A,1382519,,,-,-,5/17/2026,False,,False,
AP03A,1382519,U611-LHTOP,144,490646-7,0-0,5/17/2026,False,5/12/2026 3:06:54 AM,True,5/13/2026 6:48:15 AM
AP03A,1382519,U611-RHTOP,79,490643-7,0-0,5/17/2026,False,5/12/2026 3:06:20 AM,True,5/12/2026 6:30:08 PM
AP03A,1382520,,,-,-,5/17/2026,False,,False,
AP03A,1382521,,,-,-,5/17/2026,False,,False,
AP03A,1382522,,,-,-,5/17/2026,False,,False,
AP03A,1382523,,,-,-,5/17/2026,False,,False,
AP03A,1382524,,,-,-,5/17/2026,False,,False,
AP03A,1382525,,,-,-,5/17/2026,False,,False,
AP03A,1382526,,,-,-,5/17/2026,False,,False,
AP03A,1382527,,,-,-,5/17/2026,False,,False,
AP03A,1382528,,,-,-,5/17/2026,False,,False,
AP03A,1382529,,,-,-,5/17/2026,False,,False,
AP03A,1382530,,,-,-,5/17/2026,False,,False,
AP03A,1382531,,,-,-,5/17/2026,False,,False,
AP03A,1382531,U611-LHTOP,144,490646-8,0-0,5/17/2026,False,5/12/2026 3:06:54 AM,True,5/13/2026 6:49:25 AM
AP03A,1382531,U611-RHTOP,79,490643-8,0-0,5/17/2026,False,5/12/2026 3:06:21 AM,True,5/12/2026 6:33:22 PM
AP03A,1382532,,,-,-,5/17/2026,False,,False,
AP03A,1382533,,,-,-,5/17/2026,False,,False,
AP03A,1382534,,,-,-,5/17/2026,False,,False,
AP03A,1382535,,,-,-,5/17/2026,False,,False,
AP03A,1382536,,,-,-,5/17/2026,False,,False,
AP03A,1382537,,,-,-,5/17/2026,False,,False,
AP03A,1382538,,,-,-,5/17/2026,False,,False,
AP03A,1382539,,,-,-,5/17/2026,False,,False,
AP03A,1382540,,,-,-,5/17/2026,False,,False,
AP03A,1382541,,,-,-,5/17/2026,False,,False,
AP03A,1382542,,,-,-,5/17/2026,False,,False,
AP03A,1382543,,,-,-,5/17/2026,False,,False,
AP03A,1382544,,,-,-,5/17/2026,False,,False,
AP03A,1382544,U611-LHTOP,144,490646-9,0-0,5/17/2026,False,5/12/2026 3:06:54 AM,True,5/13/2026 6:50:44 AM
AP03A,1382544,U611-RHTOP,79,490643-9,0-0,5/17/2026,False,5/12/2026 3:06:22 AM,True,5/12/2026 6:40:00 PM
AP03A,1382545,,,-,-,5/17/2026,False,,False,
AP03A,1382546,,,-,-,5/17/2026,False,,False,
AP03A,1382547,,,-,-,5/17/2026,False,,False,
AP03A,1382548,,,-,-,5/17/2026,False,,False,
AP03A,1382549,,,-,-,5/17/2026,False,,False,
AP03A,1382550,,,-,-,5/17/2026,False,,False,
AP03A,1382551,,,-,-,5/17/2026,False,,False,
AP03A,1382552,,,-,-,5/17/2026,False,,False,
AP03A,1382553,,,-,-,5/17/2026,False,,False,
AP03A,1382554,,,-,-,5/17/2026,False,,False,
AP03A,1382555,,,-,-,5/17/2026,False,,False,
AP03A,1382556,,,-,-,5/17/2026,False,,False,
AP03A,1382557,,,-,-,5/17/2026,False,,False,
AP03A,1382557,U611-LHTOP,144,490646-10,0-0,5/17/2026,False,5/12/2026 3:06:54 AM,True,5/13/2026 6:53:41 AM
AP03A,1382557,U611-RHTOP,79,490643-10,0-0,5/17/2026,False,5/12/2026 3:06:22 AM,True,5/12/2026 6:45:39 PM
AP03A,1382558,,,-,-,5/17/2026,False,,False,
AP03A,1382559,,,-,-,5/17/2026,False,,False,
AP03A,1382560,,,-,-,5/17/2026,False,,False,
AP03A,1382561,,,-,-,5/17/2026,False,,False,
AP03A,1382562,,,-,-,5/17/2026,False,,False,
AP03A,1382563,,,-,-,5/17/2026,False,,False,
AP03A,1382564,,,-,-,5/17/2026,False,,False,
AP03A,1382565,,,-,-,5/17/2026,False,,False,
AP03A,1382566,,,-,-,5/17/2026,False,,False,
AP03A,1382567,,,-,-,5/17/2026,False,,False,
AP03A,1382568,,,-,-,5/17/2026,False,,False,
AP03A,1382569,,,-,-,5/17/2026,False,,False,
AP03A,1382570,,,-,-,5/17/2026,False,,False,
AP03A,1382570,U611-LHTOP,144,490646-11,0-0,5/17/2026,False,5/12/2026 3:07:20 AM,True,5/13/2026 6:55:45 AM
AP03A,1382570,U611-RHTOP,79,490643-11,0-0,5/17/2026,False,5/12/2026 3:06:38 AM,True,5/12/2026 6:49:16 PM
AP03A,1382571,,,-,-,5/17/2026,False,,False,
AP03A,1382572,,,-,-,5/17/2026,False,,False,
AP03A,1382573,,,-,-,5/17/2026,False,,False,
AP03A,1382574,,,-,-,5/17/2026,False,,False,
AP03A,1382575,,,-,-,5/17/2026,False,,False,
AP03A,1382576,,,-,-,5/17/2026,False,,False,
AP03A,1382577,,,-,-,5/17/2026,False,,False,
AP03A,1382578,,,-,-,5/17/2026,False,,False,
AP03A,1382579,,,-,-,5/17/2026,False,,False,
AP03A,1382580,,,-,-,5/17/2026,False,,False,
AP03A,1382581,,,-,-,5/17/2026,False,,False,
AP03A,1382582,,,-,-,5/17/2026,False,,False,
AP03A,1382583,,,-,-,5/17/2026,False,,False,
AP03A,1382583,U611-LHTOP,144,490646-12,0-0,5/17/2026,False,5/12/2026 3:07:21 AM,True,5/13/2026 6:57:12 AM
AP03A,1382583,U611-RHTOP,79,490643-12,0-0,5/17/2026,False,5/12/2026 3:06:38 AM,True,5/12/2026 6:52:06 PM
AP03A,1382584,,,-,-,5/17/2026,False,,False,
AP03A,1382585,,,-,-,5/17/2026,False,,False,
AP03A,1382586,,,-,-,5/17/2026,False,,False,
AP03A,1382587,,,-,-,5/17/2026,False,,False,
AP03A,1382588,,,-,-,5/17/2026,False,,False,
AP03A,1382589,,,-,-,5/17/2026,False,,False,
AP03A,1382590,,,-,-,5/17/2026,False,,False,
AP03A,1382591,,,-,-,5/17/2026,False,,False,
AP03A,1382592,,,-,-,5/17/2026,False,,False,
AP03A,1382593,,,-,-,5/17/2026,False,,False,
AP03A,1382594,,,-,-,5/17/2026,False,,False,
AP03A,1382595,,,-,-,5/17/2026,False,,False,
AP03A,1382595,U611-LHTOP,145,490648-1,0-0,5/17/2026,False,5/12/2026 3:07:23 AM,True,5/13/2026 7:36:09 AM
AP03A,1382595,U611-RHTOP,79,490643-13,0-0,5/17/2026,False,5/12/2026 3:06:38 AM,True,5/12/2026 6:55:14 PM
AP03A,1382596,,,-,-,5/17/2026,False,,False,
AP03A,1382597,,,-,-,5/17/2026,False,,False,
AP03A,1382598,,,-,-,5/17/2026,False,,False,
AP03A,1382599,,,-,-,5/17/2026,False,,False,
AP03A,1382600,,,-,-,5/17/2026,False,,False,
AP03A,1382601,,,-,-,5/17/2026,False,,False,
AP03A,1382602,,,-,-,5/17/2026,False,,False,
AP03A,1382603,,,-,-,5/17/2026,False,,False,
AP03A,1382604,,,-,-,5/17/2026,False,,False,
AP03A,1382605,,,-,-,5/17/2026,False,,False,
AP03A,1382606,,,-,-,5/17/2026,False,,False,
AP03A,1382607,,,-,-,5/17/2026,False,,False,
AP03A,1382608,,,-,-,5/17/2026,False,,False,
AP03A,1382608,U611-LHTOP,145,490648-2,0-0,5/17/2026,False,5/12/2026 3:07:23 AM,True,5/13/2026 7:38:42 AM
AP03A,1382608,U611-RHTOP,79,490643-14,0-0,5/17/2026,False,5/12/2026 3:06:38 AM,True,5/12/2026 6:58:33 PM
AP03A,1382609,,,-,-,5/17/2026,False,,False,
AP03A,1382610,,,-,-,5/17/2026,False,,False,
AP03A,1382611,,,-,-,5/17/2026,False,,False,
AP03A,1382612,,,-,-,5/17/2026,False,,False,
AP03A,1382613,,,-,-,5/17/2026,False,,False,
AP03A,1382614,,,-,-,5/17/2026,False,,False,
AP03A,1382615,,,-,-,5/17/2026,False,,False,
AP03A,1382616,,,-,-,5/17/2026,False,,False,
AP03A,1382617,,,-,-,5/17/2026,False,,False,
AP03A,1382618,,,-,-,5/17/2026,False,,False,
AP03A,1382619,,,-,-,5/17/2026,False,,False,
AP03A,1382620,,,-,-,5/17/2026,False,,False,
AP03A,1382621,,,-,-,5/17/2026,False,,False,
AP03A,1382621,U611-LHTOP,145,490648-3,0-0,5/17/2026,False,5/12/2026 3:07:24 AM,True,5/13/2026 7:40:33 AM
AP03A,1382621,U611-RHTOP,79,490643-15,0-0,5/17/2026,False,5/12/2026 3:06:39 AM,True,5/12/2026 7:02:13 PM
AP03A,1382622,,,-,-,5/17/2026,False,,False,
AP03A,1382623,,,-,-,5/17/2026,False,,False,
AP03A,1382624,,,-,-,5/17/2026,False,,False,
AP03A,1382625,,,-,-,5/17/2026,False,,False,
AP03A,1382626,,,-,-,5/17/2026,False,,False,
AP03A,1382627,,,-,-,5/17/2026,False,,False,
AP03A,1382628,,,-,-,5/17/2026,False,,False,
AP03A,1382629,,,-,-,5/17/2026,False,,False,
AP03A,1382630,,,-,-,5/17/2026,False,,False,
AP03A,1382631,,,-,-,5/17/2026,False,,False,
AP03A,1382632,,,-,-,5/17/2026,False,,False,
AP03A,1382633,,,-,-,5/17/2026,False,,False,
AP03A,1382634,,,-,-,5/17/2026,False,,False,
AP03A,1382634,U611-LHTOP,145,490648-4,0-0,5/17/2026,False,5/12/2026 3:07:24 AM,True,5/13/2026 7:42:13 AM
AP03A,1382634,U611-RHTOP,79,490643-16,0-0,5/17/2026,False,5/12/2026 3:06:40 AM,True,5/12/2026 7:05:06 PM
AP03A,1382635,,,-,-,5/17/2026,False,,False,
AP03A,1382636,,,-,-,5/17/2026,False,,False,
AP03A,1382637,,,-,-,5/17/2026,False,,False,
AP03A,1382638,,,-,-,5/17/2026,False,,False,
AP03A,1382639,,,-,-,5/17/2026,False,,False,
AP03A,1382640,,,-,-,5/17/2026,False,,False,
AP03A,1382641,,,-,-,5/17/2026,False,,False,
AP03A,1382642,,,-,-,5/17/2026,False,,False,
AP03A,1382643,,,-,-,5/17/2026,False,,False,
AP03A,1382644,,,-,-,5/17/2026,False,,False,
AP03A,1382645,,,-,-,5/17/2026,False,,False,
AP03A,1382646,,,-,-,5/17/2026,False,,False,
AP03A,1382647,,,-,-,5/17/2026,False,,False,
AP03A,1382647,U611-LHTOP,145,490648-5,0-0,5/17/2026,False,5/12/2026 3:07:25 AM,True,5/13/2026 7:44:32 AM
AP03A,1382647,U611-RHTOP,79,490643-17,0-0,5/17/2026,False,5/12/2026 3:06:40 AM,True,5/12/2026 7:09:52 PM
AP03A,1382648,,,-,-,5/17/2026,False,,False,
AP03A,1382649,,,-,-,5/17/2026,False,,False,
AP03A,1382650,,,-,-,5/17/2026,False,,False,
AP03A,1382651,,,-,-,5/17/2026,False,,False,
AP03A,1382652,,,-,-,5/17/2026,False,,False,
AP03A,1382653,,,-,-,5/17/2026,False,,False,
AP03A,1382654,,,-,-,5/17/2026,False,,False,
AP03A,1382655,,,-,-,5/17/2026,False,,False,
AP03A,1382656,,,-,-,5/17/2026,False,,False,
AP03A,1382657,,,-,-,5/17/2026,False,,False,
AP03A,1382658,,,-,-,5/17/2026,False,,False,
AP03A,1382659,,,-,-,5/17/2026,False,,False,
AP03A,1382659,U611-LHTOP,145,490648-6,0-0,5/17/2026,False,5/12/2026 3:07:25 AM,True,5/13/2026 7:48:14 AM
AP03A,1382659,U611-RHTOP,79,490643-18,0-0,5/17/2026,False,5/12/2026 3:06:41 AM,True,5/12/2026 7:12:56 PM
AP03A,1382660,,,-,-,5/17/2026,False,,False,
AP03A,1382661,,,-,-,5/17/2026,False,,False,
AP03A,1382662,,,-,-,5/17/2026,False,,False,
AP03A,1382663,,,-,-,5/17/2026,False,,False,
AP03A,1382664,,,-,-,5/17/2026,False,,False,
AP03A,1382665,,,-,-,5/17/2026,False,,False,
AP03A,1382666,,,-,-,5/17/2026,False,,False,
AP03A,1382667,,,-,-,5/17/2026,False,,False,
AP03A,1382668,,,-,-,5/17/2026,False,,False,
AP03A,1382669,,,-,-,5/17/2026,False,,False,
AP03A,1382670,,,-,-,5/17/2026,False,,False,
AP03A,1382671,,,-,-,5/17/2026,False,,False,
AP03A,1382672,,,-,-,5/17/2026,False,,False,
AP03A,1382672,U611-LHTOP,145,490648-7,0-0,5/17/2026,False,5/12/2026 3:07:25 AM,True,5/13/2026 7:50:34 AM
AP03A,1382672,U611-RHTOP,79,490643-19,0-0,5/17/2026,False,5/12/2026 3:06:41 AM,True,5/12/2026 7:16:01 PM
AP03A,1382673,,,-,-,5/17/2026,False,,False,
AP03A,1382674,,,-,-,5/17/2026,False,,False,
AP03A,1382675,,,-,-,5/17/2026,False,,False,
AP03A,1382676,,,-,-,5/17/2026,False,,False,
AP03A,1382677,,,-,-,5/17/2026,False,,False,
AP03A,1382678,,,-,-,5/17/2026,False,,False,
AP03A,1382679,,,-,-,5/17/2026,False,,False,
AP03A,1382680,,,-,-,5/17/2026,False,,False,
AP03A,1382681,,,-,-,5/17/2026,False,,False,
AP03A,1382682,,,-,-,5/17/2026,False,,False,
AP03A,1382683,,,-,-,5/17/2026,False,,False,
AP03A,1382684,,,-,-,5/17/2026,False,,False,
AP03A,1382685,,,-,-,5/17/2026,False,,False,
AP03A,1382685,U611-LHTOP,145,490648-8,0-0,5/17/2026,False,5/12/2026 3:07:25 AM,True,5/13/2026 7:52:32 AM
AP03A,1382685,U611-RHTOP,79,490643-20,0-0,5/17/2026,False,5/12/2026 3:06:41 AM,True,5/12/2026 7:19:05 PM
AP03A,1382686,,,-,-,5/17/2026,False,,False,
AP03A,1382687,,,-,-,5/17/2026,False,,False,
AP03A,1382688,,,-,-,5/17/2026,False,,False,
AP03A,1382689,,,-,-,5/17/2026,False,,False,
AP03A,1382690,,,-,-,5/17/2026,False,,False,
AP03A,1382691,,,-,-,5/17/2026,False,,False,
AP03A,1382692,,,-,-,5/17/2026,False,,False,
AP03A,1382693,,,-,-,5/17/2026,False,,False,
AP03A,1382694,,,-,-,5/17/2026,False,,False,
AP03A,1382695,,,-,-,5/17/2026,False,,False,
AP03A,1382696,,,-,-,5/17/2026,False,,False,
AP03A,1382697,,,-,-,5/17/2026,False,,False,
AP03A,1382698,,,-,-,5/17/2026,False,,False,
AP03A,1382699,,,-,-,5/17/2026,False,,False,
AP03A,1382700,,,-,-,5/17/2026,False,,False,
AP03A,1382701,,,-,-,5/17/2026,False,,False,
AP03A,1382702,,,-,-,5/17/2026,False,,False,
AP03A,1382703,,,-,-,5/17/2026,False,,False,
AP03A,1382704,,,-,-,5/17/2026,False,,False,
AP03A,1382705,,,-,-,5/17/2026,False,,False,
AP03A,1382706,,,-,-,5/17/2026,False,,False,
AP03A,1382707,,,-,-,5/17/2026,False,,False,
AP03A,1382708,,,-,-,5/17/2026,False,,False,
AP03A,1382709,,,-,-,5/17/2026,False,,False,
AP03A,1382710,,,-,-,5/17/2026,False,,False,
AP03A,1382711,,,-,-,5/17/2026,False,,False,
AP03A,1382711,U611-LHTOP,145,490648-9,0-0,5/17/2026,False,5/12/2026 3:07:26 AM,True,5/13/2026 7:54:08 AM
AP03A,1382711,U611-RHTOP,79,490643-21,0-0,5/17/2026,False,5/12/2026 3:06:41 AM,True,5/12/2026 7:22:07 PM
AP03A,1382712,,,-,-,5/17/2026,False,,False,
AP03A,1382713,,,-,-,5/17/2026,False,,False,
AP03A,1382714,,,-,-,5/17/2026,False,,False,
AP03A,1382715,,,-,-,5/17/2026,False,,False,
AP03A,1382716,,,-,-,5/17/2026,False,,False,
AP03A,1382717,,,-,-,5/17/2026,False,,False,
AP03A,1382718,,,-,-,5/17/2026,False,,False,
AP03A,1382719,,,-,-,5/17/2026,False,,False,
AP03A,1382720,,,-,-,5/17/2026,False,,False,
AP03A,1382721,,,-,-,5/17/2026,False,,False,
AP03A,1382722,,,-,-,5/17/2026,False,,False,
AP03A,1382723,,,-,-,5/18/2026,False,,False,
AP03A,1382723,U611-LHTOP,145,490648-10,0-0,5/17/2026,False,5/12/2026 3:07:26 AM,True,5/13/2026 7:55:38 AM
AP03A,1382723,U611-RHTOP,79,490643-22,0-0,5/17/2026,False,5/12/2026 3:06:42 AM,True,5/12/2026 7:25:53 PM
AP03A,1382724,,,-,-,5/18/2026,False,,False,
AP03A,1382725,,,-,-,5/18/2026,False,,False,
AP03A,1382726,,,-,-,5/18/2026,False,,False,
AP03A,1382727,,,-,-,5/18/2026,False,,False,
AP03A,1382728,,,-,-,5/18/2026,False,,False,
AP03A,1382729,,,-,-,5/18/2026,False,,False,
AP03A,1382730,,,-,-,5/18/2026,False,,False,
AP03A,1382731,,,-,-,5/18/2026,False,,False,
AP03A,1382732,,,-,-,5/18/2026,False,,False,
AP03A,1382733,,,-,-,5/18/2026,False,,False,
AP03A,1382734,,,-,-,5/18/2026,False,,False,
AP03A,1382735,,,-,-,5/18/2026,False,,False,
AP03A,1382736,,,-,-,5/18/2026,False,,False,
AP03A,1382736,U611-LHTOP,145,490648-11,0-0,5/17/2026,False,5/12/2026 3:07:47 AM,True,5/13/2026 7:56:43 AM
AP03A,1382736,U611-RHTOP,79,490643-23,0-0,5/17/2026,False,5/12/2026 3:06:42 AM,True,5/12/2026 7:28:56 PM
AP03A,1382737,,,-,-,5/18/2026,False,,False,
AP03A,1382738,,,-,-,5/18/2026,False,,False,
AP03A,1382739,,,-,-,5/18/2026,False,,False,
AP03A,1382740,,,-,-,5/18/2026,False,,False,
AP03A,1382741,,,-,-,5/18/2026,False,,False,
AP03A,1382742,,,-,-,5/18/2026,False,,False,
AP03A,1382743,,,-,-,5/18/2026,False,,False,
AP03A,1382744,,,-,-,5/18/2026,False,,False,
AP03A,1382745,,,-,-,5/18/2026,False,,False,
AP03A,1382746,,,-,-,5/18/2026,False,,False,
AP03A,1382747,,,-,-,5/18/2026,False,,False,
AP03A,1382748,,,-,-,5/18/2026,False,,False,
AP03A,1382749,,,-,-,5/18/2026,False,,False,
AP03A,1382749,U611-LHTOP,145,490648-12,0-0,5/17/2026,False,5/12/2026 3:07:47 AM,True,5/13/2026 7:58:11 AM
AP03A,1382749,U611-RHTOP,79,490643-24,0-0,5/17/2026,False,5/12/2026 3:06:42 AM,True,5/12/2026 7:34:05 PM
AP03A,1382750,,,-,-,5/18/2026,False,,False,
AP03A,1382751,,,-,-,5/18/2026,False,,False,
AP03A,1382752,,,-,-,5/18/2026,False,,False,
AP03A,1382753,,,-,-,5/18/2026,False,,False,
AP03A,1382754,,,-,-,5/18/2026,False,,False,
AP03A,1382755,,,-,-,5/18/2026,False,,False,
AP03A,1382756,,,-,-,5/18/2026,False,,False,
AP03A,1382757,,,-,-,5/18/2026,False,,False,
AP03A,1382758,,,-,-,5/18/2026,False,,False,
AP03A,1382759,,,-,-,5/18/2026,False,,False,
AP03A,1382760,,,-,-,5/18/2026,False,,False,
AP03A,1382761,,,-,-,5/18/2026,False,,False,
AP03A,1382762,,,-,-,5/18/2026,False,,False,
AP03A,1382762,U611-LHTOP,146,490650-1,0-0,5/17/2026,False,5/12/2026 3:07:49 AM,True,5/13/2026 8:00:26 AM
AP03A,1382762,U611-RHTOP,80,490645-1,0-0,5/17/2026,False,5/12/2026 3:06:45 AM,True,5/12/2026 7:38:01 PM
AP03A,1382763,,,-,-,5/18/2026,False,,False,
AP03A,1382764,,,-,-,5/18/2026,False,,False,
AP03A,1382765,,,-,-,5/18/2026,False,,False,
AP03A,1382766,,,-,-,5/18/2026,False,,False,
AP03A,1382767,,,-,-,5/18/2026,False,,False,
AP03A,1382768,,,-,-,5/18/2026,False,,False,
AP03A,1382769,,,-,-,5/18/2026,False,,False,
AP03A,1382770,,,-,-,5/18/2026,False,,False,
AP03A,1382771,,,-,-,5/18/2026,False,,False,
AP03A,1382772,,,-,-,5/18/2026,False,,False,
AP03A,1382773,,,-,-,5/18/2026,False,,False,
AP03A,1382774,,,-,-,5/18/2026,False,,False,
AP03A,1382775,,,-,-,5/18/2026,False,,False,
AP03A,1382775,U611-LHTOP,146,490650-2,0-0,5/17/2026,False,5/12/2026 3:07:49 AM,True,5/13/2026 8:01:57 AM
AP03A,1382775,U611-RHTOP,80,490645-2,0-0,5/17/2026,False,5/12/2026 3:06:46 AM,True,5/12/2026 8:52:20 PM
AP03A,1382776,,,-,-,5/18/2026,False,,False,
AP03A,1382777,,,-,-,5/18/2026,False,,False,
AP03A,1382778,,,-,-,5/18/2026,False,,False,
AP03A,1382779,,,-,-,5/18/2026,False,,False,
AP03A,1382780,,,-,-,5/18/2026,False,,False,
AP03A,1382781,,,-,-,5/18/2026,False,,False,
AP03A,1382782,,,-,-,5/18/2026,False,,False,
AP03A,1382783,,,-,-,5/18/2026,False,,False,
AP03A,1382784,,,-,-,5/18/2026,False,,False,
AP03A,1382785,,,-,-,5/18/2026,False,,False,
AP03A,1382786,,,-,-,5/18/2026,False,,False,
AP03A,1382787,,,-,-,5/18/2026,False,,False,
AP03A,1382787,U611-LHTOP,146,490650-3,0-0,5/17/2026,False,5/12/2026 3:07:50 AM,True,5/13/2026 8:37:29 AM
AP03A,1382787,U611-RHTOP,80,490645-3,0-0,5/17/2026,False,5/12/2026 3:06:46 AM,True,5/12/2026 8:56:05 PM
AP03A,1382788,,,-,-,5/18/2026,False,,False,
AP03A,1382789,,,-,-,5/18/2026,False,,False,
AP03A,1382790,,,-,-,5/18/2026,False,,False,
AP03A,1382791,,,-,-,5/18/2026,False,,False,
AP03A,1382792,,,-,-,5/18/2026,False,,False,
AP03A,1382793,,,-,-,5/18/2026,False,,False,
AP03A,1382794,,,-,-,5/18/2026,False,,False,
AP03A,1382795,,,-,-,5/18/2026,False,,False,
AP03A,1382796,,,-,-,5/18/2026,False,,False,
AP03A,1382797,,,-,-,5/18/2026,False,,False,
AP03A,1382798,,,-,-,5/18/2026,False,,False,
AP03A,1382799,,,-,-,5/18/2026,False,,False,
AP03A,1382800,,,-,-,5/18/2026,False,,False,
AP03A,1382800,U611-LHTOP,146,490650-4,0-0,5/17/2026,False,5/12/2026 3:07:50 AM,True,5/13/2026 8:40:53 AM
AP03A,1382800,U611-RHTOP,80,490645-4,0-0,5/17/2026,False,5/12/2026 3:06:46 AM,True,5/12/2026 8:59:07 PM
AP03A,1382801,,,-,-,5/18/2026,False,,False,
AP03A,1382802,,,-,-,5/18/2026,False,,False,
AP03A,1382803,,,-,-,5/18/2026,False,,False,
AP03A,1382804,,,-,-,5/18/2026,False,,False,
AP03A,1382805,,,-,-,5/18/2026,False,,False,
AP03A,1382806,,,-,-,5/18/2026,False,,False,
AP03A,1382807,,,-,-,5/18/2026,False,,False,
AP03A,1382808,,,-,-,5/18/2026,False,,False,
AP03A,1382809,,,-,-,5/18/2026,False,,False,
AP03A,1382810,,,-,-,5/18/2026,False,,False,
AP03A,1382811,,,-,-,5/18/2026,False,,False,
AP03A,1382812,,,-,-,5/18/2026,False,,False,
AP03A,1382813,,,-,-,5/18/2026,False,,False,
AP03A,1382813,U611-LHTOP,146,490650-5,0-0,5/17/2026,False,5/12/2026 3:07:50 AM,True,5/13/2026 8:42:54 AM
AP03A,1382813,U611-RHTOP,80,490645-5,0-0,5/17/2026,False,5/12/2026 3:06:47 AM,True,5/12/2026 9:02:16 PM
AP03A,1382814,,,-,-,5/18/2026,False,,False,
AP03A,1382815,,,-,-,5/18/2026,False,,False,
AP03A,1382816,,,-,-,5/18/2026,False,,False,
AP03A,1382817,,,-,-,5/18/2026,False,,False,
AP03A,1382818,,,-,-,5/18/2026,False,,False,
AP03A,1382819,,,-,-,5/18/2026,False,,False,
AP03A,1382820,,,-,-,5/18/2026,False,,False,
AP03A,1382821,,,-,-,5/18/2026,False,,False,
AP03A,1382822,,,-,-,5/18/2026,False,,False,
AP03A,1382823,,,-,-,5/18/2026,False,,False,
AP03A,1382824,,,-,-,5/18/2026,False,,False,
AP03A,1382825,,,-,-,5/18/2026,False,,False,
AP03A,1382826,,,-,-,5/18/2026,False,,False,
AP03A,1382826,U611-LHTOP,146,490650-6,0-0,5/17/2026,False,5/12/2026 3:07:51 AM,True,5/13/2026 8:44:54 AM
AP03A,1382826,U611-RHTOP,80,490645-6,0-0,5/17/2026,False,5/12/2026 3:06:47 AM,True,5/12/2026 9:05:21 PM
AP03A,1382827,,,-,-,5/18/2026,False,,False,
AP03A,1382828,,,-,-,5/18/2026,False,,False,
AP03A,1382829,,,-,-,5/18/2026,False,,False,
AP03A,1382830,,,-,-,5/18/2026,False,,False,
AP03A,1382831,,,-,-,5/18/2026,False,,False,
AP03A,1382832,,,-,-,5/18/2026,False,,False,
AP03A,1382833,,,-,-,5/18/2026,False,,False,
AP03A,1382834,,,-,-,5/18/2026,False,,False,
AP03A,1382835,,,-,-,5/18/2026,False,,False,
AP03A,1382836,,,-,-,5/18/2026,False,,False,
AP03A,1382837,,,-,-,5/18/2026,False,,False,
AP03A,1382838,,,-,-,5/18/2026,False,,False,
AP03A,1382839,,,-,-,5/18/2026,False,,False,
AP03A,1382839,U611-LHTOP,146,490650-7,0-0,5/17/2026,False,5/12/2026 3:07:51 AM,True,5/13/2026 8:47:26 AM
AP03A,1382839,U611-RHTOP,80,490645-7,0-0,5/17/2026,False,5/12/2026 3:06:48 AM,True,5/12/2026 9:08:16 PM
AP03A,1382840,,,-,-,5/18/2026,False,,False,
AP03A,1382841,,,-,-,5/18/2026,False,,False,
AP03A,1382842,,,-,-,5/18/2026,False,,False,
AP03A,1382843,,,-,-,5/18/2026,False,,False,
AP03A,1382844,,,-,-,5/18/2026,False,,False,
AP03A,1382845,,,-,-,5/18/2026,False,,False,
AP03A,1382846,,,-,-,5/18/2026,False,,False,
AP03A,1382847,,,-,-,5/18/2026,False,,False,
AP03A,1382848,,,-,-,5/18/2026,False,,False,
AP03A,1382849,,,-,-,5/18/2026,False,,False,
AP03A,1382850,,,-,-,5/18/2026,False,,False,
AP03A,1382851,,,-,-,5/18/2026,False,,False,
AP03A,1382852,,,-,-,5/18/2026,False,,False,
AP03A,1382852,U611-LHTOP,146,490650-8,0-0,5/18/2026,False,5/12/2026 3:07:51 AM,True,5/13/2026 8:49:04 AM
AP03A,1382852,U611-RHTOP,80,490645-8,0-0,5/18/2026,False,5/12/2026 3:06:48 AM,True,5/12/2026 9:11:47 PM
AP03A,1382853,,,-,-,5/18/2026,False,,False,
AP03A,1382854,,,-,-,5/18/2026,False,,False,
AP03A,1382855,,,-,-,5/18/2026,False,,False,
AP03A,1382856,,,-,-,5/18/2026,False,,False,
AP03A,1382857,,,-,-,5/18/2026,False,,False,
AP03A,1382858,,,-,-,5/18/2026,False,,False,
AP03A,1382859,,,-,-,5/18/2026,False,,False,
AP03A,1382860,,,-,-,5/18/2026,False,,False,
AP03A,1382861,,,-,-,5/18/2026,False,,False,
AP03A,1382862,,,-,-,5/18/2026,False,,False,
AP03A,1382863,,,-,-,5/18/2026,False,,False,
AP03A,1382864,,,-,-,5/18/2026,False,,False,
AP03A,1382864,U611-LHTOP,146,490650-9,0-0,5/18/2026,False,5/12/2026 3:07:51 AM,True,5/13/2026 8:51:16 AM
AP03A,1382864,U611-RHTOP,80,490645-9,0-0,5/18/2026,False,5/12/2026 3:06:49 AM,True,5/12/2026 9:14:52 PM
AP03A,1382865,,,-,-,5/18/2026,False,,False,
AP03A,1382866,,,-,-,5/18/2026,False,,False,
AP03A,1382867,,,-,-,5/18/2026,False,,False,
AP03A,1382868,,,-,-,5/18/2026,False,,False,
AP03A,1382869,,,-,-,5/18/2026,False,,False,
AP03A,1382870,,,-,-,5/18/2026,False,,False,
AP03A,1382871,,,-,-,5/18/2026,False,,False,
AP03A,1382872,,,-,-,5/18/2026,False,,False,
AP03A,1382873,,,-,-,5/18/2026,False,,False,
AP03A,1382874,,,-,-,5/18/2026,False,,False,
AP03A,1382875,,,-,-,5/18/2026,False,,False,
AP03A,1382876,,,-,-,5/18/2026,False,,False,
AP03A,1382877,,,-,-,5/18/2026,False,,False,
AP03A,1382877,U611-LHTOP,146,490650-10,0-0,5/18/2026,False,5/12/2026 3:07:52 AM,True,5/13/2026 8:53:33 AM
AP03A,1382877,U611-RHTOP,80,490645-10,0-0,5/18/2026,False,5/12/2026 3:06:50 AM,True,5/12/2026 9:18:04 PM
AP03A,1382878,,,-,-,5/18/2026,False,,False,
AP03A,1382879,,,-,-,5/18/2026,False,,False,
AP03A,1382880,,,-,-,5/18/2026,False,,False,
AP03A,1382881,,,-,-,5/18/2026,False,,False,
AP03A,1382882,,,-,-,5/18/2026,False,,False,
AP03A,1382883,,,-,-,5/18/2026,False,,False,
AP03A,1382884,,,-,-,5/18/2026,False,,False,
AP03A,1382885,,,-,-,5/18/2026,False,,False,
AP03A,1382886,,,-,-,5/18/2026,False,,False,
AP03A,1382887,,,-,-,5/18/2026,False,,False,
AP03A,1382888,,,-,-,5/18/2026,False,,False,
AP03A,1382889,,,-,-,5/18/2026,False,,False,
AP03A,1382890,,,-,-,5/18/2026,False,,False,
AP03A,1382890,U611-LHTOP,146,490650-11,0-0,5/18/2026,False,5/12/2026 3:08:15 AM,True,5/13/2026 8:55:15 AM
AP03A,1382890,U611-RHTOP,80,490645-11,0-0,5/18/2026,False,5/12/2026 3:07:05 AM,True,5/12/2026 9:20:57 PM
AP03A,1382891,,,-,-,5/18/2026,False,,False,
AP03A,1382892,,,-,-,5/18/2026,False,,False,
AP03A,1382893,,,-,-,5/18/2026,False,,False,
AP03A,1382894,,,-,-,5/18/2026,False,,False,
AP03A,1382895,,,-,-,5/18/2026,False,,False,
AP03A,1382896,,,-,-,5/18/2026,False,,False,
AP03A,1382897,,,-,-,5/18/2026,False,,False,
AP03A,1382898,,,-,-,5/18/2026,False,,False,
AP03A,1382899,,,-,-,5/18/2026,False,,False,
AP03A,1382900,,,-,-,5/18/2026,False,,False,
AP03A,1382901,,,-,-,5/18/2026,False,,False,
AP03A,1382902,,,-,-,5/18/2026,False,,False,
AP03A,1382903,,,-,-,5/18/2026,False,,False,
AP03A,1382903,U611-LHTOP,146,490650-12,0-0,5/18/2026,False,5/12/2026 3:08:15 AM,True,5/13/2026 8:57:00 AM
AP03A,1382903,U611-RHTOP,80,490645-12,0-0,5/18/2026,False,5/12/2026 3:07:05 AM,True,5/12/2026 9:24:00 PM
AP03A,1382904,,,-,-,5/18/2026,False,,False,
AP03A,1382905,,,-,-,5/18/2026,False,,False,
AP03A,1382906,,,-,-,5/18/2026,False,,False,
AP03A,1382907,,,-,-,5/18/2026,False,,False,
AP03A,1382908,,,-,-,5/18/2026,False,,False,
AP03A,1382909,,,-,-,5/18/2026,False,,False,
AP03A,1382910,,,-,-,5/18/2026,False,,False,
AP03A,1382911,,,-,-,5/18/2026,False,,False,
AP03A,1382912,,,-,-,5/18/2026,False,,False,
AP03A,1382913,,,-,-,5/18/2026,False,,False,
AP03A,1382914,,,-,-,5/18/2026,False,,False,
AP03A,1382915,,,-,-,5/18/2026,False,,False,
AP03A,1382916,,,-,-,5/18/2026,False,,False,
AP03A,1382916,U611-LHTOP,147,490652-1,0-0,5/18/2026,False,5/12/2026 3:08:16 AM,True,5/13/2026 9:02:25 AM
AP03A,1382916,U611-RHTOP,80,490645-13,0-0,5/18/2026,False,5/12/2026 3:07:07 AM,True,5/12/2026 9:27:59 PM
AP03A,1382917,,,-,-,5/18/2026,False,,False,
AP03A,1382918,,,-,-,5/18/2026,False,,False,
AP03A,1382919,,,-,-,5/18/2026,False,,False,
AP03A,1382920,,,-,-,5/18/2026,False,,False,
AP03A,1382921,,,-,-,5/18/2026,False,,False,
AP03A,1382922,,,-,-,5/18/2026,False,,False,
AP03A,1382923,,,-,-,5/18/2026,False,,False,
AP03A,1382924,,,-,-,5/18/2026,False,,False,
AP03A,1382925,,,-,-,5/18/2026,False,,False,
AP03A,1382926,,,-,-,5/18/2026,False,,False,
AP03A,1382927,,,-,-,5/18/2026,False,,False,
AP03A,1382928,,,-,-,5/18/2026,False,,False,
AP03A,1382928,U611-LHTOP,147,490652-2,0-0,5/18/2026,False,5/12/2026 3:08:17 AM,True,5/13/2026 9:06:46 AM
AP03A,1382928,U611-RHTOP,80,490645-14,0-0,5/18/2026,False,5/12/2026 3:07:07 AM,True,5/12/2026 9:31:59 PM
AP03A,1382929,,,-,-,5/18/2026,False,,False,
AP03A,1382930,,,-,-,5/18/2026,False,,False,
AP03A,1382931,,,-,-,5/18/2026,False,,False,
AP03A,1382932,,,-,-,5/18/2026,False,,False,
AP03A,1382933,,,-,-,5/18/2026,False,,False,
AP03A,1382934,,,-,-,5/18/2026,False,,False,
AP03A,1382935,,,-,-,5/18/2026,False,,False,
AP03A,1382936,,,-,-,5/18/2026,False,,False,
AP03A,1382937,,,-,-,5/18/2026,False,,False,
AP03A,1382938,,,-,-,5/18/2026,False,,False,
AP03A,1382939,,,-,-,5/18/2026,False,,False,
AP03A,1382940,,,-,-,5/18/2026,False,,False,
AP03A,1382941,,,-,-,5/18/2026,False,,False,
AP03A,1382941,U611-LHTOP,147,490652-3,0-0,5/18/2026,False,5/12/2026 3:08:17 AM,True,5/13/2026 9:08:52 AM
AP03A,1382941,U611-RHTOP,80,490645-15,0-0,5/18/2026,False,5/12/2026 3:07:07 AM,True,5/12/2026 9:34:55 PM
AP03A,1382942,,,-,-,5/18/2026,False,,False,
AP03A,1382943,,,-,-,5/18/2026,False,,False,
AP03A,1382944,,,-,-,5/18/2026,False,,False,
AP03A,1382945,,,-,-,5/18/2026,False,,False,
AP03A,1382946,,,-,-,5/18/2026,False,,False,
AP03A,1382947,,,-,-,5/18/2026,False,,False,
AP03A,1382948,,,-,-,5/18/2026,False,,False,
AP03A,1382949,,,-,-,5/18/2026,False,,False,
AP03A,1382950,,,-,-,5/18/2026,False,,False,
AP03A,1382951,,,-,-,5/18/2026,False,,False,
AP03A,1382952,,,-,-,5/18/2026,False,,False,
AP03A,1382953,,,-,-,5/18/2026,False,,False,
AP03A,1382954,,,-,-,5/18/2026,False,,False,
AP03A,1382954,U611-LHTOP,147,490652-4,0-0,5/18/2026,False,5/12/2026 3:08:18 AM,True,5/13/2026 9:10:56 AM
AP03A,1382954,U611-RHTOP,80,490645-16,0-0,5/18/2026,False,5/12/2026 3:07:08 AM,True,5/12/2026 9:37:57 PM
AP03A,1382955,,,-,-,5/18/2026,False,,False,
AP03A,1382956,,,-,-,5/18/2026,False,,False,
AP03A,1382957,,,-,-,5/18/2026,False,,False,
AP03A,1382958,,,-,-,5/18/2026,False,,False,
AP03A,1382959,,,-,-,5/18/2026,False,,False,
AP03A,1382960,,,-,-,5/18/2026,False,,False,
AP03A,1382961,,,-,-,5/18/2026,False,,False,
AP03A,1382962,,,-,-,5/18/2026,False,,False,
AP03A,1382963,,,-,-,5/18/2026,False,,False,
AP03A,1382964,,,-,-,5/18/2026,False,,False,
AP03A,1382965,,,-,-,5/18/2026,False,,False,
AP03A,1382966,,,-,-,5/18/2026,False,,False,
AP03A,1382967,,,-,-,5/18/2026,False,,False,
AP03A,1382967,U611-LHTOP,147,490652-5,0-0,5/18/2026,False,5/12/2026 3:08:18 AM,True,5/13/2026 9:14:02 AM
AP03A,1382967,U611-RHTOP,80,490645-17,0-0,5/18/2026,False,5/12/2026 3:07:09 AM,True,5/12/2026 9:40:37 PM
AP03A,1382968,,,-,-,5/18/2026,False,,False,
AP03A,1382969,,,-,-,5/18/2026,False,,False,
AP03A,1382970,,,-,-,5/18/2026,False,,False,
AP03A,1382971,,,-,-,5/18/2026,False,,False,
AP03A,1382972,,,-,-,5/18/2026,False,,False,
AP03A,1382973,,,-,-,5/18/2026,False,,False,
AP03A,1382974,,,-,-,5/18/2026,False,,False,
AP03A,1382975,,,-,-,5/18/2026,False,,False,
AP03A,1382976,,,-,-,5/18/2026,False,,False,
AP03A,1382977,,,-,-,5/18/2026,False,,False,
AP03A,1382978,,,-,-,5/18/2026,False,,False,
AP03A,1382979,,,-,-,5/18/2026,False,,False,
AP03A,1382980,,,-,-,5/18/2026,False,,False,
AP03A,1382980,U611-LHTOP,147,490652-6,0-0,5/18/2026,False,5/12/2026 3:08:18 AM,True,5/13/2026 9:15:36 AM
AP03A,1382980,U611-RHTOP,80,490645-18,0-0,5/18/2026,False,5/12/2026 3:07:09 AM,True,5/12/2026 9:43:29 PM
AP03A,1382981,,,-,-,5/18/2026,False,,False,
AP03A,1382982,,,-,-,5/18/2026,False,,False,
AP03A,1382983,,,-,-,5/18/2026,False,,False,
AP03A,1382984,,,-,-,5/18/2026,False,,False,
AP03A,1382985,,,-,-,5/18/2026,False,,False,
AP03A,1382986,,,-,-,5/18/2026,False,,False,
AP03A,1382987,,,-,-,5/18/2026,False,,False,
AP03A,1382988,,,-,-,5/18/2026,False,,False,
AP03A,1382989,,,-,-,5/18/2026,False,,False,
AP03A,1382990,,,-,-,5/18/2026,False,,False,
AP03A,1382991,,,-,-,5/18/2026,False,,False,
AP03A,1382992,,,-,-,5/18/2026,False,,False,
AP03A,1382992,U611-LHTOP,147,490652-7,0-0,5/18/2026,False,5/12/2026 3:08:19 AM,True,5/13/2026 9:17:03 AM
AP03A,1382992,U611-RHTOP,80,490645-19,0-0,5/18/2026,False,5/12/2026 3:07:09 AM,True,5/12/2026 9:46:28 PM
AP03A,1382993,,,-,-,5/18/2026,False,,False,
AP03A,1382994,,,-,-,5/18/2026,False,,False,
AP03A,1382995,,,-,-,5/18/2026,False,,False,
AP03A,1382996,,,-,-,5/18/2026,False,,False,
AP03A,1382997,,,-,-,5/18/2026,False,,False,
AP03A,1382998,,,-,-,5/18/2026,False,,False,
AP03A,1382999,,,-,-,5/18/2026,False,,False,
AP03A,1383000,,,-,-,5/18/2026,False,,False,
AP03A,1383001,,,-,-,5/18/2026,False,,False,
AP03A,1383002,,,-,-,5/18/2026,False,,False,
AP03A,1383003,,,-,-,5/18/2026,False,,False,
AP03A,1383004,,,-,-,5/18/2026,False,,False,
AP03A,1383005,,,-,-,5/18/2026,False,,False,
AP03A,1383005,U611-LHTOP,147,490652-8,0-0,5/18/2026,False,5/12/2026 3:08:19 AM,True,5/13/2026 9:18:28 AM
AP03A,1383005,U611-RHTOP,80,490645-20,0-0,5/18/2026,False,5/12/2026 3:07:09 AM,True,5/12/2026 9:49:39 PM
AP03A,1383006,,,-,-,5/18/2026,False,,False,
AP03A,1383007,,,-,-,5/18/2026,False,,False,
AP03A,1383008,,,-,-,5/18/2026,False,,False,
AP03A,1383009,,,-,-,5/18/2026,False,,False,
AP03A,1383010,,,-,-,5/18/2026,False,,False,
AP03A,1383011,,,-,-,5/18/2026,False,,False,
AP03A,1383012,,,-,-,5/18/2026,False,,False,
AP03A,1383013,,,-,-,5/18/2026,False,,False,
AP03A,1383014,,,-,-,5/18/2026,False,,False,
AP03A,1383015,,,-,-,5/18/2026,False,,False,
AP03A,1383016,,,-,-,5/18/2026,False,,False,
AP03A,1383017,,,-,-,5/18/2026,False,,False,
AP03A,1383018,,,-,-,5/18/2026,False,,False,
AP03A,1383018,U611-LHTOP,147,490652-9,0-0,5/18/2026,False,5/12/2026 3:08:19 AM,True,5/13/2026 9:20:11 AM
AP03A,1383018,U611-RHTOP,80,490645-21,0-0,5/18/2026,False,5/12/2026 3:07:11 AM,True,5/12/2026 9:52:48 PM
AP03A,1383019,,,-,-,5/18/2026,False,,False,
AP03A,1383020,,,-,-,5/18/2026,False,,False,
AP03A,1383021,,,-,-,5/18/2026,False,,False,
AP03A,1383022,,,-,-,5/18/2026,False,,False,
AP03A,1383023,,,-,-,5/18/2026,False,,False,
AP03A,1383024,,,-,-,5/18/2026,False,,False,
AP03A,1383025,,,-,-,5/18/2026,False,,False,
AP03A,1383026,,,-,-,5/18/2026,False,,False,
AP03A,1383027,,,-,-,5/18/2026,False,,False,
AP03A,1383028,,,-,-,5/18/2026,False,,False,
AP03A,1383029,,,-,-,5/18/2026,False,,False,
AP03A,1383030,,,-,-,5/18/2026,False,,False,
AP03A,1383031,,,-,-,5/18/2026,False,,False,
AP03A,1383031,U611-LHTOP,147,490652-10,0-0,5/18/2026,False,5/12/2026 3:08:20 AM,True,5/13/2026 9:22:32 AM
AP03A,1383031,U611-RHTOP,80,490645-22,0-0,5/18/2026,False,5/12/2026 3:07:11 AM,True,5/12/2026 9:56:39 PM
AP03A,1383032,,,-,-,5/18/2026,False,,False,
AP03A,1383033,,,-,-,5/18/2026,False,,False,
AP03A,1383034,,,-,-,5/18/2026,False,,False,
AP03A,1383035,,,-,-,5/18/2026,False,,False,
AP03A,1383036,,,-,-,5/18/2026,False,,False,
AP03A,1383037,,,-,-,5/18/2026,False,,False,
AP03A,1383038,,,-,-,5/18/2026,False,,False,
AP03A,1383039,,,-,-,5/18/2026,False,,False,
AP03A,1383040,,,-,-,5/18/2026,False,,False,
AP03A,1383041,,,-,-,5/18/2026,False,,False,
AP03A,1383042,,,-,-,5/18/2026,False,,False,
AP03A,1383043,,,-,-,5/18/2026,False,,False,
AP03A,1383044,,,-,-,5/18/2026,False,,False,
AP03A,1383044,U611-LHTOP,147,490652-11,0-0,5/18/2026,False,5/12/2026 3:08:42 AM,True,5/13/2026 9:26:21 AM
AP03A,1383044,U611-RHTOP,80,490645-23,0-0,5/18/2026,False,5/12/2026 3:07:11 AM,True,5/12/2026 10:00:16 PM
AP03A,1383045,,,-,-,5/18/2026,False,,False,
AP03A,1383046,,,-,-,5/18/2026,False,,False,
AP03A,1383047,,,-,-,5/18/2026,False,,False,
AP03A,1383048,,,-,-,5/18/2026,False,,False,
AP03A,1383049,,,-,-,5/18/2026,False,,False,
AP03A,1383050,,,-,-,5/18/2026,False,,False,
AP03A,1383051,,,-,-,5/18/2026,False,,False,
AP03A,1383052,,,-,-,5/18/2026,False,,False,
AP03A,1383053,,,-,-,5/18/2026,False,,False,
AP03A,1383054,,,-,-,5/18/2026,False,,False,
AP03A,1383055,,,-,-,5/18/2026,False,,False,
AP03A,1383056,,,-,-,5/18/2026,False,,False,
AP03A,1383056,U611-LHTOP,147,490652-12,0-0,5/18/2026,False,5/12/2026 3:08:43 AM,True,5/13/2026 9:29:31 AM
AP03A,1383056,U611-RHTOP,80,490645-24,0-0,5/18/2026,False,5/12/2026 3:07:12 AM,True,5/12/2026 10:03:11 PM
AP03A,1383057,,,-,-,5/18/2026,False,,False,
AP03A,1383058,,,-,-,5/18/2026,False,,False,
AP03A,1383059,,,-,-,5/18/2026,False,,False,
AP03A,1383060,,,-,-,5/18/2026,False,,False,
AP03A,1383061,,,-,-,5/18/2026,False,,False,
AP03A,1383062,,,-,-,5/18/2026,False,,False,
AP03A,1383063,,,-,-,5/18/2026,False,,False,
AP03A,1383064,,,-,-,5/18/2026,False,,False,
AP03A,1383065,,,-,-,5/18/2026,False,,False,
AP03A,1383066,,,-,-,5/18/2026,False,,False,
AP03A,1383067,,,-,-,5/18/2026,False,,False,
AP03A,1383068,,,-,-,5/18/2026,False,,False,
AP03A,1383069,,,-,-,5/18/2026,False,,False,
AP03A,1383069,U611-LHTOP,148,490654-1,0-0,5/18/2026,False,5/12/2026 3:08:45 AM,True,5/13/2026 9:32:34 AM
AP03A,1383069,U611-RHTOP,81,490647-1,0-0,5/18/2026,False,5/12/2026 3:07:16 AM,True,5/13/2026 6:00:08 AM
AP03A,1383070,,,-,-,5/18/2026,False,,False,
AP03A,1383071,,,-,-,5/18/2026,False,,False,
AP03A,1383072,,,-,-,5/18/2026,False,,False,
AP03A,1383073,,,-,-,5/18/2026,False,,False,
AP03A,1383074,,,-,-,5/18/2026,False,,False,
AP03A,1383075,,,-,-,5/18/2026,False,,False,
AP03A,1383076,,,-,-,5/18/2026,False,,False,
AP03A,1383077,,,-,-,5/18/2026,False,,False,
AP03A,1383078,,,-,-,5/18/2026,False,,False,
AP03A,1383079,,,-,-,5/18/2026,False,,False,
AP03A,1383080,,,-,-,5/18/2026,False,,False,
AP03A,1383081,,,-,-,5/18/2026,False,,False,
AP03A,1383082,,,-,-,5/18/2026,False,,False,
AP03A,1383082,U611-LHTOP,148,490654-2,0-0,5/18/2026,False,5/12/2026 3:08:45 AM,True,5/13/2026 9:34:11 AM
AP03A,1383082,U611-RHTOP,81,490647-2,0-0,5/18/2026,False,5/12/2026 3:07:16 AM,True,5/13/2026 6:06:22 AM
AP03A,1383083,,,-,-,5/18/2026,False,,False,
AP03A,1383084,,,-,-,5/18/2026,False,,False,
AP03A,1383085,,,-,-,5/18/2026,False,,False,
AP03A,1383086,,,-,-,5/18/2026,False,,False,
AP03A,1383087,,,-,-,5/18/2026,False,,False,
AP03A,1383088,,,-,-,5/18/2026,False,,False,
AP03A,1383089,,,-,-,5/18/2026,False,,False,
AP03A,1383090,,,-,-,5/18/2026,False,,False,
AP03A,1383091,,,-,-,5/18/2026,False,,False,
AP03A,1383092,,,-,-,5/18/2026,False,,False,
AP03A,1383093,,,-,-,5/18/2026,False,,False,
AP03A,1383094,,,-,-,5/18/2026,False,,False,
AP03A,1383095,,,-,-,5/18/2026,False,,False,
AP03A,1383095,U611-LHTOP,148,490654-3,0-0,5/18/2026,False,5/12/2026 3:08:45 AM,True,5/13/2026 9:36:08 AM
AP03A,1383095,U611-RHTOP,81,490647-3,0-0,5/18/2026,False,5/12/2026 3:07:16 AM,True,5/13/2026 6:11:07 AM
AP03A,1383096,,,-,-,5/18/2026,False,,False,
AP03A,1383097,,,-,-,5/18/2026,False,,False,
AP03A,1383098,,,-,-,5/18/2026,False,,False,
AP03A,1383099,,,-,-,5/18/2026,False,,False,
AP03A,1383100,,,-,-,5/18/2026,False,,False,
AP03A,1383101,,,-,-,5/18/2026,False,,False,
AP03A,1383102,,,-,-,5/18/2026,False,,False,
AP03A,1383103,,,-,-,5/18/2026,False,,False,
AP03A,1383104,,,-,-,5/18/2026,False,,False,
AP03A,1383105,,,-,-,5/18/2026,False,,False,
AP03A,1383106,,,-,-,5/18/2026,False,,False,
AP03A,1383107,,,-,-,5/18/2026,False,,False,
AP03A,1383108,,,-,-,5/18/2026,False,,False,
AP03A,1383108,U611-LHTOP,148,490654-4,0-0,5/18/2026,False,5/12/2026 3:08:46 AM,True,5/13/2026 9:37:46 AM
AP03A,1383108,U611-RHTOP,81,490647-4,0-0,5/18/2026,False,5/12/2026 3:07:17 AM,True,5/13/2026 6:16:28 AM
AP03A,1383109,,,-,-,5/18/2026,False,,False,
AP03A,1383110,,,-,-,5/18/2026,False,,False,
AP03A,1383111,,,-,-,5/18/2026,False,,False,
AP03A,1383112,,,-,-,5/18/2026,False,,False,
AP03A,1383113,,,-,-,5/18/2026,False,,False,
AP03A,1383114,,,-,-,5/18/2026,False,,False,
AP03A,1383115,,,-,-,5/18/2026,False,,False,
AP03A,1383116,,,-,-,5/18/2026,False,,False,
AP03A,1383117,,,-,-,5/18/2026,False,,False,
AP03A,1383118,,,-,-,5/18/2026,False,,False,
AP03A,1383119,,,-,-,5/18/2026,False,,False,
AP03A,1383120,,,-,-,5/18/2026,False,,False,
AP03A,1383120,U611-LHTOP,148,490654-5,0-0,5/18/2026,False,5/12/2026 3:08:46 AM,True,5/13/2026 9:39:09 AM
AP03A,1383120,U611-RHTOP,81,490647-5,0-0,5/18/2026,False,5/12/2026 3:07:18 AM,True,5/13/2026 6:21:59 AM
AP03A,1383121,,,-,-,5/18/2026,False,,False,
AP03A,1383122,,,-,-,5/18/2026,False,,False,
AP03A,1383123,,,-,-,5/18/2026,False,,False,
AP03A,1383124,,,-,-,5/18/2026,False,,False,
AP03A,1383125,,,-,-,5/18/2026,False,,False,
AP03A,1383126,,,-,-,5/18/2026,False,,False,
AP03A,1383127,,,-,-,5/18/2026,False,,False,
AP03A,1383128,,,-,-,5/18/2026,False,,False,
AP03A,1383129,,,-,-,5/18/2026,False,,False,
AP03A,1383130,,,-,-,5/18/2026,False,,False,
AP03A,1383131,,,-,-,5/18/2026,False,,False,
AP03A,1383132,,,-,-,5/18/2026,False,,False,
AP03A,1383133,,,-,-,5/18/2026,False,,False,
AP03A,1383133,U611-LHTOP,148,490654-6,0-0,5/18/2026,False,5/12/2026 3:08:46 AM,True,5/13/2026 9:40:40 AM
AP03A,1383133,U611-RHTOP,81,490647-6,0-0,5/18/2026,False,5/12/2026 3:07:18 AM,True,5/13/2026 6:26:36 AM
AP03A,1383134,,,-,-,5/18/2026,False,,False,
AP03A,1383135,,,-,-,5/18/2026,False,,False,
AP03A,1383136,,,-,-,5/18/2026,False,,False,
AP03A,1383137,,,-,-,5/18/2026,False,,False,
AP03A,1383138,,,-,-,5/18/2026,False,,False,
AP03A,1383139,,,-,-,5/18/2026,False,,False,
AP03A,1383140,,,-,-,5/18/2026,False,,False,
AP03A,1383141,,,-,-,5/18/2026,False,,False,
AP03A,1383142,,,-,-,5/18/2026,False,,False,
AP03A,1383143,,,-,-,5/18/2026,False,,False,
AP03A,1383144,,,-,-,5/18/2026,False,,False,
AP03A,1383145,,,-,-,5/18/2026,False,,False,
AP03A,1383146,,,-,-,5/18/2026,False,,False,
AP03A,1383146,U611-LHTOP,148,490654-7,0-0,5/18/2026,False,5/12/2026 3:08:47 AM,True,5/13/2026 9:42:55 AM
AP03A,1383146,U611-RHTOP,81,490647-7,0-0,5/18/2026,False,5/12/2026 3:07:18 AM,True,5/13/2026 6:30:35 AM
AP03A,1383147,,,-,-,5/18/2026,False,,False,
AP03A,1383148,,,-,-,5/18/2026,False,,False,
AP03A,1383149,,,-,-,5/18/2026,False,,False,
AP03A,1383150,,,-,-,5/18/2026,False,,False,
AP03A,1383151,,,-,-,5/18/2026,False,,False,
AP03A,1383152,,,-,-,5/18/2026,False,,False,
AP03A,1383153,,,-,-,5/18/2026,False,,False,
AP03A,1383154,,,-,-,5/18/2026,False,,False,
AP03A,1383155,,,-,-,5/18/2026,False,,False,
AP03A,1383156,,,-,-,5/18/2026,False,,False,
AP03A,1383157,,,-,-,5/18/2026,False,,False,
AP03A,1383158,,,-,-,5/18/2026,False,,False,
AP03A,1383159,,,-,-,5/18/2026,False,,False,
AP03A,1383159,U611-LHTOP,148,490654-8,0-0,5/18/2026,False,5/12/2026 3:08:48 AM,True,5/13/2026 9:45:28 AM
AP03A,1383159,U611-RHTOP,81,490647-8,0-0,5/18/2026,False,5/12/2026 3:07:19 AM,True,5/13/2026 6:41:57 AM
AP03A,1383160,,,-,-,5/18/2026,False,,False,
AP03A,1383161,,,-,-,5/18/2026,False,,False,
AP03A,1383162,,,-,-,5/18/2026,False,,False,
AP03A,1383163,,,-,-,5/18/2026,False,,False,
AP03A,1383164,,,-,-,5/18/2026,False,,False,
AP03A,1383165,,,-,-,5/18/2026,False,,False,
AP03A,1383166,,,-,-,5/18/2026,False,,False,
AP03A,1383167,,,-,-,5/18/2026,False,,False,
AP03A,1383168,,,-,-,5/18/2026,False,,False,
AP03A,1383169,,,-,-,5/18/2026,False,,False,
AP03A,1383170,,,-,-,5/18/2026,False,,False,
AP03A,1383171,,,-,-,5/18/2026,False,,False,
AP03A,1383172,,,-,-,5/18/2026,False,,False,
AP03A,1383172,U611-LHTOP,148,490654-9,0-0,5/18/2026,False,5/12/2026 3:08:48 AM,True,5/13/2026 9:46:55 AM
AP03A,1383172,U611-RHTOP,81,490647-9,0-0,5/18/2026,False,5/12/2026 3:07:20 AM,True,5/13/2026 6:46:14 AM
AP03A,1383173,,,-,-,5/18/2026,False,,False,
AP03A,1383174,,,-,-,5/18/2026,False,,False,
AP03A,1383175,,,-,-,5/18/2026,False,,False,
AP03A,1383176,,,-,-,5/18/2026,False,,False,
AP03A,1383177,,,-,-,5/18/2026,False,,False,
AP03A,1383178,,,-,-,5/18/2026,False,,False,
AP03A,1383179,,,-,-,5/18/2026,False,,False,
AP03A,1383180,,,-,-,5/18/2026,False,,False,
AP03A,1383181,,,-,-,5/18/2026,False,,False,
AP03A,1383182,,,-,-,5/18/2026,False,,False,
AP03A,1383183,,,-,-,5/18/2026,False,,False,
AP03A,1383184,,,-,-,5/18/2026,False,,False,
AP03A,1383184,U611-LHTOP,148,490654-10,0-0,5/18/2026,False,5/12/2026 3:08:48 AM,True,5/13/2026 9:48:17 AM
AP03A,1383184,U611-RHTOP,81,490647-10,0-0,5/18/2026,False,5/12/2026 3:07:20 AM,True,5/13/2026 6:51:02 AM
AP03A,1383185,,,-,-,5/18/2026,False,,False,
AP03A,1383186,,,-,-,5/18/2026,False,,False,
AP03A,1383187,,,-,-,5/18/2026,False,,False,
AP03A,1383188,,,-,-,5/18/2026,False,,False,
AP03A,1383189,,,-,-,5/18/2026,False,,False,
AP03A,1383190,,,-,-,5/18/2026,False,,False,
AP03A,1383191,,,-,-,5/18/2026,False,,False,
AP03A,1383192,,,-,-,5/18/2026,False,,False,
AP03A,1383193,,,-,-,5/18/2026,False,,False,
AP03A,1383194,,,-,-,5/18/2026,False,,False,
AP03A,1383195,,,-,-,5/18/2026,False,,False,
AP03A,1383196,,,-,-,5/18/2026,False,,False,
AP03A,1383197,,,-,-,5/18/2026,False,,False,
AP03A,1383197,U611-LHTOP,148,490654-11,0-0,5/18/2026,False,5/12/2026 3:09:11 AM,True,5/13/2026 9:50:04 AM
AP03A,1383197,U611-RHTOP,81,490647-11,0-0,5/18/2026,False,5/12/2026 3:07:36 AM,True,5/13/2026 6:55:00 AM
AP03A,1383198,,,-,-,5/18/2026,False,,False,
AP03A,1383199,,,-,-,5/18/2026,False,,False,
AP03A,1383200,,,-,-,5/18/2026,False,,False,
AP03A,1383201,,,-,-,5/18/2026,False,,False,
AP03A,1383202,,,-,-,5/18/2026,False,,False,
AP03A,1383203,,,-,-,5/18/2026,False,,False,
AP03A,1383204,,,-,-,5/18/2026,False,,False,
AP03A,1383205,,,-,-,5/18/2026,False,,False,
AP03A,1383206,,,-,-,5/18/2026,False,,False,
AP03A,1383207,,,-,-,5/18/2026,False,,False,
AP03A,1383208,,,-,-,5/18/2026,False,,False,
AP03A,1383209,,,-,-,5/18/2026,False,,False,
AP03A,1383210,,,-,-,5/18/2026,False,,False,
AP03A,1383210,U611-LHTOP,148,490654-12,0-0,5/18/2026,False,5/12/2026 3:09:11 AM,True,5/13/2026 9:51:20 AM
AP03A,1383210,U611-RHTOP,81,490647-12,0-0,5/18/2026,False,5/12/2026 3:07:36 AM,True,5/13/2026 6:59:24 AM
AP03A,1383211,,,-,-,5/18/2026,False,,False,
AP03A,1383212,,,-,-,5/18/2026,False,,False,
AP03A,1383213,,,-,-,5/18/2026,False,,False,
AP03A,1383214,,,-,-,5/18/2026,False,,False,
AP03A,1383215,,,-,-,5/18/2026,False,,False,
AP03A,1383216,,,-,-,5/18/2026,False,,False,
AP03A,1383217,,,-,-,5/18/2026,False,,False,
AP03A,1383218,,,-,-,5/18/2026,False,,False,
AP03A,1383219,,,-,-,5/18/2026,False,,False,
AP03A,1383220,,,-,-,5/18/2026,False,,False,
AP03A,1383221,,,-,-,5/18/2026,False,,False,
AP03A,1383222,,,-,-,5/18/2026,False,,False,
AP03A,1383223,,,-,-,5/18/2026,False,,False,
AP03A,1383223,U611-LHTOP,149,490656-1,0-0,5/18/2026,False,5/12/2026 3:09:13 AM,True,5/13/2026 9:54:07 AM
AP03A,1383223,U611-RHTOP,81,490647-13,0-0,5/18/2026,False,5/12/2026 3:07:37 AM,True,5/13/2026 7:03:44 AM
AP03A,1383224,,,-,-,5/18/2026,False,,False,
AP03A,1383225,,,-,-,5/18/2026,False,,False,
AP03A,1383226,,,-,-,5/18/2026,False,,False,
AP03A,1383227,,,-,-,5/18/2026,False,,False,
AP03A,1383228,,,-,-,5/18/2026,False,,False,
AP03A,1383229,,,-,-,5/18/2026,False,,False,
AP03A,1383230,,,-,-,5/18/2026,False,,False,
AP03A,1383231,,,-,-,5/18/2026,False,,False,
AP03A,1383232,,,-,-,5/18/2026,False,,False,
AP03A,1383233,,,-,-,5/18/2026,False,,False,
AP03A,1383234,,,-,-,5/18/2026,False,,False,
AP03A,1383235,,,-,-,5/18/2026,False,,False,
AP03A,1383236,,,-,-,5/18/2026,False,,False,
AP03A,1383236,U611-LHTOP,149,490656-2,0-0,5/18/2026,False,5/12/2026 3:09:13 AM,True,5/13/2026 9:56:44 AM
AP03A,1383236,U611-RHTOP,81,490647-14,0-0,5/18/2026,False,5/12/2026 3:07:37 AM,True,5/13/2026 7:08:46 AM
AP03A,1383237,,,-,-,5/18/2026,False,,False,
AP03A,1383238,,,-,-,5/18/2026,False,,False,
AP03A,1383239,,,-,-,5/18/2026,False,,False,
AP03A,1383240,,,-,-,5/18/2026,False,,False,
AP03A,1383241,,,-,-,5/18/2026,False,,False,
AP03A,1383242,,,-,-,5/18/2026,False,,False,
AP03A,1383243,,,-,-,5/18/2026,False,,False,
AP03A,1383244,,,-,-,5/18/2026,False,,False,
AP03A,1383245,,,-,-,5/18/2026,False,,False,
AP03A,1383246,,,-,-,5/18/2026,False,,False,
AP03A,1383247,,,-,-,5/18/2026,False,,False,
AP03A,1383248,,,-,-,5/18/2026,False,,False,
AP03A,1383248,U611-LHTOP,149,490656-3,0-0,5/18/2026,False,5/12/2026 3:09:13 AM,True,5/13/2026 9:58:08 AM
AP03A,1383248,U611-RHTOP,81,490647-15,0-0,5/18/2026,False,5/12/2026 3:07:38 AM,True,5/13/2026 7:14:24 AM
AP03A,1383249,,,-,-,5/18/2026,False,,False,
AP03A,1383250,,,-,-,5/18/2026,False,,False,
AP03A,1383251,,,-,-,5/18/2026,False,,False,
AP03A,1383252,,,-,-,5/18/2026,False,,False,
AP03A,1383253,,,-,-,5/18/2026,False,,False,
AP03A,1383254,,,-,-,5/18/2026,False,,False,
AP03A,1383255,,,-,-,5/18/2026,False,,False,
AP03A,1383256,,,-,-,5/18/2026,False,,False,
AP03A,1383257,,,-,-,5/18/2026,False,,False,
AP03A,1383258,,,-,-,5/18/2026,False,,False,
AP03A,1383259,,,-,-,5/18/2026,False,,False,
AP03A,1383260,,,-,-,5/18/2026,False,,False,
AP03A,1383261,,,-,-,5/18/2026,False,,False,
AP03A,1383262,,,-,-,5/18/2026,False,,False,
AP03A,1383263,,,-,-,5/18/2026,False,,False,
AP03A,1383264,,,-,-,5/18/2026,False,,False,
AP03A,1383265,,,-,-,5/18/2026,False,,False,
AP03A,1383266,,,-,-,5/18/2026,False,,False,
AP03A,1383267,,,-,-,5/18/2026,False,,False,
AP03A,1383268,,,-,-,5/18/2026,False,,False,
AP03A,1383269,,,-,-,5/18/2026,False,,False,
AP03A,1383270,,,-,-,5/18/2026,False,,False,
AP03A,1383271,,,-,-,5/18/2026,False,,False,
AP03A,1383272,,,-,-,5/18/2026,False,,False,
AP03A,1383273,,,-,-,5/18/2026,False,,False,
AP03A,1383274,,,-,-,5/18/2026,False,,False,
AP03A,1383274,U611-LHTOP,149,490656-4,0-0,5/18/2026,False,5/12/2026 3:09:14 AM,True,5/13/2026 9:59:44 AM
AP03A,1383274,U611-RHTOP,81,490647-16,0-0,5/18/2026,False,5/12/2026 3:07:39 AM,True,5/13/2026 7:23:20 AM
AP03A,1383275,,,-,-,5/18/2026,False,,False,
AP03A,1383276,,,-,-,5/18/2026,False,,False,
AP03A,1383277,,,-,-,5/18/2026,False,,False,
AP03A,1383278,,,-,-,5/18/2026,False,,False,
AP03A,1383279,,,-,-,5/18/2026,False,,False,
AP03A,1383280,,,-,-,5/18/2026,False,,False,
AP03A,1383281,,,-,-,5/18/2026,False,,False,
AP03A,1383282,,,-,-,5/18/2026,False,,False,
AP03A,1383283,,,-,-,5/18/2026,False,,False,
AP03A,1383284,,,-,-,5/18/2026,False,,False,
AP03A,1383285,,,-,-,5/18/2026,False,,False,
AP03A,1383286,,,-,-,5/18/2026,False,,False,
AP03A,1383287,,,-,-,5/18/2026,False,,False,
AP03A,1383287,U611-LHTOP,149,490656-5,0-0,5/18/2026,False,5/12/2026 3:09:14 AM,True,5/13/2026 10:01:19 AM
AP03A,1383287,U611-RHTOP,81,490647-17,0-0,5/18/2026,False,5/12/2026 3:07:39 AM,True,5/13/2026 7:27:51 AM
AP03A,1383288,,,-,-,5/18/2026,False,,False,
AP03A,1383289,,,-,-,5/18/2026,False,,False,
AP03A,1383290,,,-,-,5/18/2026,False,,False,
AP03A,1383291,,,-,-,5/18/2026,False,,False,
AP03A,1383292,,,-,-,5/18/2026,False,,False,
AP03A,1383293,,,-,-,5/18/2026,False,,False,
AP03A,1383294,,,-,-,5/18/2026,False,,False,
AP03A,1383295,,,-,-,5/18/2026,False,,False,
AP03A,1383296,,,-,-,5/18/2026,False,,False,
AP03A,1383297,,,-,-,5/18/2026,False,,False,
AP03A,1383298,,,-,-,5/18/2026,False,,False,
AP03A,1383299,,,-,-,5/18/2026,False,,False,
AP03A,1383300,,,-,-,5/18/2026,False,,False,
AP03A,1383300,U611-LHTOP,149,490656-6,0-0,5/18/2026,False,5/12/2026 3:09:14 AM,True,5/13/2026 10:03:45 AM
AP03A,1383300,U611-RHTOP,81,490647-18,0-0,5/18/2026,False,5/12/2026 3:07:39 AM,True,5/13/2026 7:34:10 AM
AP03A,1383301,,,-,-,5/18/2026,False,,False,
AP03A,1383302,,,-,-,5/18/2026,False,,False,
AP03A,1383303,,,-,-,5/18/2026,False,,False,
AP03A,1383304,,,-,-,5/18/2026,False,,False,
AP03A,1383305,,,-,-,5/18/2026,False,,False,
AP03A,1383306,,,-,-,5/18/2026,False,,False,
AP03A,1383307,,,-,-,5/18/2026,False,,False,
AP03A,1383308,,,-,-,5/18/2026,False,,False,
AP03A,1383309,,,-,-,5/18/2026,False,,False,
AP03A,1383310,,,-,-,5/18/2026,False,,False,
AP03A,1383311,,,-,-,5/18/2026,False,,False,
AP03A,1383312,,,-,-,5/18/2026,False,,False,
AP03A,1383312,U611-LHTOP,149,490656-7,0-0,5/18/2026,False,5/12/2026 3:09:14 AM,True,5/13/2026 10:05:32 AM
AP03A,1383312,U611-RHTOP,81,490647-19,0-0,5/18/2026,False,5/12/2026 3:07:40 AM,True,5/13/2026 7:39:41 AM
AP03A,1383313,,,-,-,5/18/2026,False,,False,
AP03A,1383314,,,-,-,5/18/2026,False,,False,
AP03A,1383315,,,-,-,5/18/2026,False,,False,
AP03A,1383316,,,-,-,5/18/2026,False,,False,
AP03A,1383317,,,-,-,5/18/2026,False,,False,
AP03A,1383318,,,-,-,5/18/2026,False,,False,
AP03A,1383319,,,-,-,5/18/2026,False,,False,
AP03A,1383320,,,-,-,5/18/2026,False,,False,
AP03A,1383321,,,-,-,5/18/2026,False,,False,
AP03A,1383322,,,-,-,5/18/2026,False,,False,
AP03A,1383323,,,-,-,5/18/2026,False,,False,
AP03A,1383324,,,-,-,5/18/2026,False,,False,
AP03A,1383325,,,-,-,5/18/2026,False,,False,
AP03A,1383325,U611-LHTOP,149,490656-8,0-0,5/18/2026,False,5/12/2026 3:09:15 AM,True,5/13/2026 10:07:48 AM
AP03A,1383325,U611-RHTOP,81,490647-20,0-0,5/18/2026,False,5/12/2026 3:07:40 AM,True,5/13/2026 7:43:48 AM
AP03A,1383326,,,-,-,5/18/2026,False,,False,
AP03A,1383327,,,-,-,5/18/2026,False,,False,
AP03A,1383328,,,-,-,5/18/2026,False,,False,
AP03A,1383329,,,-,-,5/18/2026,False,,False,
AP03A,1383330,,,-,-,5/18/2026,False,,False,
AP03A,1383331,,,-,-,5/18/2026,False,,False,
AP03A,1383332,,,-,-,5/18/2026,False,,False,
AP03A,1383333,,,-,-,5/18/2026,False,,False,
AP03A,1383334,,,-,-,5/18/2026,False,,False,
AP03A,1383335,,,-,-,5/18/2026,False,,False,
AP03A,1383336,,,-,-,5/18/2026,False,,False,
AP03A,1383337,,,-,-,5/18/2026,False,,False,
AP03A,1383338,,,-,-,5/18/2026,False,,False,
AP03A,1383338,U611-LHTOP,149,490656-9,0-0,5/18/2026,False,5/12/2026 3:09:15 AM,True,5/13/2026 10:09:12 AM
AP03A,1383338,U611-RHTOP,81,490647-21,0-0,5/18/2026,False,5/12/2026 3:07:40 AM,True,5/13/2026 7:47:57 AM
AP03A,1383339,,,-,-,5/18/2026,False,,False,
AP03A,1383340,,,-,-,5/18/2026,False,,False,
AP03A,1383341,,,-,-,5/18/2026,False,,False,
AP03A,1383342,,,-,-,5/18/2026,False,,False,
AP03A,1383343,,,-,-,5/18/2026,False,,False,
AP03A,1383344,,,-,-,5/18/2026,False,,False,
AP03A,1383345,,,-,-,5/18/2026,False,,False,
AP03A,1383346,,,-,-,5/18/2026,False,,False,
AP03A,1383347,,,-,-,5/18/2026,False,,False,
AP03A,1383348,,,-,-,5/18/2026,False,,False,
AP03A,1383349,,,-,-,5/18/2026,False,,False,
AP03A,1383350,,,-,-,5/18/2026,False,,False,
AP03A,1383351,,,-,-,5/18/2026,False,,False,
AP03A,1383351,U611-LHTOP,149,490656-10,0-0,5/18/2026,False,5/12/2026 3:09:16 AM,True,5/13/2026 10:11:13 AM
AP03A,1383351,U611-RHTOP,81,490647-22,0-0,5/18/2026,False,5/12/2026 3:07:41 AM,True,5/13/2026 7:52:07 AM
AP03A,1383352,,,-,-,5/18/2026,False,,False,
AP03A,1383353,,,-,-,5/18/2026,False,,False,
AP03A,1383354,,,-,-,5/18/2026,False,,False,
AP03A,1383355,,,-,-,5/18/2026,False,,False,
AP03A,1383356,,,-,-,5/18/2026,False,,False,
AP03A,1383357,,,-,-,5/18/2026,False,,False,
AP03A,1383358,,,-,-,5/18/2026,False,,False,
AP03A,1383359,,,-,-,5/18/2026,False,,False,
AP03A,1383360,,,-,-,5/18/2026,False,,False,
AP03A,1383361,,,-,-,5/18/2026,False,,False,
AP03A,1383362,,,-,-,5/18/2026,False,,False,
AP03A,1383363,,,-,-,5/18/2026,False,,False,
AP03A,1383364,,,-,-,5/18/2026,False,,False,
AP03A,1383364,U611-LHTOP,149,490656-11,0-0,5/18/2026,False,5/12/2026 3:09:28 AM,True,5/13/2026 10:12:53 AM
AP03A,1383364,U611-RHTOP,81,490647-23,0-0,5/18/2026,False,5/12/2026 3:07:41 AM,True,5/13/2026 7:57:00 AM
AP03A,1383365,,,-,-,5/18/2026,False,,False,
AP03A,1383366,,,-,-,5/18/2026,False,,False,
AP03A,1383367,,,-,-,5/18/2026,False,,False,
AP03A,1383368,,,-,-,5/18/2026,False,,False,
AP03A,1383369,,,-,-,5/18/2026,False,,False,
AP03A,1383370,,,-,-,5/18/2026,False,,False,
AP03A,1383371,,,-,-,5/18/2026,False,,False,
AP03A,1383372,,,-,-,5/18/2026,False,,False,
AP03A,1383373,,,-,-,5/18/2026,False,,False,
AP03A,1383374,,,-,-,5/18/2026,False,,False,
AP03A,1383375,,,-,-,5/18/2026,False,,False,
AP03A,1383376,,,-,-,5/18/2026,False,,False,
AP03A,1383376,U611-LHTOP,149,490656-12,0-0,5/18/2026,False,5/12/2026 3:09:28 AM,True,5/13/2026 10:14:21 AM
AP03A,1383376,U611-RHTOP,81,490647-24,0-0,5/18/2026,False,5/12/2026 3:07:41 AM,True,5/13/2026 8:01:32 AM
AP03A,1383377,,,-,-,5/18/2026,False,,False,
AP03A,1383378,,,-,-,5/18/2026,False,,False,
AP03A,1383379,,,-,-,5/18/2026,False,,False,
AP03A,1383380,,,-,-,5/18/2026,False,,False,
AP03A,1383381,,,-,-,5/18/2026,False,,False,
AP03A,1383382,,,-,-,5/18/2026,False,,False,
AP03A,1383383,,,-,-,5/18/2026,False,,False,
AP03A,1383384,,,-,-,5/18/2026,False,,False,
AP03A,1383385,,,-,-,5/18/2026,False,,False,
AP03A,1383386,,,-,-,5/18/2026,False,,False,
AP03A,1383387,,,-,-,5/18/2026,False,,False,
AP03A,1383388,,,-,-,5/18/2026,False,,False,
AP03A,1383389,,,-,-,5/18/2026,False,,False,
AP03A,1383389,U611-LHTOP,150,490658-1,0-0,5/18/2026,False,5/12/2026 3:09:29 AM,True,5/13/2026 10:16:35 AM
AP03A,1383389,U611-RHTOP,82,490649-1,0-0,5/18/2026,False,5/12/2026 3:07:44 AM,True,5/13/2026 8:08:27 AM
AP03A,1393390,,,-,-,5/18/2026,False,,False,
AP03A,1393391,,,-,-,5/18/2026,False,,False,
AP03A,1393392,,,-,-,5/18/2026,False,,False,
AP03A,1393393,,,-,-,5/18/2026,False,,False,
AP03A,1393394,,,-,-,5/18/2026,False,,False,
AP03A,1393395,,,-,-,5/18/2026,False,,False,
AP03A,1393396,,,-,-,5/18/2026,False,,False,
AP03A,1393397,,,-,-,5/18/2026,False,,False,
AP03A,1393398,,,-,-,5/18/2026,False,,False,
AP03A,1393399,,,-,-,5/18/2026,False,,False,
AP03A,1393400,,,-,-,5/18/2026,False,,False,
AP03A,1393401,,,-,-,5/18/2026,False,,False,
AP03A,1393402,,,-,-,5/18/2026,False,,False,
AP03A,1393402,U611-LHTOP,150,490658-2,0-0,5/18/2026,False,5/12/2026 3:09:29 AM,True,5/13/2026 10:18:09 AM
AP03A,1393402,U611-RHTOP,82,490649-2,0-0,5/18/2026,False,5/12/2026 3:07:45 AM,True,5/13/2026 8:14:59 AM
AP03A,1393403,,,-,-,5/18/2026,False,,False,
AP03A,1393404,,,-,-,5/18/2026,False,,False,
AP03A,1393405,,,-,-,5/18/2026,False,,False,
AP03A,1393406,,,-,-,5/18/2026,False,,False,
AP03A,1393407,,,-,-,5/18/2026,False,,False,
AP03A,1393408,,,-,-,5/18/2026,False,,False,
AP03A,1393409,,,-,-,5/18/2026,False,,False,
AP03A,1393410,,,-,-,5/18/2026,False,,False,
AP03A,1393411,,,-,-,5/18/2026,False,,False,
AP03A,1393412,,,-,-,5/18/2026,False,,False,
AP03A,1393413,,,-,-,5/18/2026,False,,False,
AP03A,1393414,,,-,-,5/18/2026,False,,False,
AP03A,1393415,,,-,-,5/18/2026,False,,False,
AP03A,1393415,U611-LHTOP,150,490658-3,0-0,5/18/2026,False,5/12/2026 3:09:30 AM,True,5/13/2026 10:19:42 AM
AP03A,1393415,U611-RHTOP,82,490649-3,0-0,5/18/2026,False,5/12/2026 3:07:45 AM,True,5/13/2026 8:44:43 AM
AP03A,1393416,,,-,-,5/18/2026,False,,False,
AP03A,1393417,,,-,-,5/18/2026,False,,False,
AP03A,1393418,,,-,-,5/18/2026,False,,False,
AP03A,1393419,,,-,-,5/18/2026,False,,False,
AP03A,1393420,,,-,-,5/18/2026,False,,False,
AP03A,1393421,,,-,-,5/18/2026,False,,False,
AP03A,1393422,,,-,-,5/18/2026,False,,False,
AP03A,1393423,,,-,-,5/18/2026,False,,False,
AP03A,1393424,,,-,-,5/18/2026,False,,False,
AP03A,1393425,,,-,-,5/18/2026,False,,False,
AP03A,1393426,,,-,-,5/18/2026,False,,False,
AP03A,1393427,,,-,-,5/18/2026,False,,False,
AP03A,1393428,,,-,-,5/18/2026,False,,False,
AP03A,1393428,U611-LHTOP,150,490658-4,0-0,5/18/2026,False,5/12/2026 3:09:30 AM,True,5/13/2026 10:21:19 AM
AP03A,1393428,U611-RHTOP,82,490649-4,0-0,5/18/2026,False,5/12/2026 3:07:45 AM,True,5/13/2026 8:48:35 AM
AP03A,1393429,,,-,-,5/18/2026,False,,False,
AP03A,1393430,,,-,-,5/18/2026,False,,False,
AP03A,1393431,,,-,-,5/18/2026,False,,False,
AP03A,1393432,,,-,-,5/18/2026,False,,False,
AP03A,1393433,,,-,-,5/18/2026,False,,False,
AP03A,1393434,,,-,-,5/18/2026,False,,False,
AP03A,1393435,,,-,-,5/18/2026,False,,False,
AP03A,1393436,,,-,-,5/18/2026,False,,False,
AP03A,1393437,,,-,-,5/18/2026,False,,False,
AP03A,1393438,,,-,-,5/18/2026,False,,False,
AP03A,1393439,,,-,-,5/18/2026,False,,False,
AP03A,1393440,,,-,-,5/18/2026,False,,False,
AP03A,1393441,,,-,-,5/18/2026,False,,False,
AP03A,1393441,U611-LHTOP,150,490658-5,0-0,5/18/2026,False,5/12/2026 3:09:30 AM,True,5/13/2026 10:22:43 AM
AP03A,1393441,U611-RHTOP,82,490649-5,0-0,5/18/2026,False,5/12/2026 3:07:45 AM,True,5/13/2026 8:53:11 AM
AP03A,1393442,,,-,-,5/18/2026,False,,False,
AP03A,1393443,,,-,-,5/18/2026,False,,False,
AP03A,1393444,,,-,-,5/18/2026,False,,False,
AP03A,1393445,,,-,-,5/18/2026,False,,False,
AP03A,1393446,,,-,-,5/18/2026,False,,False,
AP03A,1393447,,,-,-,5/18/2026,False,,False,
AP03A,1393448,,,-,-,5/18/2026,False,,False,
AP03A,1393449,,,-,-,5/18/2026,False,,False,
AP03A,1393450,,,-,-,5/18/2026,False,,False,
AP03A,1393451,,,-,-,5/18/2026,False,,False,
AP03A,1393452,,,-,-,5/18/2026,False,,False,
AP03A,1393453,,,-,-,5/18/2026,False,,False,
AP03A,1393453,U611-LHTOP,150,490658-6,0-0,5/18/2026,False,5/12/2026 3:09:31 AM,True,5/13/2026 10:23:55 AM
AP03A,1393453,U611-RHTOP,82,490649-6,0-0,5/18/2026,False,5/12/2026 3:07:45 AM,True,5/13/2026 8:59:19 AM
AP03A,1393454,,,-,-,5/18/2026,False,,False,
AP03A,1393455,,,-,-,5/18/2026,False,,False,
AP03A,1393456,,,-,-,5/18/2026,False,,False,
AP03A,1393457,,,-,-,5/18/2026,False,,False,
AP03A,1393458,,,-,-,5/18/2026,False,,False,
AP03A,1393459,,,-,-,5/18/2026,False,,False,
AP03A,1393460,,,-,-,5/18/2026,False,,False,
AP03A,1393461,,,-,-,5/18/2026,False,,False,
AP03A,1393462,,,-,-,5/18/2026,False,,False,
AP03A,1393463,,,-,-,5/18/2026,False,,False,
AP03A,1393464,,,-,-,5/18/2026,False,,False,
AP03A,1393465,,,-,-,5/18/2026,False,,False,
AP03A,1393466,,,-,-,5/18/2026,False,,False,
AP03A,1393466,U611-LHTOP,150,490658-7,0-0,5/18/2026,False,5/12/2026 3:09:31 AM,True,5/13/2026 10:26:10 AM
AP03A,1393466,U611-RHTOP,82,490649-7,0-0,5/18/2026,False,5/12/2026 3:07:46 AM,True,5/13/2026 9:06:05 AM
AP03A,1393467,,,-,-,5/18/2026,False,,False,
AP03A,1393468,,,-,-,5/18/2026,False,,False,
AP03A,1393469,,,-,-,5/18/2026,False,,False,
AP03A,1393470,,,-,-,5/18/2026,False,,False,
AP03A,1393471,,,-,-,5/18/2026,False,,False,
AP03A,1393472,,,-,-,5/18/2026,False,,False,
AP03A,1393473,,,-,-,5/18/2026,False,,False,
AP03A,1393474,,,-,-,5/18/2026,False,,False,
AP03A,1393475,,,-,-,5/18/2026,False,,False,
AP03A,1393476,,,-,-,5/18/2026,False,,False,
AP03A,1393477,,,-,-,5/18/2026,False,,False,
AP03A,1393478,,,-,-,5/18/2026,False,,False,
AP03A,1393479,,,-,-,5/18/2026,False,,False,
AP03A,1393479,U611-LHTOP,150,490658-8,0-0,5/18/2026,False,5/12/2026 3:09:32 AM,True,5/13/2026 10:27:34 AM
AP03A,1393479,U611-RHTOP,82,490649-8,0-0,5/18/2026,False,5/12/2026 3:07:46 AM,True,5/13/2026 9:10:38 AM
AP03A,1393480,,,-,-,5/18/2026,False,,False,
AP03A,1393481,,,-,-,5/18/2026,False,,False,
AP03A,1393482,,,-,-,5/18/2026,False,,False,
AP03A,1393483,,,-,-,5/18/2026,False,,False,
AP03A,1393484,,,-,-,5/18/2026,False,,False,
AP03A,1393485,,,-,-,5/18/2026,False,,False,
AP03A,1393486,,,-,-,5/18/2026,False,,False,
AP03A,1393487,,,-,-,5/18/2026,False,,False,
AP03A,1393488,,,-,-,5/18/2026,False,,False,
AP03A,1393489,,,-,-,5/18/2026,False,,False,
AP03A,1393490,,,-,-,5/18/2026,False,,False,
AP03A,1393491,,,-,-,5/18/2026,False,,False,
AP03A,1393492,,,-,-,5/18/2026,False,,False,
AP03A,1393492,U611-LHTOP,150,490658-9,0-0,5/18/2026,False,5/12/2026 3:09:32 AM,True,5/13/2026 10:29:06 AM
AP03A,1393492,U611-RHTOP,82,490649-9,0-0,5/18/2026,False,5/12/2026 3:07:47 AM,True,5/13/2026 9:16:09 AM
AP03A,1393493,,,-,-,5/18/2026,False,,False,
AP03A,1393494,,,-,-,5/18/2026,False,,False,
AP03A,1393495,,,-,-,5/18/2026,False,,False,
AP03A,1393496,,,-,-,5/18/2026,False,,False,
AP03A,1393497,,,-,-,5/18/2026,False,,False,
AP03A,1393498,,,-,-,5/18/2026,False,,False,
AP03A,1393499,,,-,-,5/18/2026,False,,False,
AP03A,1393500,,,-,-,5/18/2026,False,,False,
AP03A,1393501,,,-,-,5/18/2026,False,,False,
AP03A,1393502,,,-,-,5/18/2026,False,,False,
AP03A,1393503,,,-,-,5/18/2026,False,,False,
AP03A,1393504,,,-,-,5/18/2026,False,,False,
AP03A,1393505,,,-,-,5/18/2026,False,,False,
AP03A,1393505,U611-LHTOP,150,490658-10,0-0,5/18/2026,False,5/12/2026 3:09:33 AM,True,5/13/2026 10:31:02 AM
AP03A,1393505,U611-RHTOP,82,490649-10,0-0,5/18/2026,False,5/12/2026 3:07:47 AM,True,5/13/2026 9:20:02 AM
AP03A,1393506,,,-,-,5/18/2026,False,,False,
AP03A,1393507,,,-,-,5/18/2026,False,,False,
AP03A,1393508,,,-,-,5/18/2026,False,,False,
AP03A,1393509,,,-,-,5/18/2026,False,,False,
AP03A,1393510,,,-,-,5/18/2026,False,,False,
AP03A,1393511,,,-,-,5/18/2026,False,,False,
AP03A,1393512,,,-,-,5/18/2026,False,,False,
AP03A,1393513,,,-,-,5/18/2026,False,,False,
AP03A,1393514,,,-,-,5/18/2026,False,,False,
AP03A,1393515,,,-,-,5/18/2026,False,,False,
AP03A,1393516,,,-,-,5/18/2026,False,,False,
AP03A,1393517,,,-,-,5/18/2026,False,,False,
AP03A,1393517,U611-LHTOP,150,490658-11,0-0,5/18/2026,False,5/12/2026 3:09:43 AM,True,5/13/2026 10:32:22 AM
AP03A,1393517,U611-RHTOP,82,490649-11,0-0,5/18/2026,False,5/12/2026 3:08:02 AM,True,5/13/2026 9:23:52 AM
AP03A,1393518,,,-,-,5/18/2026,False,,False,
AP03A,1393519,,,-,-,5/18/2026,False,,False,
AP03A,1393520,,,-,-,5/18/2026,False,,False,
AP03A,1393521,,,-,-,5/18/2026,False,,False,
AP03A,1393522,,,-,-,5/18/2026,False,,False,
AP03A,1393523,,,-,-,5/18/2026,False,,False,
AP03A,1393524,,,-,-,5/18/2026,False,,False,
AP03A,1393525,,,-,-,5/18/2026,False,,False,
AP03A,1393526,,,-,-,5/18/2026,False,,False,
AP03A,1393527,,,-,-,5/18/2026,False,,False,
AP03A,1393528,,,-,-,5/18/2026,False,,False,
AP03A,1393529,,,-,-,5/18/2026,False,,False,
AP03A,1393530,,,-,-,5/18/2026,False,,False,
AP03A,1393530,U611-LHTOP,150,490658-12,0-0,5/18/2026,False,5/12/2026 3:09:43 AM,True,5/13/2026 10:33:49 AM
AP03A,1393530,U611-RHTOP,82,490649-12,0-0,5/18/2026,False,5/12/2026 3:08:02 AM,True,5/13/2026 9:28:32 AM
AP03A,1393531,,,-,-,5/18/2026,False,,False,
AP03A,1393532,,,-,-,5/18/2026,False,,False,
AP03A,1393533,,,-,-,5/18/2026,False,,False,
AP03A,1393534,,,-,-,5/18/2026,False,,False,
AP03A,1393535,,,-,-,5/18/2026,False,,False,
AP03A,1393536,,,-,-,5/18/2026,False,,False,
AP03A,1393537,,,-,-,5/18/2026,False,,False,
AP03A,1393538,,,-,-,5/18/2026,False,,False,
AP03A,1393539,,,-,-,5/18/2026,False,,False,
AP03A,1393540,,,-,-,5/18/2026,False,,False,
AP03A,1393541,,,-,-,5/18/2026,False,,False,
AP03A,1393542,,,-,-,5/18/2026,False,,False,
AP03A,1393543,,,-,-,5/18/2026,False,,False,
AP03A,1393543,U611-LHTOP,151,490659-1,0-0,5/18/2026,False,5/12/2026 3:09:44 AM,True,5/13/2026 10:36:46 AM
AP03A,1393543,U611-RHTOP,82,490649-13,0-0,5/18/2026,False,5/12/2026 3:08:02 AM,True,5/13/2026 9:34:50 AM
AP03A,1393544,,,-,-,5/18/2026,False,,False,
AP03A,1393545,,,-,-,5/18/2026,False,,False,
AP03A,1393546,,,-,-,5/18/2026,False,,False,
AP03A,1393547,,,-,-,5/18/2026,False,,False,
AP03A,1393548,,,-,-,5/18/2026,False,,False,
AP03A,1393549,,,-,-,5/18/2026,False,,False,
AP03A,1393550,,,-,-,5/18/2026,False,,False,
AP03A,1393551,,,-,-,5/18/2026,False,,False,
AP03A,1393552,,,-,-,5/18/2026,False,,False,
AP03A,1393553,,,-,-,5/18/2026,False,,False,
AP03A,1393554,,,-,-,5/18/2026,False,,False,
AP03A,1393555,,,-,-,5/18/2026,False,,False,
AP03A,1393556,,,-,-,5/18/2026,False,,False,
AP03A,1393556,U611-LHTOP,151,490659-2,0-0,5/18/2026,False,5/12/2026 3:09:45 AM,True,5/13/2026 10:38:45 AM
AP03A,1393556,U611-RHTOP,82,490649-14,0-0,5/18/2026,False,5/12/2026 3:08:03 AM,True,5/13/2026 9:39:17 AM
AP03A,1393557,,,-,-,5/18/2026,False,,False,
AP03A,1393558,,,-,-,5/18/2026,False,,False,
AP03A,1393559,,,-,-,5/18/2026,False,,False,
AP03A,1393560,,,-,-,5/18/2026,False,,False,
AP03A,1393561,,,-,-,5/18/2026,False,,False,
AP03A,1393562,,,-,-,5/18/2026,False,,False,
AP03A,1393563,,,-,-,5/18/2026,False,,False,
AP03A,1393564,,,-,-,5/18/2026,False,,False,
AP03A,1393565,,,-,-,5/18/2026,False,,False,
AP03A,1393566,,,-,-,5/18/2026,False,,False,
AP03A,1393567,,,-,-,5/18/2026,False,,False,
AP03A,1393568,,,-,-,5/18/2026,False,,False,
AP03A,1393569,,,-,-,5/18/2026,False,,False,
AP03A,1393569,U611-LHTOP,151,490659-3,0-0,5/18/2026,False,5/12/2026 3:09:45 AM,True,5/13/2026 10:40:47 AM
AP03A,1393569,U611-RHTOP,82,490649-15,0-0,5/18/2026,False,5/12/2026 3:08:04 AM,True,5/13/2026 9:43:18 AM
AP03A,1393570,,,-,-,5/18/2026,False,,False,
AP03A,1393571,,,-,-,5/18/2026,False,,False,
AP03A,1393572,,,-,-,5/18/2026,False,,False,
AP03A,1393573,,,-,-,5/18/2026,False,,False,
AP03A,1393574,,,-,-,5/18/2026,False,,False,
AP03A,1393575,,,-,-,5/18/2026,False,,False,
AP03A,1393576,,,-,-,5/18/2026,False,,False,
AP03A,1393577,,,-,-,5/18/2026,False,,False,
AP03A,1393578,,,-,-,5/18/2026,False,,False,
AP03A,1393579,,,-,-,5/18/2026,False,,False,
AP03A,1393580,,,-,-,5/18/2026,False,,False,
AP03A,1393581,,,-,-,5/18/2026,False,,False,
AP03A,1393581,U611-LHTOP,151,490659-4,0-0,5/18/2026,False,5/12/2026 3:09:45 AM,True,5/13/2026 10:42:14 AM
AP03A,1393581,U611-RHTOP,82,490649-16,0-0,5/18/2026,False,5/12/2026 3:08:04 AM,True,5/13/2026 9:48:07 AM
AP03A,1393582,,,-,-,5/18/2026,False,,False,
AP03A,1393583,,,-,-,5/18/2026,False,,False,
AP03A,1393584,,,-,-,5/18/2026,False,,False,
AP03A,1393585,,,-,-,5/18/2026,False,,False,
AP03A,1393586,,,-,-,5/18/2026,False,,False,
AP03A,1393587,,,-,-,5/18/2026,False,,False,
AP03A,1393588,,,-,-,5/18/2026,False,,False,
AP03A,1393589,,,-,-,5/18/2026,False,,False,
AP03A,1393590,,,-,-,5/18/2026,False,,False,
AP03A,1393591,,,-,-,5/18/2026,False,,False,
AP03A,1393592,,,-,-,5/18/2026,False,,False,
AP03A,1393593,,,-,-,5/18/2026,False,,False,
AP03A,1393594,,,-,-,5/18/2026,False,,False,
AP03A,1393594,U611-LHTOP,151,490659-5,0-0,5/18/2026,False,5/12/2026 3:09:46 AM,True,5/13/2026 10:43:48 AM
AP03A,1393594,U611-RHTOP,82,490649-17,0-0,5/18/2026,False,5/12/2026 3:08:05 AM,True,5/13/2026 9:53:01 AM
AP03A,1393595,,,-,-,5/18/2026,False,,False,
AP03A,1393596,,,-,-,5/18/2026,False,,False,
AP03A,1393597,,,-,-,5/18/2026,False,,False,
AP03A,1393598,,,-,-,5/18/2026,False,,False,
AP03A,1393599,,,-,-,5/18/2026,False,,False,
AP03A,1393600,,,-,-,5/18/2026,False,,False,
AP03A,1393601,,,-,-,5/18/2026,False,,False,
AP03A,1393602,,,-,-,5/18/2026,False,,False,
AP03A,1393603,,,-,-,5/18/2026,False,,False,
AP03A,1393604,,,-,-,5/18/2026,False,,False,
AP03A,1393605,,,-,-,5/18/2026,False,,False,
AP03A,1393606,,,-,-,5/18/2026,False,,False,
AP03A,1393607,,,-,-,5/18/2026,False,,False,
AP03A,1393607,U611-LHTOP,151,490659-6,0-0,5/18/2026,False,5/12/2026 3:09:46 AM,True,5/13/2026 10:45:06 AM
AP03A,1393607,U611-RHTOP,82,490649-18,0-0,5/18/2026,False,5/12/2026 3:08:05 AM,True,5/13/2026 9:57:18 AM
AP03A,1393608,,,-,-,5/18/2026,False,,False,
AP03A,1393609,,,-,-,5/18/2026,False,,False,
AP03A,1393610,,,-,-,5/18/2026,False,,False,
AP03A,1393611,,,-,-,5/18/2026,False,,False,
AP03A,1393612,,,-,-,5/18/2026,False,,False,
AP03A,1393613,,,-,-,5/18/2026,False,,False,
AP03A,1393614,,,-,-,5/18/2026,False,,False,
AP03A,1393615,,,-,-,5/18/2026,False,,False,
AP03A,1393616,,,-,-,5/18/2026,False,,False,
AP03A,1393617,,,-,-,5/18/2026,False,,False,
AP03A,1393618,,,-,-,5/18/2026,False,,False,
AP03A,1393619,,,-,-,5/18/2026,False,,False,
AP03A,1393620,,,-,-,5/18/2026,False,,False,
AP03A,1393620,U611-LHTOP,151,490659-7,0-0,5/18/2026,False,5/12/2026 3:09:46 AM,True,5/13/2026 10:46:49 AM
AP03A,1393620,U611-RHTOP,82,490649-19,0-0,5/18/2026,False,5/12/2026 3:08:05 AM,True,5/13/2026 10:01:30 AM
AP03A,1393621,,,-,-,5/18/2026,False,,False,
AP03A,1393622,,,-,-,5/18/2026,False,,False,
AP03A,1393623,,,-,-,5/18/2026,False,,False,
AP03A,1393624,,,-,-,5/18/2026,False,,False,
AP03A,1393625,,,-,-,5/18/2026,False,,False,
AP03A,1393626,,,-,-,5/18/2026,False,,False,
AP03A,1393627,,,-,-,5/18/2026,False,,False,
AP03A,1393628,,,-,-,5/18/2026,False,,False,
AP03A,1393629,,,-,-,5/18/2026,False,,False,
AP03A,1393630,,,-,-,5/18/2026,False,,False,
AP03A,1393631,,,-,-,5/18/2026,False,,False,
AP03A,1393632,,,-,-,5/18/2026,False,,False,
AP03A,1393633,,,-,-,5/18/2026,False,,False,
AP03A,1393633,U611-LHTOP,151,490659-8,0-0,5/18/2026,False,5/12/2026 3:09:47 AM,True,5/13/2026 10:48:12 AM
AP03A,1393633,U611-RHTOP,82,490649-20,0-0,5/18/2026,False,5/12/2026 3:08:06 AM,True,5/13/2026 10:06:29 AM
AP03A,1393634,,,-,-,5/18/2026,False,,False,
AP03A,1393635,,,-,-,5/18/2026,False,,False,
AP03A,1393636,,,-,-,5/18/2026,False,,False,
AP03A,1393637,,,-,-,5/18/2026,False,,False,
AP03A,1393638,,,-,-,5/18/2026,False,,False,
AP03A,1393639,,,-,-,5/18/2026,False,,False,
AP03A,1393640,,,-,-,5/18/2026,False,,False,
AP03A,1393641,,,-,-,5/18/2026,False,,False,
AP03A,1393642,,,-,-,5/18/2026,False,,False,
AP03A,1393643,,,-,-,5/18/2026,False,,False,
AP03A,1393644,,,-,-,5/18/2026,False,,False,
AP03A,1393645,,,-,-,5/18/2026,False,,False,
AP03A,1393645,U611-LHTOP,151,490659-9,0-0,5/18/2026,False,5/12/2026 3:09:47 AM,True,5/13/2026 10:49:29 AM
AP03A,1393645,U611-RHTOP,82,490649-21,0-0,5/18/2026,False,5/12/2026 3:08:06 AM,True,5/13/2026 10:11:30 AM
AP03A,1393646,,,-,-,5/18/2026,False,,False,
AP03A,1393647,,,-,-,5/18/2026,False,,False,
AP03A,1393648,,,-,-,5/18/2026,False,,False,
AP03A,1393649,,,-,-,5/18/2026,False,,False,
AP03A,1393650,,,-,-,5/18/2026,False,,False,
AP03A,1393651,,,-,-,5/18/2026,False,,False,
AP03A,1393652,,,-,-,5/18/2026,False,,False,
AP03A,1393653,,,-,-,5/18/2026,False,,False,
AP03A,1393654,,,-,-,5/18/2026,False,,False,
AP03A,1393655,,,-,-,5/18/2026,False,,False,
AP03A,1393656,,,-,-,5/18/2026,False,,False,
AP03A,1393657,,,-,-,5/18/2026,False,,False,
AP03A,1393658,,,-,-,5/18/2026,False,,False,
AP03A,1393658,U611-LHTOP,151,490659-10,0-0,5/18/2026,False,5/12/2026 3:09:47 AM,True,5/13/2026 10:50:58 AM
AP03A,1393658,U611-RHTOP,82,490649-22,0-0,5/18/2026,False,5/12/2026 3:08:06 AM,True,5/13/2026 10:15:32 AM
AP03A,1393659,,,-,-,5/18/2026,False,,False,
AP03A,1393660,,,-,-,5/18/2026,False,,False,
AP03A,1393661,,,-,-,5/18/2026,False,,False,
AP03A,1393662,,,-,-,5/18/2026,False,,False,
AP03A,1393663,,,-,-,5/18/2026,False,,False,
AP03A,1393664,,,-,-,5/18/2026,False,,False,
AP03A,1393665,,,-,-,5/18/2026,False,,False,
AP03A,1393666,,,-,-,5/18/2026,False,,False,
AP03A,1393667,,,-,-,5/18/2026,False,,False,
AP03A,1393668,,,-,-,5/18/2026,False,,False,
AP03A,1393669,,,-,-,5/18/2026,False,,False,
AP03A,1393670,,,-,-,5/18/2026,False,,False,
AP03A,1393671,,,-,-,5/18/2026,False,,False,
AP03A,1393671,U611-LHTOP,151,490659-11,0-0,5/18/2026,False,5/12/2026 3:09:58 AM,True,5/13/2026 10:52:21 AM
AP03A,1393671,U611-RHTOP,82,490649-23,0-0,5/18/2026,False,5/12/2026 3:08:06 AM,True,5/13/2026 10:19:19 AM
AP03A,1393672,,,-,-,5/18/2026,False,,False,
AP03A,1393673,,,-,-,5/18/2026,False,,False,
AP03A,1393674,,,-,-,5/18/2026,False,,False,
AP03A,1393675,,,-,-,5/18/2026,False,,False,
AP03A,1393676,,,-,-,5/18/2026,False,,False,
AP03A,1393677,,,-,-,5/18/2026,False,,False,
AP03A,1393678,,,-,-,5/18/2026,False,,False,
AP03A,1393679,,,-,-,5/18/2026,False,,False,
AP03A,1393680,,,-,-,5/18/2026,False,,False,
AP03A,1393681,,,-,-,5/18/2026,False,,False,
AP03A,1393682,,,-,-,5/18/2026,False,,False,
AP03A,1393683,,,-,-,5/18/2026,False,,False,
AP03A,1393684,,,-,-,5/18/2026,False,,False,
AP03A,1393684,U611-LHTOP,151,490659-12,0-0,5/18/2026,False,5/12/2026 3:09:58 AM,True,5/13/2026 10:54:04 AM
AP03A,1393684,U611-RHTOP,82,490649-24,0-0,5/18/2026,False,5/12/2026 3:08:07 AM,True,5/13/2026 10:23:31 AM
AP03A,1393685,,,-,-,5/18/2026,False,,False,
AP03A,1393686,,,-,-,5/18/2026,False,,False,
AP03A,1393687,,,-,-,5/18/2026,False,,False,
AP03A,1393688,,,-,-,5/18/2026,False,,False,
AP03A,1393689,,,-,-,5/18/2026,False,,False,
AP03A,1393690,,,-,-,5/18/2026,False,,False,
AP03A,1393691,,,-,-,5/18/2026,False,,False,
AP03A,1393692,,,-,-,5/18/2026,False,,False,
AP03A,1393693,,,-,-,5/18/2026,False,,False,
AP03A,1393694,,,-,-,5/18/2026,False,,False,
AP03A,1393695,,,-,-,5/18/2026,False,,False,
AP03A,1393696,,,-,-,5/18/2026,False,,False,
AP03A,1393697,,,-,-,5/18/2026,False,,False,
AP03A,1393697,U611-LHTOP,152,490660-1,0-0,5/18/2026,False,5/12/2026 3:09:59 AM,True,5/13/2026 10:56:44 AM
AP03A,1393697,U611-RHTOP,83,490651-1,0-0,5/18/2026,False,5/12/2026 3:08:11 AM,True,5/13/2026 10:27:47 AM
AP03A,1393698,,,-,-,5/18/2026,False,,False,
AP03A,1393699,,,-,-,5/18/2026,False,,False,
AP03A,1393700,,,-,-,5/18/2026,False,,False,
AP03A,1393701,,,-,-,5/18/2026,False,,False,
AP03A,1393702,,,-,-,5/18/2026,False,,False,
AP03A,1393703,,,-,-,5/18/2026,False,,False,
AP03A,1393704,,,-,-,5/18/2026,False,,False,
AP03A,1393705,,,-,-,5/18/2026,False,,False,
AP03A,1393706,,,-,-,5/18/2026,False,,False,
AP03A,1393707,,,-,-,5/18/2026,False,,False,
AP03A,1393708,,,-,-,5/18/2026,False,,False,
AP03A,1393709,,,-,-,5/18/2026,False,,False,
AP03A,1393709,U611-LHTOP,152,490660-2,0-0,5/18/2026,False,5/12/2026 3:09:59 AM,True,5/13/2026 10:58:33 AM
AP03A,1393709,U611-RHTOP,83,490651-2,0-0,5/18/2026,False,5/12/2026 3:08:11 AM,True,5/13/2026 10:32:59 AM
AP03A,1393710,,,-,-,5/18/2026,False,,False,
AP03A,1393711,,,-,-,5/18/2026,False,,False,
AP03A,1393712,,,-,-,5/18/2026,False,,False,
AP03A,1393713,,,-,-,5/18/2026,False,,False,
AP03A,1393714,,,-,-,5/18/2026,False,,False,
AP03A,1393715,,,-,-,5/18/2026,False,,False,
AP03A,1393716,,,-,-,5/18/2026,False,,False,
AP03A,1393717,,,-,-,5/18/2026,False,,False,
AP03A,1393718,,,-,-,5/18/2026,False,,False,
AP03A,1393719,,,-,-,5/18/2026,False,,False,
AP03A,1393720,,,-,-,5/18/2026,False,,False,
AP03A,1393721,,,-,-,5/18/2026,False,,False,
AP03A,1393722,,,-,-,5/18/2026,False,,False,
AP03A,1393722,U611-LHTOP,152,490660-3,0-0,5/18/2026,False,5/12/2026 3:09:59 AM,True,5/14/2026 6:13:25 AM
AP03A,1393722,U611-RHTOP,83,490651-3,0-0,5/18/2026,False,5/12/2026 3:08:12 AM,True,5/13/2026 10:41:14 AM
AP03A,1393723,,,-,-,5/18/2026,False,,False,
AP03A,1393724,,,-,-,5/18/2026,False,,False,
AP03A,1393725,,,-,-,5/18/2026,False,,False,
AP03A,1393726,,,-,-,5/18/2026,False,,False,
AP03A,1393727,,,-,-,5/18/2026,False,,False,
AP03A,1393728,,,-,-,5/18/2026,False,,False,
AP03A,1393729,,,-,-,5/18/2026,False,,False,
AP03A,1393730,,,-,-,5/18/2026,False,,False,
AP03A,1393731,,,-,-,5/18/2026,False,,False,
AP03A,1393732,,,-,-,5/18/2026,False,,False,
AP03A,1393733,,,-,-,5/18/2026,False,,False,
AP03A,1393734,,,-,-,5/18/2026,False,,False,
AP03A,1393735,,,-,-,5/18/2026,False,,False,
AP03A,1393735,U611-LHTOP,152,490660-4,0-0,5/18/2026,False,5/12/2026 3:10:00 AM,True,5/14/2026 6:18:19 AM
AP03A,1393735,U611-RHTOP,83,490651-4,0-0,5/18/2026,False,5/12/2026 3:08:12 AM,True,5/13/2026 10:51:26 AM
AP03A,1393736,,,-,-,5/18/2026,False,,False,
AP03A,1393737,,,-,-,5/18/2026,False,,False,
AP03A,1393738,,,-,-,5/18/2026,False,,False,
AP03A,1393739,,,-,-,5/18/2026,False,,False,
AP03A,1393740,,,-,-,5/18/2026,False,,False,
AP03A,1393741,,,-,-,5/18/2026,False,,False,
AP03A,1393742,,,-,-,5/18/2026,False,,False,
AP03A,1393743,,,-,-,5/18/2026,False,,False,
AP03A,1393744,,,-,-,5/18/2026,False,,False,
AP03A,1393745,,,-,-,5/18/2026,False,,False,
AP03A,1393746,,,-,-,5/18/2026,False,,False,
AP03A,1393747,,,-,-,5/18/2026,False,,False,
AP03A,1393748,,,-,-,5/18/2026,False,,False,
AP03A,1393748,U611-LHTOP,152,490660-5,0-0,5/18/2026,False,5/12/2026 3:10:01 AM,True,5/14/2026 6:21:03 AM
AP03A,1393748,U611-RHTOP,83,490651-5,0-0,5/18/2026,False,5/12/2026 3:08:12 AM,True,5/13/2026 6:22:37 PM
AP03A,1393749,,,-,-,5/18/2026,False,,False,
AP03A,1393750,,,-,-,5/18/2026,False,,False,
AP03A,1393751,,,-,-,5/18/2026,False,,False,
AP03A,1393752,,,-,-,5/18/2026,False,,False,
AP03A,1393753,,,-,-,5/18/2026,False,,False,
AP03A,1393754,,,-,-,5/18/2026,False,,False,
AP03A,1393755,,,-,-,5/18/2026,False,,False,
AP03A,1393756,,,-,-,5/18/2026,False,,False,
AP03A,1393757,,,-,-,5/18/2026,False,,False,
AP03A,1393758,,,-,-,5/18/2026,False,,False,
AP03A,1393759,,,-,-,5/18/2026,False,,False,
AP03A,1393760,,,-,-,5/18/2026,False,,False,
AP03A,1393761,,,-,-,5/18/2026,False,,False,
AP03A,1393761,U611-LHTOP,152,490660-6,0-0,5/18/2026,False,5/12/2026 3:10:01 AM,True,5/14/2026 6:22:50 AM
AP03A,1393761,U611-RHTOP,83,490651-6,0-0,5/18/2026,False,5/12/2026 3:08:13 AM,True,5/13/2026 6:26:32 PM
AP03A,1393762,,,-,-,5/18/2026,False,,False,
AP03A,1393763,,,-,-,5/18/2026,False,,False,
AP03A,1393764,,,-,-,5/18/2026,False,,False,
AP03A,1393765,,,-,-,5/18/2026,False,,False,
AP03A,1393766,,,-,-,5/18/2026,False,,False,
AP03A,1393767,,,-,-,5/18/2026,False,,False,
AP03A,1393768,,,-,-,5/18/2026,False,,False,
AP03A,1393769,,,-,-,5/18/2026,False,,False,
AP03A,1393770,,,-,-,5/18/2026,False,,False,
AP03A,1393771,,,-,-,5/18/2026,False,,False,
AP03A,1393772,,,-,-,5/18/2026,False,,False,
AP03A,1393773,,,-,-,5/18/2026,False,,False,
AP03A,1393773,U611-LHTOP,152,490660-7,0-0,5/18/2026,False,5/12/2026 3:10:01 AM,True,5/14/2026 6:24:28 AM
AP03A,1393773,U611-RHTOP,83,490651-7,0-0,5/18/2026,False,5/12/2026 3:08:13 AM,True,5/13/2026 6:29:51 PM
AP03A,1393774,,,-,-,5/18/2026,False,,False,
AP03A,1393775,,,-,-,5/18/2026,False,,False,
AP03A,1393776,,,-,-,5/18/2026,False,,False,
AP03A,1393777,,,-,-,5/18/2026,False,,False,
AP03A,1393778,,,-,-,5/18/2026,False,,False,
AP03A,1393779,,,-,-,5/18/2026,False,,False,
AP03A,1393780,,,-,-,5/18/2026,False,,False,
AP03A,1393781,,,-,-,5/18/2026,False,,False,
AP03A,1393782,,,-,-,5/18/2026,False,,False,
AP03A,1393783,,,-,-,5/18/2026,False,,False,
AP03A,1393784,,,-,-,5/18/2026,False,,False,
AP03A,1393785,,,-,-,5/18/2026,False,,False,
AP03A,1393786,,,-,-,5/18/2026,False,,False,
AP03A,1393786,U611-LHTOP,152,490660-8,0-0,5/18/2026,False,5/12/2026 3:10:01 AM,True,5/14/2026 6:25:52 AM
AP03A,1393786,U611-RHTOP,83,490651-8,0-0,5/18/2026,False,5/12/2026 3:08:14 AM,True,5/13/2026 6:33:13 PM
AP03A,1393787,,,-,-,5/18/2026,False,,False,
AP03A,1393788,,,-,-,5/18/2026,False,,False,
AP03A,1393789,,,-,-,5/18/2026,False,,False,
AP03A,1393790,,,-,-,5/18/2026,False,,False,
AP03A,1393791,,,-,-,5/18/2026,False,,False,
AP03A,1393792,,,-,-,5/18/2026,False,,False,
AP03A,1393793,,,-,-,5/18/2026,False,,False,
AP03A,1393794,,,-,-,5/18/2026,False,,False,
AP03A,1393795,,,-,-,5/18/2026,False,,False,
AP03A,1393796,,,-,-,5/18/2026,False,,False,
AP03A,1393797,,,-,-,5/18/2026,False,,False,
AP03A,1393798,,,-,-,5/18/2026,False,,False,
AP03A,1393799,,,-,-,5/18/2026,False,,False,
AP03A,1393799,U611-LHTOP,152,490660-9,0-0,5/18/2026,False,5/12/2026 3:10:01 AM,True,5/14/2026 6:27:11 AM
AP03A,1393799,U611-RHTOP,83,490651-9,0-0,5/18/2026,False,5/12/2026 3:08:14 AM,True,5/13/2026 6:36:32 PM
AP03A,1393800,,,-,-,5/18/2026,False,,False,
AP03A,1393801,,,-,-,5/18/2026,False,,False,
AP03A,1393802,,,-,-,5/18/2026,False,,False,
AP03A,1393803,,,-,-,5/18/2026,False,,False,
AP03A,1393804,,,-,-,5/18/2026,False,,False,
AP03A,1393805,,,-,-,5/18/2026,False,,False,
AP03A,1393806,,,-,-,5/18/2026,False,,False,
AP03A,1393807,,,-,-,5/18/2026,False,,False,
AP03A,1393808,,,-,-,5/18/2026,False,,False,
AP03A,1393809,,,-,-,5/18/2026,False,,False,
AP03A,1393810,,,-,-,5/18/2026,False,,False,
AP03A,1393811,,,-,-,5/18/2026,False,,False,
AP03A,1393812,,,-,-,5/18/2026,False,,False,
AP03A,1393812,U611-LHTOP,152,490660-10,-,5/18/2026,False,5/12/2026 3:10:01 AM,False,5/12/2026 3:10:01 AM
AP03A,1393812,U611-RHTOP,83,490651-10,0-0,5/18/2026,False,5/12/2026 3:08:15 AM,True,5/13/2026 6:40:19 PM
AP03A,1393813,,,-,-,5/18/2026,False,,False,
AP03A,1393814,,,-,-,5/18/2026,False,,False,
AP03A,1393815,,,-,-,5/18/2026,False,,False,
AP03A,1393816,,,-,-,5/18/2026,False,,False,
AP03A,1393817,,,-,-,5/18/2026,False,,False,
AP03A,1393818,,,-,-,5/18/2026,False,,False,
AP03A,1393819,,,-,-,5/18/2026,False,,False,
AP03A,1393820,,,-,-,5/18/2026,False,,False,
AP03A,1393821,,,-,-,5/19/2026,False,,False,
AP03A,1393822,,,-,-,5/19/2026,False,,False,
AP03A,1393823,,,-,-,5/19/2026,False,,False,
AP03A,1393824,,,-,-,5/19/2026,False,,False,
AP03A,1393825,,,-,-,5/19/2026,False,,False,
AP03A,1393825,U611-LHTOP,152,490660-11,-,5/18/2026,False,5/12/2026 3:10:12 AM,False,5/12/2026 3:10:12 AM
AP03A,1393825,U611-RHTOP,83,490651-11,0-0,5/18/2026,False,5/12/2026 3:08:31 AM,True,5/13/2026 6:43:44 PM
AP03A,1393826,,,-,-,5/19/2026,False,,False,
AP03A,1393827,,,-,-,5/19/2026,False,,False,
AP03A,1393828,,,-,-,5/19/2026,False,,False,
AP03A,1393829,,,-,-,5/19/2026,False,,False,
AP03A,1393830,,,-,-,5/19/2026,False,,False,
AP03A,1393831,,,-,-,5/19/2026,False,,False,
AP03A,1393832,,,-,-,5/19/2026,False,,False,
AP03A,1393833,,,-,-,5/19/2026,False,,False,
AP03A,1393834,,,-,-,5/19/2026,False,,False,
AP03A,1393835,,,-,-,5/19/2026,False,,False,
AP03A,1393836,,,-,-,5/19/2026,False,,False,
AP03A,1393837,,,-,-,5/19/2026,False,,False,
AP03A,1393837,U611-LHTOP,152,490660-12,-,5/18/2026,False,5/12/2026 3:10:12 AM,False,5/12/2026 3:10:12 AM
AP03A,1393837,U611-RHTOP,83,490651-12,0-0,5/18/2026,False,5/12/2026 3:08:31 AM,True,5/13/2026 6:47:29 PM
AP03A,1393838,,,-,-,5/19/2026,False,,False,
AP03A,1393839,,,-,-,5/19/2026,False,,False,
AP03A,1393840,,,-,-,5/19/2026,False,,False,
AP03A,1393841,,,-,-,5/19/2026,False,,False,
AP03A,1393842,,,-,-,5/19/2026,False,,False,
AP03A,1393843,,,-,-,5/19/2026,False,,False,
AP03A,1393844,,,-,-,5/19/2026,False,,False,
AP03A,1393845,,,-,-,5/19/2026,False,,False,
AP03A,1393846,,,-,-,5/19/2026,False,,False,
AP03A,1393847,,,-,-,5/19/2026,False,,False,
AP03A,1393848,,,-,-,5/19/2026,False,,False,
AP03A,1393849,,,-,-,5/19/2026,False,,False,
AP03A,1393850,,,-,-,5/19/2026,False,,False,
AP03A,1393850,U611-LHTOP,153,490661-1,-,5/18/2026,False,5/12/2026 3:10:13 AM,False,5/12/2026 3:10:13 AM
AP03A,1393850,U611-RHTOP,83,490651-13,0-0,5/18/2026,False,5/12/2026 3:08:31 AM,True,5/13/2026 6:51:19 PM
AP03A,1393851,,,-,-,5/19/2026,False,,False,
AP03A,1393852,,,-,-,5/19/2026,False,,False,
AP03A,1393853,,,-,-,5/19/2026,False,,False,
AP03A,1393854,,,-,-,5/19/2026,False,,False,
AP03A,1393855,,,-,-,5/19/2026,False,,False,
AP03A,1393856,,,-,-,5/19/2026,False,,False,
AP03A,1393857,,,-,-,5/19/2026,False,,False,
AP03A,1393858,,,-,-,5/19/2026,False,,False,
AP03A,1393859,,,-,-,5/19/2026,False,,False,
AP03A,1393860,,,-,-,5/19/2026,False,,False,
AP03A,1393861,,,-,-,5/19/2026,False,,False,
AP03A,1393862,,,-,-,5/19/2026,False,,False,
AP03A,1393863,,,-,-,5/19/2026,False,,False,
AP03A,1393863,U611-LHTOP,153,490661-2,-,5/18/2026,False,5/12/2026 3:10:13 AM,False,5/12/2026 3:10:13 AM
AP03A,1393863,U611-RHTOP,83,490651-14,0-0,5/18/2026,False,5/12/2026 3:08:32 AM,True,5/13/2026 6:56:05 PM
AP03A,1393864,,,-,-,5/19/2026,False,,False,
AP03A,1393865,,,-,-,5/19/2026,False,,False,
AP03A,1393866,,,-,-,5/19/2026,False,,False,
AP03A,1393867,,,-,-,5/19/2026,False,,False,
AP03A,1393868,,,-,-,5/19/2026,False,,False,
AP03A,1393869,,,-,-,5/19/2026,False,,False,
AP03A,1393870,,,-,-,5/19/2026,False,,False,
AP03A,1393871,,,-,-,5/19/2026,False,,False,
AP03A,1393872,,,-,-,5/19/2026,False,,False,
AP03A,1393873,,,-,-,5/19/2026,False,,False,
AP03A,1393874,,,-,-,5/19/2026,False,,False,
AP03A,1393875,,,-,-,5/19/2026,False,,False,
AP03A,1393876,,,-,-,5/19/2026,False,,False,
AP03A,1393876,U611-LHTOP,153,490661-3,-,5/18/2026,False,5/12/2026 3:10:14 AM,False,5/12/2026 3:10:14 AM
AP03A,1393876,U611-RHTOP,83,490651-15,0-0,5/18/2026,False,5/12/2026 3:08:32 AM,True,5/13/2026 6:59:45 PM
AP03A,1393877,,,-,-,5/19/2026,False,,False,
AP03A,1393878,,,-,-,5/19/2026,False,,False,
AP03A,1393879,,,-,-,5/19/2026,False,,False,
AP03A,1393880,,,-,-,5/19/2026,False,,False,
AP03A,1393881,,,-,-,5/19/2026,False,,False,
AP03A,1393882,,,-,-,5/19/2026,False,,False,
AP03A,1393883,,,-,-,5/19/2026,False,,False,
AP03A,1393884,,,-,-,5/19/2026,False,,False,
AP03A,1393885,,,-,-,5/19/2026,False,,False,
AP03A,1393886,,,-,-,5/19/2026,False,,False,
AP03A,1393887,,,-,-,5/19/2026,False,,False,
AP03A,1393888,,,-,-,5/19/2026,False,,False,
AP03A,1393889,,,-,-,5/19/2026,False,,False,
AP03A,1393889,U611-LHTOP,153,490661-4,-,5/18/2026,False,5/12/2026 3:10:14 AM,False,5/12/2026 3:10:14 AM
AP03A,1393889,U611-RHTOP,83,490651-16,0-0,5/18/2026,False,5/12/2026 3:08:32 AM,True,5/13/2026 7:03:50 PM
AP03A,1393890,,,-,-,5/19/2026,False,,False,
AP03A,1393891,,,-,-,5/19/2026,False,,False,
AP03A,1393892,,,-,-,5/19/2026,False,,False,
AP03A,1393893,,,-,-,5/19/2026,False,,False,
AP03A,1393894,,,-,-,5/19/2026,False,,False,
AP03A,1393895,,,-,-,5/19/2026,False,,False,
AP03A,1393896,,,-,-,5/19/2026,False,,False,
AP03A,1393897,,,-,-,5/19/2026,False,,False,
AP03A,1393898,,,-,-,5/19/2026,False,,False,
AP03A,1393899,,,-,-,5/19/2026,False,,False,
AP03A,1393900,,,-,-,5/19/2026,False,,False,
AP03A,1393901,,,-,-,5/19/2026,False,,False,
AP03A,1393901,U611-LHTOP,153,490661-5,-,5/18/2026,False,5/12/2026 3:10:15 AM,False,5/12/2026 3:10:15 AM
AP03A,1393901,U611-RHTOP,83,490651-17,0-0,5/18/2026,False,5/12/2026 3:08:32 AM,True,5/13/2026 7:07:47 PM
AP03A,1393902,,,-,-,5/19/2026,False,,False,
AP03A,1393903,,,-,-,5/19/2026,False,,False,
AP03A,1393904,,,-,-,5/19/2026,False,,False,
AP03A,1393905,,,-,-,5/19/2026,False,,False,
AP03A,1393906,,,-,-,5/19/2026,False,,False,
AP03A,1393907,,,-,-,5/19/2026,False,,False,
AP03A,1393908,,,-,-,5/19/2026,False,,False,
AP03A,1393909,,,-,-,5/19/2026,False,,False,
AP03A,1393910,,,-,-,5/19/2026,False,,False,
AP03A,1393911,,,-,-,5/19/2026,False,,False,
AP03A,1393912,,,-,-,5/19/2026,False,,False,
AP03A,1393913,,,-,-,5/19/2026,False,,False,
AP03A,1393914,,,-,-,5/19/2026,False,,False,
AP03A,1393914,U611-LHTOP,153,490661-6,-,5/18/2026,False,5/12/2026 3:10:15 AM,False,5/12/2026 3:10:15 AM
AP03A,1393914,U611-RHTOP,83,490651-18,0-0,5/18/2026,False,5/12/2026 3:08:33 AM,True,5/13/2026 7:11:13 PM
AP03A,1393915,,,-,-,5/19/2026,False,,False,
AP03A,1393916,,,-,-,5/19/2026,False,,False,
AP03A,1393917,,,-,-,5/19/2026,False,,False,
AP03A,1393918,,,-,-,5/19/2026,False,,False,
AP03A,1393919,,,-,-,5/19/2026,False,,False,
AP03A,1393920,,,-,-,5/19/2026,False,,False,
AP03A,1393921,,,-,-,5/19/2026,False,,False,
AP03A,1393922,,,-,-,5/19/2026,False,,False,
AP03A,1393923,,,-,-,5/19/2026,False,,False,
AP03A,1393924,,,-,-,5/19/2026,False,,False,
AP03A,1393925,,,-,-,5/19/2026,False,,False,
AP03A,1393926,,,-,-,5/19/2026,False,,False,
AP03A,1393927,,,-,-,5/19/2026,False,,False,
AP03A,1393927,U611-LHTOP,153,490661-7,-,5/18/2026,False,5/12/2026 3:10:15 AM,False,5/12/2026 3:10:15 AM
AP03A,1393927,U611-RHTOP,83,490651-19,0-0,5/18/2026,False,5/12/2026 3:08:33 AM,True,5/13/2026 7:14:52 PM
AP03A,1393928,,,-,-,5/19/2026,False,,False,
AP03A,1393929,,,-,-,5/19/2026,False,,False,
AP03A,1393930,,,-,-,5/19/2026,False,,False,
AP03A,1393931,,,-,-,5/19/2026,False,,False,
AP03A,1393932,,,-,-,5/19/2026,False,,False,
AP03A,1393933,,,-,-,5/19/2026,False,,False,
AP03A,1393934,,,-,-,5/19/2026,False,,False,
AP03A,1393935,,,-,-,5/19/2026,False,,False,
AP03A,1393936,,,-,-,5/19/2026,False,,False,
AP03A,1393937,,,-,-,5/19/2026,False,,False,
AP03A,1393938,,,-,-,5/19/2026,False,,False,
AP03A,1393939,,,-,-,5/19/2026,False,,False,
AP03A,1393940,,,-,-,5/19/2026,False,,False,
AP03A,1393940,U611-LHTOP,153,490661-8,-,5/18/2026,False,5/12/2026 3:10:15 AM,False,5/12/2026 3:10:15 AM
AP03A,1393940,U611-RHTOP,83,490651-20,0-0,5/18/2026,False,5/12/2026 3:08:34 AM,True,5/13/2026 7:18:24 PM
AP03A,1393941,,,-,-,5/19/2026,False,,False,
AP03A,1393942,,,-,-,5/19/2026,False,,False,
AP03A,1393943,,,-,-,5/19/2026,False,,False,
AP03A,1393944,,,-,-,5/19/2026,False,,False,
AP03A,1393945,,,-,-,5/19/2026,False,,False,
AP03A,1393946,,,-,-,5/19/2026,False,,False,
AP03A,1393947,,,-,-,5/19/2026,False,,False,
AP03A,1393948,,,-,-,5/19/2026,False,,False,
AP03A,1393949,,,-,-,5/19/2026,False,,False,
AP03A,1393950,,,-,-,5/19/2026,False,,False,
AP03A,1393951,,,-,-,5/19/2026,False,,False,
AP03A,1393952,,,-,-,5/19/2026,False,,False,
AP03A,1393953,,,-,-,5/19/2026,False,,False,
AP03A,1393953,U611-LHTOP,153,490661-9,-,5/19/2026,False,5/12/2026 3:10:15 AM,False,5/12/2026 3:10:15 AM
AP03A,1393953,U611-RHTOP,83,490651-21,0-0,5/19/2026,False,5/12/2026 3:08:34 AM,True,5/13/2026 7:23:57 PM
AP03A,1393954,,,-,-,5/19/2026,False,,False,
AP03A,1393955,,,-,-,5/19/2026,False,,False,
AP03A,1393956,,,-,-,5/19/2026,False,,False,
AP03A,1393957,,,-,-,5/19/2026,False,,False,
AP03A,1393958,,,-,-,5/19/2026,False,,False,
AP03A,1393959,,,-,-,5/19/2026,False,,False,
AP03A,1393960,,,-,-,5/19/2026,False,,False,
AP03A,1393961,,,-,-,5/19/2026,False,,False,
AP03A,1393962,,,-,-,5/19/2026,False,,False,
AP03A,1393963,,,-,-,5/19/2026,False,,False,
AP03A,1393964,,,-,-,5/19/2026,False,,False,
AP03A,1393965,,,-,-,5/19/2026,False,,False,
AP03A,1393966,,,-,-,5/19/2026,False,,False,
AP03A,1393966,U611-LHTOP,153,490661-10,-,5/19/2026,False,5/12/2026 3:10:15 AM,False,5/12/2026 3:10:15 AM
AP03A,1393966,U611-RHTOP,83,490651-22,0-0,5/19/2026,False,5/12/2026 3:08:35 AM,True,5/13/2026 7:29:38 PM
AP03A,1393967,,,-,-,5/19/2026,False,,False,
AP03A,1393968,,,-,-,5/19/2026,False,,False,
AP03A,1393969,,,-,-,5/19/2026,False,,False,
AP03A,1393970,,,-,-,5/19/2026,False,,False,
AP03A,1393971,,,-,-,5/19/2026,False,,False,
AP03A,1393972,,,-,-,5/19/2026,False,,False,
AP03A,1393973,,,-,-,5/19/2026,False,,False,
AP03A,1393974,,,-,-,5/19/2026,False,,False,
AP03A,1393975,,,-,-,5/19/2026,False,,False,
AP03A,1393976,,,-,-,5/19/2026,False,,False,
AP03A,1393977,,,-,-,5/19/2026,False,,False,
AP03A,1393978,,,-,-,5/19/2026,False,,False,
AP03A,1393978,U611-LHTOP,153,490661-11,-,5/19/2026,False,5/12/2026 3:10:26 AM,False,5/12/2026 3:10:26 AM
AP03A,1393978,U611-RHTOP,83,490651-23,0-0,5/19/2026,False,5/12/2026 3:08:35 AM,True,5/13/2026 7:32:45 PM
AP03A,1393979,,,-,-,5/19/2026,False,,False,
AP03A,1393980,,,-,-,5/19/2026,False,,False,
AP03A,1393981,,,-,-,5/19/2026,False,,False,
AP03A,1393982,,,-,-,5/19/2026,False,,False,
AP03A,1393983,,,-,-,5/19/2026,False,,False,
AP03A,1393984,,,-,-,5/19/2026,False,,False,
AP03A,1393985,,,-,-,5/19/2026,False,,False,
AP03A,1393986,,,-,-,5/19/2026,False,,False,
AP03A,1393987,,,-,-,5/19/2026,False,,False,
AP03A,1393988,,,-,-,5/19/2026,False,,False,
AP03A,1393989,,,-,-,5/19/2026,False,,False,
AP03A,1393990,,,-,-,5/19/2026,False,,False,
AP03A,1393991,,,-,-,5/19/2026,False,,False,
AP03A,1393991,U611-LHTOP,153,490661-12,-,5/19/2026,False,5/12/2026 3:10:26 AM,False,5/12/2026 3:10:26 AM
AP03A,1393991,U611-RHTOP,83,490651-24,0-0,5/19/2026,False,5/12/2026 3:08:36 AM,True,5/13/2026 7:36:21 PM
AP03A,1393992,,,-,-,5/19/2026,False,,False,
AP03A,1393993,,,-,-,5/19/2026,False,,False,
AP03A,1393994,,,-,-,5/19/2026,False,,False,
AP03A,1393995,,,-,-,5/19/2026,False,,False,
AP03A,1393996,,,-,-,5/19/2026,False,,False,
AP03A,1393997,,,-,-,5/19/2026,False,,False,
AP03A,1393998,,,-,-,5/19/2026,False,,False,
AP03A,1393999,,,-,-,5/19/2026,False,,False,
AP03A,1394000,,,-,-,5/19/2026,False,,False,
AP03A,1394001,,,-,-,5/19/2026,False,,False,
AP03A,1394002,,,-,-,5/19/2026,False,,False,
AP03A,1394003,,,-,-,5/19/2026,False,,False,
AP03A,1394004,,,-,-,5/19/2026,False,,False,
AP03A,1394004,U611-LHTOP,154,490662-1,-,5/19/2026,False,5/12/2026 3:10:27 AM,False,5/12/2026 3:10:27 AM
AP03A,1394004,U611-RHTOP,84,490653-1,0-0,5/19/2026,False,5/12/2026 3:08:39 AM,True,5/13/2026 7:39:41 PM
AP03A,1394005,,,-,-,5/19/2026,False,,False,
AP03A,1394006,,,-,-,5/19/2026,False,,False,
AP03A,1394007,,,-,-,5/19/2026,False,,False,
AP03A,1394008,,,-,-,5/19/2026,False,,False,
AP03A,1394009,,,-,-,5/19/2026,False,,False,
AP03A,1394010,,,-,-,5/19/2026,False,,False,
AP03A,1394011,,,-,-,5/19/2026,False,,False,
AP03A,1394012,,,-,-,5/19/2026,False,,False,
AP03A,1394013,,,-,-,5/19/2026,False,,False,
AP03A,1394014,,,-,-,5/19/2026,False,,False,
AP03A,1394015,,,-,-,5/19/2026,False,,False,
AP03A,1394016,,,-,-,5/19/2026,False,,False,
AP03A,1394017,,,-,-,5/19/2026,False,,False,
AP03A,1394017,U611-LHTOP,154,490662-2,-,5/19/2026,False,5/12/2026 3:10:27 AM,False,5/12/2026 3:10:27 AM
AP03A,1394017,U611-RHTOP,84,490653-2,0-0,5/19/2026,False,5/12/2026 3:08:39 AM,True,5/13/2026 8:50:10 PM
AP03A,1394018,,,-,-,5/19/2026,False,,False,
AP03A,1394019,,,-,-,5/19/2026,False,,False,
AP03A,1394020,,,-,-,5/19/2026,False,,False,
AP03A,1394021,,,-,-,5/19/2026,False,,False,
AP03A,1394022,,,-,-,5/19/2026,False,,False,
AP03A,1394023,,,-,-,5/19/2026,False,,False,
AP03A,1394024,,,-,-,5/19/2026,False,,False,
AP03A,1394025,,,-,-,5/19/2026,False,,False,
AP03A,1394026,,,-,-,5/19/2026,False,,False,
AP03A,1394027,,,-,-,5/19/2026,False,,False,
AP03A,1394028,,,-,-,5/19/2026,False,,False,
AP03A,1394029,,,-,-,5/19/2026,False,,False,
AP03A,1394030,,,-,-,5/19/2026,False,,False,
AP03A,1394030,U611-LHTOP,154,490662-3,-,5/19/2026,False,5/12/2026 3:10:27 AM,False,5/12/2026 3:10:27 AM
AP03A,1394030,U611-RHTOP,84,490653-3,0-0,5/19/2026,False,5/12/2026 3:08:40 AM,True,5/13/2026 8:53:35 PM
AP03A,1394031,,,-,-,5/19/2026,False,,False,
AP03A,1394032,,,-,-,5/19/2026,False,,False,
AP03A,1394033,,,-,-,5/19/2026,False,,False,
AP03A,1394034,,,-,-,5/19/2026,False,,False,
AP03A,1394035,,,-,-,5/19/2026,False,,False,
AP03A,1394036,,,-,-,5/19/2026,False,,False,
AP03A,1394037,,,-,-,5/19/2026,False,,False,
AP03A,1394038,,,-,-,5/19/2026,False,,False,
AP03A,1394039,,,-,-,5/19/2026,False,,False,
AP03A,1394040,,,-,-,5/19/2026,False,,False,
AP03A,1394041,,,-,-,5/19/2026,False,,False,
AP03A,1394042,,,-,-,5/19/2026,False,,False,
AP03A,1394042,U611-LHTOP,154,490662-4,-,5/19/2026,False,5/12/2026 3:10:28 AM,False,5/12/2026 3:10:28 AM
AP03A,1394042,U611-RHTOP,84,490653-4,0-0,5/19/2026,False,5/12/2026 3:08:40 AM,True,5/13/2026 8:57:35 PM
AP03A,1394043,,,-,-,5/19/2026,False,,False,
AP03A,1394044,,,-,-,5/19/2026,False,,False,
AP03A,1394045,,,-,-,5/19/2026,False,,False,
AP03A,1394046,,,-,-,5/19/2026,False,,False,
AP03A,1394047,,,-,-,5/19/2026,False,,False,
AP03A,1394048,,,-,-,5/19/2026,False,,False,
AP03A,1394049,,,-,-,5/19/2026,False,,False,
AP03A,1394050,,,-,-,5/19/2026,False,,False,
AP03A,1394051,,,-,-,5/19/2026,False,,False,
AP03A,1394052,,,-,-,5/19/2026,False,,False,
AP03A,1394053,,,-,-,5/19/2026,False,,False,
AP03A,1394054,,,-,-,5/19/2026,False,,False,
AP03A,1394055,,,-,-,5/19/2026,False,,False,
AP03A,1394055,U611-LHTOP,154,490662-5,-,5/19/2026,False,5/12/2026 3:10:28 AM,False,5/12/2026 3:10:28 AM
AP03A,1394055,U611-RHTOP,84,490653-5,0-0,5/19/2026,False,5/12/2026 3:08:41 AM,True,5/13/2026 9:01:35 PM
AP03A,1394056,,,-,-,5/19/2026,False,,False,
AP03A,1394057,,,-,-,5/19/2026,False,,False,
AP03A,1394058,,,-,-,5/19/2026,False,,False,
AP03A,1394059,,,-,-,5/19/2026,False,,False,
AP03A,1394060,,,-,-,5/19/2026,False,,False,
AP03A,1394061,,,-,-,5/19/2026,False,,False,
AP03A,1394062,,,-,-,5/19/2026,False,,False,
AP03A,1394063,,,-,-,5/19/2026,False,,False,
AP03A,1394064,,,-,-,5/19/2026,False,,False,
AP03A,1394065,,,-,-,5/19/2026,False,,False,
AP03A,1394066,,,-,-,5/19/2026,False,,False,
AP03A,1394067,,,-,-,5/19/2026,False,,False,
AP03A,1394068,,,-,-,5/19/2026,False,,False,
AP03A,1394068,U611-LHTOP,154,490662-6,-,5/19/2026,False,5/12/2026 3:10:28 AM,False,5/12/2026 3:10:28 AM
AP03A,1394068,U611-RHTOP,84,490653-6,0-0,5/19/2026,False,5/12/2026 3:08:41 AM,True,5/13/2026 9:05:16 PM
AP03A,1394069,,,-,-,5/19/2026,False,,False,
AP03A,1394070,,,-,-,5/19/2026,False,,False,
AP03A,1394071,,,-,-,5/19/2026,False,,False,
AP03A,1394072,,,-,-,5/19/2026,False,,False,
AP03A,1394073,,,-,-,5/19/2026,False,,False,
AP03A,1394074,,,-,-,5/19/2026,False,,False,
AP03A,1394075,,,-,-,5/19/2026,False,,False,
AP03A,1394076,,,-,-,5/19/2026,False,,False,
AP03A,1394077,,,-,-,5/19/2026,False,,False,
AP03A,1394078,,,-,-,5/19/2026,False,,False,
AP03A,1394079,,,-,-,5/19/2026,False,,False,
AP03A,1394080,,,-,-,5/19/2026,False,,False,
AP03A,1394081,,,-,-,5/19/2026,False,,False,
AP03A,1394081,U611-LHTOP,154,490662-7,-,5/19/2026,False,5/12/2026 3:10:29 AM,False,5/12/2026 3:10:29 AM
AP03A,1394081,U611-RHTOP,84,490653-7,0-0,5/19/2026,False,5/12/2026 3:08:41 AM,True,5/13/2026 9:08:52 PM
AP03A,1394082,,,-,-,5/19/2026,False,,False,
AP03A,1394083,,,-,-,5/19/2026,False,,False,
AP03A,1394084,,,-,-,5/19/2026,False,,False,
AP03A,1394085,,,-,-,5/19/2026,False,,False,
AP03A,1394086,,,-,-,5/19/2026,False,,False,
AP03A,1394087,,,-,-,5/19/2026,False,,False,
AP03A,1394088,,,-,-,5/19/2026,False,,False,
AP03A,1394089,,,-,-,5/19/2026,False,,False,
AP03A,1394090,,,-,-,5/19/2026,False,,False,
AP03A,1394091,,,-,-,5/19/2026,False,,False,
AP03A,1394092,,,-,-,5/19/2026,False,,False,
AP03A,1394093,,,-,-,5/19/2026,False,,False,
AP03A,1394094,,,-,-,5/19/2026,False,,False,
AP03A,1394094,U611-LHTOP,154,490662-8,-,5/19/2026,False,5/12/2026 3:10:29 AM,False,5/12/2026 3:10:29 AM
AP03A,1394094,U611-RHTOP,84,490653-8,0-0,5/19/2026,False,5/12/2026 3:08:41 AM,True,5/13/2026 9:12:23 PM
AP03A,1394095,,,-,-,5/19/2026,False,,False,
AP03A,1394096,,,-,-,5/19/2026,False,,False,
AP03A,1394097,,,-,-,5/19/2026,False,,False,
AP03A,1394098,,,-,-,5/19/2026,False,,False,
AP03A,1394099,,,-,-,5/19/2026,False,,False,
AP03A,1394100,,,-,-,5/19/2026,False,,False,
AP03A,1394101,,,-,-,5/19/2026,False,,False,
AP03A,1394102,,,-,-,5/19/2026,False,,False,
AP03A,1394103,,,-,-,5/19/2026,False,,False,
AP03A,1394104,,,-,-,5/19/2026,False,,False,
AP03A,1394105,,,-,-,5/19/2026,False,,False,
AP03A,1394106,,,-,-,5/19/2026,False,,False,
AP03A,1394106,U611-LHTOP,154,490662-9,-,5/19/2026,False,5/12/2026 3:10:29 AM,False,5/12/2026 3:10:29 AM
AP03A,1394106,U611-RHTOP,84,490653-9,0-0,5/19/2026,False,5/12/2026 3:08:42 AM,True,5/13/2026 9:15:38 PM
AP03A,1394107,,,-,-,5/19/2026,False,,False,
AP03A,1394108,,,-,-,5/19/2026,False,,False,
AP03A,1394109,,,-,-,5/19/2026,False,,False,
AP03A,1394110,,,-,-,5/19/2026,False,,False,
AP03A,1394111,,,-,-,5/19/2026,False,,False,
AP03A,1394112,,,-,-,5/19/2026,False,,False,
AP03A,1394113,,,-,-,5/19/2026,False,,False,
AP03A,1394114,,,-,-,5/19/2026,False,,False,
AP03A,1394115,,,-,-,5/19/2026,False,,False,
AP03A,1394116,,,-,-,5/19/2026,False,,False,
AP03A,1394117,,,-,-,5/19/2026,False,,False,
AP03A,1394118,,,-,-,5/19/2026,False,,False,
AP03A,1394119,,,-,-,5/19/2026,False,,False,
AP03A,1394119,U611-LHTOP,154,490662-10,-,5/19/2026,False,5/12/2026 3:10:30 AM,False,5/12/2026 3:10:30 AM
AP03A,1394119,U611-RHTOP,84,490653-10,0-0,5/19/2026,False,5/12/2026 3:08:42 AM,True,5/13/2026 9:20:36 PM
AP03A,1394120,,,-,-,5/19/2026,False,,False,
AP03A,1394121,,,-,-,5/19/2026,False,,False,
AP03A,1394122,,,-,-,5/19/2026,False,,False,
AP03A,1394123,,,-,-,5/19/2026,False,,False,
AP03A,1394124,,,-,-,5/19/2026,False,,False,
AP03A,1394125,,,-,-,5/19/2026,False,,False,
AP03A,1394126,,,-,-,5/19/2026,False,,False,
AP03A,1394127,,,-,-,5/19/2026,False,,False,
AP03A,1394127,U611-LHTOP,154,490662-11,-,5/19/2026,False,5/12/2026 3:10:40 AM,False,5/12/2026 3:10:40 AM
AP03A,1394127,U611-RHTOP,84,490653-11,0-0,5/19/2026,False,5/12/2026 3:08:59 AM,True,5/13/2026 9:24:16 PM
AP03A,1394128,,,-,-,5/19/2026,False,,False,
AP03A,1394129,,,-,-,5/19/2026,False,,False,
AP03A,1394130,,,-,-,5/19/2026,False,,False,
AP03A,1394131,,,-,-,5/19/2026,False,,False,
AP03A,1394132,,,-,-,5/19/2026,False,,False,
AP03A,1394132,U611-LHTOP,154,490662-12,-,5/19/2026,False,5/12/2026 3:10:40 AM,False,5/12/2026 3:10:40 AM
AP03A,1394132,U611-RHTOP,84,490653-12,0-0,5/19/2026,False,5/12/2026 3:08:59 AM,True,5/13/2026 9:27:38 PM
AP03A,1394133,,,-,-,5/19/2026,False,,False,
AP03A,1394134,,,-,-,5/19/2026,False,,False,
AP03A,1394135,,,-,-,5/19/2026,False,,False,
AP03A,1394136,,,-,-,5/19/2026,False,,False,
AP03A,1394137,,,-,-,5/19/2026,False,,False,
AP03A,1394138,,,-,-,5/19/2026,False,,False,
AP03A,1394139,,,-,-,5/19/2026,False,,False,
AP03A,1394140,,,-,-,5/19/2026,False,,False,
AP03A,1394141,,,-,-,5/19/2026,False,,False,
AP03A,1394142,,,-,-,5/19/2026,False,,False,
AP03A,1394143,,,-,-,5/19/2026,False,,False,
AP03A,1394144,,,-,-,5/19/2026,False,,False,
AP03A,1394145,,,-,-,5/19/2026,False,,False,
AP03A,1394145,U611-LHTOP,155,490663-1,-,5/19/2026,False,5/12/2026 3:10:42 AM,False,5/12/2026 3:10:42 AM
AP03A,1394145,U611-RHTOP,84,490653-13,0-0,5/19/2026,False,5/12/2026 3:08:59 AM,True,5/13/2026 9:30:56 PM
AP03A,1394146,,,-,-,5/19/2026,False,,False,
AP03A,1394147,,,-,-,5/19/2026,False,,False,
AP03A,1394148,,,-,-,5/19/2026,False,,False,
AP03A,1394149,,,-,-,5/19/2026,False,,False,
AP03A,1394150,,,-,-,5/19/2026,False,,False,
AP03A,1394151,,,-,-,5/19/2026,False,,False,
AP03A,1394152,,,-,-,5/19/2026,False,,False,
AP03A,1394153,,,-,-,5/19/2026,False,,False,
AP03A,1394154,,,-,-,5/19/2026,False,,False,
AP03A,1394155,,,-,-,5/19/2026,False,,False,
AP03A,1394156,,,-,-,5/19/2026,False,,False,
AP03A,1394157,,,-,-,5/19/2026,False,,False,
AP03A,1394158,,,-,-,5/19/2026,False,,False,
AP03A,1394158,U611-LHTOP,155,490663-2,-,5/19/2026,False,5/12/2026 3:10:42 AM,False,5/12/2026 3:10:42 AM
AP03A,1394158,U611-RHTOP,84,490653-14,0-0,5/19/2026,False,5/12/2026 3:09:00 AM,True,5/13/2026 9:34:27 PM
AP03A,1394159,,,-,-,5/19/2026,False,,False,
AP03A,1394160,,,-,-,5/19/2026,False,,False,
AP03A,1394161,,,-,-,5/19/2026,False,,False,
AP03A,1394162,,,-,-,5/19/2026,False,,False,
AP03A,1394163,,,-,-,5/19/2026,False,,False,
AP03A,1394164,,,-,-,5/19/2026,False,,False,
AP03A,1394165,,,-,-,5/19/2026,False,,False,
AP03A,1394166,,,-,-,5/19/2026,False,,False,
AP03A,1394167,,,-,-,5/19/2026,False,,False,
AP03A,1394168,,,-,-,5/19/2026,False,,False,
AP03A,1394169,,,-,-,5/19/2026,False,,False,
AP03A,1394170,,,-,-,5/19/2026,False,,False,
AP03A,1394170,U611-LHTOP,155,490663-3,-,5/19/2026,False,5/12/2026 3:10:42 AM,False,5/12/2026 3:10:42 AM
AP03A,1394170,U611-RHTOP,84,490653-15,0-0,5/19/2026,False,5/12/2026 3:09:00 AM,True,5/13/2026 9:37:54 PM
AP03A,1394171,,,-,-,5/19/2026,False,,False,
AP03A,1394172,,,-,-,5/19/2026,False,,False,
AP03A,1394173,,,-,-,5/19/2026,False,,False,
AP03A,1394174,,,-,-,5/19/2026,False,,False,
AP03A,1394175,,,-,-,5/19/2026,False,,False,
AP03A,1394176,,,-,-,5/19/2026,False,,False,
AP03A,1394177,,,-,-,5/19/2026,False,,False,
AP03A,1394178,,,-,-,5/19/2026,False,,False,
AP03A,1394179,,,-,-,5/19/2026,False,,False,
AP03A,1394180,,,-,-,5/19/2026,False,,False,
AP03A,1394181,,,-,-,5/19/2026,False,,False,
AP03A,1394182,,,-,-,5/19/2026,False,,False,
AP03A,1394183,,,-,-,5/19/2026,False,,False,
AP03A,1394183,U611-LHTOP,155,490663-4,-,5/19/2026,False,5/12/2026 3:10:42 AM,False,5/12/2026 3:10:42 AM
AP03A,1394183,U611-RHTOP,84,490653-16,0-0,5/19/2026,False,5/12/2026 3:09:01 AM,True,5/13/2026 9:40:58 PM
AP03A,1394184,,,-,-,5/19/2026,False,,False,
AP03A,1394185,,,-,-,5/19/2026,False,,False,
AP03A,1394186,,,-,-,5/19/2026,False,,False,
AP03A,1394187,,,-,-,5/19/2026,False,,False,
AP03A,1394188,,,-,-,5/19/2026,False,,False,
AP03A,1394189,,,-,-,5/19/2026,False,,False,
AP03A,1394190,,,-,-,5/19/2026,False,,False,
AP03A,1394191,,,-,-,5/19/2026,False,,False,
AP03A,1394192,,,-,-,5/19/2026,False,,False,
AP03A,1394193,,,-,-,5/19/2026,False,,False,
AP03A,1394194,,,-,-,5/19/2026,False,,False,
AP03A,1394195,,,-,-,5/19/2026,False,,False,
AP03A,1394196,,,-,-,5/19/2026,False,,False,
AP03A,1394196,U611-LHTOP,155,490663-5,-,5/19/2026,False,5/12/2026 3:10:42 AM,False,5/12/2026 3:10:42 AM
AP03A,1394196,U611-RHTOP,84,490653-17,0-0,5/19/2026,False,5/12/2026 3:09:01 AM,True,5/13/2026 9:44:34 PM
AP03A,1394197,,,-,-,5/19/2026,False,,False,
AP03A,1394198,,,-,-,5/19/2026,False,,False,
AP03A,1394199,,,-,-,5/19/2026,False,,False,
AP03A,1394200,,,-,-,5/19/2026,False,,False,
AP03A,1394201,,,-,-,5/19/2026,False,,False,
AP03A,1394202,,,-,-,5/19/2026,False,,False,
AP03A,1394203,,,-,-,5/19/2026,False,,False,
AP03A,1394204,,,-,-,5/19/2026,False,,False,
AP03A,1394205,,,-,-,5/19/2026,False,,False,
AP03A,1394206,,,-,-,5/19/2026,False,,False,
AP03A,1394207,,,-,-,5/19/2026,False,,False,
AP03A,1394208,,,-,-,5/19/2026,False,,False,
AP03A,1394209,,,-,-,5/19/2026,False,,False,
AP03A,1394209,U611-LHTOP,155,490663-6,-,5/19/2026,False,5/12/2026 3:10:43 AM,False,5/12/2026 3:10:43 AM
AP03A,1394209,U611-RHTOP,84,490653-18,0-0,5/19/2026,False,5/12/2026 3:09:02 AM,True,5/13/2026 9:47:56 PM
AP03A,1394210,,,-,-,5/19/2026,False,,False,
AP03A,1394211,,,-,-,5/19/2026,False,,False,
AP03A,1394212,,,-,-,5/19/2026,False,,False,
AP03A,1394213,,,-,-,5/19/2026,False,,False,
AP03A,1394214,,,-,-,5/19/2026,False,,False,
AP03A,1394215,,,-,-,5/19/2026,False,,False,
AP03A,1394216,,,-,-,5/19/2026,False,,False,
AP03A,1394217,,,-,-,5/19/2026,False,,False,
AP03A,1394218,,,-,-,5/19/2026,False,,False,
AP03A,1394219,,,-,-,5/19/2026,False,,False,
AP03A,1394220,,,-,-,5/19/2026,False,,False,
AP03A,1394221,,,-,-,5/19/2026,False,,False,
AP03A,1394222,,,-,-,5/19/2026,False,,False,
AP03A,1394222,U611-LHTOP,155,490663-7,-,5/19/2026,False,5/12/2026 3:10:43 AM,False,5/12/2026 3:10:43 AM
AP03A,1394222,U611-RHTOP,84,490653-19,0-0,5/19/2026,False,5/12/2026 3:09:02 AM,True,5/13/2026 9:51:02 PM
AP03A,1394223,,,-,-,5/19/2026,False,,False,
AP03A,1394224,,,-,-,5/19/2026,False,,False,
AP03A,1394225,,,-,-,5/19/2026,False,,False,
AP03A,1394226,,,-,-,5/19/2026,False,,False,
AP03A,1394227,,,-,-,5/19/2026,False,,False,
AP03A,1394228,,,-,-,5/19/2026,False,,False,
AP03A,1394229,,,-,-,5/19/2026,False,,False,
AP03A,1394230,,,-,-,5/19/2026,False,,False,
AP03A,1394231,,,-,-,5/19/2026,False,,False,
AP03A,1394232,,,-,-,5/19/2026,False,,False,
AP03A,1394233,,,-,-,5/19/2026,False,,False,
AP03A,1394234,,,-,-,5/19/2026,False,,False,
AP03A,1394234,U611-LHTOP,155,490663-8,-,5/19/2026,False,5/12/2026 3:10:44 AM,False,5/12/2026 3:10:44 AM
AP03A,1394234,U611-RHTOP,84,490653-20,0-0,5/19/2026,False,5/12/2026 3:09:03 AM,True,5/13/2026 9:54:20 PM
AP03A,1394235,,,-,-,5/19/2026,False,,False,
AP03A,1394236,,,-,-,5/19/2026,False,,False,
AP03A,1394237,,,-,-,5/19/2026,False,,False,
AP03A,1394238,,,-,-,5/19/2026,False,,False,
AP03A,1394239,,,-,-,5/19/2026,False,,False,
AP03A,1394240,,,-,-,5/19/2026,False,,False,
AP03A,1394241,,,-,-,5/19/2026,False,,False,
AP03A,1394242,,,-,-,5/19/2026,False,,False,
AP03A,1394243,,,-,-,5/19/2026,False,,False,
AP03A,1394244,,,-,-,5/19/2026,False,,False,
AP03A,1394245,,,-,-,5/19/2026,False,,False,
AP03A,1394246,,,-,-,5/19/2026,False,,False,
AP03A,1394247,,,-,-,5/19/2026,False,,False,
AP03A,1394247,U611-LHTOP,155,490663-9,-,5/19/2026,False,5/12/2026 3:10:44 AM,False,5/12/2026 3:10:44 AM
AP03A,1394247,U611-RHTOP,84,490653-21,0-0,5/19/2026,False,5/12/2026 3:09:03 AM,True,5/13/2026 9:57:39 PM
AP03A,1394248,,,-,-,5/19/2026,False,,False,
AP03A,1394249,,,-,-,5/19/2026,False,,False,
AP03A,1394250,,,-,-,5/19/2026,False,,False,
AP03A,1394251,,,-,-,5/19/2026,False,,False,
AP03A,1394252,,,-,-,5/19/2026,False,,False,
AP03A,1394253,,,-,-,5/19/2026,False,,False,
AP03A,1394254,,,-,-,5/19/2026,False,,False,
AP03A,1394255,,,-,-,5/19/2026,False,,False,
AP03A,1394256,,,-,-,5/19/2026,False,,False,
AP03A,1394257,,,-,-,5/19/2026,False,,False,
AP03A,1394258,,,-,-,5/19/2026,False,,False,
AP03A,1394259,,,-,-,5/19/2026,False,,False,
AP03A,1394260,,,-,-,5/19/2026,False,,False,
AP03A,1394260,U611-LHTOP,155,490663-10,-,5/19/2026,False,5/12/2026 3:10:44 AM,False,5/12/2026 3:10:44 AM
AP03A,1394260,U611-RHTOP,84,490653-22,0-0,5/19/2026,False,5/12/2026 3:09:03 AM,True,5/13/2026 10:10:14 PM
AP03A,1394261,,,-,-,5/19/2026,False,,False,
AP03A,1394262,,,-,-,5/19/2026,False,,False,
AP03A,1394263,,,-,-,5/19/2026,False,,False,
AP03A,1394264,,,-,-,5/19/2026,False,,False,
AP03A,1394265,,,-,-,5/19/2026,False,,False,
AP03A,1394266,,,-,-,5/19/2026,False,,False,
AP03A,1394267,,,-,-,5/19/2026,False,,False,
AP03A,1394268,,,-,-,5/19/2026,False,,False,
AP03A,1394269,,,-,-,5/19/2026,False,,False,
AP03A,1394270,,,-,-,5/19/2026,False,,False,
AP03A,1394271,,,-,-,5/19/2026,False,,False,
AP03A,1394272,,,-,-,5/19/2026,False,,False,
AP03A,1394273,,,-,-,5/19/2026,False,,False,
AP03A,1394273,U611-LHTOP,155,490663-11,-,5/19/2026,False,5/12/2026 6:16:54 AM,False,5/12/2026 6:16:54 AM
AP03A,1394273,U611-RHTOP,84,490653-23,0-0,5/19/2026,False,5/12/2026 3:09:03 AM,True,5/13/2026 10:12:46 PM
AP03A,1394274,,,-,-,5/19/2026,False,,False,
AP03A,1394275,,,-,-,5/19/2026,False,,False,
AP03A,1394276,,,-,-,5/19/2026,False,,False,
AP03A,1394277,,,-,-,5/19/2026,False,,False,
AP03A,1394278,,,-,-,5/19/2026,False,,False,
AP03A,1394279,,,-,-,5/19/2026,False,,False,
AP03A,1394280,,,-,-,5/19/2026,False,,False,
AP03A,1394281,,,-,-,5/19/2026,False,,False,
AP03A,1394282,,,-,-,5/19/2026,False,,False,
AP03A,1394283,,,-,-,5/19/2026,False,,False,
AP03A,1394284,,,-,-,5/19/2026,False,,False,
AP03A,1394285,,,-,-,5/19/2026,False,,False,
AP03A,1394286,,,-,-,5/19/2026,False,,False,
AP03A,1394286,U611-LHTOP,155,490663-12,-,5/19/2026,False,5/12/2026 6:16:54 AM,False,5/12/2026 6:16:54 AM
AP03A,1394286,U611-RHTOP,84,490653-24,0-0,5/19/2026,False,5/12/2026 3:09:04 AM,True,5/13/2026 10:15:24 PM
AP03A,1394287,,,-,-,5/19/2026,False,,False,
AP03A,1394288,,,-,-,5/19/2026,False,,False,
AP03A,1394289,,,-,-,5/19/2026,False,,False,
AP03A,1394290,,,-,-,5/19/2026,False,,False,
AP03A,1394291,,,-,-,5/19/2026,False,,False,
AP03A,1394292,,,-,-,5/19/2026,False,,False,
AP03A,1394293,,,-,-,5/19/2026,False,,False,
AP03A,1394294,,,-,-,5/19/2026,False,,False,
AP03A,1394295,,,-,-,5/19/2026,False,,False,
AP03A,1394296,,,-,-,5/19/2026,False,,False,
AP03A,1394297,,,-,-,5/19/2026,False,,False,
AP03A,1394298,,,-,-,5/19/2026,False,,False,
AP03A,1394298,U611-LHTOP,156,490688-1,-,5/19/2026,False,5/12/2026 6:16:55 AM,False,5/12/2026 6:16:55 AM
AP03A,1394298,U611-RHTOP,85,490655-1,-,5/19/2026,False,5/12/2026 3:09:08 AM,False,5/12/2026 3:09:08 AM
AP03A,1394299,,,-,-,5/19/2026,False,,False,
AP03A,1394300,,,-,-,5/19/2026,False,,False,
AP03A,1394301,,,-,-,5/19/2026,False,,False,
AP03A,1394302,,,-,-,5/19/2026,False,,False,
AP03A,1394303,,,-,-,5/19/2026,False,,False,
AP03A,1394304,,,-,-,5/19/2026,False,,False,
AP03A,1394305,,,-,-,5/19/2026,False,,False,
AP03A,1394306,,,-,-,5/19/2026,False,,False,
AP03A,1394307,,,-,-,5/19/2026,False,,False,
AP03A,1394308,,,-,-,5/19/2026,False,,False,
AP03A,1394309,,,-,-,5/19/2026,False,,False,
AP03A,1394310,,,-,-,5/19/2026,False,,False,
AP03A,1394311,,,-,-,5/19/2026,False,,False,
AP03A,1394311,U611-LHTOP,156,490688-2,-,5/19/2026,False,5/12/2026 6:16:55 AM,False,5/12/2026 6:16:55 AM
AP03A,1394311,U611-RHTOP,85,490655-2,-,5/19/2026,False,5/12/2026 3:09:08 AM,False,5/12/2026 3:09:08 AM
AP03A,1394312,,,-,-,5/19/2026,False,,False,
AP03A,1394313,,,-,-,5/19/2026,False,,False,
AP03A,1394314,,,-,-,5/19/2026,False,,False,
AP03A,1394315,,,-,-,5/19/2026,False,,False,
AP03A,1394316,,,-,-,5/19/2026,False,,False,
AP03A,1394317,,,-,-,5/19/2026,False,,False,
AP03A,1394318,,,-,-,5/19/2026,False,,False,
AP03A,1394319,,,-,-,5/19/2026,False,,False,
AP03A,1394320,,,-,-,5/19/2026,False,,False,
AP03A,1394321,,,-,-,5/19/2026,False,,False,
AP03A,1394322,,,-,-,5/19/2026,False,,False,
AP03A,1394323,,,-,-,5/19/2026,False,,False,
AP03A,1394324,,,-,-,5/19/2026,False,,False,
AP03A,1394324,U611-LHTOP,156,490688-3,-,5/19/2026,False,5/12/2026 6:16:56 AM,False,5/12/2026 6:16:56 AM
AP03A,1394324,U611-RHTOP,85,490655-3,-,5/19/2026,False,5/12/2026 3:09:08 AM,False,5/12/2026 3:09:08 AM
AP03A,1394325,,,-,-,5/19/2026,False,,False,
AP03A,1394326,,,-,-,5/19/2026,False,,False,
AP03A,1394327,,,-,-,5/19/2026,False,,False,
AP03A,1394328,,,-,-,5/19/2026,False,,False,
AP03A,1394329,,,-,-,5/19/2026,False,,False,
AP03A,1394330,,,-,-,5/19/2026,False,,False,
AP03A,1394331,,,-,-,5/19/2026,False,,False,
AP03A,1394332,,,-,-,5/19/2026,False,,False,
AP03A,1394333,,,-,-,5/19/2026,False,,False,
AP03A,1394334,,,-,-,5/19/2026,False,,False,
AP03A,1394335,,,-,-,5/19/2026,False,,False,
AP03A,1394336,,,-,-,5/19/2026,False,,False,
AP03A,1394337,,,-,-,5/19/2026,False,,False,
AP03A,1394337,U611-LHTOP,156,490688-4,-,5/19/2026,False,5/12/2026 6:16:56 AM,False,5/12/2026 6:16:56 AM
AP03A,1394337,U611-RHTOP,85,490655-4,-,5/19/2026,False,5/12/2026 3:09:09 AM,False,5/12/2026 3:09:09 AM
AP03A,1394338,,,-,-,5/19/2026,False,,False,
AP03A,1394339,,,-,-,5/19/2026,False,,False,
AP03A,1394340,,,-,-,5/19/2026,False,,False,
AP03A,1394341,,,-,-,5/19/2026,False,,False,
AP03A,1394341,U611-LHTOP,156,490688-5,-,5/19/2026,False,5/12/2026 6:16:56 AM,False,5/12/2026 6:16:56 AM
AP03A,1394341,U611-RHTOP,85,490655-5,-,5/19/2026,False,5/12/2026 3:09:09 AM,False,5/12/2026 3:09:09 AM
AP03A,1394342,,,-,-,5/19/2026,False,,False,
AP03A,1394343,,,-,-,5/19/2026,False,,False,
AP03A,1394344,,,-,-,5/19/2026,False,,False,
AP03A,1394345,,,-,-,5/19/2026,False,,False,
AP03A,1394346,,,-,-,5/19/2026,False,,False,
AP03A,1394347,,,-,-,5/19/2026,False,,False,
AP03A,1394348,,,-,-,5/19/2026,False,,False,
AP03A,1394349,,,-,-,5/19/2026,False,,False,
AP03A,1394350,,,-,-,5/19/2026,False,,False,
AP03A,1394350,U611-LHTOP,156,490688-6,-,5/19/2026,False,5/12/2026 6:16:56 AM,False,5/12/2026 6:16:56 AM
AP03A,1394350,U611-RHTOP,85,490655-6,-,5/19/2026,False,5/12/2026 3:09:10 AM,False,5/12/2026 3:09:10 AM
AP03A,1394351,,,-,-,5/19/2026,False,,False,
AP03A,1394352,,,-,-,5/19/2026,False,,False,
AP03A,1394353,,,-,-,5/19/2026,False,,False,
AP03A,1394354,,,-,-,5/19/2026,False,,False,
AP03A,1394355,,,-,-,5/19/2026,False,,False,
AP03A,1394356,,,-,-,5/19/2026,False,,False,
AP03A,1394357,,,-,-,5/19/2026,False,,False,
AP03A,1394358,,,-,-,5/19/2026,False,,False,
AP03A,1394359,,,-,-,5/19/2026,False,,False,
AP03A,1394360,,,-,-,5/19/2026,False,,False,
AP03A,1394361,,,-,-,5/19/2026,False,,False,
AP03A,1394362,,,-,-,5/19/2026,False,,False,
AP03A,1394362,U611-LHTOP,156,490688-7,-,5/19/2026,False,5/12/2026 6:16:57 AM,False,5/12/2026 6:16:57 AM
AP03A,1394362,U611-RHTOP,85,490655-7,-,5/19/2026,False,5/12/2026 3:09:10 AM,False,5/12/2026 3:09:10 AM
AP03A,1394363,,,-,-,5/19/2026,False,,False,
AP03A,1394364,,,-,-,5/19/2026,False,,False,
AP03A,1394365,,,-,-,5/19/2026,False,,False,
AP03A,1394366,,,-,-,5/19/2026,False,,False,
AP03A,1394367,,,-,-,5/19/2026,False,,False,
AP03A,1394368,,,-,-,5/19/2026,False,,False,
AP03A,1394369,,,-,-,5/19/2026,False,,False,
AP03A,1394370,,,-,-,5/19/2026,False,,False,
AP03A,1394371,,,-,-,5/19/2026,False,,False,
AP03A,1394372,,,-,-,5/19/2026,False,,False,
AP03A,1394373,,,-,-,5/19/2026,False,,False,
AP03A,1394374,,,-,-,5/19/2026,False,,False,
AP03A,1394375,,,-,-,5/19/2026,False,,False,
AP03A,1394375,U611-LHTOP,156,490688-8,-,5/19/2026,False,5/12/2026 6:16:57 AM,False,5/12/2026 6:16:57 AM
AP03A,1394375,U611-RHTOP,85,490655-8,-,5/19/2026,False,5/12/2026 3:09:10 AM,False,5/12/2026 3:09:10 AM
AP03A,1394376,,,-,-,5/19/2026,False,,False,
AP03A,1394377,,,-,-,5/19/2026,False,,False,
AP03A,1394378,,,-,-,5/19/2026,False,,False,
AP03A,1394379,,,-,-,5/19/2026,False,,False,
AP03A,1394380,,,-,-,5/19/2026,False,,False,
AP03A,1394381,,,-,-,5/19/2026,False,,False,
AP03A,1394382,,,-,-,5/19/2026,False,,False,
AP03A,1394383,,,-,-,5/19/2026,False,,False,
AP03A,1394384,,,-,-,5/19/2026,False,,False,
AP03A,1394385,,,-,-,5/19/2026,False,,False,
AP03A,1394386,,,-,-,5/19/2026,False,,False,
AP03A,1394387,,,-,-,5/19/2026,False,,False,
AP03A,1394388,,,-,-,5/19/2026,False,,False,
AP03A,1394388,U611-LHTOP,156,490688-9,-,5/19/2026,False,5/12/2026 6:16:57 AM,False,5/12/2026 6:16:57 AM
AP03A,1394388,U611-RHTOP,85,490655-9,-,5/19/2026,False,5/12/2026 3:09:10 AM,False,5/12/2026 3:09:10 AM
AP03A,1394389,,,-,-,5/19/2026,False,,False,
AP03A,1394390,,,-,-,5/19/2026,False,,False,
AP03A,1394391,,,-,-,5/19/2026,False,,False,
AP03A,1394392,,,-,-,5/19/2026,False,,False,
AP03A,1394393,,,-,-,5/19/2026,False,,False,
AP03A,1394394,,,-,-,5/19/2026,False,,False,
AP03A,1394395,,,-,-,5/19/2026,False,,False,
AP03A,1394396,,,-,-,5/19/2026,False,,False,
AP03A,1394397,,,-,-,5/19/2026,False,,False,
AP03A,1394398,,,-,-,5/19/2026,False,,False,
AP03A,1394399,,,-,-,5/19/2026,False,,False,
AP03A,1394400,,,-,-,5/19/2026,False,,False,
AP03A,1394401,,,-,-,5/19/2026,False,,False,
AP03A,1394401,U611-LHTOP,156,490688-10,-,5/19/2026,False,5/12/2026 6:16:57 AM,False,5/12/2026 6:16:57 AM
AP03A,1394401,U611-RHTOP,85,490655-10,-,5/19/2026,False,5/12/2026 3:09:11 AM,False,5/12/2026 3:09:11 AM
AP03A,1394402,,,-,-,5/19/2026,False,,False,
AP03A,1394403,,,-,-,5/19/2026,False,,False,
AP03A,1394404,,,-,-,5/19/2026,False,,False,
AP03A,1394405,,,-,-,5/19/2026,False,,False,
AP03A,1394406,,,-,-,5/19/2026,False,,False,
AP03A,1394407,,,-,-,5/19/2026,False,,False,
AP03A,1394408,,,-,-,5/19/2026,False,,False,
AP03A,1394409,,,-,-,5/19/2026,False,,False,
AP03A,1394410,,,-,-,5/19/2026,False,,False,
AP03A,1394411,,,-,-,5/19/2026,False,,False,
AP03A,1394412,,,-,-,5/19/2026,False,,False,
AP03A,1394413,,,-,-,5/19/2026,False,,False,
AP03A,1394414,,,-,-,5/19/2026,False,,False,
AP03A,1394414,U611-LHTOP,156,490688-11,-,5/19/2026,False,5/12/2026 7:12:19 AM,False,5/12/2026 7:12:19 AM
AP03A,1394414,U611-RHTOP,85,490655-11,-,5/19/2026,False,5/12/2026 6:06:11 AM,False,5/12/2026 6:06:11 AM
AP03A,1394415,,,-,-,5/19/2026,False,,False,
AP03A,1394416,,,-,-,5/19/2026,False,,False,
AP03A,1394417,,,-,-,5/19/2026,False,,False,
AP03A,1394418,,,-,-,5/19/2026,False,,False,
AP03A,1394419,,,-,-,5/19/2026,False,,False,
AP03A,1394420,,,-,-,5/19/2026,False,,False,
AP03A,1394421,,,-,-,5/19/2026,False,,False,
AP03A,1394422,,,-,-,5/19/2026,False,,False,
AP03A,1394423,,,-,-,5/19/2026,False,,False,
AP03A,1394424,,,-,-,5/19/2026,False,,False,
AP03A,1394425,,,-,-,5/19/2026,False,,False,
AP03A,1394426,,,-,-,5/19/2026,False,,False,
AP03A,1394426,U611-LHTOP,156,490688-12,-,5/19/2026,False,5/12/2026 7:12:19 AM,False,5/12/2026 7:12:19 AM
AP03A,1394426,U611-RHTOP,85,490655-12,-,5/19/2026,False,5/12/2026 6:06:11 AM,False,5/12/2026 6:06:11 AM
AP03A,1394427,,,-,-,5/19/2026,False,,False,
AP03A,1394428,,,-,-,5/19/2026,False,,False,
AP03A,1394429,,,-,-,5/19/2026,False,,False,
AP03A,1394430,,,-,-,5/19/2026,False,,False,
AP03A,1394431,,,-,-,5/19/2026,False,,False,
AP03A,1394432,,,-,-,5/19/2026,False,,False,
AP03A,1394433,,,-,-,5/19/2026,False,,False,
AP03A,1394434,,,-,-,5/19/2026,False,,False,
AP03A,1394435,,,-,-,5/19/2026,False,,False,
AP03A,1394436,,,-,-,5/19/2026,False,,False,
AP03A,1394437,,,-,-,5/19/2026,False,,False,
AP03A,1394438,,,-,-,5/19/2026,False,,False,
AP03A,1394439,,,-,-,5/19/2026,False,,False,
AP03A,1394439,U611-LHTOP,157,490702-1,-,5/19/2026,False,5/12/2026 7:12:20 AM,False,5/12/2026 7:12:20 AM
AP03A,1394439,U611-RHTOP,85,490655-13,-,5/19/2026,False,5/12/2026 6:06:11 AM,False,5/12/2026 6:06:11 AM
AP03A,1394440,,,-,-,5/19/2026,False,,False,
AP03A,1394441,,,-,-,5/19/2026,False,,False,
AP03A,1394442,,,-,-,5/19/2026,False,,False,
AP03A,1394443,,,-,-,5/19/2026,False,,False,
AP03A,1394444,,,-,-,5/19/2026,False,,False,
AP03A,1394445,,,-,-,5/19/2026,False,,False,
AP03A,1394446,,,-,-,5/19/2026,False,,False,
AP03A,1394447,,,-,-,5/19/2026,False,,False,
AP03A,1394448,,,-,-,5/19/2026,False,,False,
AP03A,1394449,,,-,-,5/19/2026,False,,False,
AP03A,1394450,,,-,-,5/19/2026,False,,False,
AP03A,1394451,,,-,-,5/19/2026,False,,False,
AP03A,1394452,,,-,-,5/19/2026,False,,False,
AP03A,1394452,U611-LHTOP,157,490702-2,-,5/19/2026,False,5/12/2026 7:12:20 AM,False,5/12/2026 7:12:20 AM
AP03A,1394452,U611-RHTOP,85,490655-14,-,5/19/2026,False,5/12/2026 6:06:11 AM,False,5/12/2026 6:06:11 AM
AP03A,1394453,,,-,-,5/19/2026,False,,False,
AP03A,1394454,,,-,-,5/19/2026,False,,False,
AP03A,1394455,,,-,-,5/19/2026,False,,False,
AP03A,1394456,,,-,-,5/19/2026,False,,False,
AP03A,1394457,,,-,-,5/19/2026,False,,False,
AP03A,1394458,,,-,-,5/19/2026,False,,False,
AP03A,1394459,,,-,-,5/19/2026,False,,False,
AP03A,1394460,,,-,-,5/19/2026,False,,False,
AP03A,1394461,,,-,-,5/19/2026,False,,False,
AP03A,1394462,,,-,-,5/19/2026,False,,False,
AP03A,1394463,,,-,-,5/19/2026,False,,False,
AP03A,1394464,,,-,-,5/19/2026,False,,False,
AP03A,1394465,,,-,-,5/19/2026,False,,False,
AP03A,1394465,U611-LHTOP,157,490702-3,-,5/19/2026,False,5/12/2026 7:12:21 AM,False,5/12/2026 7:12:21 AM
AP03A,1394465,U611-RHTOP,85,490655-15,-,5/19/2026,False,5/12/2026 6:06:12 AM,False,5/12/2026 6:06:12 AM
AP03A,1394466,,,-,-,5/19/2026,False,,False,
AP03A,1394467,,,-,-,5/19/2026,False,,False,
AP03A,1394468,,,-,-,5/19/2026,False,,False,
AP03A,1394469,,,-,-,5/19/2026,False,,False,
AP03A,1394470,,,-,-,5/19/2026,False,,False,
AP03A,1394471,,,-,-,5/19/2026,False,,False,
AP03A,1394472,,,-,-,5/19/2026,False,,False,
AP03A,1394473,,,-,-,5/19/2026,False,,False,
AP03A,1394474,,,-,-,5/19/2026,False,,False,
AP03A,1394475,,,-,-,5/19/2026,False,,False,
AP03A,1394476,,,-,-,5/19/2026,False,,False,
AP03A,1394477,,,-,-,5/19/2026,False,,False,
AP03A,1394478,,,-,-,5/19/2026,False,,False,
AP03A,1394478,U611-LHTOP,157,490702-4,-,5/19/2026,False,5/12/2026 7:12:21 AM,False,5/12/2026 7:12:21 AM
AP03A,1394478,U611-RHTOP,85,490655-16,-,5/19/2026,False,5/12/2026 6:06:12 AM,False,5/12/2026 6:06:12 AM
AP03A,1394479,,,-,-,5/19/2026,False,,False,
AP03A,1394480,,,-,-,5/19/2026,False,,False,
AP03A,1394481,,,-,-,5/19/2026,False,,False,
AP03A,1394482,,,-,-,5/19/2026,False,,False,
AP03A,1394483,,,-,-,5/19/2026,False,,False,
AP03A,1394484,,,-,-,5/19/2026,False,,False,
AP03A,1394485,,,-,-,5/19/2026,False,,False,
AP03A,1394486,,,-,-,5/19/2026,False,,False,
AP03A,1394487,,,-,-,5/19/2026,False,,False,
AP03A,1394488,,,-,-,5/19/2026,False,,False,
AP03A,1394489,,,-,-,5/19/2026,False,,False,
AP03A,1394490,,,-,-,5/19/2026,False,,False,
AP03A,1394490,U611-LHTOP,157,490702-5,-,5/19/2026,False,5/12/2026 7:12:21 AM,False,5/12/2026 7:12:21 AM
AP03A,1394490,U611-RHTOP,85,490655-17,-,5/19/2026,False,5/12/2026 6:06:12 AM,False,5/12/2026 6:06:12 AM
AP03A,1394491,,,-,-,5/19/2026,False,,False,
AP03A,1394492,,,-,-,5/19/2026,False,,False,
AP03A,1394493,,,-,-,5/19/2026,False,,False,
AP03A,1404494,,,-,-,5/19/2026,False,,False,
AP03A,1404495,,,-,-,5/19/2026,False,,False,
AP03A,1404496,,,-,-,5/19/2026,False,,False,
AP03A,1404497,,,-,-,5/19/2026,False,,False,
AP03A,1404498,,,-,-,5/19/2026,False,,False,
AP03A,1404499,,,-,-,5/19/2026,False,,False,
AP03A,1404500,,,-,-,5/19/2026,False,,False,
AP03A,1404501,,,-,-,5/19/2026,False,,False,
AP03A,1404502,,,-,-,5/19/2026,False,,False,
AP03A,1404503,,,-,-,5/19/2026,False,,False,
AP03A,1404503,U611-LHTOP,157,490702-6,-,5/19/2026,False,5/13/2026 3:00:04 AM,False,5/13/2026 3:00:04 AM
AP03A,1404503,U611-RHTOP,85,490655-18,-,5/19/2026,False,5/13/2026 2:59:51 AM,False,5/13/2026 2:59:51 AM
AP03A,1404504,,,-,-,5/19/2026,False,,False,
AP03A,1404505,,,-,-,5/19/2026,False,,False,
AP03A,1404506,,,-,-,5/19/2026,False,,False,
AP03A,1404507,,,-,-,5/19/2026,False,,False,
AP03A,1404508,,,-,-,5/19/2026,False,,False,
AP03A,1404509,,,-,-,5/19/2026,False,,False,
AP03A,1404510,,,-,-,5/19/2026,False,,False,
AP03A,1404511,,,-,-,5/19/2026,False,,False,
AP03A,1404512,,,-,-,5/19/2026,False,,False,
AP03A,1404513,,,-,-,5/19/2026,False,,False,
AP03A,1404514,,,-,-,5/19/2026,False,,False,
AP03A,1404515,,,-,-,5/19/2026,False,,False,
AP03A,1404516,,,-,-,5/19/2026,False,,False,
AP03A,1404516,U611-LHTOP,157,490702-7,-,5/19/2026,False,5/13/2026 3:00:04 AM,False,5/13/2026 3:00:04 AM
AP03A,1404516,U611-RHTOP,85,490655-19,-,5/19/2026,False,5/13/2026 2:59:51 AM,False,5/13/2026 2:59:51 AM
AP03A,1404517,,,-,-,5/19/2026,False,,False,
AP03A,1404518,,,-,-,5/19/2026,False,,False,
AP03A,1404519,,,-,-,5/19/2026,False,,False,
AP03A,1404520,,,-,-,5/19/2026,False,,False,
AP03A,1404521,,,-,-,5/19/2026,False,,False,
AP03A,1404522,,,-,-,5/19/2026,False,,False,
AP03A,1404523,,,-,-,5/19/2026,False,,False,
AP03A,1404524,,,-,-,5/19/2026,False,,False,
AP03A,1404525,,,-,-,5/19/2026,False,,False,
AP03A,1404526,,,-,-,5/19/2026,False,,False,
AP03A,1404527,,,-,-,5/19/2026,False,,False,
AP03A,1404528,,,-,-,5/19/2026,False,,False,
AP03A,1404529,,,-,-,5/19/2026,False,,False,
AP03A,1404529,U611-LHTOP,157,490702-8,-,5/19/2026,False,5/13/2026 3:00:06 AM,False,5/13/2026 3:00:06 AM
AP03A,1404529,U611-RHTOP,85,490655-20,-,5/19/2026,False,5/13/2026 2:59:51 AM,False,5/13/2026 2:59:51 AM
AP03A,1404530,,,-,-,5/19/2026,False,,False,
AP03A,1404531,,,-,-,5/19/2026,False,,False,
AP03A,1404532,,,-,-,5/19/2026,False,,False,
AP03A,1404533,,,-,-,5/19/2026,False,,False,
AP03A,1404534,,,-,-,5/19/2026,False,,False,
AP03A,1404535,,,-,-,5/19/2026,False,,False,
AP03A,1404536,,,-,-,5/19/2026,False,,False,
AP03A,1404537,,,-,-,5/19/2026,False,,False,
AP03A,1404538,,,-,-,5/19/2026,False,,False,
AP03A,1404539,,,-,-,5/19/2026,False,,False,
AP03A,1404540,,,-,-,5/19/2026,False,,False,
AP03A,1404541,,,-,-,5/19/2026,False,,False,
AP03A,1404542,,,-,-,5/19/2026,False,,False,
AP03A,1404542,U611-LHTOP,157,490702-9,-,5/19/2026,False,5/13/2026 3:00:06 AM,False,5/13/2026 3:00:06 AM
AP03A,1404542,U611-RHTOP,85,490655-21,-,5/19/2026,False,5/13/2026 2:59:51 AM,False,5/13/2026 2:59:51 AM
AP03A,1404543,,,-,-,5/19/2026,False,,False,
AP03A,1404544,,,-,-,5/19/2026,False,,False,
AP03A,1404545,,,-,-,5/19/2026,False,,False,
AP03A,1404546,,,-,-,5/19/2026,False,,False,
AP03A,1404547,,,-,-,5/19/2026,False,,False,
AP03A,1404548,,,-,-,5/19/2026,False,,False,
AP03A,1404549,,,-,-,5/19/2026,False,,False,
AP03A,1404550,,,-,-,5/19/2026,False,,False,
AP03A,1404551,,,-,-,5/19/2026,False,,False,
AP03A,1404552,,,-,-,5/19/2026,False,,False,
AP03A,1404553,,,-,-,5/19/2026,False,,False,
AP03A,1404554,,,-,-,5/19/2026,False,,False,
AP03A,1404555,,,-,-,5/19/2026,False,,False,
AP03A,1404555,U611-LHTOP,157,490702-10,-,5/19/2026,False,5/13/2026 3:00:06 AM,False,5/13/2026 3:00:06 AM
AP03A,1404555,U611-RHTOP,85,490655-22,-,5/19/2026,False,5/13/2026 2:59:52 AM,False,5/13/2026 2:59:52 AM
AP03A,1404556,,,-,-,5/19/2026,False,,False,
AP03A,1404557,,,-,-,5/19/2026,False,,False,
AP03A,1404558,,,-,-,5/19/2026,False,,False,
AP03A,1404559,,,-,-,5/19/2026,False,,False,
AP03A,1404560,,,-,-,5/19/2026,False,,False,
AP03A,1404561,,,-,-,5/19/2026,False,,False,
AP03A,1404562,,,-,-,5/19/2026,False,,False,
AP03A,1404563,,,-,-,5/19/2026,False,,False,
AP03A,1404564,,,-,-,5/19/2026,False,,False,
AP03A,1404565,,,-,-,5/19/2026,False,,False,
AP03A,1404566,,,-,-,5/19/2026,False,,False,
AP03A,1404567,,,-,-,5/19/2026,False,,False,
AP03A,1404567,U611-LHTOP,157,490702-11,-,5/19/2026,False,5/13/2026 3:00:07 AM,False,5/13/2026 3:00:07 AM
AP03A,1404567,U611-RHTOP,85,490655-23,-,5/19/2026,False,5/13/2026 2:59:53 AM,False,5/13/2026 2:59:53 AM
AP03A,1404568,,,-,-,5/19/2026,False,,False,
AP03A,1404569,,,-,-,5/19/2026,False,,False,
AP03A,1404570,,,-,-,5/19/2026,False,,False,
AP03A,1404571,,,-,-,5/19/2026,False,,False,
AP03A,1404572,,,-,-,5/19/2026,False,,False,
AP03A,1404573,,,-,-,5/19/2026,False,,False,
AP03A,1404574,,,-,-,5/19/2026,False,,False,
AP03A,1404575,,,-,-,5/19/2026,False,,False,
AP03A,1404576,,,-,-,5/19/2026,False,,False,
AP03A,1404577,,,-,-,5/19/2026,False,,False,
AP03A,1404578,,,-,-,5/19/2026,False,,False,
AP03A,1404579,,,-,-,5/19/2026,False,,False,
AP03A,1404580,,,-,-,5/19/2026,False,,False,
AP03A,1404580,U611-LHTOP,157,490702-12,-,5/19/2026,False,5/13/2026 3:00:07 AM,False,5/13/2026 3:00:07 AM
AP03A,1404580,U611-RHTOP,85,490655-24,-,5/19/2026,False,5/13/2026 2:59:53 AM,False,5/13/2026 2:59:53 AM
AP03A,1404581,,,-,-,5/19/2026,False,,False,
AP03A,1404582,,,-,-,5/19/2026,False,,False,
AP03A,1404583,,,-,-,5/19/2026,False,,False,
AP03A,1404584,,,-,-,5/19/2026,False,,False,
AP03A,1404585,,,-,-,5/19/2026,False,,False,
AP03A,1404586,,,-,-,5/19/2026,False,,False,
AP03A,1404587,,,-,-,5/19/2026,False,,False,
AP03A,1404588,,,-,-,5/19/2026,False,,False,
AP03A,1404589,,,-,-,5/19/2026,False,,False,
AP03A,1404590,,,-,-,5/19/2026,False,,False,
AP03A,1404591,,,-,-,5/19/2026,False,,False,
AP03A,1404592,,,-,-,5/19/2026,False,,False,
AP03A,1404593,,,-,-,5/19/2026,False,,False,
AP03A,1404593,U611-LHTOP,158,490953-1,-,5/19/2026,False,5/13/2026 3:00:09 AM,False,5/13/2026 3:00:09 AM
AP03A,1404593,U611-RHTOP,86,490952-1,-,5/19/2026,False,5/13/2026 2:59:56 AM,False,5/13/2026 2:59:56 AM
AP03A,1404594,,,-,-,5/19/2026,False,,False,
AP03A,1404595,,,-,-,5/19/2026,False,,False,
AP03A,1404596,,,-,-,5/19/2026,False,,False,
AP03A,1404597,,,-,-,5/19/2026,False,,False,
AP03A,1404598,,,-,-,5/19/2026,False,,False,
AP03A,1404599,,,-,-,5/19/2026,False,,False,
AP03A,1404600,,,-,-,5/19/2026,False,,False,
AP03A,1404601,,,-,-,5/19/2026,False,,False,
AP03A,1404602,,,-,-,5/19/2026,False,,False,
AP03A,1404603,,,-,-,5/19/2026,False,,False,
AP03A,1404604,,,-,-,5/19/2026,False,,False,
AP03A,1404605,,,-,-,5/19/2026,False,,False,
AP03A,1404606,,,-,-,5/19/2026,False,,False,
AP03A,1404606,U611-LHTOP,158,490953-2,-,5/19/2026,False,5/13/2026 3:00:09 AM,False,5/13/2026 3:00:09 AM
AP03A,1404606,U611-RHTOP,86,490952-2,-,5/19/2026,False,5/13/2026 2:59:56 AM,False,5/13/2026 2:59:56 AM
AP03A,1404607,,,-,-,5/19/2026,False,,False,
AP03A,1404608,,,-,-,5/19/2026,False,,False,
AP03A,1404609,,,-,-,5/19/2026,False,,False,
AP03A,1404610,,,-,-,5/19/2026,False,,False,
AP03A,1404611,,,-,-,5/19/2026,False,,False,
AP03A,1404612,,,-,-,5/19/2026,False,,False,
AP03A,1404613,,,-,-,5/19/2026,False,,False,
AP03A,1404614,,,-,-,5/19/2026,False,,False,
AP03A,1404615,,,-,-,5/19/2026,False,,False,
AP03A,1404616,,,-,-,5/19/2026,False,,False,
AP03A,1404617,,,-,-,5/19/2026,False,,False,
AP03A,1404618,,,-,-,5/19/2026,False,,False,
AP03A,1404619,,,-,-,5/19/2026,False,,False,
AP03A,1404619,U611-LHTOP,158,490953-3,-,5/19/2026,False,5/13/2026 3:00:09 AM,False,5/13/2026 3:00:09 AM
AP03A,1404619,U611-RHTOP,86,490952-3,-,5/19/2026,False,5/13/2026 2:59:56 AM,False,5/13/2026 2:59:56 AM
AP03A,1404620,,,-,-,5/19/2026,False,,False,
AP03A,1404621,,,-,-,5/19/2026,False,,False,
AP03A,1404622,,,-,-,5/19/2026,False,,False,
AP03A,1404623,,,-,-,5/19/2026,False,,False,
AP03A,1404624,,,-,-,5/19/2026,False,,False,
AP03A,1404625,,,-,-,5/19/2026,False,,False,
AP03A,1404626,,,-,-,5/19/2026,False,,False,
AP03A,1404627,,,-,-,5/19/2026,False,,False,
AP03A,1404628,,,-,-,5/19/2026,False,,False,
AP03A,1404629,,,-,-,5/19/2026,False,,False,
AP03A,1404630,,,-,-,5/19/2026,False,,False,
AP03A,1404631,,,-,-,5/19/2026,False,,False,
AP03A,1404631,U611-LHTOP,158,490953-4,-,5/19/2026,False,5/13/2026 3:00:09 AM,False,5/13/2026 3:00:09 AM
AP03A,1404631,U611-RHTOP,86,490952-4,-,5/19/2026,False,5/13/2026 2:59:57 AM,False,5/13/2026 2:59:57 AM
AP03A,1404632,,,-,-,5/19/2026,False,,False,
AP03A,1404633,,,-,-,5/19/2026,False,,False,
AP03A,1404634,,,-,-,5/19/2026,False,,False,
AP03A,1404635,,,-,-,5/19/2026,False,,False,
AP03A,1404636,,,-,-,5/19/2026,False,,False,
AP03A,1404637,,,-,-,5/19/2026,False,,False,
AP03A,1404638,,,-,-,5/19/2026,False,,False,
AP03A,1404639,,,-,-,5/19/2026,False,,False,
AP03A,1404640,,,-,-,5/19/2026,False,,False,
AP03A,1404641,,,-,-,5/19/2026,False,,False,
AP03A,1404642,,,-,-,5/19/2026,False,,False,
AP03A,1404643,,,-,-,5/19/2026,False,,False,
AP03A,1404644,,,-,-,5/19/2026,False,,False,
AP03A,1404644,U611-LHTOP,158,490953-5,-,5/19/2026,False,5/13/2026 3:00:10 AM,False,5/13/2026 3:00:10 AM
AP03A,1404644,U611-RHTOP,86,490952-5,-,5/19/2026,False,5/13/2026 2:59:57 AM,False,5/13/2026 2:59:57 AM
AP03A,1404645,,,-,-,5/19/2026,False,,False,
AP03A,1404646,,,-,-,5/19/2026,False,,False,
AP03A,1404647,,,-,-,5/19/2026,False,,False,
AP03A,1404648,,,-,-,5/19/2026,False,,False,
AP03A,1404649,,,-,-,5/19/2026,False,,False,
AP03A,1404650,,,-,-,5/19/2026,False,,False,
AP03A,1404651,,,-,-,5/19/2026,False,,False,
AP03A,1404652,,,-,-,5/19/2026,False,,False,
AP03A,1404653,,,-,-,5/19/2026,False,,False,
AP03A,1404654,,,-,-,5/19/2026,False,,False,
AP03A,1404655,,,-,-,5/19/2026,False,,False,
AP03A,1404656,,,-,-,5/19/2026,False,,False,
AP03A,1404657,,,-,-,5/19/2026,False,,False,
AP03A,1404657,U611-LHTOP,158,490953-6,-,5/19/2026,False,5/13/2026 3:00:34 AM,False,5/13/2026 3:00:34 AM
AP03A,1404657,U611-RHTOP,86,490952-6,-,5/19/2026,False,5/13/2026 2:59:58 AM,False,5/13/2026 2:59:58 AM
AP03A,1404658,,,-,-,5/19/2026,False,,False,
AP03A,1404659,,,-,-,5/19/2026,False,,False,
AP03A,1404660,,,-,-,5/19/2026,False,,False,
AP03A,1404661,,,-,-,5/19/2026,False,,False,
AP03A,1404662,,,-,-,5/19/2026,False,,False,
AP03A,1404663,,,-,-,5/19/2026,False,,False,
AP03A,1404664,,,-,-,5/19/2026,False,,False,
AP03A,1404665,,,-,-,5/19/2026,False,,False,
AP03A,1404666,,,-,-,5/19/2026,False,,False,
AP03A,1404667,,,-,-,5/19/2026,False,,False,
AP03A,1404668,,,-,-,5/19/2026,False,,False,
AP03A,1404669,,,-,-,5/19/2026,False,,False,
AP03A,1404670,,,-,-,5/19/2026,False,,False,
AP03A,1404670,U611-LHTOP,158,490953-7,-,5/19/2026,False,5/13/2026 3:00:34 AM,False,5/13/2026 3:00:34 AM
AP03A,1404670,U611-RHTOP,86,490952-7,-,5/19/2026,False,5/13/2026 2:59:59 AM,False,5/13/2026 2:59:59 AM
AP03A,1404671,,,-,-,5/19/2026,False,,False,
AP03A,1404672,,,-,-,5/19/2026,False,,False,
AP03A,1404673,,,-,-,5/19/2026,False,,False,
AP03A,1404674,,,-,-,5/19/2026,False,,False,
AP03A,1404675,,,-,-,5/19/2026,False,,False,
AP03A,1404676,,,-,-,5/19/2026,False,,False,
AP03A,1404677,,,-,-,5/19/2026,False,,False,
AP03A,1404678,,,-,-,5/19/2026,False,,False,
AP03A,1404679,,,-,-,5/19/2026,False,,False,
AP03A,1404680,,,-,-,5/19/2026,False,,False,
AP03A,1404681,,,-,-,5/19/2026,False,,False,
AP03A,1404682,,,-,-,5/19/2026,False,,False,
AP03A,1404683,,,-,-,5/19/2026,False,,False,
AP03A,1404683,U611-LHTOP,158,490953-8,-,5/19/2026,False,5/13/2026 3:00:34 AM,False,5/13/2026 3:00:34 AM
AP03A,1404683,U611-RHTOP,86,490952-8,-,5/19/2026,False,5/13/2026 2:59:59 AM,False,5/13/2026 2:59:59 AM
AP03A,1404684,,,-,-,5/19/2026,False,,False,
AP03A,1404685,,,-,-,5/19/2026,False,,False,
AP03A,1404686,,,-,-,5/19/2026,False,,False,
AP03A,1404687,,,-,-,5/19/2026,False,,False,
AP03A,1404688,,,-,-,5/19/2026,False,,False,
AP03A,1404689,,,-,-,5/19/2026,False,,False,
AP03A,1404690,,,-,-,5/19/2026,False,,False,
AP03A,1404691,,,-,-,5/19/2026,False,,False,
AP03A,1404692,,,-,-,5/19/2026,False,,False,
AP03A,1404693,,,-,-,5/19/2026,False,,False,
AP03A,1404694,,,-,-,5/19/2026,False,,False,
AP03A,1404695,,,-,-,5/19/2026,False,,False,
AP03A,1404695,U611-LHTOP,158,490953-9,-,5/19/2026,False,5/13/2026 3:00:34 AM,False,5/13/2026 3:00:34 AM
AP03A,1404695,U611-RHTOP,86,490952-9,-,5/19/2026,False,5/13/2026 2:59:59 AM,False,5/13/2026 2:59:59 AM
AP03A,1404696,,,-,-,5/19/2026,False,,False,
AP03A,1404697,,,-,-,5/19/2026,False,,False,
AP03A,1404698,,,-,-,5/19/2026,False,,False,
AP03A,1404699,,,-,-,5/19/2026,False,,False,
AP03A,1404700,,,-,-,5/19/2026,False,,False,
AP03A,1404701,,,-,-,5/19/2026,False,,False,
AP03A,1404702,,,-,-,5/19/2026,False,,False,
AP03A,1404703,,,-,-,5/19/2026,False,,False,
AP03A,1404704,,,-,-,5/19/2026,False,,False,
AP03A,1404705,,,-,-,5/19/2026,False,,False,
AP03A,1404706,,,-,-,5/19/2026,False,,False,
AP03A,1404707,,,-,-,5/19/2026,False,,False,
AP03A,1404708,,,-,-,5/19/2026,False,,False,
AP03A,1404708,U611-LHTOP,158,490953-10,-,5/19/2026,False,5/13/2026 3:00:35 AM,False,5/13/2026 3:00:35 AM
AP03A,1404708,U611-RHTOP,86,490952-10,-,5/19/2026,False,5/13/2026 3:00:00 AM,False,5/13/2026 3:00:00 AM
AP03A,1404709,,,-,-,5/19/2026,False,,False,
AP03A,1404710,,,-,-,5/19/2026,False,,False,
AP03A,1404711,,,-,-,5/19/2026,False,,False,
AP03A,1404712,,,-,-,5/19/2026,False,,False,
AP03A,1404713,,,-,-,5/19/2026,False,,False,
AP03A,1404714,,,-,-,5/19/2026,False,,False,
AP03A,1404715,,,-,-,5/19/2026,False,,False,
AP03A,1404716,,,-,-,5/19/2026,False,,False,
AP03A,1404717,,,-,-,5/19/2026,False,,False,
AP03A,1404718,,,-,-,5/19/2026,False,,False,
AP03A,1404719,,,-,-,5/19/2026,False,,False,
AP03A,1404720,,,-,-,5/19/2026,False,,False,
AP03A,1404721,,,-,-,5/19/2026,False,,False,
AP03A,1404721,U611-LHTOP,158,490953-11,-,5/19/2026,False,5/13/2026 3:00:35 AM,False,5/13/2026 3:00:35 AM
AP03A,1404721,U611-RHTOP,86,490952-11,-,5/19/2026,False,5/13/2026 3:00:01 AM,False,5/13/2026 3:00:01 AM
AP03A,1404722,,,-,-,5/19/2026,False,,False,
AP03A,1404723,,,-,-,5/19/2026,False,,False,
AP03A,1404724,,,-,-,5/19/2026,False,,False,
AP03A,1404725,,,-,-,5/19/2026,False,,False,
AP03A,1404726,,,-,-,5/19/2026,False,,False,
AP03A,1404727,,,-,-,5/19/2026,False,,False,
AP03A,1404728,,,-,-,5/19/2026,False,,False,
AP03A,1404729,,,-,-,5/19/2026,False,,False,
AP03A,1404730,,,-,-,5/19/2026,False,,False,
AP03A,1404731,,,-,-,5/19/2026,False,,False,
AP03A,1404732,,,-,-,5/19/2026,False,,False,
AP03A,1404733,,,-,-,5/19/2026,False,,False,
AP03A,1404734,,,-,-,5/19/2026,False,,False,
AP03A,1404734,U611-LHTOP,158,490953-12,-,5/19/2026,False,5/13/2026 3:00:35 AM,False,5/13/2026 3:00:35 AM
AP03A,1404734,U611-RHTOP,86,490952-12,-,5/19/2026,False,5/13/2026 3:00:01 AM,False,5/13/2026 3:00:01 AM
AP03A,1404735,,,-,-,5/19/2026,False,,False,
AP03A,1404736,,,-,-,5/19/2026,False,,False,
AP03A,1404737,,,-,-,5/19/2026,False,,False,
AP03A,1404738,,,-,-,5/19/2026,False,,False,
AP03A,1404739,,,-,-,5/19/2026,False,,False,
AP03A,1404740,,,-,-,5/19/2026,False,,False,
AP03A,1404741,,,-,-,5/19/2026,False,,False,
AP03A,1404742,,,-,-,5/19/2026,False,,False,
AP03A,1404743,,,-,-,5/19/2026,False,,False,
AP03A,1404744,,,-,-,5/19/2026,False,,False,
AP03A,1404745,,,-,-,5/19/2026,False,,False,
AP03A,1404746,,,-,-,5/19/2026,False,,False,
AP03A,1404747,,,-,-,5/19/2026,False,,False,
AP03A,1404747,U611-LHTOP,159,490955-1,-,5/19/2026,False,5/13/2026 3:00:37 AM,False,5/13/2026 3:00:37 AM
AP03A,1404747,U611-RHTOP,86,490952-13,-,5/19/2026,False,5/13/2026 3:00:02 AM,False,5/13/2026 3:00:02 AM
AP03A,1404748,,,-,-,5/19/2026,False,,False,
AP03A,1404749,,,-,-,5/19/2026,False,,False,
AP03A,1404750,,,-,-,5/19/2026,False,,False,
AP03A,1404751,,,-,-,5/19/2026,False,,False,
AP03A,1404752,,,-,-,5/19/2026,False,,False,
AP03A,1404753,,,-,-,5/19/2026,False,,False,
AP03A,1404754,,,-,-,5/19/2026,False,,False,
AP03A,1404755,,,-,-,5/19/2026,False,,False,
AP03A,1404756,,,-,-,5/19/2026,False,,False,
AP03A,1404757,,,-,-,5/19/2026,False,,False,
AP03A,1404758,,,-,-,5/19/2026,False,,False,
AP03A,1404759,,,-,-,5/19/2026,False,,False,
AP03A,1404759,U611-LHTOP,159,490955-2,-,5/19/2026,False,5/13/2026 3:00:37 AM,False,5/13/2026 3:00:37 AM
AP03A,1404759,U611-RHTOP,86,490952-14,-,5/19/2026,False,5/13/2026 3:00:02 AM,False,5/13/2026 3:00:02 AM
AP03A,1404760,,,-,-,5/19/2026,False,,False,
AP03A,1404761,,,-,-,5/19/2026,False,,False,
AP03A,1404762,,,-,-,5/19/2026,False,,False,
AP03A,1404763,,,-,-,5/19/2026,False,,False,
AP03A,1404764,,,-,-,5/19/2026,False,,False,
AP03A,1404765,,,-,-,5/19/2026,False,,False,
AP03A,1404766,,,-,-,5/19/2026,False,,False,
AP03A,1404767,,,-,-,5/19/2026,False,,False,
AP03A,1404768,,,-,-,5/19/2026,False,,False,
AP03A,1404769,,,-,-,5/19/2026,False,,False,
AP03A,1404770,,,-,-,5/19/2026,False,,False,
AP03A,1404771,,,-,-,5/19/2026,False,,False,
AP03A,1404772,,,-,-,5/19/2026,False,,False,
AP03A,1404772,U611-LHTOP,159,490955-3,-,5/19/2026,False,5/13/2026 3:00:37 AM,False,5/13/2026 3:00:37 AM
AP03A,1404772,U611-RHTOP,86,490952-15,-,5/19/2026,False,5/13/2026 3:00:02 AM,False,5/13/2026 3:00:02 AM
AP03A,1404773,,,-,-,5/19/2026,False,,False,
AP03A,1404774,,,-,-,5/19/2026,False,,False,
AP03A,1404775,,,-,-,5/19/2026,False,,False,
AP03A,1404776,,,-,-,5/19/2026,False,,False,
AP03A,1404777,,,-,-,5/19/2026,False,,False,
AP03A,1404778,,,-,-,5/19/2026,False,,False,
AP03A,1404779,,,-,-,5/19/2026,False,,False,
AP03A,1404780,,,-,-,5/19/2026,False,,False,
AP03A,1404781,,,-,-,5/19/2026,False,,False,
AP03A,1404782,,,-,-,5/19/2026,False,,False,
AP03A,1404783,,,-,-,5/19/2026,False,,False,
AP03A,1404784,,,-,-,5/19/2026,False,,False,
AP03A,1404785,,,-,-,5/19/2026,False,,False,
AP03A,1404785,U611-LHTOP,159,490955-4,-,5/19/2026,False,5/13/2026 3:00:37 AM,False,5/13/2026 3:00:37 AM
AP03A,1404785,U611-RHTOP,86,490952-16,-,5/19/2026,False,5/13/2026 3:00:03 AM,False,5/13/2026 3:00:03 AM
AP03A,1404786,,,-,-,5/19/2026,False,,False,
AP03A,1404787,,,-,-,5/19/2026,False,,False,
AP03A,1404788,,,-,-,5/19/2026,False,,False,
AP03A,1404789,,,-,-,5/19/2026,False,,False,
AP03A,1404790,,,-,-,5/19/2026,False,,False,
AP03A,1404791,,,-,-,5/19/2026,False,,False,
AP03A,1404792,,,-,-,5/19/2026,False,,False,
AP03A,1404793,,,-,-,5/19/2026,False,,False,
AP03A,1404794,,,-,-,5/19/2026,False,,False,
AP03A,1404795,,,-,-,5/19/2026,False,,False,
AP03A,1404796,,,-,-,5/19/2026,False,,False,
AP03A,1404797,,,-,-,5/19/2026,False,,False,
AP03A,1404798,,,-,-,5/19/2026,False,,False,
AP03A,1404798,U611-LHTOP,159,490955-5,-,5/19/2026,False,5/13/2026 3:00:38 AM,False,5/13/2026 3:00:38 AM
AP03A,1404798,U611-RHTOP,86,490952-17,-,5/19/2026,False,5/13/2026 3:00:04 AM,False,5/13/2026 3:00:04 AM
AP03A,1404799,,,-,-,5/19/2026,False,,False,
AP03A,1404800,,,-,-,5/19/2026,False,,False,
AP03A,1404801,,,-,-,5/19/2026,False,,False,
AP03A,1404802,,,-,-,5/19/2026,False,,False,
AP03A,1404803,,,-,-,5/19/2026,False,,False,
AP03A,1404804,,,-,-,5/19/2026,False,,False,
AP03A,1404805,,,-,-,5/19/2026,False,,False,
AP03A,1404806,,,-,-,5/19/2026,False,,False,
AP03A,1404807,,,-,-,5/19/2026,False,,False,
AP03A,1404808,,,-,-,5/19/2026,False,,False,
AP03A,1404809,,,-,-,5/19/2026,False,,False,
AP03A,1404810,,,-,-,5/19/2026,False,,False,
AP03A,1404811,,,-,-,5/19/2026,False,,False,
AP03A,1404811,U611-LHTOP,159,490955-6,-,5/19/2026,False,5/13/2026 3:01:02 AM,False,5/13/2026 3:01:02 AM
AP03A,1404811,U611-RHTOP,86,490952-18,-,5/19/2026,False,5/13/2026 3:00:20 AM,False,5/13/2026 3:00:20 AM
AP03A,1404812,,,-,-,5/19/2026,False,,False,
AP03A,1404813,,,-,-,5/19/2026,False,,False,
AP03A,1404814,,,-,-,5/19/2026,False,,False,
AP03A,1404815,,,-,-,5/19/2026,False,,False,
AP03A,1404816,,,-,-,5/19/2026,False,,False,
AP03A,1404817,,,-,-,5/19/2026,False,,False,
AP03A,1404818,,,-,-,5/19/2026,False,,False,
AP03A,1404819,,,-,-,5/19/2026,False,,False,
AP03A,1404820,,,-,-,5/19/2026,False,,False,
AP03A,1404821,,,-,-,5/19/2026,False,,False,
AP03A,1404822,,,-,-,5/19/2026,False,,False,
AP03A,1404823,,,-,-,5/19/2026,False,,False,
AP03A,1404823,U611-LHTOP,159,490955-7,-,5/19/2026,False,5/13/2026 3:01:02 AM,False,5/13/2026 3:01:02 AM
AP03A,1404823,U611-RHTOP,86,490952-19,-,5/19/2026,False,5/13/2026 3:00:20 AM,False,5/13/2026 3:00:20 AM
AP03A,1404824,,,-,-,5/19/2026,False,,False,
AP03A,1404825,,,-,-,5/19/2026,False,,False,
AP03A,1404826,,,-,-,5/19/2026,False,,False,
AP03A,1404827,,,-,-,5/19/2026,False,,False,
AP03A,1404828,,,-,-,5/19/2026,False,,False,
AP03A,1404829,,,-,-,5/19/2026,False,,False,
AP03A,1404830,,,-,-,5/19/2026,False,,False,
AP03A,1404831,,,-,-,5/19/2026,False,,False,
AP03A,1404832,,,-,-,5/19/2026,False,,False,
AP03A,1404833,,,-,-,5/19/2026,False,,False,
AP03A,1404834,,,-,-,5/19/2026,False,,False,
AP03A,1404835,,,-,-,5/19/2026,False,,False,
AP03A,1404836,,,-,-,5/19/2026,False,,False,
AP03A,1404836,U611-LHTOP,159,490955-8,-,5/19/2026,False,5/13/2026 3:01:02 AM,False,5/13/2026 3:01:02 AM
AP03A,1404836,U611-RHTOP,86,490952-20,-,5/19/2026,False,5/13/2026 3:00:20 AM,False,5/13/2026 3:00:20 AM
AP03A,1404837,,,-,-,5/19/2026,False,,False,
AP03A,1404838,,,-,-,5/19/2026,False,,False,
AP03A,1404839,,,-,-,5/19/2026,False,,False,
AP03A,1404840,,,-,-,5/19/2026,False,,False,
AP03A,1404841,,,-,-,5/19/2026,False,,False,
AP03A,1404842,,,-,-,5/19/2026,False,,False,
AP03A,1404843,,,-,-,5/19/2026,False,,False,
AP03A,1404844,,,-,-,5/19/2026,False,,False,
AP03A,1404845,,,-,-,5/19/2026,False,,False,
AP03A,1404846,,,-,-,5/19/2026,False,,False,
AP03A,1404847,,,-,-,5/19/2026,False,,False,
AP03A,1404848,,,-,-,5/19/2026,False,,False,
AP03A,1404849,,,-,-,5/19/2026,False,,False,
AP03A,1404849,U611-LHTOP,159,490955-9,-,5/19/2026,False,5/13/2026 3:01:02 AM,False,5/13/2026 3:01:02 AM
AP03A,1404849,U611-RHTOP,86,490952-21,-,5/19/2026,False,5/13/2026 3:00:22 AM,False,5/13/2026 3:00:22 AM
AP03A,1404850,,,-,-,5/19/2026,False,,False,
AP03A,1404851,,,-,-,5/19/2026,False,,False,
AP03A,1404852,,,-,-,5/19/2026,False,,False,
AP03A,1404853,,,-,-,5/19/2026,False,,False,
AP03A,1404854,,,-,-,5/19/2026,False,,False,
AP03A,1404855,,,-,-,5/19/2026,False,,False,
AP03A,1404856,,,-,-,5/19/2026,False,,False,
AP03A,1404857,,,-,-,5/19/2026,False,,False,
AP03A,1404858,,,-,-,5/19/2026,False,,False,
AP03A,1404859,,,-,-,5/19/2026,False,,False,
AP03A,1404860,,,-,-,5/19/2026,False,,False,
AP03A,1404861,,,-,-,5/19/2026,False,,False,
AP03A,1404862,,,-,-,5/19/2026,False,,False,
AP03A,1404862,U611-LHTOP,159,490955-10,-,5/19/2026,False,5/13/2026 3:01:03 AM,False,5/13/2026 3:01:03 AM
AP03A,1404862,U611-RHTOP,86,490952-22,-,5/19/2026,False,5/13/2026 3:00:22 AM,False,5/13/2026 3:00:22 AM
AP03A,1404863,,,-,-,5/19/2026,False,,False,
AP03A,1404864,,,-,-,5/19/2026,False,,False,
AP03A,1404865,,,-,-,5/19/2026,False,,False,
AP03A,1404866,,,-,-,5/19/2026,False,,False,
AP03A,1404867,,,-,-,5/19/2026,False,,False,
AP03A,1404868,,,-,-,5/19/2026,False,,False,
AP03A,1404869,,,-,-,5/19/2026,False,,False,
AP03A,1404870,,,-,-,5/19/2026,False,,False,
AP03A,1404871,,,-,-,5/19/2026,False,,False,
AP03A,1404872,,,-,-,5/19/2026,False,,False,
AP03A,1404873,,,-,-,5/19/2026,False,,False,
AP03A,1404874,,,-,-,5/19/2026,False,,False,
AP03A,1404875,,,-,-,5/19/2026,False,,False,
AP03A,1404875,U611-LHTOP,159,490955-11,-,5/19/2026,False,5/13/2026 3:01:03 AM,False,5/13/2026 3:01:03 AM
AP03A,1404875,U611-RHTOP,86,490952-23,-,5/19/2026,False,5/13/2026 3:00:22 AM,False,5/13/2026 3:00:22 AM
AP03A,1404876,,,-,-,5/19/2026,False,,False,
AP03A,1404877,,,-,-,5/19/2026,False,,False,
AP03A,1404878,,,-,-,5/19/2026,False,,False,
AP03A,1404879,,,-,-,5/19/2026,False,,False,
AP03A,1404880,,,-,-,5/19/2026,False,,False,
AP03A,1404881,,,-,-,5/19/2026,False,,False,
AP03A,1404882,,,-,-,5/19/2026,False,,False,
AP03A,1404883,,,-,-,5/19/2026,False,,False,
AP03A,1404884,,,-,-,5/19/2026,False,,False,
AP03A,1404885,,,-,-,5/19/2026,False,,False,
AP03A,1404886,,,-,-,5/19/2026,False,,False,
AP03A,1404887,,,-,-,5/19/2026,False,,False,
AP03A,1404887,U611-LHTOP,159,490955-12,-,5/19/2026,False,5/13/2026 3:01:03 AM,False,5/13/2026 3:01:03 AM
AP03A,1404887,U611-RHTOP,86,490952-24,-,5/19/2026,False,5/13/2026 3:00:23 AM,False,5/13/2026 3:00:23 AM
AP03A,1404888,,,-,-,5/19/2026,False,,False,
AP03A,1404889,,,-,-,5/19/2026,False,,False,
AP03A,1404890,,,-,-,5/19/2026,False,,False,
AP03A,1404891,,,-,-,5/19/2026,False,,False,
AP03A,1404892,,,-,-,5/19/2026,False,,False,
AP03A,1404893,,,-,-,5/19/2026,False,,False,
AP03A,1404894,,,-,-,5/19/2026,False,,False,
AP03A,1404895,,,-,-,5/19/2026,False,,False,
AP03A,1404896,,,-,-,5/19/2026,False,,False,
AP03A,1404897,,,-,-,5/19/2026,False,,False,
AP03A,1404898,,,-,-,5/19/2026,False,,False,
AP03A,1404899,,,-,-,5/19/2026,False,,False,
AP03A,1404900,,,-,-,5/19/2026,False,,False,
AP03A,1404900,U611-LHTOP,160,490957-1,-,5/19/2026,False,5/13/2026 3:01:05 AM,False,5/13/2026 3:01:05 AM
AP03A,1404900,U611-RHTOP,87,490954-1,-,5/19/2026,False,5/13/2026 3:00:27 AM,False,5/13/2026 3:00:27 AM
AP03A,1404901,,,-,-,5/19/2026,False,,False,
AP03A,1404902,,,-,-,5/19/2026,False,,False,
AP03A,1404903,,,-,-,5/19/2026,False,,False,
AP03A,1404904,,,-,-,5/19/2026,False,,False,
AP03A,1404905,,,-,-,5/19/2026,False,,False,
AP03A,1404906,,,-,-,5/19/2026,False,,False,
AP03A,1404907,,,-,-,5/19/2026,False,,False,
AP03A,1404908,,,-,-,5/19/2026,False,,False,
AP03A,1404909,,,-,-,5/19/2026,False,,False,
AP03A,1404910,,,-,-,5/19/2026,False,,False,
AP03A,1404911,,,-,-,5/19/2026,False,,False,
AP03A,1404912,,,-,-,5/19/2026,False,,False,
AP03A,1404913,,,-,-,5/19/2026,False,,False,
AP03A,1404913,U611-LHTOP,160,490957-2,-,5/19/2026,False,5/13/2026 3:01:05 AM,False,5/13/2026 3:01:05 AM
AP03A,1404913,U611-RHTOP,87,490954-2,-,5/19/2026,False,5/13/2026 3:00:27 AM,False,5/13/2026 3:00:27 AM
AP03A,1404914,,,-,-,5/19/2026,False,,False,
AP03A,1404915,,,-,-,5/19/2026,False,,False,
AP03A,1404916,,,-,-,5/19/2026,False,,False,
AP03A,1404917,,,-,-,5/19/2026,False,,False,
AP03A,1404918,,,-,-,5/19/2026,False,,False,
AP03A,1404919,,,-,-,5/19/2026,False,,False,
AP03A,1404920,,,-,-,5/19/2026,False,,False,
AP03A,1404921,,,-,-,5/19/2026,False,,False,
AP03A,1404922,,,-,-,5/19/2026,False,,False,
AP03A,1404923,,,-,-,5/19/2026,False,,False,
AP03A,1404924,,,-,-,5/19/2026,False,,False,
AP03A,1404925,,,-,-,5/19/2026,False,,False,
AP03A,1404926,,,-,-,5/19/2026,False,,False,
AP03A,1404926,U611-LHTOP,160,490957-3,-,5/19/2026,False,5/13/2026 3:01:05 AM,False,5/13/2026 3:01:05 AM
AP03A,1404926,U611-RHTOP,87,490954-3,-,5/19/2026,False,5/13/2026 3:00:28 AM,False,5/13/2026 3:00:28 AM
AP03A,1404927,,,-,-,5/19/2026,False,,False,
AP03A,1404928,,,-,-,5/19/2026,False,,False,
AP03A,1404929,,,-,-,5/19/2026,False,,False,
AP03A,1404930,,,-,-,5/19/2026,False,,False,
AP03A,1404931,,,-,-,5/19/2026,False,,False,
AP03A,1404932,,,-,-,5/19/2026,False,,False,
AP03A,1404933,,,-,-,5/19/2026,False,,False,
AP03A,1404934,,,-,-,5/19/2026,False,,False,
AP03A,1404935,,,-,-,5/19/2026,False,,False,
AP03A,1404936,,,-,-,5/19/2026,False,,False,
AP03A,1404937,,,-,-,5/19/2026,False,,False,
AP03A,1404938,,,-,-,5/19/2026,False,,False,
AP03A,1404939,,,-,-,5/19/2026,False,,False,
AP03A,1404939,U611-LHTOP,160,490957-4,-,5/19/2026,False,5/13/2026 3:01:05 AM,False,5/13/2026 3:01:05 AM
AP03A,1404939,U611-RHTOP,87,490954-4,-,5/19/2026,False,5/13/2026 3:00:28 AM,False,5/13/2026 3:00:28 AM
AP03A,1404940,,,-,-,5/19/2026,False,,False,
AP03A,1404941,,,-,-,5/19/2026,False,,False,
AP03A,1404942,,,-,-,5/19/2026,False,,False,
AP03A,1404943,,,-,-,5/19/2026,False,,False,
AP03A,1404944,,,-,-,5/19/2026,False,,False,
AP03A,1404945,,,-,-,5/19/2026,False,,False,
AP03A,1404946,,,-,-,5/19/2026,False,,False,
AP03A,1404947,,,-,-,5/19/2026,False,,False,
AP03A,1404948,,,-,-,5/19/2026,False,,False,
AP03A,1404949,,,-,-,5/19/2026,False,,False,
AP03A,1404950,,,-,-,5/19/2026,False,,False,
AP03A,1404951,,,-,-,5/19/2026,False,,False,
AP03A,1404952,,,-,-,5/19/2026,False,,False,
AP03A,1404953,,,-,-,5/19/2026,False,,False,
AP03A,1404954,,,-,-,5/19/2026,False,,False,
AP03A,1404955,,,-,-,5/19/2026,False,,False,
AP03A,1404956,,,-,-,5/19/2026,False,,False,
AP03A,1404957,,,-,-,5/19/2026,False,,False,
AP03A,1404958,,,-,-,5/19/2026,False,,False,
AP03A,1404959,,,-,-,5/19/2026,False,,False,
AP03A,1404960,,,-,-,5/19/2026,False,,False,
AP03A,1404961,,,-,-,5/19/2026,False,,False,
AP03A,1404962,,,-,-,5/19/2026,False,,False,
AP03A,1404963,,,-,-,5/19/2026,False,,False,
AP03A,1404964,,,-,-,5/19/2026,False,,False,
AP03A,1404964,U611-LHTOP,160,490957-5,-,5/19/2026,False,5/13/2026 3:01:06 AM,False,5/13/2026 3:01:06 AM
AP03A,1404964,U611-RHTOP,87,490954-5,-,5/19/2026,False,5/13/2026 3:00:28 AM,False,5/13/2026 3:00:28 AM
AP03A,1404965,,,-,-,5/19/2026,False,,False,
AP03A,1404966,,,-,-,5/20/2026,False,,False,
AP03A,1404967,,,-,-,5/20/2026,False,,False,
AP03A,1404968,,,-,-,5/20/2026,False,,False,
AP03A,1404969,,,-,-,5/20/2026,False,,False,
AP03A,1404970,,,-,-,5/20/2026,False,,False,
AP03A,1404971,,,-,-,5/20/2026,False,,False,
AP03A,1404972,,,-,-,5/20/2026,False,,False,
AP03A,1404973,,,-,-,5/20/2026,False,,False,
AP03A,1404974,,,-,-,5/20/2026,False,,False,
AP03A,1404975,,,-,-,5/20/2026,False,,False,
AP03A,1404976,,,-,-,5/20/2026,False,,False,
AP03A,1404977,,,-,-,5/20/2026,False,,False,
AP03A,1404977,U611-LHTOP,160,490957-6,-,5/19/2026,False,5/13/2026 3:01:29 AM,False,5/13/2026 3:01:29 AM
AP03A,1404977,U611-RHTOP,87,490954-6,-,5/19/2026,False,5/13/2026 3:00:29 AM,False,5/13/2026 3:00:29 AM
AP03A,1404978,,,-,-,5/20/2026,False,,False,
AP03A,1404979,,,-,-,5/20/2026,False,,False,
AP03A,1404980,,,-,-,5/20/2026,False,,False,
AP03A,1404981,,,-,-,5/20/2026,False,,False,
AP03A,1404982,,,-,-,5/20/2026,False,,False,
AP03A,1404983,,,-,-,5/20/2026,False,,False,
AP03A,1404984,,,-,-,5/20/2026,False,,False,
AP03A,1404985,,,-,-,5/20/2026,False,,False,
AP03A,1404986,,,-,-,5/20/2026,False,,False,
AP03A,1404987,,,-,-,5/20/2026,False,,False,
AP03A,1404988,,,-,-,5/20/2026,False,,False,
AP03A,1404989,,,-,-,5/20/2026,False,,False,
AP03A,1404990,,,-,-,5/20/2026,False,,False,
AP03A,1404990,U611-LHTOP,160,490957-7,-,5/19/2026,False,5/13/2026 3:01:29 AM,False,5/13/2026 3:01:29 AM
AP03A,1404990,U611-RHTOP,87,490954-7,-,5/19/2026,False,5/13/2026 3:00:29 AM,False,5/13/2026 3:00:29 AM
AP03A,1404991,,,-,-,5/20/2026,False,,False,
AP03A,1404992,,,-,-,5/20/2026,False,,False,
AP03A,1404993,,,-,-,5/20/2026,False,,False,
AP03A,1404994,,,-,-,5/20/2026,False,,False,
AP03A,1404995,,,-,-,5/20/2026,False,,False,
AP03A,1404996,,,-,-,5/20/2026,False,,False,
AP03A,1404997,,,-,-,5/20/2026,False,,False,
AP03A,1404998,,,-,-,5/20/2026,False,,False,
AP03A,1404999,,,-,-,5/20/2026,False,,False,
AP03A,1405000,,,-,-,5/20/2026,False,,False,
AP03A,1405001,,,-,-,5/20/2026,False,,False,
AP03A,1405002,,,-,-,5/20/2026,False,,False,
AP03A,1405003,,,-,-,5/20/2026,False,,False,
AP03A,1405003,U611-LHTOP,160,490957-8,-,5/19/2026,False,5/13/2026 3:01:29 AM,False,5/13/2026 3:01:29 AM
AP03A,1405003,U611-RHTOP,87,490954-8,-,5/19/2026,False,5/13/2026 3:00:29 AM,False,5/13/2026 3:00:29 AM
AP03A,1405004,,,-,-,5/20/2026,False,,False,
AP03A,1405005,,,-,-,5/20/2026,False,,False,
AP03A,1405006,,,-,-,5/20/2026,False,,False,
AP03A,1405007,,,-,-,5/20/2026,False,,False,
AP03A,1405008,,,-,-,5/20/2026,False,,False,
AP03A,1405009,,,-,-,5/20/2026,False,,False,
AP03A,1405010,,,-,-,5/20/2026,False,,False,
AP03A,1405011,,,-,-,5/20/2026,False,,False,
AP03A,1405012,,,-,-,5/20/2026,False,,False,
AP03A,1405013,,,-,-,5/20/2026,False,,False,
AP03A,1405014,,,-,-,5/20/2026,False,,False,
AP03A,1405015,,,-,-,5/20/2026,False,,False,
AP03A,1405015,U611-LHTOP,160,490957-9,-,5/19/2026,False,5/13/2026 3:01:30 AM,False,5/13/2026 3:01:30 AM
AP03A,1405015,U611-RHTOP,87,490954-9,-,5/19/2026,False,5/13/2026 3:00:30 AM,False,5/13/2026 3:00:30 AM
AP03A,1405016,,,-,-,5/20/2026,False,,False,
AP03A,1405017,,,-,-,5/20/2026,False,,False,
AP03A,1405018,,,-,-,5/20/2026,False,,False,
AP03A,1405019,,,-,-,5/20/2026,False,,False,
AP03A,1405020,,,-,-,5/20/2026,False,,False,
AP03A,1405021,,,-,-,5/20/2026,False,,False,
AP03A,1405022,,,-,-,5/20/2026,False,,False,
AP03A,1405023,,,-,-,5/20/2026,False,,False,
AP03A,1405024,,,-,-,5/20/2026,False,,False,
AP03A,1405025,,,-,-,5/20/2026,False,,False,
AP03A,1405026,,,-,-,5/20/2026,False,,False,
AP03A,1405027,,,-,-,5/20/2026,False,,False,
AP03A,1405028,,,-,-,5/20/2026,False,,False,
AP03A,1405028,U611-LHTOP,160,490957-10,-,5/19/2026,False,5/13/2026 3:01:31 AM,False,5/13/2026 3:01:31 AM
AP03A,1405028,U611-RHTOP,87,490954-10,-,5/19/2026,False,5/13/2026 3:00:30 AM,False,5/13/2026 3:00:30 AM
AP03A,1405029,,,-,-,5/20/2026,False,,False,
AP03A,1405030,,,-,-,5/20/2026,False,,False,
AP03A,1405031,,,-,-,5/20/2026,False,,False,
AP03A,1405032,,,-,-,5/20/2026,False,,False,
AP03A,1405033,,,-,-,5/20/2026,False,,False,
AP03A,1405034,,,-,-,5/20/2026,False,,False,
AP03A,1405035,,,-,-,5/20/2026,False,,False,
AP03A,1405036,,,-,-,5/20/2026,False,,False,
AP03A,1405037,,,-,-,5/20/2026,False,,False,
AP03A,1405038,,,-,-,5/20/2026,False,,False,
AP03A,1405039,,,-,-,5/20/2026,False,,False,
AP03A,1405040,,,-,-,5/20/2026,False,,False,
AP03A,1405041,,,-,-,5/20/2026,False,,False,
AP03A,1405041,U611-LHTOP,160,490957-11,-,5/19/2026,False,5/13/2026 3:01:31 AM,False,5/13/2026 3:01:31 AM
AP03A,1405041,U611-RHTOP,87,490954-11,-,5/19/2026,False,5/13/2026 3:00:30 AM,False,5/13/2026 3:00:30 AM
AP03A,1405042,,,-,-,5/20/2026,False,,False,
AP03A,1405043,,,-,-,5/20/2026,False,,False,
AP03A,1405044,,,-,-,5/20/2026,False,,False,
AP03A,1405045,,,-,-,5/20/2026,False,,False,
AP03A,1405046,,,-,-,5/20/2026,False,,False,
AP03A,1405047,,,-,-,5/20/2026,False,,False,
AP03A,1405048,,,-,-,5/20/2026,False,,False,
AP03A,1405049,,,-,-,5/20/2026,False,,False,
AP03A,1405050,,,-,-,5/20/2026,False,,False,
AP03A,1405051,,,-,-,5/20/2026,False,,False,
AP03A,1405052,,,-,-,5/20/2026,False,,False,
AP03A,1405053,,,-,-,5/20/2026,False,,False,
AP03A,1405054,,,-,-,5/20/2026,False,,False,
AP03A,1405054,U611-LHTOP,160,490957-12,-,5/19/2026,False,5/13/2026 3:01:31 AM,False,5/13/2026 3:01:31 AM
AP03A,1405054,U611-RHTOP,87,490954-12,-,5/19/2026,False,5/13/2026 3:00:32 AM,False,5/13/2026 3:00:32 AM
AP03A,1405055,,,-,-,5/20/2026,False,,False,
AP03A,1405056,,,-,-,5/20/2026,False,,False,
AP03A,1405057,,,-,-,5/20/2026,False,,False,
AP03A,1405058,,,-,-,5/20/2026,False,,False,
AP03A,1405059,,,-,-,5/20/2026,False,,False,
AP03A,1405060,,,-,-,5/20/2026,False,,False,
AP03A,1405061,,,-,-,5/20/2026,False,,False,
AP03A,1405062,,,-,-,5/20/2026,False,,False,
AP03A,1405063,,,-,-,5/20/2026,False,,False,
AP03A,1405064,,,-,-,5/20/2026,False,,False,
AP03A,1405065,,,-,-,5/20/2026,False,,False,
AP03A,1405066,,,-,-,5/20/2026,False,,False,
AP03A,1405067,,,-,-,5/20/2026,False,,False,
AP03A,1405067,U611-LHTOP,161,490959-1,-,5/19/2026,False,5/13/2026 3:01:33 AM,False,5/13/2026 3:01:33 AM
AP03A,1405067,U611-RHTOP,87,490954-13,-,5/19/2026,False,5/13/2026 3:00:32 AM,False,5/13/2026 3:00:32 AM
AP03A,1405068,,,-,-,5/20/2026,False,,False,
AP03A,1405069,,,-,-,5/20/2026,False,,False,
AP03A,1405070,,,-,-,5/20/2026,False,,False,
AP03A,1405071,,,-,-,5/20/2026,False,,False,
AP03A,1405072,,,-,-,5/20/2026,False,,False,
AP03A,1405073,,,-,-,5/20/2026,False,,False,
AP03A,1405074,,,-,-,5/20/2026,False,,False,
AP03A,1405075,,,-,-,5/20/2026,False,,False,
AP03A,1405076,,,-,-,5/20/2026,False,,False,
AP03A,1405077,,,-,-,5/20/2026,False,,False,
AP03A,1405078,,,-,-,5/20/2026,False,,False,
AP03A,1405079,,,-,-,5/20/2026,False,,False,
AP03A,1405080,,,-,-,5/20/2026,False,,False,
AP03A,1405080,U611-LHTOP,161,490959-2,-,5/19/2026,False,5/13/2026 3:01:34 AM,False,5/13/2026 3:01:34 AM
AP03A,1405080,U611-RHTOP,87,490954-14,-,5/19/2026,False,5/13/2026 3:00:32 AM,False,5/13/2026 3:00:32 AM
AP03A,1405081,,,-,-,5/20/2026,False,,False,
AP03A,1405082,,,-,-,5/20/2026,False,,False,
AP03A,1405083,,,-,-,5/20/2026,False,,False,
AP03A,1405084,,,-,-,5/20/2026,False,,False,
AP03A,1405085,,,-,-,5/20/2026,False,,False,
AP03A,1405086,,,-,-,5/20/2026,False,,False,
AP03A,1405087,,,-,-,5/20/2026,False,,False,
AP03A,1405088,,,-,-,5/20/2026,False,,False,
AP03A,1405089,,,-,-,5/20/2026,False,,False,
AP03A,1405090,,,-,-,5/20/2026,False,,False,
AP03A,1405091,,,-,-,5/20/2026,False,,False,
AP03A,1405092,,,-,-,5/20/2026,False,,False,
AP03A,1405092,U611-LHTOP,161,490959-3,-,5/20/2026,False,5/13/2026 3:01:34 AM,False,5/13/2026 3:01:34 AM
AP03A,1405092,U611-RHTOP,87,490954-15,-,5/20/2026,False,5/13/2026 3:00:32 AM,False,5/13/2026 3:00:32 AM
AP03A,1405093,,,-,-,5/20/2026,False,,False,
AP03A,1405094,,,-,-,5/20/2026,False,,False,
AP03A,1405095,,,-,-,5/20/2026,False,,False,
AP03A,1405096,,,-,-,5/20/2026,False,,False,
AP03A,1405097,,,-,-,5/20/2026,False,,False,
AP03A,1405098,,,-,-,5/20/2026,False,,False,
AP03A,1405099,,,-,-,5/20/2026,False,,False,
AP03A,1405100,,,-,-,5/20/2026,False,,False,
AP03A,1405101,,,-,-,5/20/2026,False,,False,
AP03A,1405102,,,-,-,5/20/2026,False,,False,
AP03A,1405103,,,-,-,5/20/2026,False,,False,
AP03A,1405104,,,-,-,5/20/2026,False,,False,
AP03A,1405105,,,-,-,5/20/2026,False,,False,
AP03A,1405105,U611-LHTOP,161,490959-4,-,5/20/2026,False,5/13/2026 3:01:34 AM,False,5/13/2026 3:01:34 AM
AP03A,1405105,U611-RHTOP,87,490954-16,-,5/20/2026,False,5/13/2026 3:00:33 AM,False,5/13/2026 3:00:33 AM
AP03A,1405106,,,-,-,5/20/2026,False,,False,
AP03A,1405107,,,-,-,5/20/2026,False,,False,
AP03A,1405108,,,-,-,5/20/2026,False,,False,
AP03A,1405109,,,-,-,5/20/2026,False,,False,
AP03A,1405110,,,-,-,5/20/2026,False,,False,
AP03A,1405111,,,-,-,5/20/2026,False,,False,
AP03A,1405112,,,-,-,5/20/2026,False,,False,
AP03A,1405113,,,-,-,5/20/2026,False,,False,
AP03A,1405114,,,-,-,5/20/2026,False,,False,
AP03A,1405115,,,-,-,5/20/2026,False,,False,
AP03A,1405116,,,-,-,5/20/2026,False,,False,
AP03A,1405117,,,-,-,5/20/2026,False,,False,
AP03A,1405118,,,-,-,5/20/2026,False,,False,
AP03A,1405118,U611-LHTOP,161,490959-5,-,5/20/2026,False,5/13/2026 3:01:34 AM,False,5/13/2026 3:01:34 AM
AP03A,1405118,U611-RHTOP,87,490954-17,-,5/20/2026,False,5/13/2026 3:00:33 AM,False,5/13/2026 3:00:33 AM
AP03A,1405119,,,-,-,5/20/2026,False,,False,
AP03A,1405120,,,-,-,5/20/2026,False,,False,
AP03A,1405121,,,-,-,5/20/2026,False,,False,
AP03A,1405122,,,-,-,5/20/2026,False,,False,
AP03A,1405123,,,-,-,5/20/2026,False,,False,
AP03A,1405124,,,-,-,5/20/2026,False,,False,
AP03A,1405125,,,-,-,5/20/2026,False,,False,
AP03A,1405126,,,-,-,5/20/2026,False,,False,
AP03A,1405127,,,-,-,5/20/2026,False,,False,
AP03A,1405128,,,-,-,5/20/2026,False,,False,
AP03A,1405129,,,-,-,5/20/2026,False,,False,
AP03A,1405130,,,-,-,5/20/2026,False,,False,
AP03A,1405131,,,-,-,5/20/2026,False,,False,
AP03A,1405131,U611-LHTOP,161,490959-6,-,5/20/2026,False,5/13/2026 3:01:56 AM,False,5/13/2026 3:01:56 AM
AP03A,1405131,U611-RHTOP,87,490954-18,-,5/20/2026,False,5/13/2026 3:00:49 AM,False,5/13/2026 3:00:49 AM
AP03A,1405132,,,-,-,5/20/2026,False,,False,
AP03A,1405133,,,-,-,5/20/2026,False,,False,
AP03A,1405134,,,-,-,5/20/2026,False,,False,
AP03A,1405135,,,-,-,5/20/2026,False,,False,
AP03A,1405136,,,-,-,5/20/2026,False,,False,
AP03A,1405137,,,-,-,5/20/2026,False,,False,
AP03A,1405138,,,-,-,5/20/2026,False,,False,
AP03A,1405139,,,-,-,5/20/2026,False,,False,
AP03A,1405140,,,-,-,5/20/2026,False,,False,
AP03A,1405141,,,-,-,5/20/2026,False,,False,
AP03A,1405142,,,-,-,5/20/2026,False,,False,
AP03A,1405143,,,-,-,5/20/2026,False,,False,
AP03A,1405144,,,-,-,5/20/2026,False,,False,
AP03A,1405144,U611-LHTOP,161,490959-7,-,5/20/2026,False,5/13/2026 3:01:57 AM,False,5/13/2026 3:01:57 AM
AP03A,1405144,U611-RHTOP,87,490954-19,-,5/20/2026,False,5/13/2026 3:00:49 AM,False,5/13/2026 3:00:49 AM
AP03A,1405145,,,-,-,5/20/2026,False,,False,
AP03A,1405146,,,-,-,5/20/2026,False,,False,
AP03A,1405147,,,-,-,5/20/2026,False,,False,
AP03A,1405148,,,-,-,5/20/2026,False,,False,
AP03A,1405149,,,-,-,5/20/2026,False,,False,
AP03A,1405150,,,-,-,5/20/2026,False,,False,
AP03A,1405151,,,-,-,5/20/2026,False,,False,
AP03A,1405152,,,-,-,5/20/2026,False,,False,
AP03A,1405153,,,-,-,5/20/2026,False,,False,
AP03A,1405154,,,-,-,5/20/2026,False,,False,
AP03A,1405155,,,-,-,5/20/2026,False,,False,
AP03A,1405156,,,-,-,5/20/2026,False,,False,
AP03A,1405156,U611-LHTOP,161,490959-8,-,5/20/2026,False,5/13/2026 3:01:57 AM,False,5/13/2026 3:01:57 AM
AP03A,1405156,U611-RHTOP,87,490954-20,-,5/20/2026,False,5/13/2026 3:00:49 AM,False,5/13/2026 3:00:49 AM
AP03A,1405157,,,-,-,5/20/2026,False,,False,
AP03A,1405158,,,-,-,5/20/2026,False,,False,
AP03A,1405159,,,-,-,5/20/2026,False,,False,
AP03A,1405160,,,-,-,5/20/2026,False,,False,
AP03A,1405161,,,-,-,5/20/2026,False,,False,
AP03A,1405162,,,-,-,5/20/2026,False,,False,
AP03A,1405163,,,-,-,5/20/2026,False,,False,
AP03A,1405164,,,-,-,5/20/2026,False,,False,
AP03A,1405165,,,-,-,5/20/2026,False,,False,
AP03A,1405166,,,-,-,5/20/2026,False,,False,
AP03A,1405167,,,-,-,5/20/2026,False,,False,
AP03A,1405168,,,-,-,5/20/2026,False,,False,
AP03A,1405169,,,-,-,5/20/2026,False,,False,
AP03A,1405169,U611-LHTOP,161,490959-9,-,5/20/2026,False,5/13/2026 3:01:58 AM,False,5/13/2026 3:01:58 AM
AP03A,1405169,U611-RHTOP,87,490954-21,-,5/20/2026,False,5/13/2026 3:00:50 AM,False,5/13/2026 3:00:50 AM
AP03A,1405170,,,-,-,5/20/2026,False,,False,
AP03A,1405171,,,-,-,5/20/2026,False,,False,
AP03A,1405172,,,-,-,5/20/2026,False,,False,
AP03A,1405173,,,-,-,5/20/2026,False,,False,
AP03A,1405174,,,-,-,5/20/2026,False,,False,
AP03A,1405175,,,-,-,5/20/2026,False,,False,
AP03A,1405176,,,-,-,5/20/2026,False,,False,
AP03A,1405177,,,-,-,5/20/2026,False,,False,
AP03A,1405178,,,-,-,5/20/2026,False,,False,
AP03A,1405179,,,-,-,5/20/2026,False,,False,
AP03A,1405180,,,-,-,5/20/2026,False,,False,
AP03A,1405181,,,-,-,5/20/2026,False,,False,
AP03A,1405182,,,-,-,5/20/2026,False,,False,
AP03A,1405182,U611-LHTOP,161,490959-10,-,5/20/2026,False,5/13/2026 3:01:58 AM,False,5/13/2026 3:01:58 AM
AP03A,1405182,U611-RHTOP,87,490954-22,-,5/20/2026,False,5/13/2026 3:00:51 AM,False,5/13/2026 3:00:51 AM
AP03A,1405183,,,-,-,5/20/2026,False,,False,
AP03A,1405184,,,-,-,5/20/2026,False,,False,
AP03A,1405185,,,-,-,5/20/2026,False,,False,
AP03A,1405186,,,-,-,5/20/2026,False,,False,
AP03A,1405187,,,-,-,5/20/2026,False,,False,
AP03A,1405188,,,-,-,5/20/2026,False,,False,
AP03A,1405189,,,-,-,5/20/2026,False,,False,
AP03A,1405190,,,-,-,5/20/2026,False,,False,
AP03A,1405191,,,-,-,5/20/2026,False,,False,
AP03A,1405192,,,-,-,5/20/2026,False,,False,
AP03A,1405193,,,-,-,5/20/2026,False,,False,
AP03A,1405194,,,-,-,5/20/2026,False,,False,
AP03A,1405195,,,-,-,5/20/2026,False,,False,
AP03A,1405195,U611-LHTOP,161,490959-11,-,5/20/2026,False,5/13/2026 3:01:58 AM,False,5/13/2026 3:01:58 AM
AP03A,1405195,U611-RHTOP,87,490954-23,-,5/20/2026,False,5/13/2026 3:00:51 AM,False,5/13/2026 3:00:51 AM
AP03A,1405196,,,-,-,5/20/2026,False,,False,
AP03A,1405197,,,-,-,5/20/2026,False,,False,
AP03A,1405198,,,-,-,5/20/2026,False,,False,
AP03A,1405199,,,-,-,5/20/2026,False,,False,
AP03A,1405200,,,-,-,5/20/2026,False,,False,
AP03A,1405201,,,-,-,5/20/2026,False,,False,
AP03A,1405202,,,-,-,5/20/2026,False,,False,
AP03A,1405203,,,-,-,5/20/2026,False,,False,
AP03A,1405204,,,-,-,5/20/2026,False,,False,
AP03A,1405205,,,-,-,5/20/2026,False,,False,
AP03A,1405206,,,-,-,5/20/2026,False,,False,
AP03A,1405207,,,-,-,5/20/2026,False,,False,
AP03A,1405208,,,-,-,5/20/2026,False,,False,
AP03A,1405208,U611-LHTOP,161,490959-12,-,5/20/2026,False,5/13/2026 3:01:58 AM,False,5/13/2026 3:01:58 AM
AP03A,1405208,U611-RHTOP,87,490954-24,-,5/20/2026,False,5/13/2026 3:00:51 AM,False,5/13/2026 3:00:51 AM
AP03A,1405209,,,-,-,5/20/2026,False,,False,
AP03A,1405210,,,-,-,5/20/2026,False,,False,
AP03A,1405211,,,-,-,5/20/2026,False,,False,
AP03A,1405212,,,-,-,5/20/2026,False,,False,
AP03A,1405213,,,-,-,5/20/2026,False,,False,
AP03A,1405214,,,-,-,5/20/2026,False,,False,
AP03A,1405215,,,-,-,5/20/2026,False,,False,
AP03A,1405216,,,-,-,5/20/2026,False,,False,
AP03A,1405217,,,-,-,5/20/2026,False,,False,
AP03A,1405218,,,-,-,5/20/2026,False,,False,
AP03A,1405219,,,-,-,5/20/2026,False,,False,
AP03A,1405220,,,-,-,5/20/2026,False,,False,
AP03A,1405220,U611-LHTOP,162,490961-1,-,5/20/2026,False,5/13/2026 3:02:00 AM,False,5/13/2026 3:02:00 AM
AP03A,1405220,U611-RHTOP,88,490956-1,-,5/20/2026,False,5/13/2026 3:00:54 AM,False,5/13/2026 3:00:54 AM
AP03A,1405221,,,-,-,5/20/2026,False,,False,
AP03A,1405222,,,-,-,5/20/2026,False,,False,
AP03A,1405223,,,-,-,5/20/2026,False,,False,
AP03A,1405224,,,-,-,5/20/2026,False,,False,
AP03A,1405225,,,-,-,5/20/2026,False,,False,
AP03A,1405226,,,-,-,5/20/2026,False,,False,
AP03A,1405227,,,-,-,5/20/2026,False,,False,
AP03A,1405228,,,-,-,5/20/2026,False,,False,
AP03A,1405229,,,-,-,5/20/2026,False,,False,
AP03A,1405230,,,-,-,5/20/2026,False,,False,
AP03A,1405231,,,-,-,5/20/2026,False,,False,
AP03A,1405232,,,-,-,5/20/2026,False,,False,
AP03A,1405233,,,-,-,5/20/2026,False,,False,
AP03A,1405233,U611-LHTOP,162,490961-2,-,5/20/2026,False,5/13/2026 3:02:00 AM,False,5/13/2026 3:02:00 AM
AP03A,1405233,U611-RHTOP,88,490956-2,-,5/20/2026,False,5/13/2026 3:00:55 AM,False,5/13/2026 3:00:55 AM
AP03A,1405234,,,-,-,5/20/2026,False,,False,
AP03A,1405235,,,-,-,5/20/2026,False,,False,
AP03A,1405236,,,-,-,5/20/2026,False,,False,
AP03A,1405237,,,-,-,5/20/2026,False,,False,
AP03A,1405238,,,-,-,5/20/2026,False,,False,
AP03A,1405239,,,-,-,5/20/2026,False,,False,
AP03A,1405240,,,-,-,5/20/2026,False,,False,
AP03A,1405241,,,-,-,5/20/2026,False,,False,
AP03A,1405242,,,-,-,5/20/2026,False,,False,
AP03A,1405243,,,-,-,5/20/2026,False,,False,
AP03A,1405244,,,-,-,5/20/2026,False,,False,
AP03A,1405245,,,-,-,5/20/2026,False,,False,
AP03A,1405246,,,-,-,5/20/2026,False,,False,
AP03A,1405246,U611-LHTOP,162,490961-3,-,5/20/2026,False,5/13/2026 3:02:00 AM,False,5/13/2026 3:02:00 AM
AP03A,1405246,U611-RHTOP,88,490956-3,-,5/20/2026,False,5/13/2026 3:00:55 AM,False,5/13/2026 3:00:55 AM
AP03A,1405247,,,-,-,5/20/2026,False,,False,
AP03A,1405248,,,-,-,5/20/2026,False,,False,
AP03A,1405249,,,-,-,5/20/2026,False,,False,
AP03A,1405250,,,-,-,5/20/2026,False,,False,
AP03A,1405251,,,-,-,5/20/2026,False,,False,
AP03A,1405252,,,-,-,5/20/2026,False,,False,
AP03A,1405253,,,-,-,5/20/2026,False,,False,
AP03A,1405254,,,-,-,5/20/2026,False,,False,
AP03A,1405255,,,-,-,5/20/2026,False,,False,
AP03A,1405256,,,-,-,5/20/2026,False,,False,
AP03A,1405257,,,-,-,5/20/2026,False,,False,
AP03A,1405258,,,-,-,5/20/2026,False,,False,
AP03A,1405259,,,-,-,5/20/2026,False,,False,
AP03A,1405259,U611-LHTOP,162,490961-4,-,5/20/2026,False,5/13/2026 3:02:01 AM,False,5/13/2026 3:02:01 AM
AP03A,1405259,U611-RHTOP,88,490956-4,-,5/20/2026,False,5/13/2026 3:00:55 AM,False,5/13/2026 3:00:55 AM
AP03A,1405260,,,-,-,5/20/2026,False,,False,
AP03A,1405261,,,-,-,5/20/2026,False,,False,
AP03A,1405262,,,-,-,5/20/2026,False,,False,
AP03A,1405263,,,-,-,5/20/2026,False,,False,
AP03A,1405264,,,-,-,5/20/2026,False,,False,
AP03A,1405265,,,-,-,5/20/2026,False,,False,
AP03A,1405266,,,-,-,5/20/2026,False,,False,
AP03A,1405267,,,-,-,5/20/2026,False,,False,
AP03A,1405268,,,-,-,5/20/2026,False,,False,
AP03A,1405269,,,-,-,5/20/2026,False,,False,
AP03A,1405270,,,-,-,5/20/2026,False,,False,
AP03A,1405271,,,-,-,5/20/2026,False,,False,
AP03A,1405272,,,-,-,5/20/2026,False,,False,
AP03A,1405272,U611-LHTOP,162,490961-5,-,5/20/2026,False,5/13/2026 3:02:01 AM,False,5/13/2026 3:02:01 AM
AP03A,1405272,U611-RHTOP,88,490956-5,-,5/20/2026,False,5/13/2026 3:00:55 AM,False,5/13/2026 3:00:55 AM
AP03A,1405273,,,-,-,5/20/2026,False,,False,
AP03A,1405274,,,-,-,5/20/2026,False,,False,
AP03A,1405275,,,-,-,5/20/2026,False,,False,
AP03A,1405276,,,-,-,5/20/2026,False,,False,
AP03A,1405277,,,-,-,5/20/2026,False,,False,
AP03A,1405278,,,-,-,5/20/2026,False,,False,
AP03A,1405279,,,-,-,5/20/2026,False,,False,
AP03A,1405280,,,-,-,5/20/2026,False,,False,
AP03A,1405281,,,-,-,5/20/2026,False,,False,
AP03A,1405282,,,-,-,5/20/2026,False,,False,
AP03A,1405283,,,-,-,5/20/2026,False,,False,
AP03A,1405284,,,-,-,5/20/2026,False,,False,
AP03A,1405284,U611-LHTOP,162,490961-6,-,5/20/2026,False,5/13/2026 3:02:22 AM,False,5/13/2026 3:02:22 AM
AP03A,1405284,U611-RHTOP,88,490956-6,-,5/20/2026,False,5/13/2026 3:00:56 AM,False,5/13/2026 3:00:56 AM
AP03A,1405285,,,-,-,5/20/2026,False,,False,
AP03A,1405286,,,-,-,5/20/2026,False,,False,
AP03A,1405287,,,-,-,5/20/2026,False,,False,
AP03A,1405288,,,-,-,5/20/2026,False,,False,
AP03A,1405289,,,-,-,5/20/2026,False,,False,
AP03A,1405290,,,-,-,5/20/2026,False,,False,
AP03A,1405291,,,-,-,5/20/2026,False,,False,
AP03A,1405292,,,-,-,5/20/2026,False,,False,
AP03A,1405293,,,-,-,5/20/2026,False,,False,
AP03A,1405294,,,-,-,5/20/2026,False,,False,
AP03A,1405295,,,-,-,5/20/2026,False,,False,
AP03A,1405296,,,-,-,5/20/2026,False,,False,
AP03A,1405297,,,-,-,5/20/2026,False,,False,
AP03A,1405297,U611-LHTOP,162,490961-7,-,5/20/2026,False,5/13/2026 3:02:23 AM,False,5/13/2026 3:02:23 AM
AP03A,1405297,U611-RHTOP,88,490956-7,-,5/20/2026,False,5/13/2026 3:00:57 AM,False,5/13/2026 3:00:57 AM
AP03A,1405298,,,-,-,5/20/2026,False,,False,
AP03A,1405299,,,-,-,5/20/2026,False,,False,
AP03A,1405300,,,-,-,5/20/2026,False,,False,
AP03A,1405301,,,-,-,5/20/2026,False,,False,
AP03A,1405302,,,-,-,5/20/2026,False,,False,
AP03A,1405303,,,-,-,5/20/2026,False,,False,
AP03A,1405304,,,-,-,5/20/2026,False,,False,
AP03A,1405305,,,-,-,5/20/2026,False,,False,
AP03A,1405306,,,-,-,5/20/2026,False,,False,
AP03A,1405307,,,-,-,5/20/2026,False,,False,
AP03A,1405308,,,-,-,5/20/2026,False,,False,
AP03A,1405309,,,-,-,5/20/2026,False,,False,
AP03A,1405310,,,-,-,5/20/2026,False,,False,
AP03A,1405310,U611-LHTOP,162,490961-8,-,5/20/2026,False,5/13/2026 3:02:23 AM,False,5/13/2026 3:02:23 AM
AP03A,1405310,U611-RHTOP,88,490956-8,-,5/20/2026,False,5/13/2026 3:00:57 AM,False,5/13/2026 3:00:57 AM
AP03A,1405311,,,-,-,5/20/2026,False,,False,
AP03A,1405312,,,-,-,5/20/2026,False,,False,
AP03A,1405313,,,-,-,5/20/2026,False,,False,
AP03A,1405314,,,-,-,5/20/2026,False,,False,
AP03A,1405315,,,-,-,5/20/2026,False,,False,
AP03A,1405316,,,-,-,5/20/2026,False,,False,
AP03A,1405317,,,-,-,5/20/2026,False,,False,
AP03A,1405318,,,-,-,5/20/2026,False,,False,
AP03A,1405319,,,-,-,5/20/2026,False,,False,
AP03A,1405320,,,-,-,5/20/2026,False,,False,
AP03A,1405321,,,-,-,5/20/2026,False,,False,
AP03A,1405322,,,-,-,5/20/2026,False,,False,
AP03A,1405323,,,-,-,5/20/2026,False,,False,
AP03A,1405323,U611-LHTOP,162,490961-9,-,5/20/2026,False,5/13/2026 3:02:23 AM,False,5/13/2026 3:02:23 AM
AP03A,1405323,U611-RHTOP,88,490956-9,-,5/20/2026,False,5/13/2026 3:00:58 AM,False,5/13/2026 3:00:58 AM
AP03A,1405324,,,-,-,5/20/2026,False,,False,
AP03A,1405325,,,-,-,5/20/2026,False,,False,
AP03A,1405326,,,-,-,5/20/2026,False,,False,
AP03A,1405327,,,-,-,5/20/2026,False,,False,
AP03A,1405328,,,-,-,5/20/2026,False,,False,
AP03A,1405329,,,-,-,5/20/2026,False,,False,
AP03A,1405330,,,-,-,5/20/2026,False,,False,
AP03A,1405331,,,-,-,5/20/2026,False,,False,
AP03A,1405332,,,-,-,5/20/2026,False,,False,
AP03A,1405333,,,-,-,5/20/2026,False,,False,
AP03A,1405334,,,-,-,5/20/2026,False,,False,
AP03A,1405335,,,-,-,5/20/2026,False,,False,
AP03A,1405336,,,-,-,5/20/2026,False,,False,
AP03A,1405336,U611-LHTOP,162,490961-10,-,5/20/2026,False,5/13/2026 3:02:24 AM,False,5/13/2026 3:02:24 AM
AP03A,1405336,U611-RHTOP,88,490956-10,-,5/20/2026,False,5/13/2026 3:00:58 AM,False,5/13/2026 3:00:58 AM
AP03A,1405337,,,-,-,5/20/2026,False,,False,
AP03A,1405338,,,-,-,5/20/2026,False,,False,
AP03A,1405339,,,-,-,5/20/2026,False,,False,
AP03A,1405340,,,-,-,5/20/2026,False,,False,
AP03A,1405341,,,-,-,5/20/2026,False,,False,
AP03A,1405342,,,-,-,5/20/2026,False,,False,
AP03A,1405343,,,-,-,5/20/2026,False,,False,
AP03A,1405344,,,-,-,5/20/2026,False,,False,
AP03A,1405345,,,-,-,5/20/2026,False,,False,
AP03A,1405346,,,-,-,5/20/2026,False,,False,
AP03A,1405347,,,-,-,5/20/2026,False,,False,
AP03A,1405348,,,-,-,5/20/2026,False,,False,
AP03A,1405348,U611-LHTOP,162,490961-11,-,5/20/2026,False,5/13/2026 3:02:24 AM,False,5/13/2026 3:02:24 AM
AP03A,1405348,U611-RHTOP,88,490956-11,-,5/20/2026,False,5/13/2026 3:00:58 AM,False,5/13/2026 3:00:58 AM
AP03A,1405349,,,-,-,5/20/2026,False,,False,
AP03A,1405350,,,-,-,5/20/2026,False,,False,
AP03A,1405351,,,-,-,5/20/2026,False,,False,
AP03A,1405352,,,-,-,5/20/2026,False,,False,
AP03A,1405353,,,-,-,5/20/2026,False,,False,
AP03A,1405354,,,-,-,5/20/2026,False,,False,
AP03A,1405355,,,-,-,5/20/2026,False,,False,
AP03A,1405356,,,-,-,5/20/2026,False,,False,
AP03A,1405357,,,-,-,5/20/2026,False,,False,
AP03A,1405358,,,-,-,5/20/2026,False,,False,
AP03A,1405359,,,-,-,5/20/2026,False,,False,
AP03A,1405360,,,-,-,5/20/2026,False,,False,
AP03A,1405361,,,-,-,5/20/2026,False,,False,
AP03A,1405361,U611-LHTOP,162,490961-12,-,5/20/2026,False,5/13/2026 3:02:25 AM,False,5/13/2026 3:02:25 AM
AP03A,1405361,U611-RHTOP,88,490956-12,-,5/20/2026,False,5/13/2026 3:00:58 AM,False,5/13/2026 3:00:58 AM
AP03A,1405362,,,-,-,5/20/2026,False,,False,
AP03A,1405363,,,-,-,5/20/2026,False,,False,
AP03A,1405364,,,-,-,5/20/2026,False,,False,
AP03A,1405365,,,-,-,5/20/2026,False,,False,
AP03A,1405366,,,-,-,5/20/2026,False,,False,
AP03A,1405367,,,-,-,5/20/2026,False,,False,
AP03A,1405368,,,-,-,5/20/2026,False,,False,
AP03A,1405369,,,-,-,5/20/2026,False,,False,
AP03A,1405370,,,-,-,5/20/2026,False,,False,
AP03A,1405371,,,-,-,5/20/2026,False,,False,
AP03A,1405372,,,-,-,5/20/2026,False,,False,
AP03A,1405373,,,-,-,5/20/2026,False,,False,
AP03A,1405374,,,-,-,5/20/2026,False,,False,
AP03A,1405374,U611-LHTOP,163,490963-1,-,5/20/2026,False,5/13/2026 3:02:26 AM,False,5/13/2026 3:02:26 AM
AP03A,1405374,U611-RHTOP,88,490956-13,-,5/20/2026,False,5/13/2026 3:01:00 AM,False,5/13/2026 3:01:00 AM
AP03A,1405375,,,-,-,5/20/2026,False,,False,
AP03A,1405376,,,-,-,5/20/2026,False,,False,
AP03A,1405377,,,-,-,5/20/2026,False,,False,
AP03A,1405378,,,-,-,5/20/2026,False,,False,
AP03A,1405379,,,-,-,5/20/2026,False,,False,
AP03A,1405380,,,-,-,5/20/2026,False,,False,
AP03A,1405381,,,-,-,5/20/2026,False,,False,
AP03A,1405382,,,-,-,5/20/2026,False,,False,
AP03A,1405383,,,-,-,5/20/2026,False,,False,
AP03A,1405384,,,-,-,5/20/2026,False,,False,
AP03A,1405385,,,-,-,5/20/2026,False,,False,
AP03A,1405386,,,-,-,5/20/2026,False,,False,
AP03A,1405387,,,-,-,5/20/2026,False,,False,
AP03A,1405387,U611-LHTOP,163,490963-2,-,5/20/2026,False,5/13/2026 3:02:26 AM,False,5/13/2026 3:02:26 AM
AP03A,1405387,U611-RHTOP,88,490956-14,-,5/20/2026,False,5/13/2026 3:01:00 AM,False,5/13/2026 3:01:00 AM
AP03A,1405388,,,-,-,5/20/2026,False,,False,
AP03A,1405389,,,-,-,5/20/2026,False,,False,
AP03A,1405390,,,-,-,5/20/2026,False,,False,
AP03A,1405391,,,-,-,5/20/2026,False,,False,
AP03A,1405392,,,-,-,5/20/2026,False,,False,
AP03A,1405393,,,-,-,5/20/2026,False,,False,
AP03A,1405394,,,-,-,5/20/2026,False,,False,
AP03A,1405395,,,-,-,5/20/2026,False,,False,
AP03A,1405396,,,-,-,5/20/2026,False,,False,
AP03A,1405397,,,-,-,5/20/2026,False,,False,
AP03A,1405398,,,-,-,5/20/2026,False,,False,
AP03A,1405399,,,-,-,5/20/2026,False,,False,
AP03A,1405400,,,-,-,5/20/2026,False,,False,
AP03A,1405400,U611-LHTOP,163,490963-3,-,5/20/2026,False,5/13/2026 3:02:27 AM,False,5/13/2026 3:02:27 AM
AP03A,1405400,U611-RHTOP,88,490956-15,-,5/20/2026,False,5/13/2026 3:01:00 AM,False,5/13/2026 3:01:00 AM
AP03A,1405401,,,-,-,5/20/2026,False,,False,
AP03A,1405402,,,-,-,5/20/2026,False,,False,
AP03A,1405403,,,-,-,5/20/2026,False,,False,
AP03A,1405404,,,-,-,5/20/2026,False,,False,
AP03A,1405405,,,-,-,5/20/2026,False,,False,
AP03A,1405406,,,-,-,5/20/2026,False,,False,
AP03A,1405407,,,-,-,5/20/2026,False,,False,
AP03A,1405408,,,-,-,5/20/2026,False,,False,
AP03A,1405409,,,-,-,5/20/2026,False,,False,
AP03A,1405410,,,-,-,5/20/2026,False,,False,
AP03A,1405411,,,-,-,5/20/2026,False,,False,
AP03A,1405412,,,-,-,5/20/2026,False,,False,
AP03A,1405412,U611-LHTOP,163,490963-4,-,5/20/2026,False,5/13/2026 3:02:27 AM,False,5/13/2026 3:02:27 AM
AP03A,1405412,U611-RHTOP,88,490956-16,-,5/20/2026,False,5/13/2026 3:01:00 AM,False,5/13/2026 3:01:00 AM
AP03A,1405413,,,-,-,5/20/2026,False,,False,
AP03A,1405414,,,-,-,5/20/2026,False,,False,
AP03A,1405415,,,-,-,5/20/2026,False,,False,
AP03A,1405416,,,-,-,5/20/2026,False,,False,
AP03A,1405417,,,-,-,5/20/2026,False,,False,
AP03A,1405418,,,-,-,5/20/2026,False,,False,
AP03A,1405419,,,-,-,5/20/2026,False,,False,
AP03A,1405420,,,-,-,5/20/2026,False,,False,
AP03A,1405421,,,-,-,5/20/2026,False,,False,
AP03A,1405422,,,-,-,5/20/2026,False,,False,
AP03A,1405423,,,-,-,5/20/2026,False,,False,
AP03A,1405424,,,-,-,5/20/2026,False,,False,
AP03A,1405425,,,-,-,5/20/2026,False,,False,
AP03A,1405425,U611-LHTOP,163,490963-5,-,5/20/2026,False,5/13/2026 3:02:27 AM,False,5/13/2026 3:02:27 AM
AP03A,1405425,U611-RHTOP,88,490956-17,-,5/20/2026,False,5/13/2026 3:01:01 AM,False,5/13/2026 3:01:01 AM
AP03A,1405426,,,-,-,5/20/2026,False,,False,
AP03A,1405427,,,-,-,5/20/2026,False,,False,
AP03A,1405428,,,-,-,5/20/2026,False,,False,
AP03A,1405429,,,-,-,5/20/2026,False,,False,
AP03A,1405430,,,-,-,5/20/2026,False,,False,
AP03A,1405431,,,-,-,5/20/2026,False,,False,
AP03A,1405432,,,-,-,5/20/2026,False,,False,
AP03A,1405433,,,-,-,5/20/2026,False,,False,
AP03A,1405434,,,-,-,5/20/2026,False,,False,
AP03A,1405435,,,-,-,5/20/2026,False,,False,
AP03A,1405436,,,-,-,5/20/2026,False,,False,
AP03A,1405437,,,-,-,5/20/2026,False,,False,
AP03A,1405438,,,-,-,5/20/2026,False,,False,
AP03A,1405438,U611-LHTOP,163,490963-6,-,5/20/2026,False,5/13/2026 6:09:50 AM,False,5/13/2026 6:09:50 AM
AP03A,1405438,U611-RHTOP,88,490956-18,-,5/20/2026,False,5/13/2026 3:01:17 AM,False,5/13/2026 3:01:17 AM
AP03A,1405439,,,-,-,5/20/2026,False,,False,
AP03A,1405440,,,-,-,5/20/2026,False,,False,
AP03A,1405441,,,-,-,5/20/2026,False,,False,
AP03A,1405442,,,-,-,5/20/2026,False,,False,
AP03A,1405443,,,-,-,5/20/2026,False,,False,
AP03A,1405444,,,-,-,5/20/2026,False,,False,
AP03A,1405445,,,-,-,5/20/2026,False,,False,
AP03A,1405446,,,-,-,5/20/2026,False,,False,
AP03A,1405447,,,-,-,5/20/2026,False,,False,
AP03A,1405448,,,-,-,5/20/2026,False,,False,
AP03A,1405449,,,-,-,5/20/2026,False,,False,
AP03A,1405450,,,-,-,5/20/2026,False,,False,
AP03A,1405451,,,-,-,5/20/2026,False,,False,
AP03A,1405451,U611-LHTOP,163,490963-7,-,5/20/2026,False,5/13/2026 6:09:50 AM,False,5/13/2026 6:09:50 AM
AP03A,1405451,U611-RHTOP,88,490956-19,-,5/20/2026,False,5/13/2026 3:01:17 AM,False,5/13/2026 3:01:17 AM
AP03A,1405452,,,-,-,5/20/2026,False,,False,
AP03A,1405453,,,-,-,5/20/2026,False,,False,
AP03A,1405454,,,-,-,5/20/2026,False,,False,
AP03A,1405455,,,-,-,5/20/2026,False,,False,
AP03A,1405456,,,-,-,5/20/2026,False,,False,
AP03A,1405457,,,-,-,5/20/2026,False,,False,
AP03A,1405458,,,-,-,5/20/2026,False,,False,
AP03A,1405459,,,-,-,5/20/2026,False,,False,
AP03A,1405460,,,-,-,5/20/2026,False,,False,
AP03A,1405461,,,-,-,5/20/2026,False,,False,
AP03A,1405462,,,-,-,5/20/2026,False,,False,
AP03A,1405463,,,-,-,5/20/2026,False,,False,
AP03A,1405464,,,-,-,5/20/2026,False,,False,
AP03A,1405464,U611-LHTOP,163,490963-8,-,5/20/2026,False,5/13/2026 6:09:50 AM,False,5/13/2026 6:09:50 AM
AP03A,1405464,U611-RHTOP,88,490956-20,-,5/20/2026,False,5/13/2026 3:01:17 AM,False,5/13/2026 3:01:17 AM
AP03A,1405465,,,-,-,5/20/2026,False,,False,
AP03A,1405466,,,-,-,5/20/2026,False,,False,
AP03A,1405467,,,-,-,5/20/2026,False,,False,
AP03A,1405468,,,-,-,5/20/2026,False,,False,
AP03A,1405469,,,-,-,5/20/2026,False,,False,
AP03A,1405470,,,-,-,5/20/2026,False,,False,
AP03A,1405471,,,-,-,5/20/2026,False,,False,
AP03A,1405472,,,-,-,5/20/2026,False,,False,
AP03A,1405473,,,-,-,5/20/2026,False,,False,
AP03A,1405474,,,-,-,5/20/2026,False,,False,
AP03A,1405475,,,-,-,5/20/2026,False,,False,
AP03A,1405476,,,-,-,5/20/2026,False,,False,
AP03A,1405476,U611-LHTOP,163,490963-9,-,5/20/2026,False,5/13/2026 6:09:50 AM,False,5/13/2026 6:09:50 AM
AP03A,1405476,U611-RHTOP,88,490956-21,-,5/20/2026,False,5/13/2026 3:01:17 AM,False,5/13/2026 3:01:17 AM
AP03A,1405477,,,-,-,5/20/2026,False,,False,
AP03A,1405478,,,-,-,5/20/2026,False,,False,
AP03A,1405479,,,-,-,5/20/2026,False,,False,
AP03A,1405480,,,-,-,5/20/2026,False,,False,
AP03A,1405481,,,-,-,5/20/2026,False,,False,
AP03A,1405482,,,-,-,5/20/2026,False,,False,
AP03A,1405483,,,-,-,5/20/2026,False,,False,
AP03A,1405484,,,-,-,5/20/2026,False,,False,
AP03A,1405485,,,-,-,5/20/2026,False,,False,
AP03A,1405486,,,-,-,5/20/2026,False,,False,
AP03A,1405487,,,-,-,5/20/2026,False,,False,
AP03A,1405488,,,-,-,5/20/2026,False,,False,
AP03A,1405489,,,-,-,5/20/2026,False,,False,
AP03A,1405489,U611-LHTOP,163,490963-10,-,5/20/2026,False,5/13/2026 6:09:50 AM,False,5/13/2026 6:09:50 AM
AP03A,1405489,U611-RHTOP,88,490956-22,-,5/20/2026,False,5/13/2026 3:01:18 AM,False,5/13/2026 3:01:18 AM
AP03A,1405490,,,-,-,5/20/2026,False,,False,
AP03A,1405491,,,-,-,5/20/2026,False,,False,
AP03A,1405492,,,-,-,5/20/2026,False,,False,
AP03A,1405493,,,-,-,5/20/2026,False,,False,
AP03A,1405494,,,-,-,5/20/2026,False,,False,
AP03A,1405495,,,-,-,5/20/2026,False,,False,
AP03A,1405496,,,-,-,5/20/2026,False,,False,
AP03A,1405497,,,-,-,5/20/2026,False,,False,
AP03A,1405498,,,-,-,5/20/2026,False,,False,
AP03A,1405499,,,-,-,5/20/2026,False,,False,
AP03A,1405500,,,-,-,5/20/2026,False,,False,
AP03A,1405501,,,-,-,5/20/2026,False,,False,
AP03A,1405502,,,-,-,5/20/2026,False,,False,
AP03A,1405502,U611-LHTOP,163,490963-11,-,5/20/2026,False,5/13/2026 6:09:51 AM,False,5/13/2026 6:09:51 AM
AP03A,1405502,U611-RHTOP,88,490956-23,-,5/20/2026,False,5/13/2026 3:01:18 AM,False,5/13/2026 3:01:18 AM
AP03A,1405503,,,-,-,5/20/2026,False,,False,
AP03A,1405504,,,-,-,5/20/2026,False,,False,
AP03A,1405505,,,-,-,5/20/2026,False,,False,
AP03A,1405506,,,-,-,5/20/2026,False,,False,
AP03A,1405507,,,-,-,5/20/2026,False,,False,
AP03A,1405508,,,-,-,5/20/2026,False,,False,
AP03A,1405509,,,-,-,5/20/2026,False,,False,
AP03A,1405510,,,-,-,5/20/2026,False,,False,
AP03A,1405511,,,-,-,5/20/2026,False,,False,
AP03A,1405512,,,-,-,5/20/2026,False,,False,
AP03A,1405513,,,-,-,5/20/2026,False,,False,
AP03A,1405514,,,-,-,5/20/2026,False,,False,
AP03A,1405515,,,-,-,5/20/2026,False,,False,
AP03A,1405515,U611-LHTOP,163,490963-12,-,5/20/2026,False,5/13/2026 6:09:52 AM,False,5/13/2026 6:09:52 AM
AP03A,1405515,U611-RHTOP,88,490956-24,-,5/20/2026,False,5/13/2026 3:01:18 AM,False,5/13/2026 3:01:18 AM
AP03A,1405516,,,-,-,5/20/2026,False,,False,
AP03A,1405517,,,-,-,5/20/2026,False,,False,
AP03A,1405518,,,-,-,5/20/2026,False,,False,
AP03A,1405519,,,-,-,5/20/2026,False,,False,
AP03A,1405520,,,-,-,5/20/2026,False,,False,
AP03A,1405521,,,-,-,5/20/2026,False,,False,
AP03A,1405522,,,-,-,5/20/2026,False,,False,
AP03A,1405523,,,-,-,5/20/2026,False,,False,
AP03A,1405524,,,-,-,5/20/2026,False,,False,
AP03A,1405525,,,-,-,5/20/2026,False,,False,
AP03A,1405526,,,-,-,5/20/2026,False,,False,
AP03A,1405527,,,-,-,5/20/2026,False,,False,
AP03A,1405528,,,-,-,5/20/2026,False,,False,
AP03A,1405528,U611-LHTOP,164,490988-1,-,5/20/2026,False,5/13/2026 6:09:53 AM,False,5/13/2026 6:09:53 AM
AP03A,1405528,U611-RHTOP,89,490958-1,-,5/20/2026,False,5/13/2026 3:01:22 AM,False,5/13/2026 3:01:22 AM
AP03A,1405529,,,-,-,5/20/2026,False,,False,
AP03A,1405530,,,-,-,5/20/2026,False,,False,
AP03A,1405531,,,-,-,5/20/2026,False,,False,
AP03A,1405532,,,-,-,5/20/2026,False,,False,
AP03A,1405533,,,-,-,5/20/2026,False,,False,
AP03A,1405534,,,-,-,5/20/2026,False,,False,
AP03A,1405535,,,-,-,5/20/2026,False,,False,
AP03A,1405536,,,-,-,5/20/2026,False,,False,
AP03A,1405537,,,-,-,5/20/2026,False,,False,
AP03A,1405538,,,-,-,5/20/2026,False,,False,
AP03A,1405539,,,-,-,5/20/2026,False,,False,
AP03A,1405540,,,-,-,5/20/2026,False,,False,
AP03A,1405540,U611-LHTOP,164,490988-2,-,5/20/2026,False,5/13/2026 6:09:53 AM,False,5/13/2026 6:09:53 AM
AP03A,1405540,U611-RHTOP,89,490958-2,-,5/20/2026,False,5/13/2026 3:01:22 AM,False,5/13/2026 3:01:22 AM
AP03A,1405541,,,-,-,5/20/2026,False,,False,
AP03A,1405542,,,-,-,5/20/2026,False,,False,
AP03A,1405543,,,-,-,5/20/2026,False,,False,
AP03A,1405544,,,-,-,5/20/2026,False,,False,
AP03A,1405545,,,-,-,5/20/2026,False,,False,
AP03A,1405546,,,-,-,5/20/2026,False,,False,
AP03A,1405547,,,-,-,5/20/2026,False,,False,
AP03A,1405548,,,-,-,5/20/2026,False,,False,
AP03A,1405549,,,-,-,5/20/2026,False,,False,
AP03A,1405550,,,-,-,5/20/2026,False,,False,
AP03A,1405551,,,-,-,5/20/2026,False,,False,
AP03A,1405552,,,-,-,5/20/2026,False,,False,
AP03A,1405553,,,-,-,5/20/2026,False,,False,
AP03A,1405553,U611-LHTOP,164,490988-3,-,5/20/2026,False,5/13/2026 6:09:53 AM,False,5/13/2026 6:09:53 AM
AP03A,1405553,U611-RHTOP,89,490958-3,-,5/20/2026,False,5/13/2026 3:01:22 AM,False,5/13/2026 3:01:22 AM
AP03A,1405554,,,-,-,5/20/2026,False,,False,
AP03A,1405555,,,-,-,5/20/2026,False,,False,
AP03A,1405556,,,-,-,5/20/2026,False,,False,
AP03A,1405557,,,-,-,5/20/2026,False,,False,
AP03A,1405558,,,-,-,5/20/2026,False,,False,
AP03A,1405559,,,-,-,5/20/2026,False,,False,
AP03A,1405560,,,-,-,5/20/2026,False,,False,
AP03A,1405561,,,-,-,5/20/2026,False,,False,
AP03A,1405562,,,-,-,5/20/2026,False,,False,
AP03A,1405563,,,-,-,5/20/2026,False,,False,
AP03A,1405564,,,-,-,5/20/2026,False,,False,
AP03A,1405565,,,-,-,5/20/2026,False,,False,
AP03A,1405566,,,-,-,5/20/2026,False,,False,
AP03A,1405566,U611-LHTOP,164,490988-4,-,5/20/2026,False,5/13/2026 6:09:53 AM,False,5/13/2026 6:09:53 AM
AP03A,1405566,U611-RHTOP,89,490958-4,-,5/20/2026,False,5/13/2026 3:01:23 AM,False,5/13/2026 3:01:23 AM
AP03A,1405567,,,-,-,5/20/2026,False,,False,
AP03A,1405568,,,-,-,5/20/2026,False,,False,
AP03A,1405569,,,-,-,5/20/2026,False,,False,
AP03A,1405570,,,-,-,5/20/2026,False,,False,
AP03A,1405571,,,-,-,5/20/2026,False,,False,
AP03A,1405572,,,-,-,5/20/2026,False,,False,
AP03A,1405573,,,-,-,5/20/2026,False,,False,
AP03A,1405574,,,-,-,5/20/2026,False,,False,
AP03A,1405575,,,-,-,5/20/2026,False,,False,
AP03A,1405576,,,-,-,5/20/2026,False,,False,
AP03A,1405577,,,-,-,5/20/2026,False,,False,
AP03A,1405578,,,-,-,5/20/2026,False,,False,
AP03A,1405579,,,-,-,5/20/2026,False,,False,
AP03A,1405579,U611-LHTOP,164,490988-5,-,5/20/2026,False,5/13/2026 6:09:54 AM,False,5/13/2026 6:09:54 AM
AP03A,1405579,U611-RHTOP,89,490958-5,-,5/20/2026,False,5/13/2026 3:01:23 AM,False,5/13/2026 3:01:23 AM
AP03A,1405580,,,-,-,5/20/2026,False,,False,
AP03A,1405581,,,-,-,5/20/2026,False,,False,
AP03A,1405582,,,-,-,5/20/2026,False,,False,
AP03A,1405583,,,-,-,5/20/2026,False,,False,
AP03A,1405584,,,-,-,5/20/2026,False,,False,
AP03A,1405585,,,-,-,5/20/2026,False,,False,
AP03A,1405586,,,-,-,5/20/2026,False,,False,
AP03A,1405587,,,-,-,5/20/2026,False,,False,
AP03A,1405588,,,-,-,5/20/2026,False,,False,
AP03A,1405589,,,-,-,5/20/2026,False,,False,
AP03A,1405590,,,-,-,5/20/2026,False,,False,
AP03A,1405591,,,-,-,5/20/2026,False,,False,
AP03A,1405592,,,-,-,5/20/2026,False,,False,
AP03A,1405592,U611-LHTOP,164,490988-6,-,5/20/2026,False,5/13/2026 6:36:18 AM,False,5/13/2026 6:36:18 AM
AP03A,1405592,U611-RHTOP,89,490958-6,-,5/20/2026,False,5/13/2026 3:01:24 AM,False,5/13/2026 3:01:24 AM
AP03A,1405593,,,-,-,5/20/2026,False,,False,
AP03A,1405594,,,-,-,5/20/2026,False,,False,
AP03A,1405595,,,-,-,5/20/2026,False,,False,
AP03A,1405596,,,-,-,5/20/2026,False,,False,
AP03A,1405597,,,-,-,5/20/2026,False,,False,
AP03A,1405598,,,-,-,5/20/2026,False,,False,
AP03A,1405599,,,-,-,5/20/2026,False,,False,
AP03A,1405600,,,-,-,5/20/2026,False,,False,
AP03A,1405601,,,-,-,5/20/2026,False,,False,
AP03A,1405602,,,-,-,5/20/2026,False,,False,
AP03A,1405603,,,-,-,5/20/2026,False,,False,
AP03A,1405604,,,-,-,5/20/2026,False,,False,
AP03A,1405604,U611-LHTOP,164,490988-7,-,5/20/2026,False,5/13/2026 6:36:18 AM,False,5/13/2026 6:36:18 AM
AP03A,1405604,U611-RHTOP,89,490958-7,-,5/20/2026,False,5/13/2026 3:01:25 AM,False,5/13/2026 3:01:25 AM
AP03A,1405605,,,-,-,5/20/2026,False,,False,
AP03A,1405606,,,-,-,5/20/2026,False,,False,
AP03A,1405607,,,-,-,5/20/2026,False,,False,
AP03A,1405608,,,-,-,5/20/2026,False,,False,
AP03A,1405609,,,-,-,5/20/2026,False,,False,
AP03A,1405610,,,-,-,5/20/2026,False,,False,
AP03A,1405611,,,-,-,5/20/2026,False,,False,
AP03A,1405612,,,-,-,5/20/2026,False,,False,
AP03A,1405613,,,-,-,5/20/2026,False,,False,
AP03A,1405614,,,-,-,5/20/2026,False,,False,
AP03A,1405615,,,-,-,5/20/2026,False,,False,
AP03A,1405616,,,-,-,5/20/2026,False,,False,
AP03A,1405617,,,-,-,5/20/2026,False,,False,
AP03A,1405617,U611-LHTOP,164,490988-8,-,5/20/2026,False,5/13/2026 6:36:18 AM,False,5/13/2026 6:36:18 AM
AP03A,1405617,U611-RHTOP,89,490958-8,-,5/20/2026,False,5/13/2026 3:01:25 AM,False,5/13/2026 3:01:25 AM
AP03A,1405618,,,-,-,5/20/2026,False,,False,
AP03A,1405619,,,-,-,5/20/2026,False,,False,
AP03A,1405620,,,-,-,5/20/2026,False,,False,
AP03A,1405621,,,-,-,5/20/2026,False,,False,
AP03A,1415622,,,-,-,5/20/2026,False,,False,
AP03A,1415623,,,-,-,5/20/2026,False,,False,
AP03A,1415624,,,-,-,5/20/2026,False,,False,
AP03A,1415625,,,-,-,5/20/2026,False,,False,
AP03A,1415626,,,-,-,5/20/2026,False,,False,
AP03A,1415627,,,-,-,5/20/2026,False,,False,
AP03A,1415628,,,-,-,5/20/2026,False,,False,
AP03A,1415629,,,-,-,5/20/2026,False,,False,
AP03A,1415630,,,-,-,5/20/2026,False,,False,
AP03A,1415630,U611-LHTOP,164,490988-9,-,5/20/2026,False,5/13/2026 6:36:18 AM,False,5/13/2026 6:36:18 AM
AP03A,1415630,U611-RHTOP,89,490958-9,-,5/20/2026,False,5/13/2026 3:01:25 AM,False,5/13/2026 3:01:25 AM
AP03A,1415631,,,-,-,5/20/2026,False,,False,
AP03A,1415632,,,-,-,5/20/2026,False,,False,
AP03A,1415633,,,-,-,5/20/2026,False,,False,
AP03A,1415634,,,-,-,5/20/2026,False,,False,
AP03A,1415635,,,-,-,5/20/2026,False,,False,
AP03A,1415636,,,-,-,5/20/2026,False,,False,
AP03A,1415637,,,-,-,5/20/2026,False,,False,
AP03A,1415638,,,-,-,5/20/2026,False,,False,
AP03A,1415639,,,-,-,5/20/2026,False,,False,
AP03A,1415640,,,-,-,5/20/2026,False,,False,
AP03A,1415641,,,-,-,5/20/2026,False,,False,
AP03A,1415642,,,-,-,5/20/2026,False,,False,
AP03A,1415643,,,-,-,5/20/2026,False,,False,
AP03A,1415643,U611-LHTOP,164,490988-10,-,5/20/2026,False,5/13/2026 6:36:19 AM,False,5/13/2026 6:36:19 AM
AP03A,1415643,U611-RHTOP,89,490958-10,-,5/20/2026,False,5/13/2026 3:01:26 AM,False,5/13/2026 3:01:26 AM
AP03A,1415644,,,-,-,5/20/2026,False,,False,
AP03A,1415645,,,-,-,5/20/2026,False,,False,
AP03A,1415646,,,-,-,5/20/2026,False,,False,
AP03A,1415647,,,-,-,5/20/2026,False,,False,
AP03A,1415648,,,-,-,5/20/2026,False,,False,
AP03A,1415649,,,-,-,5/20/2026,False,,False,
AP03A,1415650,,,-,-,5/20/2026,False,,False,
AP03A,1415651,,,-,-,5/20/2026,False,,False,
AP03A,1415652,,,-,-,5/20/2026,False,,False,
AP03A,1415653,,,-,-,5/20/2026,False,,False,
AP03A,1415654,,,-,-,5/20/2026,False,,False,
AP03A,1415655,,,-,-,5/20/2026,False,,False,
AP03A,1415656,,,-,-,5/20/2026,False,,False,
AP03A,1415656,U611-LHTOP,164,490988-11,-,5/20/2026,False,5/13/2026 6:36:19 AM,False,5/13/2026 6:36:19 AM
AP03A,1415656,U611-RHTOP,89,490958-11,-,5/20/2026,False,5/13/2026 3:01:26 AM,False,5/13/2026 3:01:26 AM
AP03A,1415657,,,-,-,5/20/2026,False,,False,
AP03A,1415658,,,-,-,5/20/2026,False,,False,
AP03A,1415659,,,-,-,5/20/2026,False,,False,
AP03A,1415660,,,-,-,5/20/2026,False,,False,
AP03A,1415661,,,-,-,5/20/2026,False,,False,
AP03A,1415662,,,-,-,5/20/2026,False,,False,
AP03A,1415663,,,-,-,5/20/2026,False,,False,
AP03A,1415664,,,-,-,5/20/2026,False,,False,
AP03A,1415665,,,-,-,5/20/2026,False,,False,
AP03A,1415666,,,-,-,5/20/2026,False,,False,
AP03A,1415667,,,-,-,5/20/2026,False,,False,
AP03A,1415668,,,-,-,5/20/2026,False,,False,
AP03A,1415669,,,-,-,5/20/2026,False,,False,
AP03A,1415669,U611-LHTOP,164,490988-12,-,5/20/2026,False,5/13/2026 6:36:20 AM,False,5/13/2026 6:36:20 AM
AP03A,1415669,U611-RHTOP,89,490958-12,-,5/20/2026,False,5/13/2026 3:01:27 AM,False,5/13/2026 3:01:27 AM
AP03A,1415670,,,-,-,5/20/2026,False,,False,
AP03A,1415671,,,-,-,5/20/2026,False,,False,
AP03A,1415672,,,-,-,5/20/2026,False,,False,
AP03A,1415673,,,-,-,5/20/2026,False,,False,
AP03A,1415674,,,-,-,5/20/2026,False,,False,
AP03A,1415675,,,-,-,5/20/2026,False,,False,
AP03A,1415676,,,-,-,5/20/2026,False,,False,
AP03A,1415677,,,-,-,5/20/2026,False,,False,
AP03A,1415678,,,-,-,5/20/2026,False,,False,
AP03A,1415679,,,-,-,5/20/2026,False,,False,
AP03A,1415680,,,-,-,5/20/2026,False,,False,
AP03A,1415681,,,-,-,5/20/2026,False,,False,
AP03A,1415681,U611-LHTOP,165,490997-1,-,5/20/2026,False,5/13/2026 6:36:21 AM,False,5/13/2026 6:36:21 AM
AP03A,1415681,U611-RHTOP,89,490958-13,-,5/20/2026,False,5/13/2026 3:01:27 AM,False,5/13/2026 3:01:27 AM
AP03A,1415682,,,-,-,5/20/2026,False,,False,
AP03A,1415683,,,-,-,5/20/2026,False,,False,
AP03A,1415684,,,-,-,5/20/2026,False,,False,
AP03A,1415685,,,-,-,5/20/2026,False,,False,
AP03A,1415686,,,-,-,5/20/2026,False,,False,
AP03A,1415687,,,-,-,5/20/2026,False,,False,
AP03A,1415688,,,-,-,5/20/2026,False,,False,
AP03A,1415689,,,-,-,5/20/2026,False,,False,
AP03A,1415690,,,-,-,5/20/2026,False,,False,
AP03A,1415691,,,-,-,5/20/2026,False,,False,
AP03A,1415692,,,-,-,5/20/2026,False,,False,
AP03A,1415693,,,-,-,5/20/2026,False,,False,
AP03A,1415694,,,-,-,5/20/2026,False,,False,
AP03A,1415694,U611-LHTOP,165,490997-2,-,5/20/2026,False,5/13/2026 6:36:21 AM,False,5/13/2026 6:36:21 AM
AP03A,1415694,U611-RHTOP,89,490958-14,-,5/20/2026,False,5/13/2026 3:01:28 AM,False,5/13/2026 3:01:28 AM
AP03A,1415695,,,-,-,5/20/2026,False,,False,
AP03A,1415696,,,-,-,5/20/2026,False,,False,
AP03A,1415697,,,-,-,5/20/2026,False,,False,
AP03A,1415698,,,-,-,5/20/2026,False,,False,
AP03A,1415699,,,-,-,5/20/2026,False,,False,
AP03A,1415700,,,-,-,5/20/2026,False,,False,
AP03A,1415701,,,-,-,5/20/2026,False,,False,
AP03A,1415702,,,-,-,5/20/2026,False,,False,
AP03A,1415703,,,-,-,5/20/2026,False,,False,
AP03A,1415704,,,-,-,5/20/2026,False,,False,
AP03A,1415705,,,-,-,5/20/2026,False,,False,
AP03A,1415706,,,-,-,5/20/2026,False,,False,
AP03A,1415707,,,-,-,5/20/2026,False,,False,
AP03A,1415707,U611-LHTOP,165,490997-3,-,5/20/2026,False,5/13/2026 6:36:21 AM,False,5/13/2026 6:36:21 AM
AP03A,1415707,U611-RHTOP,89,490958-15,-,5/20/2026,False,5/13/2026 3:01:28 AM,False,5/13/2026 3:01:28 AM
AP03A,1415708,,,-,-,5/20/2026,False,,False,
AP03A,1415709,,,-,-,5/20/2026,False,,False,
AP03A,1415710,,,-,-,5/20/2026,False,,False,
AP03A,1415711,,,-,-,5/20/2026,False,,False,
AP03A,1415712,,,-,-,5/20/2026,False,,False,
AP03A,1415713,,,-,-,5/20/2026,False,,False,
AP03A,1415714,,,-,-,5/20/2026,False,,False,
AP03A,1415715,,,-,-,5/20/2026,False,,False,
AP03A,1415716,,,-,-,5/20/2026,False,,False,
AP03A,1415717,,,-,-,5/20/2026,False,,False,
AP03A,1415718,,,-,-,5/20/2026,False,,False,
AP03A,1415719,,,-,-,5/20/2026,False,,False,
AP03A,1415720,,,-,-,5/20/2026,False,,False,
AP03A,1415720,U611-LHTOP,165,490997-4,-,5/20/2026,False,5/13/2026 6:36:21 AM,False,5/13/2026 6:36:21 AM
AP03A,1415720,U611-RHTOP,89,490958-16,-,5/20/2026,False,5/13/2026 3:01:28 AM,False,5/13/2026 3:01:28 AM
AP03A,1415721,,,-,-,5/20/2026,False,,False,
AP03A,1415722,,,-,-,5/20/2026,False,,False,
AP03A,1415723,,,-,-,5/20/2026,False,,False,
AP03A,1415724,,,-,-,5/20/2026,False,,False,
AP03A,1415725,,,-,-,5/20/2026,False,,False,
AP03A,1415726,,,-,-,5/20/2026,False,,False,
AP03A,1415727,,,-,-,5/20/2026,False,,False,
AP03A,1415728,,,-,-,5/20/2026,False,,False,
AP03A,1415729,,,-,-,5/20/2026,False,,False,
AP03A,1415730,,,-,-,5/20/2026,False,,False,
AP03A,1415731,,,-,-,5/20/2026,False,,False,
AP03A,1415732,,,-,-,5/20/2026,False,,False,
AP03A,1415733,,,-,-,5/20/2026,False,,False,
AP03A,1415733,U611-LHTOP,165,490997-5,-,5/20/2026,False,5/13/2026 6:36:21 AM,False,5/13/2026 6:36:21 AM
AP03A,1415733,U611-RHTOP,89,490958-17,-,5/20/2026,False,5/13/2026 3:01:29 AM,False,5/13/2026 3:01:29 AM
AP03A,1415734,,,-,-,5/20/2026,False,,False,
AP03A,1415735,,,-,-,5/20/2026,False,,False,
AP03A,1415736,,,-,-,5/20/2026,False,,False,
AP03A,1415737,,,-,-,5/20/2026,False,,False,
AP03A,1415738,,,-,-,5/20/2026,False,,False,
AP03A,1415739,,,-,-,5/20/2026,False,,False,
AP03A,1415740,,,-,-,5/20/2026,False,,False,
AP03A,1415741,,,-,-,5/20/2026,False,,False,
AP03A,1415742,,,-,-,5/20/2026,False,,False,
AP03A,1415743,,,-,-,5/20/2026,False,,False,
AP03A,1415744,,,-,-,5/20/2026,False,,False,
AP03A,1415745,,,-,-,5/20/2026,False,,False,
AP03A,1415745,U611-LHTOP,165,490997-6,-,5/20/2026,False,5/13/2026 7:38:44 AM,False,5/13/2026 7:38:44 AM
AP03A,1415745,U611-RHTOP,89,490958-18,-,5/20/2026,False,5/13/2026 3:01:45 AM,False,5/13/2026 3:01:45 AM
AP03A,1415746,,,-,-,5/20/2026,False,,False,
AP03A,1415747,,,-,-,5/20/2026,False,,False,
AP03A,1415748,,,-,-,5/20/2026,False,,False,
AP03A,1415749,,,-,-,5/20/2026,False,,False,
AP03A,1415750,,,-,-,5/20/2026,False,,False,
AP03A,1415751,,,-,-,5/20/2026,False,,False,
AP03A,1415752,,,-,-,5/20/2026,False,,False,
AP03A,1415753,,,-,-,5/20/2026,False,,False,
AP03A,1415754,,,-,-,5/20/2026,False,,False,
AP03A,1415755,,,-,-,5/20/2026,False,,False,
AP03A,1415756,,,-,-,5/20/2026,False,,False,
AP03A,1415757,,,-,-,5/20/2026,False,,False,
AP03A,1415758,,,-,-,5/20/2026,False,,False,
AP03A,1415758,U611-LHTOP,165,490997-7,-,5/20/2026,False,5/13/2026 7:38:45 AM,False,5/13/2026 7:38:45 AM
AP03A,1415758,U611-RHTOP,89,490958-19,-,5/20/2026,False,5/13/2026 3:01:45 AM,False,5/13/2026 3:01:45 AM
AP03A,1415759,,,-,-,5/20/2026,False,,False,
AP03A,1415760,,,-,-,5/20/2026,False,,False,
AP03A,1415761,,,-,-,5/20/2026,False,,False,
AP03A,1415762,,,-,-,5/20/2026,False,,False,
AP03A,1415763,,,-,-,5/20/2026,False,,False,
AP03A,1415764,,,-,-,5/20/2026,False,,False,
AP03A,1415765,,,-,-,5/20/2026,False,,False,
AP03A,1415766,,,-,-,5/20/2026,False,,False,
AP03A,1415767,,,-,-,5/20/2026,False,,False,
AP03A,1415768,,,-,-,5/20/2026,False,,False,
AP03A,1415769,,,-,-,5/20/2026,False,,False,
AP03A,1415770,,,-,-,5/20/2026,False,,False,
AP03A,1415771,,,-,-,5/20/2026,False,,False,
AP03A,1415771,U611-LHTOP,165,490997-8,-,5/20/2026,False,5/13/2026 7:38:45 AM,False,5/13/2026 7:38:45 AM
AP03A,1415771,U611-RHTOP,89,490958-20,-,5/20/2026,False,5/13/2026 3:01:45 AM,False,5/13/2026 3:01:45 AM
AP03A,1415772,,,-,-,5/20/2026,False,,False,
AP03A,1415773,,,-,-,5/20/2026,False,,False,
AP03A,1415774,,,-,-,5/20/2026,False,,False,
AP03A,1415775,,,-,-,5/20/2026,False,,False,
AP03A,1415776,,,-,-,5/20/2026,False,,False,
AP03A,1415777,,,-,-,5/20/2026,False,,False,
AP03A,1415778,,,-,-,5/20/2026,False,,False,
AP03A,1415779,,,-,-,5/20/2026,False,,False,
AP03A,1415780,,,-,-,5/20/2026,False,,False,
AP03A,1415781,,,-,-,5/20/2026,False,,False,
AP03A,1415782,,,-,-,5/20/2026,False,,False,
AP03A,1415783,,,-,-,5/20/2026,False,,False,
AP03A,1415784,,,-,-,5/20/2026,False,,False,
AP03A,1415784,U611-LHTOP,165,490997-9,-,5/20/2026,False,5/13/2026 7:38:45 AM,False,5/13/2026 7:38:45 AM
AP03A,1415784,U611-RHTOP,89,490958-21,-,5/20/2026,False,5/13/2026 3:01:45 AM,False,5/13/2026 3:01:45 AM
AP03A,1415785,,,-,-,5/20/2026,False,,False,
AP03A,1415786,,,-,-,5/20/2026,False,,False,
AP03A,1415787,,,-,-,5/20/2026,False,,False,
AP03A,1415788,,,-,-,5/20/2026,False,,False,
AP03A,1415789,,,-,-,5/20/2026,False,,False,
AP03A,1415790,,,-,-,5/20/2026,False,,False,
AP03A,1415791,,,-,-,5/20/2026,False,,False,
AP03A,1415792,,,-,-,5/20/2026,False,,False,
AP03A,1415793,,,-,-,5/20/2026,False,,False,
AP03A,1415794,,,-,-,5/20/2026,False,,False,
AP03A,1415795,,,-,-,5/20/2026,False,,False,
AP03A,1415796,,,-,-,5/20/2026,False,,False,
AP03A,1415797,,,-,-,5/20/2026,False,,False,
AP03A,1415797,U611-LHTOP,165,490997-10,-,5/20/2026,False,5/13/2026 7:38:45 AM,False,5/13/2026 7:38:45 AM
AP03A,1415797,U611-RHTOP,89,490958-22,-,5/20/2026,False,5/13/2026 3:01:46 AM,False,5/13/2026 3:01:46 AM
AP03A,1415798,,,-,-,5/20/2026,False,,False,
AP03A,1415799,,,-,-,5/20/2026,False,,False,
AP03A,1415800,,,-,-,5/20/2026,False,,False,
AP03A,1415801,,,-,-,5/20/2026,False,,False,
AP03A,1415802,,,-,-,5/20/2026,False,,False,
AP03A,1415803,,,-,-,5/20/2026,False,,False,
AP03A,1415804,,,-,-,5/20/2026,False,,False,
AP03A,1415805,,,-,-,5/20/2026,False,,False,
AP03A,1415806,,,-,-,5/20/2026,False,,False,
AP03A,1415807,,,-,-,5/20/2026,False,,False,
AP03A,1415808,,,-,-,5/20/2026,False,,False,
AP03A,1415809,,,-,-,5/20/2026,False,,False,
AP03A,1415809,U611-LHTOP,165,490997-11,-,5/20/2026,False,5/13/2026 7:38:45 AM,False,5/13/2026 7:38:45 AM
AP03A,1415809,U611-RHTOP,89,490958-23,-,5/20/2026,False,5/13/2026 3:01:46 AM,False,5/13/2026 3:01:46 AM
AP03A,1415810,,,-,-,5/20/2026,False,,False,
AP03A,1415811,,,-,-,5/20/2026,False,,False,
AP03A,1415812,,,-,-,5/20/2026,False,,False,
AP03A,1415813,,,-,-,5/20/2026,False,,False,
AP03A,1415814,,,-,-,5/20/2026,False,,False,
AP03A,1415815,,,-,-,5/20/2026,False,,False,
AP03A,1415816,,,-,-,5/20/2026,False,,False,
AP03A,1415817,,,-,-,5/20/2026,False,,False,
AP03A,1415818,,,-,-,5/20/2026,False,,False,
AP03A,1415819,,,-,-,5/20/2026,False,,False,
AP03A,1415820,,,-,-,5/20/2026,False,,False,
AP03A,1415821,,,-,-,5/20/2026,False,,False,
AP03A,1415822,,,-,-,5/20/2026,False,,False,
AP03A,1415822,U611-LHTOP,165,490997-12,-,5/20/2026,False,5/13/2026 7:38:46 AM,False,5/13/2026 7:38:46 AM
AP03A,1415822,U611-RHTOP,89,490958-24,-,5/20/2026,False,5/13/2026 3:01:47 AM,False,5/13/2026 3:01:47 AM
AP03A,1415823,,,-,-,5/20/2026,False,,False,
AP03A,1415824,,,-,-,5/20/2026,False,,False,
AP03A,1415825,,,-,-,5/20/2026,False,,False,
AP03A,1415826,,,-,-,5/20/2026,False,,False,
AP03A,1415827,,,-,-,5/20/2026,False,,False,
AP03A,1415828,,,-,-,5/20/2026,False,,False,
AP03A,1415829,,,-,-,5/20/2026,False,,False,
AP03A,1415830,,,-,-,5/20/2026,False,,False,
AP03A,1415831,,,-,-,5/20/2026,False,,False,
AP03A,1415832,,,-,-,5/20/2026,False,,False,
AP03A,1415833,,,-,-,5/20/2026,False,,False,
AP03A,1415834,,,-,-,5/20/2026,False,,False,
AP03A,1415835,,,-,-,5/20/2026,False,,False,
AP03A,1415835,U611-LHTOP,166,491013-1,-,5/20/2026,False,5/13/2026 7:38:47 AM,False,5/13/2026 7:38:47 AM
AP03A,1415835,U611-RHTOP,90,490960-1,-,5/20/2026,False,5/13/2026 3:01:50 AM,False,5/13/2026 3:01:50 AM
AP03A,1415836,,,-,-,5/20/2026,False,,False,
AP03A,1415837,,,-,-,5/20/2026,False,,False,
AP03A,1415838,,,-,-,5/20/2026,False,,False,
AP03A,1415839,,,-,-,5/20/2026,False,,False,
AP03A,1415840,,,-,-,5/20/2026,False,,False,
AP03A,1415841,,,-,-,5/20/2026,False,,False,
AP03A,1415842,,,-,-,5/20/2026,False,,False,
AP03A,1415843,,,-,-,5/20/2026,False,,False,
AP03A,1415844,,,-,-,5/20/2026,False,,False,
AP03A,1415845,,,-,-,5/20/2026,False,,False,
AP03A,1415846,,,-,-,5/20/2026,False,,False,
AP03A,1415847,,,-,-,5/20/2026,False,,False,
AP03A,1415848,,,-,-,5/20/2026,False,,False,
AP03A,1415848,U611-LHTOP,166,491013-2,-,5/20/2026,False,5/13/2026 7:38:47 AM,False,5/13/2026 7:38:47 AM
AP03A,1415848,U611-RHTOP,90,490960-2,-,5/20/2026,False,5/13/2026 3:01:50 AM,False,5/13/2026 3:01:50 AM
AP03A,1415849,,,-,-,5/20/2026,False,,False,
AP03A,1415850,,,-,-,5/20/2026,False,,False,
AP03A,1415851,,,-,-,5/20/2026,False,,False,
AP03A,1415852,,,-,-,5/20/2026,False,,False,
AP03A,1415853,,,-,-,5/20/2026,False,,False,
AP03A,1415854,,,-,-,5/20/2026,False,,False,
AP03A,1415855,,,-,-,5/20/2026,False,,False,
AP03A,1415856,,,-,-,5/20/2026,False,,False,
AP03A,1415857,,,-,-,5/20/2026,False,,False,
AP03A,1415858,,,-,-,5/20/2026,False,,False,
AP03A,1415859,,,-,-,5/20/2026,False,,False,
AP03A,1415860,,,-,-,5/20/2026,False,,False,
AP03A,1415861,,,-,-,5/20/2026,False,,False,
AP03A,1415861,U611-LHTOP,166,491013-3,-,5/20/2026,False,5/13/2026 7:38:47 AM,False,5/13/2026 7:38:47 AM
AP03A,1415861,U611-RHTOP,90,490960-3,-,5/20/2026,False,5/13/2026 3:01:50 AM,False,5/13/2026 3:01:50 AM
AP03A,1415862,,,-,-,5/20/2026,False,,False,
AP03A,1415863,,,-,-,5/20/2026,False,,False,
AP03A,1415864,,,-,-,5/20/2026,False,,False,
AP03A,1415865,,,-,-,5/20/2026,False,,False,
AP03A,1415866,,,-,-,5/20/2026,False,,False,
AP03A,1415867,,,-,-,5/20/2026,False,,False,
AP03A,1415868,,,-,-,5/20/2026,False,,False,
AP03A,1415869,,,-,-,5/20/2026,False,,False,
AP03A,1415870,,,-,-,5/20/2026,False,,False,
AP03A,1415871,,,-,-,5/20/2026,False,,False,
AP03A,1415872,,,-,-,5/20/2026,False,,False,
AP03A,1415873,,,-,-,5/20/2026,False,,False,
AP03A,1415873,U611-LHTOP,166,491013-4,-,5/20/2026,False,5/13/2026 7:38:48 AM,False,5/13/2026 7:38:47 AM
AP03A,1415873,U611-RHTOP,90,490960-4,-,5/20/2026,False,5/13/2026 3:01:51 AM,False,5/13/2026 3:01:51 AM
AP03A,1415874,,,-,-,5/20/2026,False,,False,
AP03A,1415875,,,-,-,5/20/2026,False,,False,
AP03A,1415876,,,-,-,5/20/2026,False,,False,
AP03A,1415877,,,-,-,5/20/2026,False,,False,
AP03A,1415878,,,-,-,5/20/2026,False,,False,
AP03A,1415879,,,-,-,5/20/2026,False,,False,
AP03A,1415880,,,-,-,5/20/2026,False,,False,
AP03A,1415881,,,-,-,5/20/2026,False,,False,
AP03A,1415882,,,-,-,5/20/2026,False,,False,
AP03A,1415883,,,-,-,5/20/2026,False,,False,
AP03A,1415884,,,-,-,5/20/2026,False,,False,
AP03A,1415885,,,-,-,5/20/2026,False,,False,
AP03A,1415886,,,-,-,5/20/2026,False,,False,
AP03A,1415886,U611-LHTOP,166,491013-5,-,5/20/2026,False,5/13/2026 7:38:48 AM,False,5/13/2026 7:38:48 AM
AP03A,1415886,U611-RHTOP,90,490960-5,-,5/20/2026,False,5/13/2026 3:01:51 AM,False,5/13/2026 3:01:51 AM
AP03A,1415887,,,-,-,5/20/2026,False,,False,
AP03A,1415888,,,-,-,5/20/2026,False,,False,
AP03A,1415889,,,-,-,5/20/2026,False,,False,
AP03A,1415890,,,-,-,5/20/2026,False,,False,
AP03A,1415891,,,-,-,5/20/2026,False,,False,
AP03A,1415892,,,-,-,5/20/2026,False,,False,
AP03A,1415893,,,-,-,5/20/2026,False,,False,
AP03A,1415894,,,-,-,5/20/2026,False,,False,
AP03A,1415895,,,-,-,5/20/2026,False,,False,
AP03A,1415896,,,-,-,5/20/2026,False,,False,
AP03A,1415897,,,-,-,5/20/2026,False,,False,
AP03A,1415898,,,-,-,5/20/2026,False,,False,
AP03A,1415899,,,-,-,5/20/2026,False,,False,
AP03A,1415899,U611-LHTOP,166,491013-6,-,5/20/2026,False,5/13/2026 8:02:02 AM,False,5/13/2026 8:02:02 AM
AP03A,1415899,U611-RHTOP,90,490960-6,-,5/20/2026,False,5/13/2026 3:01:51 AM,False,5/13/2026 3:01:51 AM
AP03A,1415900,,,-,-,5/20/2026,False,,False,
AP03A,1415901,,,-,-,5/20/2026,False,,False,
AP03A,1415902,,,-,-,5/20/2026,False,,False,
AP03A,1415903,,,-,-,5/20/2026,False,,False,
AP03A,1415904,,,-,-,5/20/2026,False,,False,
AP03A,1415905,,,-,-,5/20/2026,False,,False,
AP03A,1415906,,,-,-,5/20/2026,False,,False,
AP03A,1415907,,,-,-,5/20/2026,False,,False,
AP03A,1415908,,,-,-,5/20/2026,False,,False,
AP03A,1415909,,,-,-,5/20/2026,False,,False,
AP03A,1415910,,,-,-,5/20/2026,False,,False,
AP03A,1415911,,,-,-,5/20/2026,False,,False,
AP03A,1415912,,,-,-,5/20/2026,False,,False,
AP03A,1415912,U611-LHTOP,166,491013-7,-,5/20/2026,False,5/13/2026 8:02:02 AM,False,5/13/2026 8:02:02 AM
AP03A,1415912,U611-RHTOP,90,490960-7,-,5/20/2026,False,5/13/2026 3:01:52 AM,False,5/13/2026 3:01:52 AM
AP03A,1415913,,,-,-,5/20/2026,False,,False,
AP03A,1415914,,,-,-,5/20/2026,False,,False,
AP03A,1415915,,,-,-,5/20/2026,False,,False,
AP03A,1415916,,,-,-,5/20/2026,False,,False,
AP03A,1415917,,,-,-,5/20/2026,False,,False,
AP03A,1415918,,,-,-,5/20/2026,False,,False,
AP03A,1415919,,,-,-,5/20/2026,False,,False,
AP03A,1415920,,,-,-,5/20/2026,False,,False,
AP03A,1415921,,,-,-,5/20/2026,False,,False,
AP03A,1415922,,,-,-,5/20/2026,False,,False,
AP03A,1415923,,,-,-,5/20/2026,False,,False,
AP03A,1415924,,,-,-,5/20/2026,False,,False,
AP03A,1415925,,,-,-,5/20/2026,False,,False,
AP03A,1415925,U611-LHTOP,166,491013-8,-,5/20/2026,False,5/13/2026 8:02:02 AM,False,5/13/2026 8:02:02 AM
AP03A,1415925,U611-RHTOP,90,490960-8,-,5/20/2026,False,5/13/2026 3:01:52 AM,False,5/13/2026 3:01:52 AM
AP03A,1415926,,,-,-,5/20/2026,False,,False,
AP03A,1415927,,,-,-,5/20/2026,False,,False,
AP03A,1415928,,,-,-,5/20/2026,False,,False,
AP03A,1415929,,,-,-,5/20/2026,False,,False,
AP03A,1415930,,,-,-,5/20/2026,False,,False,
AP03A,1415931,,,-,-,5/20/2026,False,,False,
AP03A,1415932,,,-,-,5/20/2026,False,,False,
AP03A,1415933,,,-,-,5/20/2026,False,,False,
AP03A,1415934,,,-,-,5/20/2026,False,,False,
AP03A,1415935,,,-,-,5/20/2026,False,,False,
AP03A,1415936,,,-,-,5/20/2026,False,,False,
AP03A,1415937,,,-,-,5/20/2026,False,,False,
AP03A,1415937,U611-LHTOP,166,491013-9,-,5/20/2026,False,5/13/2026 8:02:03 AM,False,5/13/2026 8:02:03 AM
AP03A,1415937,U611-RHTOP,90,490960-9,-,5/20/2026,False,5/13/2026 3:01:53 AM,False,5/13/2026 3:01:53 AM
AP03A,1415938,,,-,-,5/20/2026,False,,False,
AP03A,1415939,,,-,-,5/20/2026,False,,False,
AP03A,1415940,,,-,-,5/20/2026,False,,False,
AP03A,1415941,,,-,-,5/20/2026,False,,False,
AP03A,1415942,,,-,-,5/20/2026,False,,False,
AP03A,1415943,,,-,-,5/20/2026,False,,False,
AP03A,1415944,,,-,-,5/20/2026,False,,False,
AP03A,1415945,,,-,-,5/20/2026,False,,False,
AP03A,1415946,,,-,-,5/20/2026,False,,False,
AP03A,1415947,,,-,-,5/20/2026,False,,False,
AP03A,1415948,,,-,-,5/20/2026,False,,False,
AP03A,1415949,,,-,-,5/20/2026,False,,False,
AP03A,1415950,,,-,-,5/20/2026,False,,False,
AP03A,1415950,U611-LHTOP,166,491013-10,-,5/20/2026,False,5/13/2026 8:02:03 AM,False,5/13/2026 8:02:03 AM
AP03A,1415950,U611-RHTOP,90,490960-10,-,5/20/2026,False,5/13/2026 3:01:53 AM,False,5/13/2026 3:01:53 AM
AP03A,1415951,,,-,-,5/20/2026,False,,False,
AP03A,1415952,,,-,-,5/20/2026,False,,False,
AP03A,1415953,,,-,-,5/20/2026,False,,False,
AP03A,1415954,,,-,-,5/20/2026,False,,False,
AP03A,1415955,,,-,-,5/20/2026,False,,False,
AP03A,1415956,,,-,-,5/20/2026,False,,False,
AP03A,1415957,,,-,-,5/20/2026,False,,False,
AP03A,1415958,,,-,-,5/20/2026,False,,False,
AP03A,1415959,,,-,-,5/20/2026,False,,False,
AP03A,1415960,,,-,-,5/20/2026,False,,False,
AP03A,1415961,,,-,-,5/20/2026,False,,False,
AP03A,1415962,,,-,-,5/20/2026,False,,False,
AP03A,1415963,,,-,-,5/20/2026,False,,False,
AP03A,1415963,U611-LHTOP,166,491013-11,-,5/20/2026,False,5/13/2026 8:02:03 AM,False,5/13/2026 8:02:03 AM
AP03A,1415963,U611-RHTOP,90,490960-11,-,5/20/2026,False,5/13/2026 3:01:53 AM,False,5/13/2026 3:01:53 AM
AP03A,1415964,,,-,-,5/20/2026,False,,False,
AP03A,1415965,,,-,-,5/20/2026,False,,False,
AP03A,1415966,,,-,-,5/20/2026,False,,False,
AP03A,1415967,,,-,-,5/20/2026,False,,False,
AP03A,1415968,,,-,-,5/20/2026,False,,False,
AP03A,1415969,,,-,-,5/20/2026,False,,False,
AP03A,1415970,,,-,-,5/20/2026,False,,False,
AP03A,1415971,,,-,-,5/20/2026,False,,False,
AP03A,1415972,,,-,-,5/20/2026,False,,False,
AP03A,1415973,,,-,-,5/20/2026,False,,False,
AP03A,1415974,,,-,-,5/20/2026,False,,False,
AP03A,1415975,,,-,-,5/20/2026,False,,False,
AP03A,1415976,,,-,-,5/20/2026,False,,False,
AP03A,1415976,U611-LHTOP,166,491013-12,-,5/20/2026,False,5/13/2026 8:02:03 AM,False,5/13/2026 8:02:03 AM
AP03A,1415976,U611-RHTOP,90,490960-12,-,5/20/2026,False,5/13/2026 3:01:54 AM,False,5/13/2026 3:01:54 AM
AP03A,1415977,,,-,-,5/20/2026,False,,False,
AP03A,1415978,,,-,-,5/20/2026,False,,False,
AP03A,1415979,,,-,-,5/20/2026,False,,False,
AP03A,1415980,,,-,-,5/20/2026,False,,False,
AP03A,1415981,,,-,-,5/20/2026,False,,False,
AP03A,1415982,,,-,-,5/20/2026,False,,False,
AP03A,1415983,,,-,-,5/20/2026,False,,False,
AP03A,1415984,,,-,-,5/20/2026,False,,False,
AP03A,1415985,,,-,-,5/20/2026,False,,False,
AP03A,1415986,,,-,-,5/20/2026,False,,False,
AP03A,1415987,,,-,-,5/20/2026,False,,False,
AP03A,1415988,,,-,-,5/20/2026,False,,False,
AP03A,1415989,,,-,-,5/20/2026,False,,False,
AP03A,1415989,U611-LHTOP,167,491019-1,-,5/20/2026,False,5/13/2026 8:02:05 AM,False,5/13/2026 8:02:05 AM
AP03A,1415989,U611-RHTOP,90,490960-13,-,5/20/2026,False,5/13/2026 3:01:54 AM,False,5/13/2026 3:01:54 AM
AP03A,1415990,,,-,-,5/20/2026,False,,False,
AP03A,1415991,,,-,-,5/20/2026,False,,False,
AP03A,1415992,,,-,-,5/20/2026,False,,False,
AP03A,1415993,,,-,-,5/20/2026,False,,False,
AP03A,1415994,,,-,-,5/20/2026,False,,False,
AP03A,1415995,,,-,-,5/20/2026,False,,False,
AP03A,1415996,,,-,-,5/20/2026,False,,False,
AP03A,1415997,,,-,-,5/20/2026,False,,False,
AP03A,1415998,,,-,-,5/20/2026,False,,False,
AP03A,1415999,,,-,-,5/20/2026,False,,False,
AP03A,1416000,,,-,-,5/20/2026,False,,False,
AP03A,1416001,,,-,-,5/20/2026,False,,False,
AP03A,1416001,U611-LHTOP,167,491019-2,-,5/20/2026,False,5/13/2026 8:02:05 AM,False,5/13/2026 8:02:05 AM
AP03A,1416001,U611-RHTOP,90,490960-14,-,5/20/2026,False,5/13/2026 3:01:54 AM,False,5/13/2026 3:01:54 AM
AP03A,1416002,,,-,-,5/20/2026,False,,False,
AP03A,1416003,,,-,-,5/20/2026,False,,False,
AP03A,1416004,,,-,-,5/20/2026,False,,False,
AP03A,1416005,,,-,-,5/20/2026,False,,False,
AP03A,1416006,,,-,-,5/20/2026,False,,False,
AP03A,1416007,,,-,-,5/20/2026,False,,False,
AP03A,1416008,,,-,-,5/20/2026,False,,False,
AP03A,1416009,,,-,-,5/20/2026,False,,False,
AP03A,1416010,,,-,-,5/20/2026,False,,False,
AP03A,1416011,,,-,-,5/20/2026,False,,False,
AP03A,1416012,,,-,-,5/20/2026,False,,False,
AP03A,1416013,,,-,-,5/20/2026,False,,False,
AP03A,1416014,,,-,-,5/20/2026,False,,False,
AP03A,1416014,U611-LHTOP,167,491019-3,-,5/20/2026,False,5/13/2026 8:02:05 AM,False,5/13/2026 8:02:05 AM
AP03A,1416014,U611-RHTOP,90,490960-15,-,5/20/2026,False,5/13/2026 3:01:55 AM,False,5/13/2026 3:01:55 AM
AP03A,1416015,,,-,-,5/20/2026,False,,False,
AP03A,1416016,,,-,-,5/20/2026,False,,False,
AP03A,1416017,,,-,-,5/20/2026,False,,False,
AP03A,1416018,,,-,-,5/20/2026,False,,False,
AP03A,1416019,,,-,-,5/20/2026,False,,False,
AP03A,1416020,,,-,-,5/20/2026,False,,False,
AP03A,1416021,,,-,-,5/20/2026,False,,False,
AP03A,1416022,,,-,-,5/20/2026,False,,False,
AP03A,1416023,,,-,-,5/20/2026,False,,False,
AP03A,1416024,,,-,-,5/20/2026,False,,False,
AP03A,1416025,,,-,-,5/20/2026,False,,False,
AP03A,1416026,,,-,-,5/20/2026,False,,False,
AP03A,1416027,,,-,-,5/20/2026,False,,False,
AP03A,1416027,U611-LHTOP,167,491019-4,-,5/20/2026,False,5/13/2026 8:02:05 AM,False,5/13/2026 8:02:05 AM
AP03A,1416027,U611-RHTOP,90,490960-16,-,5/20/2026,False,5/13/2026 3:01:55 AM,False,5/13/2026 3:01:55 AM
AP03A,1416028,,,-,-,5/20/2026,False,,False,
AP03A,1416029,,,-,-,5/20/2026,False,,False,
AP03A,1416030,,,-,-,5/20/2026,False,,False,
AP03A,1416031,,,-,-,5/20/2026,False,,False,
AP03A,1416032,,,-,-,5/20/2026,False,,False,
AP03A,1416033,,,-,-,5/20/2026,False,,False,
AP03A,1416034,,,-,-,5/20/2026,False,,False,
AP03A,1416035,,,-,-,5/20/2026,False,,False,
AP03A,1416036,,,-,-,5/20/2026,False,,False,
AP03A,1416037,,,-,-,5/20/2026,False,,False,
AP03A,1416038,,,-,-,5/20/2026,False,,False,
AP03A,1416039,,,-,-,5/20/2026,False,,False,
AP03A,1416040,,,-,-,5/20/2026,False,,False,
AP03A,1416040,U611-LHTOP,167,491019-5,-,5/20/2026,False,5/13/2026 8:02:05 AM,False,5/13/2026 8:02:05 AM
AP03A,1416040,U611-RHTOP,90,490960-17,-,5/20/2026,False,5/13/2026 3:01:56 AM,False,5/13/2026 3:01:56 AM
AP03A,1416041,,,-,-,5/20/2026,False,,False,
AP03A,1416042,,,-,-,5/20/2026,False,,False,
AP03A,1416043,,,-,-,5/20/2026,False,,False,
AP03A,1416044,,,-,-,5/20/2026,False,,False,
AP03A,1416045,,,-,-,5/20/2026,False,,False,
AP03A,1416046,,,-,-,5/20/2026,False,,False,
AP03A,1416047,,,-,-,5/20/2026,False,,False,
AP03A,1416048,,,-,-,5/20/2026,False,,False,
AP03A,1416049,,,-,-,5/20/2026,False,,False,
AP03A,1416050,,,-,-,5/20/2026,False,,False,
AP03A,1416051,,,-,-,5/20/2026,False,,False,
AP03A,1416052,,,-,-,5/20/2026,False,,False,
AP03A,1416053,,,-,-,5/20/2026,False,,False,
AP03A,1416053,U611-LHTOP,167,491019-6,-,5/20/2026,False,5/13/2026 9:06:51 AM,False,5/13/2026 9:06:51 AM
AP03A,1416053,U611-RHTOP,90,490960-18,-,5/20/2026,False,5/13/2026 3:02:12 AM,False,5/13/2026 3:02:12 AM
AP03A,1416054,,,-,-,5/20/2026,False,,False,
AP03A,1416055,,,-,-,5/20/2026,False,,False,
AP03A,1416056,,,-,-,5/20/2026,False,,False,
AP03A,1416057,,,-,-,5/20/2026,False,,False,
AP03A,1416058,,,-,-,5/20/2026,False,,False,
AP03A,1416059,,,-,-,5/20/2026,False,,False,
AP03A,1416060,,,-,-,5/20/2026,False,,False,
AP03A,1416061,,,-,-,5/20/2026,False,,False,
AP03A,1416062,,,-,-,5/20/2026,False,,False,
AP03A,1416063,,,-,-,5/20/2026,False,,False,
AP03A,1416064,,,-,-,5/20/2026,False,,False,
AP03A,1416065,,,-,-,5/20/2026,False,,False,
AP03A,1416065,U611-LHTOP,167,491019-7,-,5/20/2026,False,5/13/2026 9:06:51 AM,False,5/13/2026 9:06:51 AM
AP03A,1416065,U611-RHTOP,90,490960-19,-,5/20/2026,False,5/13/2026 3:02:12 AM,False,5/13/2026 3:02:12 AM
AP03A,1416066,,,-,-,5/20/2026,False,,False,
AP03A,1416067,,,-,-,5/20/2026,False,,False,
AP03A,1416068,,,-,-,5/20/2026,False,,False,
AP03A,1416069,,,-,-,5/20/2026,False,,False,
AP03A,1416070,,,-,-,5/20/2026,False,,False,
AP03A,1416071,,,-,-,5/20/2026,False,,False,
AP03A,1416072,,,-,-,5/20/2026,False,,False,
AP03A,1416073,,,-,-,5/20/2026,False,,False,
AP03A,1416074,,,-,-,5/20/2026,False,,False,
AP03A,1416075,,,-,-,5/20/2026,False,,False,
AP03A,1416076,,,-,-,5/20/2026,False,,False,
AP03A,1416077,,,-,-,5/20/2026,False,,False,
AP03A,1416078,,,-,-,5/20/2026,False,,False,
AP03A,1416078,U611-LHTOP,167,491019-8,-,5/20/2026,False,5/13/2026 9:06:51 AM,False,5/13/2026 9:06:51 AM
AP03A,1416078,U611-RHTOP,90,490960-20,-,5/20/2026,False,5/13/2026 3:02:12 AM,False,5/13/2026 3:02:12 AM
AP03A,1416079,,,-,-,5/20/2026,False,,False,
AP03A,1416080,,,-,-,5/20/2026,False,,False,
AP03A,1416081,,,-,-,5/20/2026,False,,False,
AP03A,1416082,,,-,-,5/20/2026,False,,False,
AP03A,1416083,,,-,-,5/20/2026,False,,False,
AP03A,1416084,,,-,-,5/20/2026,False,,False,
AP03A,1416085,,,-,-,5/20/2026,False,,False,
AP03A,1416086,,,-,-,5/20/2026,False,,False,
AP03A,1416087,,,-,-,5/20/2026,False,,False,
AP03A,1416088,,,-,-,5/20/2026,False,,False,
AP03A,1416089,,,-,-,5/20/2026,False,,False,
AP03A,1416090,,,-,-,5/20/2026,False,,False,
AP03A,1416091,,,-,-,5/20/2026,False,,False,
AP03A,1416091,U611-LHTOP,167,491019-9,-,5/20/2026,False,5/13/2026 9:06:52 AM,False,5/13/2026 9:06:52 AM
AP03A,1416091,U611-RHTOP,90,490960-21,-,5/20/2026,False,5/13/2026 3:02:12 AM,False,5/13/2026 3:02:12 AM
AP03A,1416092,,,-,-,5/20/2026,False,,False,
AP03A,1416093,,,-,-,5/20/2026,False,,False,
AP03A,1416094,,,-,-,5/20/2026,False,,False,
AP03A,1416095,,,-,-,5/20/2026,False,,False,
AP03A,1416096,,,-,-,5/20/2026,False,,False,
AP03A,1416097,,,-,-,5/20/2026,False,,False,
AP03A,1416098,,,-,-,5/20/2026,False,,False,
AP03A,1416099,,,-,-,5/20/2026,False,,False,
AP03A,1416100,,,-,-,5/20/2026,False,,False,
AP03A,1416101,,,-,-,5/20/2026,False,,False,
AP03A,1416102,,,-,-,5/20/2026,False,,False,
AP03A,1416103,,,-,-,5/20/2026,False,,False,
AP03A,1416104,,,-,-,5/20/2026,False,,False,
AP03A,1416104,U611-LHTOP,167,491019-10,-,5/20/2026,False,5/13/2026 9:06:52 AM,False,5/13/2026 9:06:52 AM
AP03A,1416104,U611-RHTOP,90,490960-22,-,5/20/2026,False,5/13/2026 3:02:12 AM,False,5/13/2026 3:02:12 AM
AP03A,1416105,,,-,-,5/20/2026,False,,False,
AP03A,1416106,,,-,-,5/20/2026,False,,False,
AP03A,1416107,,,-,-,5/20/2026,False,,False,
AP03A,1416108,,,-,-,5/20/2026,False,,False,
AP03A,1416109,,,-,-,5/21/2026,False,,False,
AP03A,1416110,,,-,-,5/21/2026,False,,False,
AP03A,1416111,,,-,-,5/21/2026,False,,False,
AP03A,1416112,,,-,-,5/21/2026,False,,False,
AP03A,1416113,,,-,-,5/21/2026,False,,False,
AP03A,1416114,,,-,-,5/21/2026,False,,False,
AP03A,1416115,,,-,-,5/21/2026,False,,False,
AP03A,1416116,,,-,-,5/21/2026,False,,False,
AP03A,1416117,,,-,-,5/21/2026,False,,False,
AP03A,1416117,U611-LHTOP,167,491019-11,-,5/20/2026,False,5/13/2026 9:06:52 AM,False,5/13/2026 9:06:52 AM
AP03A,1416117,U611-RHTOP,90,490960-23,-,5/20/2026,False,5/13/2026 3:02:12 AM,False,5/13/2026 3:02:12 AM
AP03A,1416118,,,-,-,5/21/2026,False,,False,
AP03A,1416119,,,-,-,5/21/2026,False,,False,
AP03A,1416120,,,-,-,5/21/2026,False,,False,
AP03A,1416121,,,-,-,5/21/2026,False,,False,
AP03A,1416122,,,-,-,5/21/2026,False,,False,
AP03A,1416123,,,-,-,5/21/2026,False,,False,
AP03A,1416124,,,-,-,5/21/2026,False,,False,
AP03A,1416125,,,-,-,5/21/2026,False,,False,
AP03A,1416126,,,-,-,5/21/2026,False,,False,
AP03A,1416127,,,-,-,5/21/2026,False,,False,
AP03A,1416128,,,-,-,5/21/2026,False,,False,
AP03A,1416129,,,-,-,5/21/2026,False,,False,
AP03A,1416129,U611-LHTOP,167,491019-12,-,5/20/2026,False,5/13/2026 9:06:53 AM,False,5/13/2026 9:06:53 AM
AP03A,1416129,U611-RHTOP,90,490960-24,-,5/20/2026,False,5/13/2026 3:02:13 AM,False,5/13/2026 3:02:13 AM
AP03A,1416130,,,-,-,5/21/2026,False,,False,
AP03A,1416131,,,-,-,5/21/2026,False,,False,
AP03A,1416132,,,-,-,5/21/2026,False,,False,
AP03A,1416133,,,-,-,5/21/2026,False,,False,
AP03A,1416134,,,-,-,5/21/2026,False,,False,
AP03A,1416135,,,-,-,5/21/2026,False,,False,
AP03A,1416136,,,-,-,5/21/2026,False,,False,
AP03A,1416137,,,-,-,5/21/2026,False,,False,
AP03A,1416138,,,-,-,5/21/2026,False,,False,
AP03A,1416139,,,-,-,5/21/2026,False,,False,
AP03A,1416140,,,-,-,5/21/2026,False,,False,
AP03A,1416141,,,-,-,5/21/2026,False,,False,
AP03A,1416142,,,-,-,5/21/2026,False,,False,
AP03A,1416142,U611-LHTOP,168,491032-1,-,5/20/2026,False,5/13/2026 9:06:54 AM,False,5/13/2026 9:06:54 AM
AP03A,1416142,U611-RHTOP,91,490962-1,-,5/20/2026,False,5/13/2026 3:02:16 AM,False,5/13/2026 3:02:16 AM
AP03A,1416143,,,-,-,5/21/2026,False,,False,
AP03A,1416144,,,-,-,5/21/2026,False,,False,
AP03A,1416145,,,-,-,5/21/2026,False,,False,
AP03A,1416146,,,-,-,5/21/2026,False,,False,
AP03A,1416147,,,-,-,5/21/2026,False,,False,
AP03A,1416148,,,-,-,5/21/2026,False,,False,
AP03A,1416149,,,-,-,5/21/2026,False,,False,
AP03A,1416150,,,-,-,5/21/2026,False,,False,
AP03A,1416151,,,-,-,5/21/2026,False,,False,
AP03A,1416152,,,-,-,5/21/2026,False,,False,
AP03A,1416153,,,-,-,5/21/2026,False,,False,
AP03A,1416154,,,-,-,5/21/2026,False,,False,
AP03A,1416155,,,-,-,5/21/2026,False,,False,
AP03A,1416155,U611-LHTOP,168,491032-2,-,5/20/2026,False,5/13/2026 9:06:54 AM,False,5/13/2026 9:06:54 AM
AP03A,1416155,U611-RHTOP,91,490962-2,-,5/20/2026,False,5/13/2026 3:02:16 AM,False,5/13/2026 3:02:16 AM
AP03A,1416156,,,-,-,5/21/2026,False,,False,
AP03A,1416157,,,-,-,5/21/2026,False,,False,
AP03A,1416158,,,-,-,5/21/2026,False,,False,
AP03A,1416159,,,-,-,5/21/2026,False,,False,
AP03A,1416160,,,-,-,5/21/2026,False,,False,
AP03A,1416161,,,-,-,5/21/2026,False,,False,
AP03A,1416162,,,-,-,5/21/2026,False,,False,
AP03A,1416163,,,-,-,5/21/2026,False,,False,
AP03A,1416164,,,-,-,5/21/2026,False,,False,
AP03A,1416165,,,-,-,5/21/2026,False,,False,
AP03A,1416166,,,-,-,5/21/2026,False,,False,
AP03A,1416167,,,-,-,5/21/2026,False,,False,
AP03A,1416168,,,-,-,5/21/2026,False,,False,
AP03A,1416168,U611-LHTOP,168,491032-3,-,5/20/2026,False,5/13/2026 9:06:54 AM,False,5/13/2026 9:06:54 AM
AP03A,1416168,U611-RHTOP,91,490962-3,-,5/20/2026,False,5/13/2026 3:02:17 AM,False,5/13/2026 3:02:17 AM
AP03A,1416169,,,-,-,5/21/2026,False,,False,
AP03A,1416170,,,-,-,5/21/2026,False,,False,
AP03A,1416171,,,-,-,5/21/2026,False,,False,
AP03A,1416172,,,-,-,5/21/2026,False,,False,
AP03A,1416173,,,-,-,5/21/2026,False,,False,
AP03A,1416174,,,-,-,5/21/2026,False,,False,
AP03A,1416175,,,-,-,5/21/2026,False,,False,
AP03A,1416176,,,-,-,5/21/2026,False,,False,
AP03A,1416177,,,-,-,5/21/2026,False,,False,
AP03A,1416178,,,-,-,5/21/2026,False,,False,
AP03A,1416179,,,-,-,5/21/2026,False,,False,
AP03A,1416180,,,-,-,5/21/2026,False,,False,
AP03A,1416181,,,-,-,5/21/2026,False,,False,
AP03A,1416181,U611-LHTOP,168,491032-4,-,5/20/2026,False,5/13/2026 9:06:55 AM,False,5/13/2026 9:06:55 AM
AP03A,1416181,U611-RHTOP,91,490962-4,-,5/20/2026,False,5/13/2026 3:02:17 AM,False,5/13/2026 3:02:17 AM
AP03A,1416182,,,-,-,5/21/2026,False,,False,
AP03A,1416183,,,-,-,5/21/2026,False,,False,
AP03A,1416184,,,-,-,5/21/2026,False,,False,
AP03A,1416185,,,-,-,5/21/2026,False,,False,
AP03A,1416186,,,-,-,5/21/2026,False,,False,
AP03A,1416187,,,-,-,5/21/2026,False,,False,
AP03A,1416188,,,-,-,5/21/2026,False,,False,
AP03A,1416189,,,-,-,5/21/2026,False,,False,
AP03A,1416190,,,-,-,5/21/2026,False,,False,
AP03A,1416191,,,-,-,5/21/2026,False,,False,
AP03A,1416192,,,-,-,5/21/2026,False,,False,
AP03A,1416193,,,-,-,5/21/2026,False,,False,
AP03A,1416194,,,-,-,5/21/2026,False,,False,
AP03A,1416195,,,-,-,5/21/2026,False,,False,
AP03A,1416196,,,-,-,5/21/2026,False,,False,
AP03A,1416197,,,-,-,5/21/2026,False,,False,
AP03A,1416198,,,-,-,5/21/2026,False,,False,
AP03A,1416199,,,-,-,5/21/2026,False,,False,
AP03A,1416200,,,-,-,5/21/2026,False,,False,
AP03A,1416201,,,-,-,5/21/2026,False,,False,
AP03A,1416202,,,-,-,5/21/2026,False,,False,
AP03A,1416203,,,-,-,5/21/2026,False,,False,
AP03A,1416204,,,-,-,5/21/2026,False,,False,
AP03A,1416205,,,-,-,5/21/2026,False,,False,
AP03A,1416206,,,-,-,5/21/2026,False,,False,
AP03A,1416206,U611-LHTOP,168,491032-5,-,5/20/2026,False,5/13/2026 9:06:55 AM,False,5/13/2026 9:06:55 AM
AP03A,1416206,U611-RHTOP,91,490962-5,-,5/20/2026,False,5/13/2026 3:02:17 AM,False,5/13/2026 3:02:17 AM
AP03A,1416207,,,-,-,5/21/2026,False,,False,
AP03A,1416208,,,-,-,5/21/2026,False,,False,
AP03A,1416209,,,-,-,5/21/2026,False,,False,
AP03A,1416210,,,-,-,5/21/2026,False,,False,
AP03A,1416211,,,-,-,5/21/2026,False,,False,
AP03A,1416212,,,-,-,5/21/2026,False,,False,
AP03A,1416213,,,-,-,5/21/2026,False,,False,
AP03A,1416214,,,-,-,5/21/2026,False,,False,
AP03A,1416215,,,-,-,5/21/2026,False,,False,
AP03A,1416216,,,-,-,5/21/2026,False,,False,
AP03A,1416217,,,-,-,5/21/2026,False,,False,
AP03A,1416218,,,-,-,5/21/2026,False,,False,
AP03A,1416219,,,-,-,5/21/2026,False,,False,
AP03A,1416219,U611-LHTOP,168,491032-6,-,5/20/2026,False,5/13/2026 9:34:13 AM,False,5/13/2026 9:34:13 AM
AP03A,1416219,U611-RHTOP,91,490962-6,-,5/20/2026,False,5/13/2026 3:02:17 AM,False,5/13/2026 3:02:17 AM
AP03A,1416220,,,-,-,5/21/2026,False,,False,
AP03A,1416221,,,-,-,5/21/2026,False,,False,
AP03A,1416222,,,-,-,5/21/2026,False,,False,
AP03A,1416223,,,-,-,5/21/2026,False,,False,
AP03A,1416224,,,-,-,5/21/2026,False,,False,
AP03A,1416225,,,-,-,5/21/2026,False,,False,
AP03A,1416226,,,-,-,5/21/2026,False,,False,
AP03A,1416227,,,-,-,5/21/2026,False,,False,
AP03A,1416228,,,-,-,5/21/2026,False,,False,
AP03A,1416229,,,-,-,5/21/2026,False,,False,
AP03A,1416230,,,-,-,5/21/2026,False,,False,
AP03A,1416231,,,-,-,5/21/2026,False,,False,
AP03A,1416232,,,-,-,5/21/2026,False,,False,
AP03A,1416232,U611-LHTOP,168,491032-7,-,5/20/2026,False,5/13/2026 9:34:14 AM,False,5/13/2026 9:34:14 AM
AP03A,1416232,U611-RHTOP,91,490962-7,-,5/20/2026,False,5/13/2026 3:02:18 AM,False,5/13/2026 3:02:18 AM
AP03A,1416233,,,-,-,5/21/2026,False,,False,
AP03A,1416234,,,-,-,5/21/2026,False,,False,
AP03A,1416235,,,-,-,5/21/2026,False,,False,
AP03A,1416236,,,-,-,5/21/2026,False,,False,
AP03A,1416237,,,-,-,5/21/2026,False,,False,
AP03A,1416238,,,-,-,5/21/2026,False,,False,
AP03A,1416239,,,-,-,5/21/2026,False,,False,
AP03A,1416240,,,-,-,5/21/2026,False,,False,
AP03A,1416241,,,-,-,5/21/2026,False,,False,
AP03A,1416242,,,-,-,5/21/2026,False,,False,
AP03A,1416243,,,-,-,5/21/2026,False,,False,
AP03A,1416244,,,-,-,5/21/2026,False,,False,
AP03A,1416245,,,-,-,5/21/2026,False,,False,
AP03A,1416245,U611-LHTOP,168,491032-8,-,5/21/2026,False,5/13/2026 9:34:14 AM,False,5/13/2026 9:34:14 AM
AP03A,1416245,U611-RHTOP,91,490962-8,-,5/21/2026,False,5/13/2026 3:02:19 AM,False,5/13/2026 3:02:19 AM
AP03A,1416246,,,-,-,5/21/2026,False,,False,
AP03A,1416247,,,-,-,5/21/2026,False,,False,
AP03A,1416248,,,-,-,5/21/2026,False,,False,
AP03A,1416249,,,-,-,5/21/2026,False,,False,
AP03A,1416250,,,-,-,5/21/2026,False,,False,
AP03A,1416251,,,-,-,5/21/2026,False,,False,
AP03A,1416252,,,-,-,5/21/2026,False,,False,
AP03A,1416253,,,-,-,5/21/2026,False,,False,
AP03A,1416254,,,-,-,5/21/2026,False,,False,
AP03A,1416255,,,-,-,5/21/2026,False,,False,
AP03A,1416256,,,-,-,5/21/2026,False,,False,
AP03A,1416257,,,-,-,5/21/2026,False,,False,
AP03A,1416258,,,-,-,5/21/2026,False,,False,
AP03A,1416258,U611-LHTOP,168,491032-9,-,5/21/2026,False,5/13/2026 9:34:14 AM,False,5/13/2026 9:34:14 AM
AP03A,1416258,U611-RHTOP,91,490962-9,-,5/21/2026,False,5/13/2026 3:02:19 AM,False,5/13/2026 3:02:19 AM
AP03A,1416259,,,-,-,5/21/2026,False,,False,
AP03A,1416260,,,-,-,5/21/2026,False,,False,
AP03A,1416261,,,-,-,5/21/2026,False,,False,
AP03A,1416262,,,-,-,5/21/2026,False,,False,
AP03A,1416263,,,-,-,5/21/2026,False,,False,
AP03A,1416264,,,-,-,5/21/2026,False,,False,
AP03A,1416265,,,-,-,5/21/2026,False,,False,
AP03A,1416266,,,-,-,5/21/2026,False,,False,
AP03A,1416267,,,-,-,5/21/2026,False,,False,
AP03A,1416268,,,-,-,5/21/2026,False,,False,
AP03A,1416269,,,-,-,5/21/2026,False,,False,
AP03A,1416270,,,-,-,5/21/2026,False,,False,
AP03A,1416270,U611-LHTOP,168,491032-10,-,5/21/2026,False,5/13/2026 9:34:15 AM,False,5/13/2026 9:34:15 AM
AP03A,1416270,U611-RHTOP,91,490962-10,-,5/21/2026,False,5/13/2026 3:02:19 AM,False,5/13/2026 3:02:19 AM
AP03A,1416271,,,-,-,5/21/2026,False,,False,
AP03A,1416272,,,-,-,5/21/2026,False,,False,
AP03A,1416273,,,-,-,5/21/2026,False,,False,
AP03A,1416274,,,-,-,5/21/2026,False,,False,
AP03A,1416275,,,-,-,5/21/2026,False,,False,
AP03A,1416276,,,-,-,5/21/2026,False,,False,
AP03A,1416277,,,-,-,5/21/2026,False,,False,
AP03A,1416278,,,-,-,5/21/2026,False,,False,
AP03A,1416279,,,-,-,5/21/2026,False,,False,
AP03A,1416280,,,-,-,5/21/2026,False,,False,
AP03A,1416281,,,-,-,5/21/2026,False,,False,
AP03A,1416282,,,-,-,5/21/2026,False,,False,
AP03A,1416283,,,-,-,5/21/2026,False,,False,
AP03A,1416283,U611-LHTOP,168,491032-11,-,5/21/2026,False,5/13/2026 9:34:15 AM,False,5/13/2026 9:34:15 AM
AP03A,1416283,U611-RHTOP,91,490962-11,-,5/21/2026,False,5/13/2026 3:02:19 AM,False,5/13/2026 3:02:19 AM
AP03A,1416284,,,-,-,5/21/2026,False,,False,
AP03A,1416285,,,-,-,5/21/2026,False,,False,
AP03A,1416286,,,-,-,5/21/2026,False,,False,
AP03A,1416287,,,-,-,5/21/2026,False,,False,
AP03A,1416288,,,-,-,5/21/2026,False,,False,
AP03A,1416289,,,-,-,5/21/2026,False,,False,
AP03A,1416290,,,-,-,5/21/2026,False,,False,
AP03A,1416291,,,-,-,5/21/2026,False,,False,
AP03A,1416292,,,-,-,5/21/2026,False,,False,
AP03A,1416293,,,-,-,5/21/2026,False,,False,
AP03A,1416294,,,-,-,5/21/2026,False,,False,
AP03A,1416295,,,-,-,5/21/2026,False,,False,
AP03A,1416296,,,-,-,5/21/2026,False,,False,
AP03A,1416296,U611-LHTOP,168,491032-12,-,5/21/2026,False,5/13/2026 9:34:15 AM,False,5/13/2026 9:34:15 AM
AP03A,1416296,U611-RHTOP,91,490962-12,-,5/21/2026,False,5/13/2026 3:02:20 AM,False,5/13/2026 3:02:20 AM
AP03A,1416297,,,-,-,5/21/2026,False,,False,
AP03A,1416298,,,-,-,5/21/2026,False,,False,
AP03A,1416299,,,-,-,5/21/2026,False,,False,
AP03A,1416300,,,-,-,5/21/2026,False,,False,
AP03A,1416301,,,-,-,5/21/2026,False,,False,
AP03A,1416302,,,-,-,5/21/2026,False,,False,
AP03A,1416303,,,-,-,5/21/2026,False,,False,
AP03A,1416304,,,-,-,5/21/2026,False,,False,
AP03A,1416305,,,-,-,5/21/2026,False,,False,
AP03A,1416306,,,-,-,5/21/2026,False,,False,
AP03A,1416307,,,-,-,5/21/2026,False,,False,
AP03A,1416308,,,-,-,5/21/2026,False,,False,
AP03A,1416309,,,-,-,5/21/2026,False,,False,
AP03A,1416309,U611-LHTOP,169,491041-1,-,5/21/2026,False,5/13/2026 9:34:16 AM,False,5/13/2026 9:34:16 AM
AP03A,1416309,U611-RHTOP,91,490962-13,-,5/21/2026,False,5/13/2026 3:02:21 AM,False,5/13/2026 3:02:21 AM
AP03A,1416310,,,-,-,5/21/2026,False,,False,
AP03A,1416311,,,-,-,5/21/2026,False,,False,
AP03A,1416312,,,-,-,5/21/2026,False,,False,
AP03A,1416313,,,-,-,5/21/2026,False,,False,
AP03A,1416314,,,-,-,5/21/2026,False,,False,
AP03A,1416315,,,-,-,5/21/2026,False,,False,
AP03A,1416316,,,-,-,5/21/2026,False,,False,
AP03A,1416317,,,-,-,5/21/2026,False,,False,
AP03A,1416318,,,-,-,5/21/2026,False,,False,
AP03A,1416319,,,-,-,5/21/2026,False,,False,
AP03A,1416320,,,-,-,5/21/2026,False,,False,
AP03A,1416321,,,-,-,5/21/2026,False,,False,
AP03A,1416322,,,-,-,5/21/2026,False,,False,
AP03A,1416322,U611-LHTOP,169,491041-2,-,5/21/2026,False,5/13/2026 9:34:16 AM,False,5/13/2026 9:34:16 AM
AP03A,1416322,U611-RHTOP,91,490962-14,-,5/21/2026,False,5/13/2026 3:02:21 AM,False,5/13/2026 3:02:21 AM
AP03A,1416323,,,-,-,5/21/2026,False,,False,
AP03A,1416324,,,-,-,5/21/2026,False,,False,
AP03A,1416325,,,-,-,5/21/2026,False,,False,
AP03A,1416326,,,-,-,5/21/2026,False,,False,
AP03A,1416327,,,-,-,5/21/2026,False,,False,
AP03A,1416328,,,-,-,5/21/2026,False,,False,
AP03A,1416329,,,-,-,5/21/2026,False,,False,
AP03A,1416330,,,-,-,5/21/2026,False,,False,
AP03A,1416331,,,-,-,5/21/2026,False,,False,
AP03A,1416332,,,-,-,5/21/2026,False,,False,
AP03A,1416333,,,-,-,5/21/2026,False,,False,
AP03A,1416334,,,-,-,5/21/2026,False,,False,
AP03A,1416334,U611-LHTOP,169,491041-3,-,5/21/2026,False,5/13/2026 9:34:17 AM,False,5/13/2026 9:34:17 AM
AP03A,1416334,U611-RHTOP,91,490962-15,-,5/21/2026,False,5/13/2026 3:02:21 AM,False,5/13/2026 3:02:21 AM
AP03A,1416335,,,-,-,5/21/2026,False,,False,
AP03A,1416336,,,-,-,5/21/2026,False,,False,
AP03A,1416337,,,-,-,5/21/2026,False,,False,
AP03A,1416338,,,-,-,5/21/2026,False,,False,
AP03A,1416339,,,-,-,5/21/2026,False,,False,
AP03A,1416340,,,-,-,5/21/2026,False,,False,
AP03A,1416341,,,-,-,5/21/2026,False,,False,
AP03A,1416342,,,-,-,5/21/2026,False,,False,
AP03A,1416343,,,-,-,5/21/2026,False,,False,
AP03A,1416344,,,-,-,5/21/2026,False,,False,
AP03A,1416345,,,-,-,5/21/2026,False,,False,
AP03A,1416346,,,-,-,5/21/2026,False,,False,
AP03A,1416347,,,-,-,5/21/2026,False,,False,
AP03A,1416347,U611-LHTOP,169,491041-4,-,5/21/2026,False,5/13/2026 9:34:17 AM,False,5/13/2026 9:34:17 AM
AP03A,1416347,U611-RHTOP,91,490962-16,-,5/21/2026,False,5/13/2026 3:02:22 AM,False,5/13/2026 3:02:22 AM
AP03A,1416348,,,-,-,5/21/2026,False,,False,
AP03A,1416349,,,-,-,5/21/2026,False,,False,
AP03A,1416350,,,-,-,5/21/2026,False,,False,
AP03A,1416351,,,-,-,5/21/2026,False,,False,
AP03A,1416352,,,-,-,5/21/2026,False,,False,
AP03A,1416353,,,-,-,5/21/2026,False,,False,
AP03A,1416354,,,-,-,5/21/2026,False,,False,
AP03A,1416355,,,-,-,5/21/2026,False,,False,
AP03A,1416356,,,-,-,5/21/2026,False,,False,
AP03A,1416357,,,-,-,5/21/2026,False,,False,
AP03A,1416358,,,-,-,5/21/2026,False,,False,
AP03A,1416359,,,-,-,5/21/2026,False,,False,
AP03A,1416360,,,-,-,5/21/2026,False,,False,
AP03A,1416360,U611-LHTOP,169,491041-5,-,5/21/2026,False,5/13/2026 9:34:18 AM,False,5/13/2026 9:34:18 AM
AP03A,1416360,U611-RHTOP,91,490962-17,-,5/21/2026,False,5/13/2026 3:02:22 AM,False,5/13/2026 3:02:22 AM
AP03A,1416361,,,-,-,5/21/2026,False,,False,
AP03A,1416362,,,-,-,5/21/2026,False,,False,
AP03A,1416363,,,-,-,5/21/2026,False,,False,
AP03A,1416364,,,-,-,5/21/2026,False,,False,
AP03A,1416365,,,-,-,5/21/2026,False,,False,
AP03A,1416366,,,-,-,5/21/2026,False,,False,
AP03A,1416367,,,-,-,5/21/2026,False,,False,
AP03A,1416368,,,-,-,5/21/2026,False,,False,
AP03A,1416369,,,-,-,5/21/2026,False,,False,
AP03A,1416370,,,-,-,5/21/2026,False,,False,
AP03A,1416371,,,-,-,5/21/2026,False,,False,
AP03A,1416372,,,-,-,5/21/2026,False,,False,
AP03A,1416373,,,-,-,5/21/2026,False,,False,
AP03A,1416373,U611-LHTOP,169,491041-6,-,5/21/2026,False,5/13/2026 9:56:45 AM,False,5/13/2026 9:56:45 AM
AP03A,1416373,U611-RHTOP,91,490962-18,-,5/21/2026,False,5/13/2026 6:06:26 AM,False,5/13/2026 6:06:26 AM
AP03A,1416374,,,-,-,5/21/2026,False,,False,
AP03A,1416375,,,-,-,5/21/2026,False,,False,
AP03A,1416376,,,-,-,5/21/2026,False,,False,
AP03A,1416377,,,-,-,5/21/2026,False,,False,
AP03A,1416378,,,-,-,5/21/2026,False,,False,
AP03A,1416379,,,-,-,5/21/2026,False,,False,
AP03A,1416380,,,-,-,5/21/2026,False,,False,
AP03A,1416381,,,-,-,5/21/2026,False,,False,
AP03A,1416382,,,-,-,5/21/2026,False,,False,
AP03A,1416383,,,-,-,5/21/2026,False,,False,
AP03A,1416384,,,-,-,5/21/2026,False,,False,
AP03A,1416385,,,-,-,5/21/2026,False,,False,
AP03A,1416386,,,-,-,5/21/2026,False,,False,
AP03A,1416386,U611-LHTOP,169,491041-7,-,5/21/2026,False,5/13/2026 9:56:45 AM,False,5/13/2026 9:56:45 AM
AP03A,1416386,U611-RHTOP,91,490962-19,-,5/21/2026,False,5/13/2026 6:06:26 AM,False,5/13/2026 6:06:26 AM
AP03A,1416387,,,-,-,5/21/2026,False,,False,
AP03A,1416388,,,-,-,5/21/2026,False,,False,
AP03A,1416389,,,-,-,5/21/2026,False,,False,
AP03A,1416390,,,-,-,5/21/2026,False,,False,
AP03A,1416391,,,-,-,5/21/2026,False,,False,
AP03A,1416392,,,-,-,5/21/2026,False,,False,
AP03A,1416393,,,-,-,5/21/2026,False,,False,
AP03A,1416394,,,-,-,5/21/2026,False,,False,
AP03A,1416395,,,-,-,5/21/2026,False,,False,
AP03A,1416396,,,-,-,5/21/2026,False,,False,
AP03A,1416397,,,-,-,5/21/2026,False,,False,
AP03A,1416398,,,-,-,5/21/2026,False,,False,
AP03A,1416398,U611-LHTOP,169,491041-8,-,5/21/2026,False,5/13/2026 9:56:46 AM,False,5/13/2026 9:56:46 AM
AP03A,1416398,U611-RHTOP,91,490962-20,-,5/21/2026,False,5/13/2026 6:06:26 AM,False,5/13/2026 6:06:26 AM
AP03A,1416399,,,-,-,5/21/2026,False,,False,
AP03A,1416400,,,-,-,5/21/2026,False,,False,
AP03A,1416401,,,-,-,5/21/2026,False,,False,
AP03A,1416402,,,-,-,5/21/2026,False,,False,
AP03A,1416403,,,-,-,5/21/2026,False,,False,
AP03A,1416404,,,-,-,5/21/2026,False,,False,
AP03A,1416405,,,-,-,5/21/2026,False,,False,
AP03A,1416406,,,-,-,5/21/2026,False,,False,
AP03A,1416407,,,-,-,5/21/2026,False,,False,
AP03A,1416408,,,-,-,5/21/2026,False,,False,
AP03A,1416409,,,-,-,5/21/2026,False,,False,
AP03A,1416410,,,-,-,5/21/2026,False,,False,
AP03A,1416411,,,-,-,5/21/2026,False,,False,
AP03A,1416411,U611-LHTOP,169,491041-9,-,5/21/2026,False,5/13/2026 9:56:46 AM,False,5/13/2026 9:56:46 AM
AP03A,1416411,U611-RHTOP,91,490962-21,-,5/21/2026,False,5/13/2026 6:06:26 AM,False,5/13/2026 6:06:26 AM
AP03A,1416412,,,-,-,5/21/2026,False,,False,
AP03A,1416413,,,-,-,5/21/2026,False,,False,
AP03A,1416414,,,-,-,5/21/2026,False,,False,
AP03A,1416415,,,-,-,5/21/2026,False,,False,
AP03A,1416416,,,-,-,5/21/2026,False,,False,
AP03A,1416417,,,-,-,5/21/2026,False,,False,
AP03A,1416418,,,-,-,5/21/2026,False,,False,
AP03A,1416419,,,-,-,5/21/2026,False,,False,
AP03A,1416420,,,-,-,5/21/2026,False,,False,
AP03A,1416421,,,-,-,5/21/2026,False,,False,
AP03A,1416422,,,-,-,5/21/2026,False,,False,
AP03A,1416423,,,-,-,5/21/2026,False,,False,
AP03A,1416424,,,-,-,5/21/2026,False,,False,
AP03A,1416424,U611-LHTOP,169,491041-10,-,5/21/2026,False,5/13/2026 9:56:47 AM,False,5/13/2026 9:56:47 AM
AP03A,1416424,U611-RHTOP,91,490962-22,-,5/21/2026,False,5/13/2026 6:06:26 AM,False,5/13/2026 6:06:26 AM
AP03A,1416425,,,-,-,5/21/2026,False,,False,
AP03A,1416426,,,-,-,5/21/2026,False,,False,
AP03A,1416427,,,-,-,5/21/2026,False,,False,
AP03A,1416428,,,-,-,5/21/2026,False,,False,
AP03A,1416429,,,-,-,5/21/2026,False,,False,
AP03A,1416430,,,-,-,5/21/2026,False,,False,
AP03A,1416431,,,-,-,5/21/2026,False,,False,
AP03A,1416432,,,-,-,5/21/2026,False,,False,
AP03A,1416433,,,-,-,5/21/2026,False,,False,
AP03A,1416434,,,-,-,5/21/2026,False,,False,
AP03A,1416435,,,-,-,5/21/2026,False,,False,
AP03A,1416436,,,-,-,5/21/2026,False,,False,
AP03A,1416437,,,-,-,5/21/2026,False,,False,
AP03A,1416437,U611-LHTOP,169,491041-11,-,5/21/2026,False,5/13/2026 9:56:47 AM,False,5/13/2026 9:56:47 AM
AP03A,1416437,U611-RHTOP,91,490962-23,-,5/21/2026,False,5/13/2026 6:06:26 AM,False,5/13/2026 6:06:26 AM
AP03A,1416438,,,-,-,5/21/2026,False,,False,
AP03A,1416439,,,-,-,5/21/2026,False,,False,
AP03A,1416440,,,-,-,5/21/2026,False,,False,
AP03A,1416441,,,-,-,5/21/2026,False,,False,
AP03A,1416442,,,-,-,5/21/2026,False,,False,
AP03A,1416443,,,-,-,5/21/2026,False,,False,
AP03A,1416444,,,-,-,5/21/2026,False,,False,
AP03A,1416445,,,-,-,5/21/2026,False,,False,
AP03A,1416446,,,-,-,5/21/2026,False,,False,
AP03A,1416447,,,-,-,5/21/2026,False,,False,
AP03A,1416448,,,-,-,5/21/2026,False,,False,
AP03A,1416449,,,-,-,5/21/2026,False,,False,
AP03A,1416450,,,-,-,5/21/2026,False,,False,
AP03A,1416450,U611-LHTOP,169,491041-12,-,5/21/2026,False,5/13/2026 9:56:47 AM,False,5/13/2026 9:56:47 AM
AP03A,1416450,U611-RHTOP,91,490962-24,-,5/21/2026,False,5/13/2026 6:06:27 AM,False,5/13/2026 6:06:26 AM
AP03A,1416451,,,-,-,5/21/2026,False,,False,
AP03A,1416452,,,-,-,5/21/2026,False,,False,
AP03A,1416453,,,-,-,5/21/2026,False,,False,
AP03A,1416454,,,-,-,5/21/2026,False,,False,
AP03A,1416455,,,-,-,5/21/2026,False,,False,
AP03A,1416456,,,-,-,5/21/2026,False,,False,
AP03A,1416457,,,-,-,5/21/2026,False,,False,
AP03A,1416458,,,-,-,5/21/2026,False,,False,
AP03A,1416459,,,-,-,5/21/2026,False,,False,
AP03A,1416460,,,-,-,5/21/2026,False,,False,
AP03A,1416461,,,-,-,5/21/2026,False,,False,
AP03A,1416462,,,-,-,5/21/2026,False,,False,
AP03A,1416462,U611-LHTOP,170,491048-1,-,5/21/2026,False,5/13/2026 9:56:48 AM,False,5/13/2026 9:56:48 AM
AP03A,1416462,U611-RHTOP,92,490986-1,-,5/21/2026,False,5/13/2026 6:06:30 AM,False,5/13/2026 6:06:30 AM
AP03A,1416463,,,-,-,5/21/2026,False,,False,
AP03A,1416464,,,-,-,5/21/2026,False,,False,
AP03A,1416465,,,-,-,5/21/2026,False,,False,
AP03A,1416466,,,-,-,5/21/2026,False,,False,
AP03A,1416467,,,-,-,5/21/2026,False,,False,
AP03A,1416468,,,-,-,5/21/2026,False,,False,
AP03A,1416469,,,-,-,5/21/2026,False,,False,
AP03A,1416470,,,-,-,5/21/2026,False,,False,
AP03A,1416471,,,-,-,5/21/2026,False,,False,
AP03A,1416472,,,-,-,5/21/2026,False,,False,
AP03A,1416473,,,-,-,5/21/2026,False,,False,
AP03A,1416474,,,-,-,5/21/2026,False,,False,
AP03A,1416475,,,-,-,5/21/2026,False,,False,
AP03A,1416475,U611-LHTOP,170,491048-2,-,5/21/2026,False,5/13/2026 9:56:48 AM,False,5/13/2026 9:56:48 AM
AP03A,1416475,U611-RHTOP,92,490986-2,-,5/21/2026,False,5/13/2026 6:06:30 AM,False,5/13/2026 6:06:30 AM
AP03A,1416476,,,-,-,5/21/2026,False,,False,
AP03A,1416477,,,-,-,5/21/2026,False,,False,
AP03A,1416478,,,-,-,5/21/2026,False,,False,
AP03A,1416479,,,-,-,5/21/2026,False,,False,
AP03A,1416480,,,-,-,5/21/2026,False,,False,
AP03A,1416481,,,-,-,5/21/2026,False,,False,
AP03A,1416482,,,-,-,5/21/2026,False,,False,
AP03A,1416483,,,-,-,5/21/2026,False,,False,
AP03A,1416484,,,-,-,5/21/2026,False,,False,
AP03A,1416485,,,-,-,5/21/2026,False,,False,
AP03A,1416486,,,-,-,5/21/2026,False,,False,
AP03A,1416487,,,-,-,5/21/2026,False,,False,
AP03A,1416488,,,-,-,5/21/2026,False,,False,
AP03A,1416488,U611-LHTOP,170,491048-3,-,5/21/2026,False,5/13/2026 9:56:49 AM,False,5/13/2026 9:56:49 AM
AP03A,1416488,U611-RHTOP,92,490986-3,-,5/21/2026,False,5/13/2026 6:06:30 AM,False,5/13/2026 6:06:30 AM
AP03A,1416489,,,-,-,5/21/2026,False,,False,
AP03A,1416490,,,-,-,5/21/2026,False,,False,
AP03A,1416491,,,-,-,5/21/2026,False,,False,
AP03A,1416492,,,-,-,5/21/2026,False,,False,
AP03A,1416493,,,-,-,5/21/2026,False,,False,
AP03A,1416494,,,-,-,5/21/2026,False,,False,
AP03A,1416495,,,-,-,5/21/2026,False,,False,
AP03A,1416496,,,-,-,5/21/2026,False,,False,
AP03A,1416497,,,-,-,5/21/2026,False,,False,
AP03A,1416498,,,-,-,5/21/2026,False,,False,
AP03A,1416499,,,-,-,5/21/2026,False,,False,
AP03A,1416500,,,-,-,5/21/2026,False,,False,
AP03A,1416501,,,-,-,5/21/2026,False,,False,
AP03A,1416501,U611-LHTOP,170,491048-4,-,5/21/2026,False,5/13/2026 9:56:49 AM,False,5/13/2026 9:56:49 AM
AP03A,1416501,U611-RHTOP,92,490986-4,-,5/21/2026,False,5/13/2026 6:06:31 AM,False,5/13/2026 6:06:31 AM
AP03A,1416502,,,-,-,5/21/2026,False,,False,
AP03A,1416503,,,-,-,5/21/2026,False,,False,
AP03A,1416504,,,-,-,5/21/2026,False,,False,
AP03A,1416505,,,-,-,5/21/2026,False,,False,
AP03A,1416506,,,-,-,5/21/2026,False,,False,
AP03A,1416507,,,-,-,5/21/2026,False,,False,
AP03A,1416508,,,-,-,5/21/2026,False,,False,
AP03A,1416509,,,-,-,5/21/2026,False,,False,
AP03A,1416510,,,-,-,5/21/2026,False,,False,
AP03A,1416511,,,-,-,5/21/2026,False,,False,
AP03A,1416512,,,-,-,5/21/2026,False,,False,
AP03A,1416513,,,-,-,5/21/2026,False,,False,
AP03A,1416514,,,-,-,5/21/2026,False,,False,
AP03A,1416514,U611-LHTOP,170,491048-5,-,5/21/2026,False,5/13/2026 9:56:49 AM,False,5/13/2026 9:56:49 AM
AP03A,1416514,U611-RHTOP,92,490986-5,-,5/21/2026,False,5/13/2026 6:06:31 AM,False,5/13/2026 6:06:31 AM
AP03A,1416515,,,-,-,5/21/2026,False,,False,
AP03A,1416516,,,-,-,5/21/2026,False,,False,
AP03A,1416517,,,-,-,5/21/2026,False,,False,
AP03A,1416518,,,-,-,5/21/2026,False,,False,
AP03A,1416519,,,-,-,5/21/2026,False,,False,
AP03A,1416520,,,-,-,5/21/2026,False,,False,
AP03A,1416521,,,-,-,5/21/2026,False,,False,
AP03A,1416522,,,-,-,5/21/2026,False,,False,
AP03A,1416523,,,-,-,5/21/2026,False,,False,
AP03A,1416524,,,-,-,5/21/2026,False,,False,
AP03A,1416525,,,-,-,5/21/2026,False,,False,
AP03A,1416526,,,-,-,5/21/2026,False,,False,
AP03A,1416526,U611-LHTOP,170,491048-6,-,5/21/2026,False,5/13/2026 10:18:12 AM,False,5/13/2026 10:18:12 AM
AP03A,1416526,U611-RHTOP,92,490986-6,-,5/21/2026,False,5/13/2026 6:06:31 AM,False,5/13/2026 6:06:31 AM
AP03A,1416527,,,-,-,5/21/2026,False,,False,
AP03A,1416528,,,-,-,5/21/2026,False,,False,
AP03A,1416529,,,-,-,5/21/2026,False,,False,
AP03A,1416530,,,-,-,5/21/2026,False,,False,
AP03A,1416531,,,-,-,5/21/2026,False,,False,
AP03A,1416532,,,-,-,5/21/2026,False,,False,
AP03A,1416533,,,-,-,5/21/2026,False,,False,
AP03A,1416534,,,-,-,5/21/2026,False,,False,
AP03A,1416535,,,-,-,5/21/2026,False,,False,
AP03A,1416536,,,-,-,5/21/2026,False,,False,
AP03A,1416537,,,-,-,5/21/2026,False,,False,
AP03A,1416538,,,-,-,5/21/2026,False,,False,
AP03A,1416539,,,-,-,5/21/2026,False,,False,
AP03A,1416539,U611-LHTOP,170,491048-7,-,5/21/2026,False,5/13/2026 10:18:12 AM,False,5/13/2026 10:18:12 AM
AP03A,1416539,U611-RHTOP,92,490986-7,-,5/21/2026,False,5/13/2026 6:06:31 AM,False,5/13/2026 6:06:31 AM
AP03A,1416540,,,-,-,5/21/2026,False,,False,
AP03A,1416541,,,-,-,5/21/2026,False,,False,
AP03A,1416542,,,-,-,5/21/2026,False,,False,
AP03A,1416543,,,-,-,5/21/2026,False,,False,
AP03A,1416544,,,-,-,5/21/2026,False,,False,
AP03A,1416545,,,-,-,5/21/2026,False,,False,
AP03A,1416546,,,-,-,5/21/2026,False,,False,
AP03A,1416547,,,-,-,5/21/2026,False,,False,
AP03A,1416548,,,-,-,5/21/2026,False,,False,
AP03A,1416549,,,-,-,5/21/2026,False,,False,
AP03A,1416550,,,-,-,5/21/2026,False,,False,
AP03A,1416551,,,-,-,5/21/2026,False,,False,
AP03A,1416552,,,-,-,5/21/2026,False,,False,
AP03A,1416552,U611-LHTOP,170,491048-8,-,5/21/2026,False,5/13/2026 10:18:12 AM,False,5/13/2026 10:18:12 AM
AP03A,1416552,U611-RHTOP,92,490986-8,-,5/21/2026,False,5/13/2026 6:06:32 AM,False,5/13/2026 6:06:32 AM
AP03A,1416553,,,-,-,5/21/2026,False,,False,
AP03A,1416554,,,-,-,5/21/2026,False,,False,
AP03A,1416555,,,-,-,5/21/2026,False,,False,
AP03A,1416556,,,-,-,5/21/2026,False,,False,
AP03A,1416557,,,-,-,5/21/2026,False,,False,
AP03A,1416558,,,-,-,5/21/2026,False,,False,
AP03A,1416559,,,-,-,5/21/2026,False,,False,
AP03A,1416560,,,-,-,5/21/2026,False,,False,
AP03A,1416561,,,-,-,5/21/2026,False,,False,
AP03A,1416562,,,-,-,5/21/2026,False,,False,
AP03A,1416563,,,-,-,5/21/2026,False,,False,
AP03A,1416564,,,-,-,5/21/2026,False,,False,
AP03A,1416565,,,-,-,5/21/2026,False,,False,
AP03A,1416565,U611-LHTOP,170,491048-9,-,5/21/2026,False,5/13/2026 10:18:12 AM,False,5/13/2026 10:18:12 AM
AP03A,1416565,U611-RHTOP,92,490986-9,-,5/21/2026,False,5/13/2026 6:06:32 AM,False,5/13/2026 6:06:32 AM
AP03A,1416566,,,-,-,5/21/2026,False,,False,
AP03A,1416567,,,-,-,5/21/2026,False,,False,
AP03A,1416568,,,-,-,5/21/2026,False,,False,
AP03A,1416569,,,-,-,5/21/2026,False,,False,
AP03A,1416570,,,-,-,5/21/2026,False,,False,
AP03A,1416571,,,-,-,5/21/2026,False,,False,
AP03A,1416572,,,-,-,5/21/2026,False,,False,
AP03A,1416573,,,-,-,5/21/2026,False,,False,
AP03A,1416574,,,-,-,5/21/2026,False,,False,
AP03A,1416575,,,-,-,5/21/2026,False,,False,
AP03A,1416576,,,-,-,5/21/2026,False,,False,
AP03A,1416577,,,-,-,5/21/2026,False,,False,
AP03A,1416578,,,-,-,5/21/2026,False,,False,
AP03A,1416578,U611-LHTOP,170,491048-10,-,5/21/2026,False,5/13/2026 10:18:12 AM,False,5/13/2026 10:18:12 AM
AP03A,1416578,U611-RHTOP,92,490986-10,-,5/21/2026,False,5/13/2026 6:06:33 AM,False,5/13/2026 6:06:33 AM
AP03A,1416579,,,-,-,5/21/2026,False,,False,
AP03A,1416580,,,-,-,5/21/2026,False,,False,
AP03A,1416581,,,-,-,5/21/2026,False,,False,
AP03A,1416582,,,-,-,5/21/2026,False,,False,
AP03A,1416583,,,-,-,5/21/2026,False,,False,
AP03A,1416584,,,-,-,5/21/2026,False,,False,
AP03A,1416585,,,-,-,5/21/2026,False,,False,
AP03A,1416586,,,-,-,5/21/2026,False,,False,
AP03A,1416587,,,-,-,5/21/2026,False,,False,
AP03A,1416588,,,-,-,5/21/2026,False,,False,
AP03A,1416589,,,-,-,5/21/2026,False,,False,
AP03A,1416590,,,-,-,5/21/2026,False,,False,
AP03A,1416590,U611-LHTOP,170,491048-11,-,5/21/2026,False,5/13/2026 10:18:13 AM,False,5/13/2026 10:18:13 AM
AP03A,1416590,U611-RHTOP,92,490986-11,-,5/21/2026,False,5/13/2026 6:06:33 AM,False,5/13/2026 6:06:33 AM
AP03A,1416591,,,-,-,5/21/2026,False,,False,
AP03A,1416592,,,-,-,5/21/2026,False,,False,
AP03A,1416593,,,-,-,5/21/2026,False,,False,
AP03A,1416594,,,-,-,5/21/2026,False,,False,
AP03A,1416595,,,-,-,5/21/2026,False,,False,
AP03A,1416596,,,-,-,5/21/2026,False,,False,
AP03A,1416597,,,-,-,5/21/2026,False,,False,
AP03A,1416598,,,-,-,5/21/2026,False,,False,
AP03A,1416599,,,-,-,5/21/2026,False,,False,
AP03A,1416600,,,-,-,5/21/2026,False,,False,
AP03A,1416601,,,-,-,5/21/2026,False,,False,
AP03A,1416602,,,-,-,5/21/2026,False,,False,
AP03A,1416603,,,-,-,5/21/2026,False,,False,
AP03A,1416603,U611-LHTOP,170,491048-12,-,5/21/2026,False,5/13/2026 10:18:13 AM,False,5/13/2026 10:18:13 AM
AP03A,1416603,U611-RHTOP,92,490986-12,-,5/21/2026,False,5/13/2026 6:06:33 AM,False,5/13/2026 6:06:33 AM
AP03A,1416604,,,-,-,5/21/2026,False,,False,
AP03A,1416605,,,-,-,5/21/2026,False,,False,
AP03A,1416606,,,-,-,5/21/2026,False,,False,
AP03A,1416607,,,-,-,5/21/2026,False,,False,
AP03A,1416608,,,-,-,5/21/2026,False,,False,
AP03A,1416609,,,-,-,5/21/2026,False,,False,
AP03A,1416610,,,-,-,5/21/2026,False,,False,
AP03A,1416611,,,-,-,5/21/2026,False,,False,
AP03A,1416612,,,-,-,5/21/2026,False,,False,
AP03A,1416613,,,-,-,5/21/2026,False,,False,
AP03A,1416614,,,-,-,5/21/2026,False,,False,
AP03A,1416615,,,-,-,5/21/2026,False,,False,
AP03A,1416616,,,-,-,5/21/2026,False,,False,
AP03A,1416616,U611-LHTOP,171,491054-1,-,5/21/2026,False,5/13/2026 10:18:14 AM,False,5/13/2026 10:18:14 AM
AP03A,1416616,U611-RHTOP,92,490986-13,-,5/21/2026,False,5/13/2026 6:06:33 AM,False,5/13/2026 6:06:33 AM
AP03A,1416617,,,-,-,5/21/2026,False,,False,
AP03A,1416618,,,-,-,5/21/2026,False,,False,
AP03A,1416619,,,-,-,5/21/2026,False,,False,
AP03A,1416620,,,-,-,5/21/2026,False,,False,
AP03A,1416621,,,-,-,5/21/2026,False,,False,
AP03A,1416622,,,-,-,5/21/2026,False,,False,
AP03A,1416623,,,-,-,5/21/2026,False,,False,
AP03A,1416624,,,-,-,5/21/2026,False,,False,
AP03A,1416625,,,-,-,5/21/2026,False,,False,
AP03A,1416626,,,-,-,5/21/2026,False,,False,
AP03A,1416627,,,-,-,5/21/2026,False,,False,
AP03A,1416628,,,-,-,5/21/2026,False,,False,
AP03A,1416629,,,-,-,5/21/2026,False,,False,
AP03A,1416629,U611-LHTOP,171,491054-2,-,5/21/2026,False,5/13/2026 10:18:15 AM,False,5/13/2026 10:18:15 AM
AP03A,1416629,U611-RHTOP,92,490986-14,-,5/21/2026,False,5/13/2026 6:06:34 AM,False,5/13/2026 6:06:34 AM
AP03A,1416630,,,-,-,5/21/2026,False,,False,
AP03A,1416631,,,-,-,5/21/2026,False,,False,
AP03A,1416632,,,-,-,5/21/2026,False,,False,
AP03A,1416633,,,-,-,5/21/2026,False,,False,
AP03A,1416634,,,-,-,5/21/2026,False,,False,
AP03A,1416635,,,-,-,5/21/2026,False,,False,
AP03A,1416636,,,-,-,5/21/2026,False,,False,
AP03A,1416637,,,-,-,5/21/2026,False,,False,
AP03A,1416638,,,-,-,5/21/2026,False,,False,
AP03A,1416639,,,-,-,5/21/2026,False,,False,
AP03A,1416640,,,-,-,5/21/2026,False,,False,
AP03A,1416641,,,-,-,5/21/2026,False,,False,
AP03A,1416642,,,-,-,5/21/2026,False,,False,
AP03A,1416642,U611-LHTOP,171,491054-3,-,5/21/2026,False,5/13/2026 10:18:15 AM,False,5/13/2026 10:18:15 AM
AP03A,1416642,U611-RHTOP,92,490986-15,-,5/21/2026,False,5/13/2026 6:06:34 AM,False,5/13/2026 6:06:34 AM
AP03A,1416643,,,-,-,5/21/2026,False,,False,
AP03A,1416644,,,-,-,5/21/2026,False,,False,
AP03A,1416645,,,-,-,5/21/2026,False,,False,
AP03A,1416646,,,-,-,5/21/2026,False,,False,
AP03A,1416647,,,-,-,5/21/2026,False,,False,
AP03A,1416648,,,-,-,5/21/2026,False,,False,
AP03A,1416649,,,-,-,5/21/2026,False,,False,
AP03A,1416650,,,-,-,5/21/2026,False,,False,
AP03A,1416651,,,-,-,5/21/2026,False,,False,
AP03A,1416652,,,-,-,5/21/2026,False,,False,
AP03A,1416653,,,-,-,5/21/2026,False,,False,
AP03A,1416654,,,-,-,5/21/2026,False,,False,
AP03A,1416654,U611-LHTOP,171,491054-4,-,5/21/2026,False,5/13/2026 10:18:15 AM,False,5/13/2026 10:18:15 AM
AP03A,1416654,U611-RHTOP,92,490986-16,-,5/21/2026,False,5/13/2026 6:06:34 AM,False,5/13/2026 6:06:34 AM
AP03A,1416655,,,-,-,5/21/2026,False,,False,
AP03A,1416656,,,-,-,5/21/2026,False,,False,
AP03A,1416657,,,-,-,5/21/2026,False,,False,
AP03A,1416658,,,-,-,5/21/2026,False,,False,
AP03A,1416659,,,-,-,5/21/2026,False,,False,
AP03A,1416660,,,-,-,5/21/2026,False,,False,
AP03A,1416661,,,-,-,5/21/2026,False,,False,
AP03A,1416662,,,-,-,5/21/2026,False,,False,
AP03A,1416663,,,-,-,5/21/2026,False,,False,
AP03A,1416664,,,-,-,5/21/2026,False,,False,
AP03A,1416665,,,-,-,5/21/2026,False,,False,
AP03A,1416666,,,-,-,5/21/2026,False,,False,
AP03A,1416667,,,-,-,5/21/2026,False,,False,
AP03A,1416667,U611-LHTOP,171,491054-5,-,5/21/2026,False,5/13/2026 10:18:16 AM,False,5/13/2026 10:18:16 AM
AP03A,1416667,U611-RHTOP,92,490986-17,-,5/21/2026,False,5/13/2026 6:06:34 AM,False,5/13/2026 6:06:34 AM
AP03A,1416668,,,-,-,5/21/2026,False,,False,
AP03A,1416669,,,-,-,5/21/2026,False,,False,
AP03A,1416670,,,-,-,5/21/2026,False,,False,
AP03A,1416671,,,-,-,5/21/2026,False,,False,
AP03A,1416672,,,-,-,5/21/2026,False,,False,
AP03A,1416673,,,-,-,5/21/2026,False,,False,
AP03A,1416674,,,-,-,5/21/2026,False,,False,
AP03A,1416675,,,-,-,5/21/2026,False,,False,
AP03A,1416676,,,-,-,5/21/2026,False,,False,
AP03A,1416677,,,-,-,5/21/2026,False,,False,
AP03A,1416678,,,-,-,5/21/2026,False,,False,
AP03A,1416679,,,-,-,5/21/2026,False,,False,
AP03A,1416680,,,-,-,5/21/2026,False,,False,
AP03A,1416680,U611-LHTOP,171,491054-6,-,5/21/2026,False,5/13/2026 10:38:49 AM,False,5/13/2026 10:38:49 AM
AP03A,1416680,U611-RHTOP,92,490986-18,-,5/21/2026,False,5/13/2026 8:15:09 AM,False,5/13/2026 8:15:09 AM
AP03A,1416681,,,-,-,5/21/2026,False,,False,
AP03A,1416682,,,-,-,5/21/2026,False,,False,
AP03A,1416683,,,-,-,5/21/2026,False,,False,
AP03A,1416684,,,-,-,5/21/2026,False,,False,
AP03A,1416685,,,-,-,5/21/2026,False,,False,
AP03A,1416686,,,-,-,5/21/2026,False,,False,
AP03A,1416687,,,-,-,5/21/2026,False,,False,
AP03A,1416688,,,-,-,5/21/2026,False,,False,
AP03A,1416689,,,-,-,5/21/2026,False,,False,
AP03A,1416690,,,-,-,5/21/2026,False,,False,
AP03A,1416691,,,-,-,5/21/2026,False,,False,
AP03A,1416692,,,-,-,5/21/2026,False,,False,
AP03A,1416693,,,-,-,5/21/2026,False,,False,
AP03A,1416693,U611-LHTOP,171,491054-7,-,5/21/2026,False,5/13/2026 10:38:49 AM,False,5/13/2026 10:38:49 AM
AP03A,1416693,U611-RHTOP,92,490986-19,-,5/21/2026,False,5/13/2026 8:15:09 AM,False,5/13/2026 8:15:09 AM
AP03A,1416694,,,-,-,5/21/2026,False,,False,
AP03A,1416695,,,-,-,5/21/2026,False,,False,
AP03A,1416696,,,-,-,5/21/2026,False,,False,
AP03A,1416697,,,-,-,5/21/2026,False,,False,
AP03A,1416698,,,-,-,5/21/2026,False,,False,
AP03A,1416699,,,-,-,5/21/2026,False,,False,
AP03A,1416700,,,-,-,5/21/2026,False,,False,
AP03A,1416701,,,-,-,5/21/2026,False,,False,
AP03A,1416702,,,-,-,5/21/2026,False,,False,
AP03A,1416703,,,-,-,5/21/2026,False,,False,
AP03A,1416704,,,-,-,5/21/2026,False,,False,
AP03A,1416705,,,-,-,5/21/2026,False,,False,
AP03A,1416706,,,-,-,5/21/2026,False,,False,
AP03A,1416706,U611-LHTOP,171,491054-8,-,5/21/2026,False,5/13/2026 10:38:49 AM,False,5/13/2026 10:38:49 AM
AP03A,1416706,U611-RHTOP,92,490986-20,-,5/21/2026,False,5/13/2026 8:15:09 AM,False,5/13/2026 8:15:09 AM
AP03A,1416707,,,-,-,5/21/2026,False,,False,
AP03A,1416708,,,-,-,5/21/2026,False,,False,
AP03A,1416709,,,-,-,5/21/2026,False,,False,
AP03A,1416710,,,-,-,5/21/2026,False,,False,
AP03A,1416711,,,-,-,5/21/2026,False,,False,
AP03A,1416712,,,-,-,5/21/2026,False,,False,
AP03A,1416713,,,-,-,5/21/2026,False,,False,
AP03A,1416714,,,-,-,5/21/2026,False,,False,
AP03A,1416715,,,-,-,5/21/2026,False,,False,
AP03A,1416716,,,-,-,5/21/2026,False,,False,
AP03A,1416717,,,-,-,5/21/2026,False,,False,
AP03A,1416718,,,-,-,5/21/2026,False,,False,
AP03A,1416718,U611-LHTOP,171,491054-9,-,5/21/2026,False,5/13/2026 10:38:50 AM,False,5/13/2026 10:38:50 AM
AP03A,1416718,U611-RHTOP,92,490986-21,-,5/21/2026,False,5/13/2026 8:15:09 AM,False,5/13/2026 8:15:09 AM
AP03A,1416719,,,-,-,5/21/2026,False,,False,
AP03A,1416720,,,-,-,5/21/2026,False,,False,
AP03A,1416721,,,-,-,5/21/2026,False,,False,
AP03A,1416722,,,-,-,5/21/2026,False,,False,
AP03A,1416723,,,-,-,5/21/2026,False,,False,
AP03A,1416724,,,-,-,5/21/2026,False,,False,
AP03A,1416725,,,-,-,5/21/2026,False,,False,
AP03A,1416726,,,-,-,5/21/2026,False,,False,
AP03A,1416727,,,-,-,5/21/2026,False,,False,
AP03A,1416728,,,-,-,5/21/2026,False,,False,
AP03A,1416729,,,-,-,5/21/2026,False,,False,
AP03A,1416730,,,-,-,5/21/2026,False,,False,
AP03A,1416731,,,-,-,5/21/2026,False,,False,
AP03A,1416731,U611-LHTOP,171,491054-10,-,5/21/2026,False,5/13/2026 10:38:50 AM,False,5/13/2026 10:38:50 AM
AP03A,1416731,U611-RHTOP,92,490986-22,-,5/21/2026,False,5/13/2026 8:15:09 AM,False,5/13/2026 8:15:09 AM
AP03A,1416732,,,-,-,5/21/2026,False,,False,
AP03A,1416733,,,-,-,5/21/2026,False,,False,
AP03A,1416734,,,-,-,5/21/2026,False,,False,
AP03A,1416735,,,-,-,5/21/2026,False,,False,
AP03A,1416736,,,-,-,5/21/2026,False,,False,
AP03A,1416737,,,-,-,5/21/2026,False,,False,
AP03A,1416738,,,-,-,5/21/2026,False,,False,
AP03A,1416739,,,-,-,5/21/2026,False,,False,
AP03A,1416740,,,-,-,5/21/2026,False,,False,
AP03A,1416741,,,-,-,5/21/2026,False,,False,
AP03A,1416742,,,-,-,5/21/2026,False,,False,
AP03A,1416743,,,-,-,5/21/2026,False,,False,
AP03A,1416744,,,-,-,5/21/2026,False,,False,
AP03A,1416744,U611-LHTOP,171,491054-11,-,5/21/2026,False,5/13/2026 10:38:50 AM,False,5/13/2026 10:38:50 AM
AP03A,1416744,U611-RHTOP,92,490986-23,-,5/21/2026,False,5/13/2026 8:15:10 AM,False,5/13/2026 8:15:10 AM
AP03A,1416745,,,-,-,5/21/2026,False,,False,
AP03A,1416746,,,-,-,5/21/2026,False,,False,
AP03A,1416747,,,-,-,5/21/2026,False,,False,
AP03A,1416748,,,-,-,5/21/2026,False,,False,
AP03A,1416749,,,-,-,5/21/2026,False,,False,
AP03A,1420001,,,-,-,5/21/2026,False,,False,
AP03A,1420002,,,-,-,5/21/2026,False,,False,
AP03A,1420003,,,-,-,5/21/2026,False,,False,
AP03A,1420004,,,-,-,5/21/2026,False,,False,
AP03A,1420005,,,-,-,5/21/2026,False,,False,
AP03A,1420006,,,-,-,5/21/2026,False,,False,
AP03A,1420007,,,-,-,5/21/2026,False,,False,
AP03A,1420008,,,-,-,5/21/2026,False,,False,
AP03A,1420008,U611-LHTOP,171,491054-12,-,5/21/2026,False,5/14/2026 3:06:38 AM,False,5/14/2026 3:06:38 AM
AP03A,1420008,U611-RHTOP,92,490986-24,-,5/21/2026,False,5/14/2026 3:06:23 AM,False,5/14/2026 3:06:23 AM
AP03A,1420009,,,-,-,5/21/2026,False,,False,
AP03A,1420010,,,-,-,5/21/2026,False,,False,
AP03A,1420011,,,-,-,5/21/2026,False,,False,
AP03A,1420012,,,-,-,5/21/2026,False,,False,
AP03A,1420013,,,-,-,5/21/2026,False,,False,
AP03A,1420014,,,-,-,5/21/2026,False,,False,
AP03A,1420015,,,-,-,5/21/2026,False,,False,
AP03A,1420016,,,-,-,5/21/2026,False,,False,
AP03A,1420017,,,-,-,5/21/2026,False,,False,
AP03A,1420018,,,-,-,5/21/2026,False,,False,
AP03A,1420019,,,-,-,5/21/2026,False,,False,
AP03A,1420020,,,-,-,5/21/2026,False,,False,
AP03A,1420021,,,-,-,5/21/2026,False,,False,
AP03A,1420021,U611-LHTOP,172,491254-1,-,5/21/2026,False,5/14/2026 3:06:40 AM,False,5/14/2026 3:06:40 AM
AP03A,1420021,U611-RHTOP,93,491253-1,-,5/21/2026,False,5/14/2026 3:06:26 AM,False,5/14/2026 3:06:26 AM
AP03A,1420022,,,-,-,5/21/2026,False,,False,
AP03A,1420023,,,-,-,5/21/2026,False,,False,
AP03A,1420024,,,-,-,5/21/2026,False,,False,
AP03A,1420025,,,-,-,5/21/2026,False,,False,
AP03A,1420026,,,-,-,5/21/2026,False,,False,
AP03A,1420027,,,-,-,5/21/2026,False,,False,
AP03A,1420028,,,-,-,5/21/2026,False,,False,
AP03A,1420029,,,-,-,5/21/2026,False,,False,
AP03A,1420030,,,-,-,5/21/2026,False,,False,
AP03A,1420031,,,-,-,5/21/2026,False,,False,
AP03A,1420032,,,-,-,5/21/2026,False,,False,
AP03A,1420033,,,-,-,5/21/2026,False,,False,
AP03A,1420034,,,-,-,5/21/2026,False,,False,
AP03A,1420034,U611-LHTOP,172,491254-2,-,5/21/2026,False,5/14/2026 3:06:40 AM,False,5/14/2026 3:06:40 AM
AP03A,1420034,U611-RHTOP,93,491253-2,-,5/21/2026,False,5/14/2026 3:06:26 AM,False,5/14/2026 3:06:26 AM
AP03A,1420035,,,-,-,5/21/2026,False,,False,
AP03A,1420036,,,-,-,5/21/2026,False,,False,
AP03A,1420037,,,-,-,5/21/2026,False,,False,
AP03A,1420038,,,-,-,5/21/2026,False,,False,
AP03A,1420039,,,-,-,5/21/2026,False,,False,
AP03A,1420040,,,-,-,5/21/2026,False,,False,
AP03A,1420041,,,-,-,5/21/2026,False,,False,
AP03A,1420042,,,-,-,5/21/2026,False,,False,
AP03A,1420043,,,-,-,5/21/2026,False,,False,
AP03A,1420044,,,-,-,5/21/2026,False,,False,
AP03A,1420045,,,-,-,5/21/2026,False,,False,
AP03A,1420046,,,-,-,5/21/2026,False,,False,
AP03A,1420046,U611-LHTOP,172,491254-3,-,5/21/2026,False,5/14/2026 3:06:40 AM,False,5/14/2026 3:06:40 AM
AP03A,1420046,U611-RHTOP,93,491253-3,-,5/21/2026,False,5/14/2026 3:06:27 AM,False,5/14/2026 3:06:27 AM
AP03A,1420047,,,-,-,5/21/2026,False,,False,
AP03A,1420048,,,-,-,5/21/2026,False,,False,
AP03A,1420049,,,-,-,5/21/2026,False,,False,
AP03A,1420050,,,-,-,5/21/2026,False,,False,
AP03A,1420051,,,-,-,5/21/2026,False,,False,
AP03A,1420052,,,-,-,5/21/2026,False,,False,
AP03A,1420053,,,-,-,5/21/2026,False,,False,
AP03A,1420054,,,-,-,5/21/2026,False,,False,
AP03A,1420055,,,-,-,5/21/2026,False,,False,
AP03A,1420056,,,-,-,5/21/2026,False,,False,
AP03A,1420057,,,-,-,5/21/2026,False,,False,
AP03A,1420058,,,-,-,5/21/2026,False,,False,
AP03A,1420059,,,-,-,5/21/2026,False,,False,
AP03A,1420059,U611-LHTOP,172,491254-4,-,5/21/2026,False,5/14/2026 3:06:41 AM,False,5/14/2026 3:06:41 AM
AP03A,1420059,U611-RHTOP,93,491253-4,-,5/21/2026,False,5/14/2026 3:06:28 AM,False,5/14/2026 3:06:28 AM
AP03A,1420060,,,-,-,5/21/2026,False,,False,
AP03A,1420061,,,-,-,5/21/2026,False,,False,
AP03A,1420062,,,-,-,5/21/2026,False,,False,
AP03A,1420063,,,-,-,5/21/2026,False,,False,
AP03A,1420064,,,-,-,5/21/2026,False,,False,
AP03A,1420065,,,-,-,5/21/2026,False,,False,
AP03A,1420066,,,-,-,5/21/2026,False,,False,
AP03A,1420067,,,-,-,5/21/2026,False,,False,
AP03A,1420068,,,-,-,5/21/2026,False,,False,
AP03A,1420069,,,-,-,5/21/2026,False,,False,
AP03A,1420070,,,-,-,5/21/2026,False,,False,
AP03A,1420071,,,-,-,5/21/2026,False,,False,
AP03A,1420072,,,-,-,5/21/2026,False,,False,
AP03A,1420072,U611-LHTOP,172,491254-5,-,5/21/2026,False,5/14/2026 3:06:41 AM,False,5/14/2026 3:06:41 AM
AP03A,1420072,U611-RHTOP,93,491253-5,-,5/21/2026,False,5/14/2026 3:06:28 AM,False,5/14/2026 3:06:28 AM
AP03A,1420073,,,-,-,5/21/2026,False,,False,
AP03A,1420074,,,-,-,5/21/2026,False,,False,
AP03A,1420075,,,-,-,5/21/2026,False,,False,
AP03A,1420076,,,-,-,5/21/2026,False,,False,
AP03A,1420077,,,-,-,5/21/2026,False,,False,
AP03A,1420078,,,-,-,5/21/2026,False,,False,
AP03A,1420079,,,-,-,5/21/2026,False,,False,
AP03A,1420080,,,-,-,5/21/2026,False,,False,
AP03A,1420081,,,-,-,5/21/2026,False,,False,
AP03A,1420082,,,-,-,5/21/2026,False,,False,
AP03A,1420083,,,-,-,5/21/2026,False,,False,
AP03A,1420084,,,-,-,5/21/2026,False,,False,
AP03A,1420085,,,-,-,5/21/2026,False,,False,
AP03A,1420085,U611-LHTOP,172,491254-6,-,5/21/2026,False,5/14/2026 3:06:41 AM,False,5/14/2026 3:06:41 AM
AP03A,1420085,U611-RHTOP,93,491253-6,-,5/21/2026,False,5/14/2026 3:06:28 AM,False,5/14/2026 3:06:28 AM
AP03A,1420086,,,-,-,5/21/2026,False,,False,
AP03A,1420087,,,-,-,5/21/2026,False,,False,
AP03A,1420088,,,-,-,5/21/2026,False,,False,
AP03A,1420089,,,-,-,5/21/2026,False,,False,
AP03A,1420090,,,-,-,5/21/2026,False,,False,
AP03A,1420091,,,-,-,5/21/2026,False,,False,
AP03A,1420092,,,-,-,5/21/2026,False,,False,
AP03A,1420093,,,-,-,5/21/2026,False,,False,
AP03A,1420094,,,-,-,5/21/2026,False,,False,
AP03A,1420095,,,-,-,5/21/2026,False,,False,
AP03A,1420096,,,-,-,5/21/2026,False,,False,
AP03A,1420097,,,-,-,5/21/2026,False,,False,
AP03A,1420098,,,-,-,5/21/2026,False,,False,
AP03A,1420098,U611-LHTOP,172,491254-7,-,5/21/2026,False,5/14/2026 3:06:42 AM,False,5/14/2026 3:06:42 AM
AP03A,1420098,U611-RHTOP,93,491253-7,-,5/21/2026,False,5/14/2026 3:06:30 AM,False,5/14/2026 3:06:30 AM
AP03A,1420099,,,-,-,5/21/2026,False,,False,
AP03A,1420100,,,-,-,5/21/2026,False,,False,
AP03A,1420101,,,-,-,5/21/2026,False,,False,
AP03A,1420102,,,-,-,5/21/2026,False,,False,
AP03A,1420103,,,-,-,5/21/2026,False,,False,
AP03A,1420104,,,-,-,5/21/2026,False,,False,
AP03A,1420105,,,-,-,5/21/2026,False,,False,
AP03A,1420106,,,-,-,5/21/2026,False,,False,
AP03A,1420107,,,-,-,5/21/2026,False,,False,
AP03A,1420108,,,-,-,5/21/2026,False,,False,
AP03A,1420109,,,-,-,5/21/2026,False,,False,
AP03A,1420110,,,-,-,5/21/2026,False,,False,
AP03A,1420110,U611-LHTOP,172,491254-8,-,5/21/2026,False,5/14/2026 3:06:43 AM,False,5/14/2026 3:06:43 AM
AP03A,1420110,U611-RHTOP,93,491253-8,-,5/21/2026,False,5/14/2026 3:06:30 AM,False,5/14/2026 3:06:30 AM
AP03A,1420111,,,-,-,5/21/2026,False,,False,
AP03A,1420112,,,-,-,5/21/2026,False,,False,
AP03A,1420113,,,-,-,5/21/2026,False,,False,
AP03A,1420114,,,-,-,5/21/2026,False,,False,
AP03A,1420115,,,-,-,5/21/2026,False,,False,
AP03A,1420116,,,-,-,5/21/2026,False,,False,
AP03A,1420117,,,-,-,5/21/2026,False,,False,
AP03A,1420118,,,-,-,5/21/2026,False,,False,
AP03A,1420119,,,-,-,5/21/2026,False,,False,
AP03A,1420120,,,-,-,5/21/2026,False,,False,
AP03A,1420121,,,-,-,5/21/2026,False,,False,
AP03A,1420122,,,-,-,5/21/2026,False,,False,
AP03A,1420123,,,-,-,5/21/2026,False,,False,
AP03A,1420123,U611-LHTOP,172,491254-9,-,5/21/2026,False,5/14/2026 3:06:43 AM,False,5/14/2026 3:06:43 AM
AP03A,1420123,U611-RHTOP,93,491253-9,-,5/21/2026,False,5/14/2026 3:06:30 AM,False,5/14/2026 3:06:30 AM
AP03A,1420124,,,-,-,5/21/2026,False,,False,
AP03A,1420125,,,-,-,5/21/2026,False,,False,
AP03A,1420126,,,-,-,5/21/2026,False,,False,
AP03A,1420127,,,-,-,5/21/2026,False,,False,
AP03A,1420128,,,-,-,5/21/2026,False,,False,
AP03A,1420129,,,-,-,5/21/2026,False,,False,
AP03A,1420130,,,-,-,5/21/2026,False,,False,
AP03A,1420131,,,-,-,5/21/2026,False,,False,
AP03A,1420132,,,-,-,5/21/2026,False,,False,
AP03A,1420133,,,-,-,5/21/2026,False,,False,
AP03A,1420134,,,-,-,5/21/2026,False,,False,
AP03A,1420135,,,-,-,5/21/2026,False,,False,
AP03A,1420136,,,-,-,5/21/2026,False,,False,
AP03A,1420136,U611-LHTOP,172,491254-10,-,5/21/2026,False,5/14/2026 3:06:44 AM,False,5/14/2026 3:06:44 AM
AP03A,1420136,U611-RHTOP,93,491253-10,-,5/21/2026,False,5/14/2026 3:06:31 AM,False,5/14/2026 3:06:31 AM
AP03A,1420137,,,-,-,5/21/2026,False,,False,
AP03A,1420138,,,-,-,5/21/2026,False,,False,
AP03A,1420139,,,-,-,5/21/2026,False,,False,
AP03A,1420140,,,-,-,5/21/2026,False,,False,
AP03A,1420141,,,-,-,5/21/2026,False,,False,
AP03A,1420142,,,-,-,5/21/2026,False,,False,
AP03A,1420143,,,-,-,5/21/2026,False,,False,
AP03A,1420144,,,-,-,5/21/2026,False,,False,
AP03A,1420145,,,-,-,5/21/2026,False,,False,
AP03A,1420146,,,-,-,5/21/2026,False,,False,
AP03A,1420147,,,-,-,5/21/2026,False,,False,
AP03A,1420148,,,-,-,5/21/2026,False,,False,
AP03A,1420149,,,-,-,5/21/2026,False,,False,
AP03A,1420149,U611-LHTOP,172,491254-11,-,5/21/2026,False,5/14/2026 3:06:44 AM,False,5/14/2026 3:06:44 AM
AP03A,1420149,U611-RHTOP,93,491253-11,-,5/21/2026,False,5/14/2026 3:06:31 AM,False,5/14/2026 3:06:31 AM
AP03A,1420150,,,-,-,5/21/2026,False,,False,
AP03A,1420151,,,-,-,5/21/2026,False,,False,
AP03A,1420152,,,-,-,5/21/2026,False,,False,
AP03A,1420153,,,-,-,5/21/2026,False,,False,
AP03A,1420154,,,-,-,5/21/2026,False,,False,
AP03A,1420155,,,-,-,5/21/2026,False,,False,
AP03A,1420156,,,-,-,5/21/2026,False,,False,
AP03A,1420157,,,-,-,5/21/2026,False,,False,
AP03A,1420158,,,-,-,5/21/2026,False,,False,
AP03A,1420159,,,-,-,5/21/2026,False,,False,
AP03A,1420160,,,-,-,5/21/2026,False,,False,
AP03A,1420161,,,-,-,5/21/2026,False,,False,
AP03A,1420162,,,-,-,5/21/2026,False,,False,
AP03A,1420162,U611-LHTOP,172,491254-12,-,5/21/2026,False,5/14/2026 3:07:09 AM,False,5/14/2026 3:07:09 AM
AP03A,1420162,U611-RHTOP,93,491253-12,-,5/21/2026,False,5/14/2026 3:06:32 AM,False,5/14/2026 3:06:32 AM
AP03A,1420163,,,-,-,5/21/2026,False,,False,
AP03A,1420164,,,-,-,5/21/2026,False,,False,
AP03A,1420165,,,-,-,5/21/2026,False,,False,
AP03A,1420166,,,-,-,5/21/2026,False,,False,
AP03A,1420167,,,-,-,5/21/2026,False,,False,
AP03A,1420168,,,-,-,5/21/2026,False,,False,
AP03A,1420169,,,-,-,5/21/2026,False,,False,
AP03A,1420170,,,-,-,5/21/2026,False,,False,
AP03A,1420171,,,-,-,5/21/2026,False,,False,
AP03A,1420172,,,-,-,5/21/2026,False,,False,
AP03A,1420173,,,-,-,5/21/2026,False,,False,
AP03A,1420174,,,-,-,5/21/2026,False,,False,
AP03A,1420174,U611-LHTOP,173,491256-1,-,5/21/2026,False,5/14/2026 3:07:11 AM,False,5/14/2026 3:07:11 AM
AP03A,1420174,U611-RHTOP,93,491253-13,-,5/21/2026,False,5/14/2026 3:06:33 AM,False,5/14/2026 3:06:33 AM
AP03A,1420175,,,-,-,5/21/2026,False,,False,
AP03A,1420176,,,-,-,5/21/2026,False,,False,
AP03A,1420177,,,-,-,5/21/2026,False,,False,
AP03A,1420178,,,-,-,5/21/2026,False,,False,
AP03A,1420179,,,-,-,5/21/2026,False,,False,
AP03A,1420180,,,-,-,5/21/2026,False,,False,
AP03A,1420181,,,-,-,5/21/2026,False,,False,
AP03A,1420182,,,-,-,5/21/2026,False,,False,
AP03A,1420183,,,-,-,5/21/2026,False,,False,
AP03A,1420184,,,-,-,5/21/2026,False,,False,
AP03A,1420185,,,-,-,5/21/2026,False,,False,
AP03A,1420186,,,-,-,5/21/2026,False,,False,
AP03A,1420187,,,-,-,5/21/2026,False,,False,
AP03A,1420187,U611-LHTOP,173,491256-2,-,5/21/2026,False,5/14/2026 3:07:11 AM,False,5/14/2026 3:07:11 AM
AP03A,1420187,U611-RHTOP,93,491253-14,-,5/21/2026,False,5/14/2026 3:06:33 AM,False,5/14/2026 3:06:33 AM
AP03A,1420188,,,-,-,5/21/2026,False,,False,
AP03A,1420189,,,-,-,5/21/2026,False,,False,
AP03A,1420190,,,-,-,5/21/2026,False,,False,
AP03A,1420191,,,-,-,5/21/2026,False,,False,
AP03A,1420192,,,-,-,5/21/2026,False,,False,
AP03A,1420193,,,-,-,5/21/2026,False,,False,
AP03A,1420194,,,-,-,5/21/2026,False,,False,
AP03A,1420195,,,-,-,5/21/2026,False,,False,
AP03A,1420196,,,-,-,5/21/2026,False,,False,
AP03A,1420197,,,-,-,5/21/2026,False,,False,
AP03A,1420198,,,-,-,5/21/2026,False,,False,
AP03A,1420199,,,-,-,5/21/2026,False,,False,
AP03A,1420200,,,-,-,5/21/2026,False,,False,
AP03A,1420200,U611-LHTOP,173,491256-3,-,5/21/2026,False,5/14/2026 3:07:11 AM,False,5/14/2026 3:07:11 AM
AP03A,1420200,U611-RHTOP,93,491253-15,-,5/21/2026,False,5/14/2026 3:06:33 AM,False,5/14/2026 3:06:33 AM
AP03A,1420201,,,-,-,5/21/2026,False,,False,
AP03A,1420202,,,-,-,5/21/2026,False,,False,
AP03A,1420203,,,-,-,5/21/2026,False,,False,
AP03A,1420204,,,-,-,5/21/2026,False,,False,
AP03A,1420205,,,-,-,5/21/2026,False,,False,
AP03A,1420206,,,-,-,5/21/2026,False,,False,
AP03A,1420207,,,-,-,5/21/2026,False,,False,
AP03A,1420208,,,-,-,5/21/2026,False,,False,
AP03A,1420209,,,-,-,5/21/2026,False,,False,
AP03A,1420210,,,-,-,5/21/2026,False,,False,
AP03A,1420211,,,-,-,5/21/2026,False,,False,
AP03A,1420212,,,-,-,5/21/2026,False,,False,
AP03A,1420213,,,-,-,5/21/2026,False,,False,
AP03A,1420213,U611-LHTOP,173,491256-4,-,5/21/2026,False,5/14/2026 3:07:11 AM,False,5/14/2026 3:07:11 AM
AP03A,1420213,U611-RHTOP,93,491253-16,-,5/21/2026,False,5/14/2026 3:06:34 AM,False,5/14/2026 3:06:34 AM
AP03A,1420214,,,-,-,5/21/2026,False,,False,
AP03A,1420215,,,-,-,5/21/2026,False,,False,
AP03A,1420216,,,-,-,5/21/2026,False,,False,
AP03A,1420217,,,-,-,5/21/2026,False,,False,
AP03A,1420218,,,-,-,5/21/2026,False,,False,
AP03A,1420219,,,-,-,5/21/2026,False,,False,
AP03A,1420220,,,-,-,5/21/2026,False,,False,
AP03A,1420221,,,-,-,5/21/2026,False,,False,
AP03A,1420222,,,-,-,5/21/2026,False,,False,
AP03A,1420223,,,-,-,5/21/2026,False,,False,
AP03A,1420224,,,-,-,5/21/2026,False,,False,
AP03A,1420225,,,-,-,5/21/2026,False,,False,
AP03A,1420226,,,-,-,5/21/2026,False,,False,
AP03A,1420226,U611-LHTOP,173,491256-5,-,5/21/2026,False,5/14/2026 3:07:13 AM,False,5/14/2026 3:07:13 AM
AP03A,1420226,U611-RHTOP,93,491253-17,-,5/21/2026,False,5/14/2026 3:06:35 AM,False,5/14/2026 3:06:35 AM
AP03A,1420227,,,-,-,5/21/2026,False,,False,
AP03A,1420228,,,-,-,5/21/2026,False,,False,
AP03A,1420229,,,-,-,5/21/2026,False,,False,
AP03A,1420230,,,-,-,5/21/2026,False,,False,
AP03A,1420231,,,-,-,5/21/2026,False,,False,
AP03A,1420232,,,-,-,5/21/2026,False,,False,
AP03A,1420233,,,-,-,5/21/2026,False,,False,
AP03A,1420234,,,-,-,5/21/2026,False,,False,
AP03A,1420235,,,-,-,5/21/2026,False,,False,
AP03A,1420236,,,-,-,5/21/2026,False,,False,
AP03A,1420237,,,-,-,5/21/2026,False,,False,
AP03A,1420238,,,-,-,5/21/2026,False,,False,
AP03A,1420238,U611-LHTOP,173,491256-6,-,5/21/2026,False,5/14/2026 3:07:13 AM,False,5/14/2026 3:07:13 AM
AP03A,1420238,U611-RHTOP,93,491253-18,-,5/21/2026,False,5/14/2026 3:06:35 AM,False,5/14/2026 3:06:35 AM
AP03A,1420239,,,-,-,5/21/2026,False,,False,
AP03A,1420240,,,-,-,5/21/2026,False,,False,
AP03A,1420241,,,-,-,5/21/2026,False,,False,
AP03A,1420242,,,-,-,5/21/2026,False,,False,
AP03A,1420243,,,-,-,5/21/2026,False,,False,
AP03A,1420244,,,-,-,5/21/2026,False,,False,
AP03A,1420245,,,-,-,5/21/2026,False,,False,
AP03A,1420246,,,-,-,5/21/2026,False,,False,
AP03A,1420247,,,-,-,5/21/2026,False,,False,
AP03A,1420248,,,-,-,5/21/2026,False,,False,
AP03A,1420249,,,-,-,5/21/2026,False,,False,
AP03A,1420250,,,-,-,5/21/2026,False,,False,
AP03A,1420251,,,-,-,5/21/2026,False,,False,
AP03A,1420251,U611-LHTOP,173,491256-7,-,5/21/2026,False,5/14/2026 3:07:13 AM,False,5/14/2026 3:07:13 AM
AP03A,1420251,U611-RHTOP,93,491253-19,-,5/21/2026,False,5/14/2026 3:06:35 AM,False,5/14/2026 3:06:35 AM
AP03A,1420252,,,-,-,5/21/2026,False,,False,
AP03A,1420253,,,-,-,5/21/2026,False,,False,
AP03A,1420254,,,-,-,5/21/2026,False,,False,
AP03A,1420255,,,-,-,5/21/2026,False,,False,
AP03A,1420256,,,-,-,5/21/2026,False,,False,
AP03A,1420257,,,-,-,5/21/2026,False,,False,
AP03A,1420258,,,-,-,5/21/2026,False,,False,
AP03A,1420259,,,-,-,5/21/2026,False,,False,
AP03A,1420260,,,-,-,5/21/2026,False,,False,
AP03A,1420261,,,-,-,5/21/2026,False,,False,
AP03A,1420262,,,-,-,5/21/2026,False,,False,
AP03A,1420263,,,-,-,5/21/2026,False,,False,
AP03A,1420264,,,-,-,5/21/2026,False,,False,
AP03A,1420264,U611-LHTOP,173,491256-8,-,5/21/2026,False,5/14/2026 3:07:14 AM,False,5/14/2026 3:07:14 AM
AP03A,1420264,U611-RHTOP,93,491253-20,-,5/21/2026,False,5/14/2026 3:06:36 AM,False,5/14/2026 3:06:36 AM
AP03A,1420265,,,-,-,5/21/2026,False,,False,
AP03A,1420266,,,-,-,5/21/2026,False,,False,
AP03A,1420267,,,-,-,5/21/2026,False,,False,
AP03A,1420268,,,-,-,5/21/2026,False,,False,
AP03A,1420269,,,-,-,5/21/2026,False,,False,
AP03A,1420270,,,-,-,5/21/2026,False,,False,
AP03A,1420271,,,-,-,5/21/2026,False,,False,
AP03A,1420272,,,-,-,5/21/2026,False,,False,
AP03A,1420273,,,-,-,5/21/2026,False,,False,
AP03A,1420274,,,-,-,5/21/2026,False,,False,
AP03A,1420275,,,-,-,5/21/2026,False,,False,
AP03A,1420276,,,-,-,5/21/2026,False,,False,
AP03A,1420277,,,-,-,5/21/2026,False,,False,
AP03A,1420277,U611-LHTOP,173,491256-9,-,5/21/2026,False,5/14/2026 3:07:15 AM,False,5/14/2026 3:07:14 AM
AP03A,1420277,U611-RHTOP,93,491253-21,-,5/21/2026,False,5/14/2026 3:06:37 AM,False,5/14/2026 3:06:37 AM
AP03A,1420278,,,-,-,5/21/2026,False,,False,
AP03A,1420279,,,-,-,5/21/2026,False,,False,
AP03A,1420280,,,-,-,5/21/2026,False,,False,
AP03A,1420281,,,-,-,5/21/2026,False,,False,
AP03A,1420282,,,-,-,5/21/2026,False,,False,
AP03A,1420283,,,-,-,5/21/2026,False,,False,
AP03A,1420284,,,-,-,5/21/2026,False,,False,
AP03A,1420285,,,-,-,5/21/2026,False,,False,
AP03A,1420286,,,-,-,5/21/2026,False,,False,
AP03A,1420287,,,-,-,5/21/2026,False,,False,
AP03A,1420288,,,-,-,5/21/2026,False,,False,
AP03A,1420289,,,-,-,5/21/2026,False,,False,
AP03A,1420290,,,-,-,5/21/2026,False,,False,
AP03A,1420290,U611-LHTOP,173,491256-10,-,5/21/2026,False,5/14/2026 3:07:15 AM,False,5/14/2026 3:07:15 AM
AP03A,1420290,U611-RHTOP,93,491253-22,-,5/21/2026,False,5/14/2026 3:06:37 AM,False,5/14/2026 3:06:37 AM
AP03A,1420291,,,-,-,5/21/2026,False,,False,
AP03A,1420292,,,-,-,5/21/2026,False,,False,
AP03A,1420293,,,-,-,5/21/2026,False,,False,
AP03A,1420294,,,-,-,5/21/2026,False,,False,
AP03A,1420295,,,-,-,5/21/2026,False,,False,
AP03A,1420296,,,-,-,5/21/2026,False,,False,
AP03A,1420297,,,-,-,5/21/2026,False,,False,
AP03A,1420298,,,-,-,5/21/2026,False,,False,
AP03A,1420299,,,-,-,5/21/2026,False,,False,
AP03A,1420300,,,-,-,5/21/2026,False,,False,
AP03A,1420301,,,-,-,5/21/2026,False,,False,
AP03A,1420302,,,-,-,5/21/2026,False,,False,
AP03A,1420302,U611-LHTOP,173,491256-11,-,5/21/2026,False,5/14/2026 3:07:15 AM,False,5/14/2026 3:07:15 AM
AP03A,1420302,U611-RHTOP,93,491253-23,-,5/21/2026,False,5/14/2026 3:06:37 AM,False,5/14/2026 3:06:37 AM
AP03A,1420303,,,-,-,5/21/2026,False,,False,
AP03A,1420304,,,-,-,5/21/2026,False,,False,
AP03A,1420305,,,-,-,5/21/2026,False,,False,
AP03A,1420306,,,-,-,5/21/2026,False,,False,
AP03A,1420307,,,-,-,5/21/2026,False,,False,
AP03A,1420308,,,-,-,5/21/2026,False,,False,
AP03A,1420309,,,-,-,5/21/2026,False,,False,
AP03A,1420310,,,-,-,5/21/2026,False,,False,
AP03A,1420311,,,-,-,5/21/2026,False,,False,
AP03A,1420312,,,-,-,5/21/2026,False,,False,
AP03A,1420313,,,-,-,5/21/2026,False,,False,
AP03A,1420314,,,-,-,5/21/2026,False,,False,
AP03A,1420315,,,-,-,5/21/2026,False,,False,
AP03A,1420315,U611-RHTOP,93,491253-24,-,5/21/2026,False,5/14/2026 3:06:55 AM,False,5/14/2026 3:06:55 AM
AP03A,1420316,,,-,-,5/21/2026,False,,False,
AP03A,1420317,,,-,-,5/21/2026,False,,False,
AP03A,1420318,,,-,-,5/21/2026,False,,False,
AP03A,1420319,,,-,-,5/21/2026,False,,False,
AP03A,1420320,,,-,-,5/21/2026,False,,False,
AP03A,1420321,,,-,-,5/21/2026,False,,False,
AP03A,1420322,,,-,-,5/21/2026,False,,False,
AP03A,1420323,,,-,-,5/21/2026,False,,False,
AP03A,1420324,,,-,-,5/21/2026,False,,False,
AP03A,1420325,,,-,-,5/21/2026,False,,False,
AP03A,1420326,,,-,-,5/21/2026,False,,False,
AP03A,1420327,,,-,-,5/21/2026,False,,False,
AP03A,1420328,,,-,-,5/21/2026,False,,False,
AP03A,1420328,U611-RHTOP,94,491255-1,-,5/21/2026,False,5/14/2026 3:06:58 AM,False,5/14/2026 3:06:58 AM
AP03A,1420329,,,-,-,5/21/2026,False,,False,
AP03A,1420330,,,-,-,5/21/2026,False,,False,
AP03A,1420331,,,-,-,5/21/2026,False,,False,
AP03A,1420332,,,-,-,5/21/2026,False,,False,
AP03A,1420333,,,-,-,5/21/2026,False,,False,
AP03A,1420334,,,-,-,5/21/2026,False,,False,
AP03A,1420335,,,-,-,5/21/2026,False,,False,
AP03A,1420336,,,-,-,5/21/2026,False,,False,
AP03A,1420337,,,-,-,5/21/2026,False,,False,
AP03A,1420338,,,-,-,5/21/2026,False,,False,
AP03A,1420339,,,-,-,5/21/2026,False,,False,
AP03A,1420340,,,-,-,5/21/2026,False,,False,
AP03A,1420341,,,-,-,5/21/2026,False,,False,
AP03A,1420341,U611-RHTOP,94,491255-2,-,5/21/2026,False,5/14/2026 3:06:58 AM,False,5/14/2026 3:06:58 AM
AP03A,1420342,,,-,-,5/21/2026,False,,False,
AP03A,1420343,,,-,-,5/21/2026,False,,False,
AP03A,1420344,,,-,-,5/21/2026,False,,False,
AP03A,1420345,,,-,-,5/21/2026,False,,False,
AP03A,1420346,,,-,-,5/21/2026,False,,False,
AP03A,1420347,,,-,-,5/21/2026,False,,False,
AP03A,1420348,,,-,-,5/21/2026,False,,False,
AP03A,1420349,,,-,-,5/21/2026,False,,False,
AP03A,1420350,,,-,-,5/21/2026,False,,False,
AP03A,1420351,,,-,-,5/21/2026,False,,False,
AP03A,1420352,,,-,-,5/21/2026,False,,False,
AP03A,1420353,,,-,-,5/21/2026,False,,False,
AP03A,1420354,,,-,-,5/21/2026,False,,False,
AP03A,1420354,U611-RHTOP,94,491255-3,-,5/21/2026,False,5/14/2026 3:07:00 AM,False,5/14/2026 3:07:00 AM
AP03A,1420355,,,-,-,5/21/2026,False,,False,
AP03A,1420356,,,-,-,5/21/2026,False,,False,
AP03A,1420357,,,-,-,5/21/2026,False,,False,
AP03A,1420358,,,-,-,5/21/2026,False,,False,
AP03A,1420359,,,-,-,5/21/2026,False,,False,
AP03A,1420360,,,-,-,5/21/2026,False,,False,
AP03A,1420361,,,-,-,5/21/2026,False,,False,
AP03A,1420362,,,-,-,5/21/2026,False,,False,
AP03A,1420363,,,-,-,5/21/2026,False,,False,
AP03A,1420364,,,-,-,5/21/2026,False,,False,
AP03A,1420365,,,-,-,5/21/2026,False,,False,
AP03A,1420366,,,-,-,5/21/2026,False,,False,
AP03A,1420366,U611-RHTOP,94,491255-4,-,5/21/2026,False,5/14/2026 3:07:00 AM,False,5/14/2026 3:07:00 AM
AP03A,1420367,,,-,-,5/21/2026,False,,False,
AP03A,1420368,,,-,-,5/21/2026,False,,False,
AP03A,1420369,,,-,-,5/21/2026,False,,False,
AP03A,1420370,,,-,-,5/21/2026,False,,False,
AP03A,1420371,,,-,-,5/21/2026,False,,False,
AP03A,1420372,,,-,-,5/21/2026,False,,False,
AP03A,1420373,,,-,-,5/21/2026,False,,False,
AP03A,1420374,,,-,-,5/21/2026,False,,False,
AP03A,1420375,,,-,-,5/21/2026,False,,False,
AP03A,1420376,,,-,-,5/21/2026,False,,False,
AP03A,1420377,,,-,-,5/21/2026,False,,False,
AP03A,1420378,,,-,-,5/21/2026,False,,False,
AP03A,1420379,,,-,-,5/21/2026,False,,False,
AP03A,1420379,U611-RHTOP,94,491255-5,-,5/21/2026,False,5/14/2026 3:07:00 AM,False,5/14/2026 3:07:00 AM
AP03A,1420380,,,-,-,5/21/2026,False,,False,
AP03A,1420381,,,-,-,5/21/2026,False,,False,
AP03A,1420382,,,-,-,5/21/2026,False,,False,
AP03A,1420383,,,-,-,5/21/2026,False,,False,
AP03A,1420384,,,-,-,5/21/2026,False,,False,
AP03A,1420385,,,-,-,5/21/2026,False,,False,
AP03A,1420386,,,-,-,5/21/2026,False,,False,
AP03A,1420387,,,-,-,5/21/2026,False,,False,
AP03A,1420388,,,-,-,5/21/2026,False,,False,
AP03A,1420389,,,-,-,5/21/2026,False,,False,
AP03A,1420390,,,-,-,5/21/2026,False,,False,
AP03A,1420391,,,-,-,5/21/2026,False,,False,
AP03A,1420392,,,-,-,5/21/2026,False,,False,
AP03A,1420392,U611-RHTOP,94,491255-6,-,5/21/2026,False,5/14/2026 3:07:01 AM,False,5/14/2026 3:07:01 AM
AP03A,1420393,,,-,-,5/21/2026,False,,False,
AP03A,1420394,,,-,-,5/21/2026,False,,False,
AP03A,1420395,,,-,-,5/21/2026,False,,False,
AP03A,1420396,,,-,-,5/21/2026,False,,False,
AP03A,1420397,,,-,-,5/21/2026,False,,False,
AP03A,1420398,,,-,-,5/21/2026,False,,False,
AP03A,1420399,,,-,-,5/21/2026,False,,False,
AP03A,1420400,,,-,-,5/21/2026,False,,False,
AP03A,1420401,,,-,-,5/21/2026,False,,False,
AP03A,1420402,,,-,-,5/21/2026,False,,False,
AP03A,1420403,,,-,-,5/21/2026,False,,False,
AP03A,1420404,,,-,-,5/21/2026,False,,False,
AP03A,1420405,,,-,-,5/21/2026,False,,False,
AP03A,1420405,U611-RHTOP,94,491255-7,-,5/21/2026,False,5/14/2026 3:07:02 AM,False,5/14/2026 3:07:02 AM
AP03A,1420406,,,-,-,5/21/2026,False,,False,
AP03A,1420407,,,-,-,5/21/2026,False,,False,
AP03A,1420408,,,-,-,5/21/2026,False,,False,
AP03A,1420409,,,-,-,5/21/2026,False,,False,
AP03A,1420410,,,-,-,5/21/2026,False,,False,
AP03A,1420411,,,-,-,5/21/2026,False,,False,
AP03A,1420412,,,-,-,5/21/2026,False,,False,
AP03A,1420413,,,-,-,5/21/2026,False,,False,
AP03A,1420414,,,-,-,5/21/2026,False,,False,
AP03A,1420415,,,-,-,5/21/2026,False,,False,
AP03A,1420416,,,-,-,5/21/2026,False,,False,
AP03A,1420417,,,-,-,5/21/2026,False,,False,
AP03A,1420418,,,-,-,5/21/2026,False,,False,
AP03A,1420418,U611-RHTOP,94,491255-8,-,5/21/2026,False,5/14/2026 3:07:02 AM,False,5/14/2026 3:07:02 AM
AP03A,1420419,,,-,-,5/21/2026,False,,False,
AP03A,1420420,,,-,-,5/21/2026,False,,False,
AP03A,1420421,,,-,-,5/21/2026,False,,False,
AP03A,1420422,,,-,-,5/21/2026,False,,False,
AP03A,1420423,,,-,-,5/21/2026,False,,False,
AP03A,1420424,,,-,-,5/21/2026,False,,False,
AP03A,1420425,,,-,-,5/21/2026,False,,False,
AP03A,1420426,,,-,-,5/21/2026,False,,False,
AP03A,1420427,,,-,-,5/21/2026,False,,False,
AP03A,1420428,,,-,-,5/21/2026,False,,False,
AP03A,1420429,,,-,-,5/21/2026,False,,False,
AP03A,1420430,,,-,-,5/21/2026,False,,False,
AP03A,1420430,U611-RHTOP,94,491255-9,-,5/21/2026,False,5/14/2026 3:07:02 AM,False,5/14/2026 3:07:02 AM
AP03A,1420431,,,-,-,5/21/2026,False,,False,
AP03A,1420432,,,-,-,5/21/2026,False,,False,
AP03A,1420433,,,-,-,5/21/2026,False,,False,
AP03A,1420434,,,-,-,5/21/2026,False,,False,
AP03A,1420435,,,-,-,5/21/2026,False,,False,
AP03A,1420436,,,-,-,5/21/2026,False,,False,
AP03A,1420437,,,-,-,5/21/2026,False,,False,
AP03A,1420438,,,-,-,5/21/2026,False,,False,
AP03A,1420439,,,-,-,5/21/2026,False,,False,
AP03A,1420440,,,-,-,5/21/2026,False,,False,
AP03A,1420441,,,-,-,5/21/2026,False,,False,
AP03A,1420442,,,-,-,5/21/2026,False,,False,
AP03A,1420443,,,-,-,5/21/2026,False,,False,
AP03A,1420443,U611-RHTOP,94,491255-10,-,5/21/2026,False,5/14/2026 3:07:03 AM,False,5/14/2026 3:07:03 AM
AP03A,1420444,,,-,-,5/21/2026,False,,False,
AP03A,1420445,,,-,-,5/21/2026,False,,False,
AP03A,1420446,,,-,-,5/21/2026,False,,False,
AP03A,1420447,,,-,-,5/21/2026,False,,False,
AP03A,1420448,,,-,-,5/21/2026,False,,False,
AP03A,1420449,,,-,-,5/21/2026,False,,False,
AP03A,1420450,,,-,-,5/21/2026,False,,False,
AP03A,1420451,,,-,-,5/21/2026,False,,False,
AP03A,1420452,,,-,-,5/21/2026,False,,False,
AP03A,1420453,,,-,-,5/21/2026,False,,False,
AP03A,1420454,,,-,-,5/21/2026,False,,False,
AP03A,1420455,,,-,-,5/21/2026,False,,False,
AP03A,1420456,,,-,-,5/21/2026,False,,False,
AP03A,1420456,U611-RHTOP,94,491255-11,-,5/21/2026,False,5/14/2026 3:07:04 AM,False,5/14/2026 3:07:04 AM
AP03A,1420457,,,-,-,5/21/2026,False,,False,
AP03A,1420458,,,-,-,5/21/2026,False,,False,
AP03A,1420459,,,-,-,5/21/2026,False,,False,
AP03A,1420460,,,-,-,5/21/2026,False,,False,
AP03A,1420461,,,-,-,5/21/2026,False,,False,
AP03A,1420462,,,-,-,5/21/2026,False,,False,
AP03A,1420463,,,-,-,5/21/2026,False,,False,
AP03A,1420464,,,-,-,5/21/2026,False,,False,
AP03A,1420465,,,-,-,5/21/2026,False,,False,
AP03A,1420466,,,-,-,5/21/2026,False,,False,
AP03A,1420467,,,-,-,5/21/2026,False,,False,
AP03A,1420468,,,-,-,5/21/2026,False,,False,
AP03A,1420469,,,-,-,5/21/2026,False,,False,
AP03A,1420469,U611-RHTOP,94,491255-12,-,5/21/2026,False,5/14/2026 3:07:04 AM,False,5/14/2026 3:07:04 AM
AP03A,1420470,,,-,-,5/21/2026,False,,False,
AP03A,1420471,,,-,-,5/21/2026,False,,False,
AP03A,1420472,,,-,-,5/21/2026,False,,False,
AP03A,1420473,,,-,-,5/21/2026,False,,False,
AP03A,1420474,,,-,-,5/21/2026,False,,False,
AP03A,1420475,,,-,-,5/21/2026,False,,False,
AP03A,1420476,,,-,-,5/21/2026,False,,False,
AP03A,1420477,,,-,-,5/21/2026,False,,False,
AP03A,1420478,,,-,-,5/21/2026,False,,False,
AP03A,1420479,,,-,-,5/21/2026,False,,False,
AP03A,1420480,,,-,-,5/21/2026,False,,False,
AP03A,1420481,,,-,-,5/21/2026,False,,False,
AP03A,1420482,,,-,-,5/21/2026,False,,False,
AP03A,1420482,U611-RHTOP,94,491255-13,-,5/21/2026,False,5/14/2026 3:07:04 AM,False,5/14/2026 3:07:04 AM
AP03A,1420483,,,-,-,5/21/2026,False,,False,
AP03A,1420484,,,-,-,5/21/2026,False,,False,
AP03A,1420485,,,-,-,5/21/2026,False,,False,
AP03A,1420486,,,-,-,5/21/2026,False,,False,
AP03A,1420487,,,-,-,5/21/2026,False,,False,
AP03A,1420488,,,-,-,5/21/2026,False,,False,
AP03A,1420489,,,-,-,5/21/2026,False,,False,
AP03A,1420490,,,-,-,5/21/2026,False,,False,
AP03A,1420491,,,-,-,5/21/2026,False,,False,
AP03A,1420492,,,-,-,5/21/2026,False,,False,
AP03A,1420493,,,-,-,5/21/2026,False,,False,
AP03A,1420494,,,-,-,5/21/2026,False,,False,
AP03A,1420494,U611-RHTOP,94,491255-14,-,5/21/2026,False,5/14/2026 3:07:05 AM,False,5/14/2026 3:07:05 AM
AP03A,1420495,,,-,-,5/21/2026,False,,False,
AP03A,1420496,,,-,-,5/21/2026,False,,False,
AP03A,1420497,,,-,-,5/21/2026,False,,False,
AP03A,1420498,,,-,-,5/21/2026,False,,False,
AP03A,1420499,,,-,-,5/21/2026,False,,False,
AP03A,1420500,,,-,-,5/21/2026,False,,False,
AP03A,1420501,,,-,-,5/21/2026,False,,False,
AP03A,1420502,,,-,-,5/21/2026,False,,False,
AP03A,1420503,,,-,-,5/21/2026,False,,False,
AP03A,1420504,,,-,-,5/21/2026,False,,False,
AP03A,1420505,,,-,-,5/21/2026,False,,False,
AP03A,1420506,,,-,-,5/21/2026,False,,False,
AP03A,1420507,,,-,-,5/22/2026,False,,False,
AP03A,1420507,U611-RHTOP,94,491255-15,-,5/21/2026,False,5/14/2026 3:07:05 AM,False,5/14/2026 3:07:05 AM
AP03A,1420508,,,-,-,5/22/2026,False,,False,
AP03A,1420509,,,-,-,5/22/2026,False,,False,
AP03A,1420510,,,-,-,5/22/2026,False,,False,
AP03A,1420511,,,-,-,5/22/2026,False,,False,
AP03A,1420512,,,-,-,5/22/2026,False,,False,
AP03A,1420513,,,-,-,5/22/2026,False,,False,
AP03A,1420514,,,-,-,5/22/2026,False,,False,
AP03A,1420515,,,-,-,5/22/2026,False,,False,
AP03A,1420516,,,-,-,5/22/2026,False,,False,
AP03A,1420517,,,-,-,5/22/2026,False,,False,
AP03A,1420518,,,-,-,5/22/2026,False,,False,
AP03A,1420519,,,-,-,5/22/2026,False,,False,
AP03A,1420520,,,-,-,5/22/2026,False,,False,
AP03A,1420520,U611-RHTOP,94,491255-16,-,5/21/2026,False,5/14/2026 3:07:06 AM,False,5/14/2026 3:07:06 AM
AP03A,1420521,,,-,-,5/22/2026,False,,False,
AP03A,1420522,,,-,-,5/22/2026,False,,False,
AP03A,1420523,,,-,-,5/22/2026,False,,False,
AP03A,1420524,,,-,-,5/22/2026,False,,False,
AP03A,1420525,,,-,-,5/22/2026,False,,False,
AP03A,1420526,,,-,-,5/22/2026,False,,False,
AP03A,1420527,,,-,-,5/22/2026,False,,False,
AP03A,1420528,,,-,-,5/22/2026,False,,False,
AP03A,1420529,,,-,-,5/22/2026,False,,False,
AP03A,1420530,,,-,-,5/22/2026,False,,False,
AP03A,1420531,,,-,-,5/22/2026,False,,False,
AP03A,1420532,,,-,-,5/22/2026,False,,False,
AP03A,1420533,,,-,-,5/22/2026,False,,False,
AP03A,1420533,U611-RHTOP,94,491255-17,-,5/21/2026,False,5/14/2026 3:07:07 AM,False,5/14/2026 3:07:07 AM
AP03A,1420534,,,-,-,5/22/2026,False,,False,
AP03A,1420535,,,-,-,5/22/2026,False,,False,
AP03A,1420536,,,-,-,5/22/2026,False,,False,
AP03A,1420537,,,-,-,5/22/2026,False,,False,
AP03A,1420538,,,-,-,5/22/2026,False,,False,
AP03A,1420539,,,-,-,5/22/2026,False,,False,
AP03A,1420540,,,-,-,5/22/2026,False,,False,
AP03A,1420541,,,-,-,5/22/2026,False,,False,
AP03A,1420542,,,-,-,5/22/2026,False,,False,
AP03A,1420543,,,-,-,5/22/2026,False,,False,
AP03A,1420544,,,-,-,5/22/2026,False,,False,
AP03A,1420545,,,-,-,5/22/2026,False,,False,
AP03A,1420546,,,-,-,5/22/2026,False,,False,
AP03A,1420546,U611-RHTOP,94,491255-18,-,5/21/2026,False,5/14/2026 3:07:07 AM,False,5/14/2026 3:07:07 AM
AP03A,1420547,,,-,-,5/22/2026,False,,False,
AP03A,1420548,,,-,-,5/22/2026,False,,False,
AP03A,1420549,,,-,-,5/22/2026,False,,False,
AP03A,1420550,,,-,-,5/22/2026,False,,False,
AP03A,1420551,,,-,-,5/22/2026,False,,False,
AP03A,1420552,,,-,-,5/22/2026,False,,False,
AP03A,1420553,,,-,-,5/22/2026,False,,False,
AP03A,1420554,,,-,-,5/22/2026,False,,False,
AP03A,1420555,,,-,-,5/22/2026,False,,False,
AP03A,1420556,,,-,-,5/22/2026,False,,False,
AP03A,1420557,,,-,-,5/22/2026,False,,False,
AP03A,1420558,,,-,-,5/22/2026,False,,False,
AP03A,1420558,U611-RHTOP,94,491255-19,-,5/21/2026,False,5/14/2026 3:07:07 AM,False,5/14/2026 3:07:07 AM
AP03A,1420559,,,-,-,5/22/2026,False,,False,
AP03A,1420560,,,-,-,5/22/2026,False,,False,
AP03A,1420561,,,-,-,5/22/2026,False,,False,
AP03A,1420562,,,-,-,5/22/2026,False,,False,
AP03A,1420563,,,-,-,5/22/2026,False,,False,
AP03A,1420564,,,-,-,5/22/2026,False,,False,
AP03A,1420565,,,-,-,5/22/2026,False,,False,
AP03A,1420566,,,-,-,5/22/2026,False,,False,
AP03A,1420567,,,-,-,5/22/2026,False,,False,
AP03A,1420568,,,-,-,5/22/2026,False,,False,
AP03A,1420569,,,-,-,5/22/2026,False,,False,
AP03A,1420570,,,-,-,5/22/2026,False,,False,
AP03A,1420571,,,-,-,5/22/2026,False,,False,
AP03A,1420571,U611-RHTOP,94,491255-20,-,5/21/2026,False,5/14/2026 3:07:08 AM,False,5/14/2026 3:07:08 AM
AP03A,1420572,,,-,-,5/22/2026,False,,False,
AP03A,1420573,,,-,-,5/22/2026,False,,False,
AP03A,1420574,,,-,-,5/22/2026,False,,False,
AP03A,1420575,,,-,-,5/22/2026,False,,False,
AP03A,1420576,,,-,-,5/22/2026,False,,False,
AP03A,1420577,,,-,-,5/22/2026,False,,False,
AP03A,1420578,,,-,-,5/22/2026,False,,False,
AP03A,1420579,,,-,-,5/22/2026,False,,False,
AP03A,1420580,,,-,-,5/22/2026,False,,False,
AP03A,1420581,,,-,-,5/22/2026,False,,False,
AP03A,1420582,,,-,-,5/22/2026,False,,False,
AP03A,1420583,,,-,-,5/22/2026,False,,False,
AP03A,1420584,,,-,-,5/22/2026,False,,False,
AP03A,1420584,U611-RHTOP,94,491255-21,-,5/21/2026,False,5/14/2026 3:07:08 AM,False,5/14/2026 3:07:08 AM
AP03A,1420585,,,-,-,5/22/2026,False,,False,
AP03A,1420586,,,-,-,5/22/2026,False,,False,
AP03A,1420587,,,-,-,5/22/2026,False,,False,
AP03A,1420588,,,-,-,5/22/2026,False,,False,
AP03A,1420589,,,-,-,5/22/2026,False,,False,
AP03A,1420590,,,-,-,5/22/2026,False,,False,
AP03A,1420591,,,-,-,5/22/2026,False,,False,
AP03A,1420592,,,-,-,5/22/2026,False,,False,
AP03A,1420593,,,-,-,5/22/2026,False,,False,
AP03A,1420594,,,-,-,5/22/2026,False,,False,
AP03A,1420595,,,-,-,5/22/2026,False,,False,
AP03A,1420596,,,-,-,5/22/2026,False,,False,
AP03A,1420597,,,-,-,5/22/2026,False,,False,
AP03A,1420597,U611-RHTOP,94,491255-22,-,5/21/2026,False,5/14/2026 3:07:09 AM,False,5/14/2026 3:07:09 AM
AP03A,1420598,,,-,-,5/22/2026,False,,False,
AP03A,1420599,,,-,-,5/22/2026,False,,False,
AP03A,1420600,,,-,-,5/22/2026,False,,False,
AP03A,1420601,,,-,-,5/22/2026,False,,False,
AP03A,1420602,,,-,-,5/22/2026,False,,False,
AP03A,1420603,,,-,-,5/22/2026,False,,False,
AP03A,1420604,,,-,-,5/22/2026,False,,False,
AP03A,1420605,,,-,-,5/22/2026,False,,False,
AP03A,1420606,,,-,-,5/22/2026,False,,False,
AP03A,1420607,,,-,-,5/22/2026,False,,False,
AP03A,1420608,,,-,-,5/22/2026,False,,False,
AP03A,1420609,,,-,-,5/22/2026,False,,False,
AP03A,1420610,,,-,-,5/22/2026,False,,False,
AP03A,1420610,U611-RHTOP,94,491255-23,-,5/21/2026,False,5/14/2026 3:07:09 AM,False,5/14/2026 3:07:09 AM
AP03A,1420611,,,-,-,5/22/2026,False,,False,
AP03A,1420612,,,-,-,5/22/2026,False,,False,
AP03A,1420613,,,-,-,5/22/2026,False,,False,
AP03A,1420614,,,-,-,5/22/2026,False,,False,
AP03A,1420615,,,-,-,5/22/2026,False,,False,
AP03A,1420616,,,-,-,5/22/2026,False,,False,
AP03A,1420617,,,-,-,5/22/2026,False,,False,
AP03A,1420618,,,-,-,5/22/2026,False,,False,
AP03A,1420619,,,-,-,5/22/2026,False,,False,
AP03A,1420620,,,-,-,5/22/2026,False,,False,
AP03A,1420621,,,-,-,5/22/2026,False,,False,
AP03A,1420622,,,-,-,5/22/2026,False,,False,
AP03A,1420623,,,-,-,5/22/2026,False,,False,
AP03A,1420623,U611-RHTOP,94,491255-24,-,5/21/2026,False,5/14/2026 3:07:26 AM,False,5/14/2026 3:07:26 AM
AP03A,1420624,,,-,-,5/22/2026,False,,False,
AP03A,1420625,,,-,-,5/22/2026,False,,False,
AP03A,1420626,,,-,-,5/22/2026,False,,False,
AP03A,1420627,,,-,-,5/22/2026,False,,False,
AP03A,1420628,,,-,-,5/22/2026,False,,False,
AP03A,1420629,,,-,-,5/22/2026,False,,False,
AP03A,1420630,,,-,-,5/22/2026,False,,False,
AP03A,1420631,,,-,-,5/22/2026,False,,False,
AP03A,1420632,,,-,-,5/22/2026,False,,False,
AP03A,1420633,,,-,-,5/22/2026,False,,False,
AP03A,1420634,,,-,-,5/22/2026,False,,False,
AP03A,1420635,,,-,-,5/22/2026,False,,False,
AP03A,1420635,U611-RHTOP,95,491257-1,-,5/22/2026,False,5/14/2026 3:07:30 AM,False,5/14/2026 3:07:30 AM
AP03A,1420636,,,-,-,5/22/2026,False,,False,
AP03A,1420637,,,-,-,5/22/2026,False,,False,
AP03A,1420638,,,-,-,5/22/2026,False,,False,
AP03A,1420639,,,-,-,5/22/2026,False,,False,
AP03A,1420640,,,-,-,5/22/2026,False,,False,
AP03A,1420641,,,-,-,5/22/2026,False,,False,
AP03A,1420642,,,-,-,5/22/2026,False,,False,
AP03A,1420643,,,-,-,5/22/2026,False,,False,
AP03A,1420644,,,-,-,5/22/2026,False,,False,
AP03A,1420645,,,-,-,5/22/2026,False,,False,
AP03A,1420646,,,-,-,5/22/2026,False,,False,
AP03A,1420647,,,-,-,5/22/2026,False,,False,
AP03A,1420648,,,-,-,5/22/2026,False,,False,
AP03A,1420648,U611-RHTOP,95,491257-2,-,5/22/2026,False,5/14/2026 3:07:30 AM,False,5/14/2026 3:07:30 AM
AP03A,1420649,,,-,-,5/22/2026,False,,False,
AP03A,1420650,,,-,-,5/22/2026,False,,False,
AP03A,1420651,,,-,-,5/22/2026,False,,False,
AP03A,1420652,,,-,-,5/22/2026,False,,False,
AP03A,1420653,,,-,-,5/22/2026,False,,False,
AP03A,1420654,,,-,-,5/22/2026,False,,False,
AP03A,1420655,,,-,-,5/22/2026,False,,False,
AP03A,1420656,,,-,-,5/22/2026,False,,False,
AP03A,1420657,,,-,-,5/22/2026,False,,False,
AP03A,1420658,,,-,-,5/22/2026,False,,False,
AP03A,1420659,,,-,-,5/22/2026,False,,False,
AP03A,1420660,,,-,-,5/22/2026,False,,False,
AP03A,1420661,,,-,-,5/22/2026,False,,False,
AP03A,1420661,U611-RHTOP,95,491257-3,-,5/22/2026,False,5/14/2026 3:07:31 AM,False,5/14/2026 3:07:31 AM
AP03A,1420662,,,-,-,5/22/2026,False,,False,
AP03A,1420663,,,-,-,5/22/2026,False,,False,
AP03A,1420664,,,-,-,5/22/2026,False,,False,
AP03A,1420665,,,-,-,5/22/2026,False,,False,
AP03A,1420666,,,-,-,5/22/2026,False,,False,
AP03A,1420667,,,-,-,5/22/2026,False,,False,
AP03A,1420668,,,-,-,5/22/2026,False,,False,
AP03A,1420669,,,-,-,5/22/2026,False,,False,
AP03A,1420670,,,-,-,5/22/2026,False,,False,
AP03A,1420671,,,-,-,5/22/2026,False,,False,
AP03A,1420672,,,-,-,5/22/2026,False,,False,
AP03A,1420673,,,-,-,5/22/2026,False,,False,
AP03A,1420674,,,-,-,5/22/2026,False,,False,
AP03A,1420674,U611-RHTOP,95,491257-4,-,5/22/2026,False,5/14/2026 3:07:31 AM,False,5/14/2026 3:07:31 AM
AP03A,1420675,,,-,-,5/22/2026,False,,False,
AP03A,1420676,,,-,-,5/22/2026,False,,False,
AP03A,1420677,,,-,-,5/22/2026,False,,False,
AP03A,1420678,,,-,-,5/22/2026,False,,False,
AP03A,1420679,,,-,-,5/22/2026,False,,False,
AP03A,1420680,,,-,-,5/22/2026,False,,False,
AP03A,1420681,,,-,-,5/22/2026,False,,False,
AP03A,1420682,,,-,-,5/22/2026,False,,False,
AP03A,1420683,,,-,-,5/22/2026,False,,False,
AP03A,1420684,,,-,-,5/22/2026,False,,False,
AP03A,1420685,,,-,-,5/22/2026,False,,False,
AP03A,1420686,,,-,-,5/22/2026,False,,False,
AP03A,1420687,,,-,-,5/22/2026,False,,False,
AP03A,1420687,U611-RHTOP,95,491257-5,-,5/22/2026,False,5/14/2026 3:07:31 AM,False,5/14/2026 3:07:31 AM
AP03A,1420688,,,-,-,5/22/2026,False,,False,
AP03A,1420689,,,-,-,5/22/2026,False,,False,
AP03A,1420690,,,-,-,5/22/2026,False,,False,
AP03A,1420691,,,-,-,5/22/2026,False,,False,
AP03A,1420692,,,-,-,5/22/2026,False,,False,
AP03A,1420693,,,-,-,5/22/2026,False,,False,
AP03A,1420694,,,-,-,5/22/2026,False,,False,
AP03A,1420695,,,-,-,5/22/2026,False,,False,
AP03A,1420696,,,-,-,5/22/2026,False,,False,
AP03A,1420697,,,-,-,5/22/2026,False,,False,
AP03A,1420698,,,-,-,5/22/2026,False,,False,
AP03A,1420699,,,-,-,5/22/2026,False,,False,
AP03A,1420699,U611-RHTOP,95,491257-6,-,5/22/2026,False,5/14/2026 3:07:33 AM,False,5/14/2026 3:07:33 AM
AP03A,1420700,,,-,-,5/22/2026,False,,False,
AP03A,1420701,,,-,-,5/22/2026,False,,False,
AP03A,1420702,,,-,-,5/22/2026,False,,False,
AP03A,1420703,,,-,-,5/22/2026,False,,False,
AP03A,1420704,,,-,-,5/22/2026,False,,False,
AP03A,1420705,,,-,-,5/22/2026,False,,False,
AP03A,1420706,,,-,-,5/22/2026,False,,False,
AP03A,1420707,,,-,-,5/22/2026,False,,False,
AP03A,1420708,,,-,-,5/22/2026,False,,False,
AP03A,1420709,,,-,-,5/22/2026,False,,False,
AP03A,1420710,,,-,-,5/22/2026,False,,False,
AP03A,1420711,,,-,-,5/22/2026,False,,False,
AP03A,1420712,,,-,-,5/22/2026,False,,False,
AP03A,1420712,U611-RHTOP,95,491257-7,-,5/22/2026,False,5/14/2026 3:07:33 AM,False,5/14/2026 3:07:33 AM
AP03A,1420713,,,-,-,5/22/2026,False,,False,
AP03A,1420714,,,-,-,5/22/2026,False,,False,
AP03A,1420715,,,-,-,5/22/2026,False,,False,
AP03A,1420716,,,-,-,5/22/2026,False,,False,
AP03A,1420717,,,-,-,5/22/2026,False,,False,
AP03A,1420718,,,-,-,5/22/2026,False,,False,
AP03A,1420719,,,-,-,5/22/2026,False,,False,
AP03A,1420720,,,-,-,5/22/2026,False,,False,
AP03A,1420721,,,-,-,5/22/2026,False,,False,
AP03A,1420722,,,-,-,5/22/2026,False,,False,
AP03A,1420723,,,-,-,5/22/2026,False,,False,
AP03A,1420724,,,-,-,5/22/2026,False,,False,
AP03A,1420725,,,-,-,5/22/2026,False,,False,
AP03A,1420725,U611-RHTOP,95,491257-8,-,5/22/2026,False,5/14/2026 3:07:33 AM,False,5/14/2026 3:07:33 AM
AP03A,1420726,,,-,-,5/22/2026,False,,False,
AP03A,1420727,,,-,-,5/22/2026,False,,False,
AP03A,1420728,,,-,-,5/22/2026,False,,False,
AP03A,1420729,,,-,-,5/22/2026,False,,False,
AP03A,1420730,,,-,-,5/22/2026,False,,False,
AP03A,1420731,,,-,-,5/22/2026,False,,False,
AP03A,1420732,,,-,-,5/22/2026,False,,False,
AP03A,1420733,,,-,-,5/22/2026,False,,False,
AP03A,1420734,,,-,-,5/22/2026,False,,False,
AP03A,1420735,,,-,-,5/22/2026,False,,False,
AP03A,1420736,,,-,-,5/22/2026,False,,False,
AP03A,1420737,,,-,-,5/22/2026,False,,False,
AP03A,1420738,,,-,-,5/22/2026,False,,False,
AP03A,1420738,U611-RHTOP,95,491257-9,-,5/22/2026,False,5/14/2026 3:07:34 AM,False,5/14/2026 3:07:34 AM
AP03A,1420739,,,-,-,5/22/2026,False,,False,
AP03A,1420740,,,-,-,5/22/2026,False,,False,
AP03A,1420741,,,-,-,5/22/2026,False,,False,
AP03A,1420742,,,-,-,5/22/2026,False,,False,
AP03A,1420743,,,-,-,5/22/2026,False,,False,
AP03A,1420744,,,-,-,5/22/2026,False,,False,
AP03A,1420745,,,-,-,5/22/2026,False,,False,
AP03A,1420746,,,-,-,5/22/2026,False,,False,
AP03A,1420747,,,-,-,5/22/2026,False,,False,
AP03A,1420748,,,-,-,5/22/2026,False,,False,
AP03A,1420749,,,-,-,5/22/2026,False,,False,
AP03A,1420750,,,-,-,5/22/2026,False,,False,
AP03A,1420751,,,-,-,5/22/2026,False,,False,
AP03A,1420751,U611-RHTOP,95,491257-10,-,5/22/2026,False,5/14/2026 3:07:34 AM,False,5/14/2026 3:07:34 AM
AP03A,1420752,,,-,-,5/22/2026,False,,False,
AP03A,1420753,,,-,-,5/22/2026,False,,False,
AP03A,1420754,,,-,-,5/22/2026,False,,False,
AP03A,1420755,,,-,-,5/22/2026,False,,False,
AP03A,1420756,,,-,-,5/22/2026,False,,False,
AP03A,1420757,,,-,-,5/22/2026,False,,False,
AP03A,1420758,,,-,-,5/22/2026,False,,False,
AP03A,1420759,,,-,-,5/22/2026,False,,False,
AP03A,1420760,,,-,-,5/22/2026,False,,False,
AP03A,1420761,,,-,-,5/22/2026,False,,False,
AP03A,1420762,,,-,-,5/22/2026,False,,False,
AP03A,1420763,,,-,-,5/22/2026,False,,False,
AP03A,1420763,U611-RHTOP,95,491257-11,-,5/22/2026,False,5/14/2026 3:07:34 AM,False,5/14/2026 3:07:34 AM
AP03A,1420764,,,-,-,5/22/2026,False,,False,
AP03A,1420765,,,-,-,5/22/2026,False,,False,
AP03A,1420766,,,-,-,5/22/2026,False,,False,
AP03A,1420767,,,-,-,5/22/2026,False,,False,
AP03A,1420768,,,-,-,5/22/2026,False,,False,
AP03A,1420769,,,-,-,5/22/2026,False,,False,
AP03A,1420770,,,-,-,5/22/2026,False,,False,
AP03A,1420771,,,-,-,5/22/2026,False,,False,
AP03A,1420772,,,-,-,5/22/2026,False,,False,
AP03A,1420773,,,-,-,5/22/2026,False,,False,
AP03A,1420774,,,-,-,5/22/2026,False,,False,
AP03A,1420775,,,-,-,5/22/2026,False,,False,
AP03A,1420776,,,-,-,5/22/2026,False,,False,
AP03A,1420776,U611-RHTOP,95,491257-12,-,5/22/2026,False,5/14/2026 3:07:35 AM,False,5/14/2026 3:07:35 AM
AP03A,1420777,,,-,-,5/22/2026,False,,False,
AP03A,1420778,,,-,-,5/22/2026,False,,False,
AP03A,1420779,,,-,-,5/22/2026,False,,False,
AP03A,1420780,,,-,-,5/22/2026,False,,False,
AP03A,1420781,,,-,-,5/22/2026,False,,False,
AP03A,1420782,,,-,-,5/22/2026,False,,False,
AP03A,1420783,,,-,-,5/22/2026,False,,False,
AP03A,1420784,,,-,-,5/22/2026,False,,False,
AP03A,1420785,,,-,-,5/22/2026,False,,False,
AP03A,1420786,,,-,-,5/22/2026,False,,False,
AP03A,1420787,,,-,-,5/22/2026,False,,False,
AP03A,1420788,,,-,-,5/22/2026,False,,False,
AP03A,1420789,,,-,-,5/22/2026,False,,False,
AP03A,1420789,U611-RHTOP,95,491257-13,-,5/22/2026,False,5/14/2026 3:07:36 AM,False,5/14/2026 3:07:36 AM
AP03A,1420790,,,-,-,5/22/2026,False,,False,
AP03A,1420791,,,-,-,5/22/2026,False,,False,
AP03A,1420792,,,-,-,5/22/2026,False,,False,
AP03A,1420793,,,-,-,5/22/2026,False,,False,
AP03A,1420794,,,-,-,5/22/2026,False,,False,
AP03A,1420795,,,-,-,5/22/2026,False,,False,
AP03A,1420796,,,-,-,5/22/2026,False,,False,
AP03A,1420797,,,-,-,5/22/2026,False,,False,
AP03A,1420798,,,-,-,5/22/2026,False,,False,
AP03A,1420799,,,-,-,5/22/2026,False,,False,
AP03A,1420800,,,-,-,5/22/2026,False,,False,
AP03A,1420801,,,-,-,5/22/2026,False,,False,
AP03A,1420802,,,-,-,5/22/2026,False,,False,
AP03A,1420802,U611-RHTOP,95,491257-14,-,5/22/2026,False,5/14/2026 3:07:36 AM,False,5/14/2026 3:07:36 AM
AP03A,1420803,,,-,-,5/22/2026,False,,False,
AP03A,1420804,,,-,-,5/22/2026,False,,False,
AP03A,1420805,,,-,-,5/22/2026,False,,False,
AP03A,1420806,,,-,-,5/22/2026,False,,False,
AP03A,1420807,,,-,-,5/22/2026,False,,False,
AP03A,1420808,,,-,-,5/22/2026,False,,False,
AP03A,1420809,,,-,-,5/22/2026,False,,False,
AP03A,1420810,,,-,-,5/22/2026,False,,False,
AP03A,1420811,,,-,-,5/22/2026,False,,False,
AP03A,1420812,,,-,-,5/22/2026,False,,False,
AP03A,1420813,,,-,-,5/22/2026,False,,False,
AP03A,1420814,,,-,-,5/22/2026,False,,False,
AP03A,1420815,,,-,-,5/22/2026,False,,False,
AP03A,1420815,U611-RHTOP,95,491257-15,-,5/22/2026,False,5/14/2026 3:07:36 AM,False,5/14/2026 3:07:36 AM
AP03A,1420816,,,-,-,5/22/2026,False,,False,
AP03A,1420817,,,-,-,5/22/2026,False,,False,
AP03A,1420818,,,-,-,5/22/2026,False,,False,
AP03A,1420819,,,-,-,5/22/2026,False,,False,
AP03A,1420820,,,-,-,5/22/2026,False,,False,
AP03A,1420821,,,-,-,5/22/2026,False,,False,
AP03A,1420822,,,-,-,5/22/2026,False,,False,
AP03A,1420823,,,-,-,5/22/2026,False,,False,
AP03A,1420824,,,-,-,5/22/2026,False,,False,
AP03A,1420825,,,-,-,5/22/2026,False,,False,
AP03A,1420826,,,-,-,5/22/2026,False,,False,
AP03A,1420827,,,-,-,5/22/2026,False,,False,
AP03A,1420827,U611-RHTOP,95,491257-16,-,5/22/2026,False,5/14/2026 3:07:37 AM,False,5/14/2026 3:07:37 AM
AP03A,1420828,,,-,-,5/22/2026,False,,False,
AP03A,1420829,,,-,-,5/22/2026,False,,False,
AP03A,1420830,,,-,-,5/22/2026,False,,False,
AP03A,1420831,,,-,-,5/22/2026,False,,False,
AP03A,1420832,,,-,-,5/22/2026,False,,False,
AP03A,1420833,,,-,-,5/22/2026,False,,False,
AP03A,1420834,,,-,-,5/22/2026,False,,False,
AP03A,1420835,,,-,-,5/22/2026,False,,False,
AP03A,1420836,,,-,-,5/22/2026,False,,False,
AP03A,1420837,,,-,-,5/22/2026,False,,False,
AP03A,1420838,,,-,-,5/22/2026,False,,False,
AP03A,1420839,,,-,-,5/22/2026,False,,False,
AP03A,1420840,,,-,-,5/22/2026,False,,False,
AP03A,1420840,U611-RHTOP,95,491257-17,-,5/22/2026,False,5/14/2026 3:07:37 AM,False,5/14/2026 3:07:37 AM
AP03A,1420841,,,-,-,5/22/2026,False,,False,
AP03A,1420842,,,-,-,5/22/2026,False,,False,
AP03A,1420843,,,-,-,5/22/2026,False,,False,
AP03A,1420844,,,-,-,5/22/2026,False,,False,
AP03A,1420845,,,-,-,5/22/2026,False,,False,
AP03A,1420846,,,-,-,5/22/2026,False,,False,
AP03A,1420847,,,-,-,5/22/2026,False,,False,
AP03A,1420848,,,-,-,5/22/2026,False,,False,
AP03A,1420849,,,-,-,5/22/2026,False,,False,
AP03A,1420850,,,-,-,5/22/2026,False,,False,
AP03A,1420851,,,-,-,5/22/2026,False,,False,
AP03A,1420852,,,-,-,5/22/2026,False,,False,
AP03A,1420853,,,-,-,5/22/2026,False,,False,
AP03A,1420853,U611-RHTOP,95,491257-18,-,5/22/2026,False,5/14/2026 3:07:37 AM,False,5/14/2026 3:07:37 AM
AP03A,1420854,,,-,-,5/22/2026,False,,False,
AP03A,1420855,,,-,-,5/22/2026,False,,False,
AP03A,1420856,,,-,-,5/22/2026,False,,False,
AP03A,1420857,,,-,-,5/22/2026,False,,False,
AP03A,1420858,,,-,-,5/22/2026,False,,False,
AP03A,1420859,,,-,-,5/22/2026,False,,False,
AP03A,1420860,,,-,-,5/22/2026,False,,False,
AP03A,1420861,,,-,-,5/22/2026,False,,False,
AP03A,1420862,,,-,-,5/22/2026,False,,False,
AP03A,1420863,,,-,-,5/22/2026,False,,False,
AP03A,1420864,,,-,-,5/22/2026,False,,False,
AP03A,1420865,,,-,-,5/22/2026,False,,False,
AP03A,1420866,,,-,-,5/22/2026,False,,False,
AP03A,1420866,U611-RHTOP,95,491257-19,-,5/22/2026,False,5/14/2026 3:07:37 AM,False,5/14/2026 3:07:37 AM
AP03A,1420867,,,-,-,5/22/2026,False,,False,
AP03A,1420868,,,-,-,5/22/2026,False,,False,
AP03A,1420869,,,-,-,5/22/2026,False,,False,
AP03A,1420870,,,-,-,5/22/2026,False,,False,
AP03A,1420871,,,-,-,5/22/2026,False,,False,
AP03A,1420872,,,-,-,5/22/2026,False,,False,
AP03A,1420873,,,-,-,5/22/2026,False,,False,
AP03A,1420874,,,-,-,5/22/2026,False,,False,
AP03A,1420875,,,-,-,5/22/2026,False,,False,
AP03A,1420876,,,-,-,5/22/2026,False,,False,
AP03A,1420877,,,-,-,5/22/2026,False,,False,
AP03A,1420878,,,-,-,5/22/2026,False,,False,
AP03A,1420879,,,-,-,5/22/2026,False,,False,
AP03A,1420879,U611-RHTOP,95,491257-20,-,5/22/2026,False,5/14/2026 3:07:38 AM,False,5/14/2026 3:07:38 AM
AP03A,1420880,,,-,-,5/22/2026,False,,False,
AP03A,1420881,,,-,-,5/22/2026,False,,False,
AP03A,1420882,,,-,-,5/22/2026,False,,False,
AP03A,1420883,,,-,-,5/22/2026,False,,False,
AP03A,1420884,,,-,-,5/22/2026,False,,False,
AP03A,1420885,,,-,-,5/22/2026,False,,False,
AP03A,1420886,,,-,-,5/22/2026,False,,False,
AP03A,1420887,,,-,-,5/22/2026,False,,False,
AP03A,1420888,,,-,-,5/22/2026,False,,False,
AP03A,1420889,,,-,-,5/22/2026,False,,False,
AP03A,1420890,,,-,-,5/22/2026,False,,False,
AP03A,1420891,,,-,-,5/22/2026,False,,False,
AP03A,1420891,U611-RHTOP,95,491257-21,-,5/22/2026,False,5/14/2026 3:07:38 AM,False,5/14/2026 3:07:38 AM
AP03A,1420892,,,-,-,5/22/2026,False,,False,
AP03A,1420893,,,-,-,5/22/2026,False,,False,
AP03A,1420894,,,-,-,5/22/2026,False,,False,
AP03A,1420895,,,-,-,5/22/2026,False,,False,
AP03A,1420896,,,-,-,5/22/2026,False,,False,
AP03A,1420897,,,-,-,5/22/2026,False,,False,
AP03A,1420898,,,-,-,5/22/2026,False,,False,
AP03A,1420899,,,-,-,5/22/2026,False,,False,
AP03A,1420900,,,-,-,5/22/2026,False,,False,
AP03A,1420901,,,-,-,5/22/2026,False,,False,
AP03A,1420902,,,-,-,5/22/2026,False,,False,
AP03A,1420903,,,-,-,5/22/2026,False,,False,
AP03A,1420904,,,-,-,5/22/2026,False,,False,
AP03A,1420904,U611-RHTOP,95,491257-22,-,5/22/2026,False,5/14/2026 3:07:39 AM,False,5/14/2026 3:07:39 AM
AP03A,1420905,,,-,-,5/22/2026,False,,False,
AP03A,1420906,,,-,-,5/22/2026,False,,False,
AP03A,1420907,,,-,-,5/22/2026,False,,False,
AP03A,1420908,,,-,-,5/22/2026,False,,False,
AP03A,1420909,,,-,-,5/22/2026,False,,False,
AP03A,1420910,,,-,-,5/22/2026,False,,False,
AP03A,1420911,,,-,-,5/22/2026,False,,False,
AP03A,1420912,,,-,-,5/22/2026,False,,False,
AP03A,1420913,,,-,-,5/22/2026,False,,False,
AP03A,1420914,,,-,-,5/22/2026,False,,False,
AP03A,1420915,,,-,-,5/22/2026,False,,False,
AP03A,1420916,,,-,-,5/22/2026,False,,False,
AP03A,1420917,,,-,-,5/22/2026,False,,False,
AP03A,1420917,U611-RHTOP,95,491257-23,-,5/22/2026,False,5/14/2026 3:07:39 AM,False,5/14/2026 3:07:39 AM
AP03A,1420918,,,-,-,5/22/2026,False,,False,
AP03A,1420919,,,-,-,5/22/2026,False,,False,
AP03A,1420920,,,-,-,5/22/2026,False,,False,
AP03A,1420921,,,-,-,5/22/2026,False,,False,
AP03A,1420922,,,-,-,5/22/2026,False,,False,
AP03A,1420923,,,-,-,5/22/2026,False,,False,
AP03A,1420924,,,-,-,5/22/2026,False,,False,
AP03A,1420925,,,-,-,5/22/2026,False,,False,
AP03A,1420926,,,-,-,5/22/2026,False,,False,
AP03A,1420927,,,-,-,5/22/2026,False,,False,
AP03A,1420928,,,-,-,5/22/2026,False,,False,
AP03A,1420929,,,-,-,5/22/2026,False,,False,
AP03A,1420930,,,-,-,5/22/2026,False,,False,
AP03A,1420931,,,-,-,5/22/2026,False,,False,
AP03A,1420932,,,-,-,5/22/2026,False,,False,
AP03A,1420933,,,-,-,5/22/2026,False,,False,
AP03A,1420934,,,-,-,5/22/2026,False,,False,
AP03A,1420935,,,-,-,5/22/2026,False,,False,
AP03A,1420936,,,-,-,5/22/2026,False,,False,
AP03A,1420937,,,-,-,5/22/2026,False,,False,
AP03A,1420938,,,-,-,5/22/2026,False,,False,
AP03A,1420939,,,-,-,5/22/2026,False,,False,
AP03A,1420940,,,-,-,5/22/2026,False,,False,
AP03A,1420941,,,-,-,5/22/2026,False,,False,
AP03A,1420942,,,-,-,5/22/2026,False,,False,
AP03A,1420943,,,-,-,5/22/2026,False,,False,
AP03A,1420944,,,-,-,5/22/2026,False,,False,
AP03A,1420945,,,-,-,5/22/2026,False,,False,
AP03A,1420946,,,-,-,5/22/2026,False,,False,
AP03A,1420947,,,-,-,5/22/2026,False,,False,
AP03A,1420948,,,-,-,5/22/2026,False,,False,
AP03A,1420949,,,-,-,5/22/2026,False,,False,
AP03A,1420950,,,-,-,5/22/2026,False,,False,
AP03A,1420951,,,-,-,5/22/2026,False,,False,
AP03A,1420952,,,-,-,5/22/2026,False,,False,
AP03A,1420953,,,-,-,5/22/2026,False,,False,
AP03A,1420954,,,-,-,5/22/2026,False,,False,
AP03A,1420955,,,-,-,5/22/2026,False,,False,
AP03A,1420956,,,-,-,5/22/2026,False,,False,
AP03A,1420957,,,-,-,5/22/2026,False,,False,
AP03A,1420958,,,-,-,5/22/2026,False,,False,
AP03A,1420959,,,-,-,5/22/2026,False,,False,
AP03A,1420960,,,-,-,5/22/2026,False,,False,
AP03A,1420961,,,-,-,5/22/2026,False,,False,
AP03A,1420962,,,-,-,5/22/2026,False,,False,
AP03A,1420963,,,-,-,5/22/2026,False,,False,
AP03A,1420964,,,-,-,5/22/2026,False,,False,
AP03A,1420965,,,-,-,5/22/2026,False,,False,
AP03A,1420966,,,-,-,5/22/2026,False,,False,
AP03A,1420967,,,-,-,5/22/2026,False,,False,
AP03A,1420968,,,-,-,5/22/2026,False,,False,
AP03A,1420969,,,-,-,5/22/2026,False,,False,
AP03A,1420970,,,-,-,5/22/2026,False,,False,
AP03A,1420971,,,-,-,5/22/2026,False,,False,
AP03A,1420972,,,-,-,5/22/2026,False,,False,
AP03A,1420973,,,-,-,5/22/2026,False,,False,
AP03A,1420974,,,-,-,5/22/2026,False,,False,
AP03A,1420975,,,-,-,5/22/2026,False,,False,
AP03A,1420976,,,-,-,5/22/2026,False,,False,
AP03A,1420977,,,-,-,5/22/2026,False,,False,
AP03A,1420978,,,-,-,5/22/2026,False,,False,
AP03A,1420979,,,-,-,5/22/2026,False,,False,
AP03A,1420980,,,-,-,5/22/2026,False,,False,
AP03A,1420981,,,-,-,5/22/2026,False,,False,
AP03A,1420982,,,-,-,5/22/2026,False,,False,
AP03A,1420983,,,-,-,5/22/2026,False,,False,
AP03A,1420984,,,-,-,5/22/2026,False,,False,
AP03A,1420985,,,-,-,5/22/2026,False,,False,
AP03A,1420986,,,-,-,5/22/2026,False,,False,
AP03A,1420987,,,-,-,5/22/2026,False,,False,
AP03A,1420988,,,-,-,5/22/2026,False,,False,
AP03A,1420989,,,-,-,5/22/2026,False,,False,
AP03A,1420990,,,-,-,5/22/2026,False,,False,
AP03A,1420991,,,-,-,5/22/2026,False,,False,
AP03A,1420992,,,-,-,5/22/2026,False,,False,
AP03A,1420993,,,-,-,5/22/2026,False,,False,
AP03A,1420994,,,-,-,5/22/2026,False,,False,
AP03A,1420995,,,-,-,5/22/2026,False,,False,
AP03A,1420996,,,-,-,5/22/2026,False,,False,
AP03A,1420997,,,-,-,5/22/2026,False,,False,
AP03A,1420998,,,-,-,5/22/2026,False,,False,
AP03A,1420999,,,-,-,5/22/2026,False,,False,
AP03A,1421000,,,-,-,5/22/2026,False,,False,
AP03A,1421001,,,-,-,5/22/2026,False,,False,
AP03A,1421002,,,-,-,5/22/2026,False,,False,
AP03A,1421003,,,-,-,5/22/2026,False,,False,
AP03A,1421004,,,-,-,5/22/2026,False,,False,
AP03A,1421005,,,-,-,5/22/2026,False,,False,
AP03A,1421006,,,-,-,5/22/2026,False,,False,
AP03A,1421007,,,-,-,5/22/2026,False,,False,
AP03A,1421008,,,-,-,5/22/2026,False,,False,
AP03A,1421009,,,-,-,5/22/2026,False,,False,
AP03A,1421010,,,-,-,5/22/2026,False,,False,
AP03A,1421011,,,-,-,5/22/2026,False,,False,
AP03A,1421012,,,-,-,5/22/2026,False,,False,
AP03A,1421013,,,-,-,5/22/2026,False,,False,
AP03A,1421014,,,-,-,5/22/2026,False,,False,
AP03A,1421015,,,-,-,5/22/2026,False,,False,
AP03A,1421016,,,-,-,5/22/2026,False,,False,
AP03A,1421017,,,-,-,5/22/2026,False,,False,
AP03A,1421018,,,-,-,5/22/2026,False,,False,
AP03A,1421019,,,-,-,5/22/2026,False,,False,
AP03A,1421020,,,-,-,5/22/2026,False,,False,
AP03A,1421021,,,-,-,5/22/2026,False,,False,
AP03A,1421022,,,-,-,5/22/2026,False,,False,
AP03A,1421023,,,-,-,5/22/2026,False,,False,
AP03A,1421024,,,-,-,5/22/2026,False,,False,
AP03A,1421025,,,-,-,5/22/2026,False,,False,
AP03A,1421026,,,-,-,5/22/2026,False,,False,
AP03A,1421027,,,-,-,5/22/2026,False,,False,
AP03A,1421028,,,-,-,5/22/2026,False,,False,
AP03A,1421029,,,-,-,5/22/2026,False,,False,
AP03A,1421030,,,-,-,5/22/2026,False,,False,
AP03A,1421031,,,-,-,5/22/2026,False,,False,
AP03A,1421032,,,-,-,5/22/2026,False,,False,
AP03A,1421033,,,-,-,5/22/2026,False,,False,
AP03A,1421034,,,-,-,5/22/2026,False,,False,
AP03A,1421035,,,-,-,5/22/2026,False,,False,
AP03A,1421036,,,-,-,5/22/2026,False,,False,
AP03A,1421037,,,-,-,5/22/2026,False,,False,
AP03A,1421038,,,-,-,5/22/2026,False,,False,
AP03A,1421039,,,-,-,5/22/2026,False,,False,
AP03A,1421040,,,-,-,5/22/2026,False,,False,
AP03A,1421041,,,-,-,5/22/2026,False,,False,
AP03A,1421042,,,-,-,5/22/2026,False,,False,
AP03A,1421043,,,-,-,5/22/2026,False,,False,
AP03A,1421044,,,-,-,5/22/2026,False,,False,
AP03A,1421045,,,-,-,5/22/2026,False,,False,
AP03A,1421046,,,-,-,5/22/2026,False,,False,
AP03A,1421047,,,-,-,5/22/2026,False,,False,
AP03A,1421048,,,-,-,5/22/2026,False,,False,
AP03A,1421049,,,-,-,5/22/2026,False,,False,
AP03A,1421050,,,-,-,5/22/2026,False,,False,
AP03A,1421051,,,-,-,5/22/2026,False,,False,
AP03A,1421052,,,-,-,5/22/2026,False,,False,
AP03A,1421053,,,-,-,5/22/2026,False,,False,
AP03A,1421054,,,-,-,5/22/2026,False,,False,
AP03A,1421055,,,-,-,5/22/2026,False,,False,
AP03A,1421056,,,-,-,5/22/2026,False,,False,
AP03A,1421057,,,-,-,5/22/2026,False,,False,
AP03A,1421058,,,-,-,5/22/2026,False,,False,
AP03A,1421059,,,-,-,5/22/2026,False,,False,
AP03A,1421060,,,-,-,5/22/2026,False,,False,
AP03A,1421061,,,-,-,5/22/2026,False,,False,
AP03A,1421062,,,-,-,5/22/2026,False,,False,
AP03A,1421063,,,-,-,5/22/2026,False,,False,
AP03A,1421064,,,-,-,5/22/2026,False,,False,
AP03A,1421065,,,-,-,5/22/2026,False,,False,
AP03A,1421066,,,-,-,5/22/2026,False,,False,
AP03A,1421067,,,-,-,5/22/2026,False,,False,
AP03A,1421068,,,-,-,5/22/2026,False,,False,
AP03A,1421069,,,-,-,5/22/2026,False,,False,
AP03A,1421070,,,-,-,5/22/2026,False,,False,
AP03A,1421071,,,-,-,5/22/2026,False,,False,
AP03A,1421072,,,-,-,5/22/2026,False,,False,
AP03A,1421073,,,-,-,5/22/2026,False,,False,
AP03A,1421074,,,-,-,5/22/2026,False,,False,
AP03A,1421075,,,-,-,5/22/2026,False,,False,
AP03A,1421076,,,-,-,5/22/2026,False,,False,
AP03A,1421077,,,-,-,5/22/2026,False,,False,
AP03A,1421078,,,-,-,5/22/2026,False,,False,
AP03A,1421079,,,-,-,5/22/2026,False,,False,
AP03A,1421080,,,-,-,5/22/2026,False,,False,
AP03A,1421081,,,-,-,5/22/2026,False,,False,
AP03A,1421082,,,-,-,5/22/2026,False,,False,
AP03A,1421083,,,-,-,5/22/2026,False,,False,
AP03A,1421084,,,-,-,5/22/2026,False,,False,
AP03A,1421085,,,-,-,5/22/2026,False,,False,
AP03A,1421086,,,-,-,5/22/2026,False,,False,
AP03A,1421087,,,-,-,5/22/2026,False,,False,
AP03A,1421088,,,-,-,5/22/2026,False,,False,
AP03A,1421089,,,-,-,5/22/2026,False,,False,
AP03A,1421090,,,-,-,5/22/2026,False,,False,
AP03A,1421091,,,-,-,5/22/2026,False,,False,
AP03A,1421092,,,-,-,5/22/2026,False,,False,
AP03A,1421093,,,-,-,5/22/2026,False,,False,
AP03A,1421094,,,-,-,5/22/2026,False,,False,
AP03A,1421095,,,-,-,5/22/2026,False,,False,
AP03A,1421096,,,-,-,5/22/2026,False,,False,
AP03A,1421097,,,-,-,5/22/2026,False,,False,
AP03A,1421098,,,-,-,5/22/2026,False,,False,
AP03A,1421099,,,-,-,5/22/2026,False,,False,
AP03A,1421100,,,-,-,5/22/2026,False,,False,
AP03A,1421101,,,-,-,5/22/2026,False,,False,
AP03A,1421102,,,-,-,5/22/2026,False,,False,
AP03A,1421103,,,-,-,5/22/2026,False,,False,
AP03A,1421104,,,-,-,5/22/2026,False,,False,
AP03A,1421105,,,-,-,5/22/2026,False,,False,
AP03A,1421106,,,-,-,5/22/2026,False,,False,
AP03A,1421107,,,-,-,5/22/2026,False,,False,
AP03A,1421108,,,-,-,5/22/2026,False,,False,
AP03A,1421109,,,-,-,5/22/2026,False,,False,
AP03A,1421110,,,-,-,5/22/2026,False,,False,
AP03A,1421111,,,-,-,5/22/2026,False,,False,
AP03A,1421112,,,-,-,5/22/2026,False,,False,
AP03A,1421113,,,-,-,5/22/2026,False,,False,
AP03A,1421114,,,-,-,5/22/2026,False,,False,
AP03A,1421115,,,-,-,5/22/2026,False,,False,
AP03A,1421116,,,-,-,5/22/2026,False,,False,
AP03A,1421117,,,-,-,5/22/2026,False,,False,
AP03A,1421118,,,-,-,5/22/2026,False,,False,
AP03A,1421119,,,-,-,5/22/2026,False,,False,
AP03A,1421120,,,-,-,5/22/2026,False,,False,
AP03A,1421121,,,-,-,5/22/2026,False,,False,
AP03A,1421122,,,-,-,5/22/2026,False,,False,
AP03A,1421123,,,-,-,5/22/2026,False,,False,
AP03A,1421124,,,-,-,5/22/2026,False,,False,
AP03A,1421125,,,-,-,5/22/2026,False,,False,
AP03A,1421126,,,-,-,5/22/2026,False,,False,
AP03A,1421127,,,-,-,5/22/2026,False,,False,
AP03A,1421128,,,-,-,5/22/2026,False,,False,
AP03A,1431129,,,-,-,5/22/2026,False,,False,
AP03A,1431130,,,-,-,5/22/2026,False,,False,
AP03A,1431131,,,-,-,5/22/2026,False,,False,
AP03A,1431132,,,-,-,5/22/2026,False,,False,
AP03A,1431133,,,-,-,5/22/2026,False,,False,
AP03A,1431134,,,-,-,5/22/2026,False,,False,
AP03A,1431135,,,-,-,5/22/2026,False,,False,
AP03A,1431136,,,-,-,5/22/2026,False,,False,
AP03A,1431137,,,-,-,5/22/2026,False,,False,
AP03A,1431138,,,-,-,5/22/2026,False,,False,
AP03A,1431139,,,-,-,5/22/2026,False,,False,
AP03A,1431140,,,-,-,5/22/2026,False,,False,
AP03A,1431141,,,-,-,5/22/2026,False,,False,
AP03A,1431142,,,-,-,5/22/2026,False,,False,
AP03A,1431143,,,-,-,5/22/2026,False,,False,
AP03A,1431144,,,-,-,5/22/2026,False,,False,
AP03A,1431145,,,-,-,5/22/2026,False,,False,
AP03A,1431146,,,-,-,5/22/2026,False,,False,
AP03A,1431147,,,-,-,5/22/2026,False,,False,
AP03A,1431148,,,-,-,5/22/2026,False,,False,
AP03A,1431149,,,-,-,5/22/2026,False,,False,
AP03A,1431150,,,-,-,5/22/2026,False,,False,
AP03A,1431151,,,-,-,5/22/2026,False,,False,
AP03A,1431152,,,-,-,5/22/2026,False,,False,
AP03A,1431153,,,-,-,5/22/2026,False,,False,
AP03A,1431154,,,-,-,5/22/2026,False,,False,
AP03A,1431155,,,-,-,5/22/2026,False,,False,
AP03A,1431156,,,-,-,5/22/2026,False,,False,
AP03A,1431157,,,-,-,5/22/2026,False,,False,
AP03A,1431158,,,-,-,5/22/2026,False,,False,
AP03A,1431159,,,-,-,5/22/2026,False,,False,
AP03A,1431160,,,-,-,5/22/2026,False,,False,
AP03A,1431161,,,-,-,5/22/2026,False,,False,
AP03A,1431162,,,-,-,5/22/2026,False,,False,
AP03A,1431163,,,-,-,5/22/2026,False,,False,
AP03A,1431164,,,-,-,5/22/2026,False,,False,
AP03A,1431165,,,-,-,5/22/2026,False,,False,
AP03A,1431166,,,-,-,5/22/2026,False,,False,
AP03A,1431167,,,-,-,5/22/2026,False,,False,
AP03A,1431168,,,-,-,5/22/2026,False,,False,
AP03A,1431169,,,-,-,5/22/2026,False,,False,
AP03A,1431170,,,-,-,5/22/2026,False,,False,
AP03A,1431171,,,-,-,5/22/2026,False,,False,
AP03A,1431172,,,-,-,5/22/2026,False,,False,
AP03A,1431173,,,-,-,5/22/2026,False,,False,
AP03A,1431174,,,-,-,5/22/2026,False,,False,
AP03A,1431175,,,-,-,5/22/2026,False,,False,
AP03A,1431176,,,-,-,5/22/2026,False,,False,
AP03A,1431177,,,-,-,5/22/2026,False,,False,
AP03A,1431178,,,-,-,5/22/2026,False,,False,
AP03A,1431179,,,-,-,5/22/2026,False,,False,
AP03A,1431180,,,-,-,5/22/2026,False,,False,
AP03A,1431181,,,-,-,5/22/2026,False,,False,
AP03A,1431182,,,-,-,5/22/2026,False,,False,
AP03A,1431183,,,-,-,5/22/2026,False,,False,
AP03A,1431184,,,-,-,5/22/2026,False,,False,
AP03A,1431185,,,-,-,5/22/2026,False,,False,
AP03A,1431186,,,-,-,5/22/2026,False,,False,
AP03A,1431187,,,-,-,5/22/2026,False,,False,
AP03A,1431188,,,-,-,5/22/2026,False,,False,
AP03A,1431189,,,-,-,5/22/2026,False,,False,
AP03A,1431190,,,-,-,5/22/2026,False,,False,
AP03A,1431191,,,-,-,5/22/2026,False,,False,
AP03A,1431192,,,-,-,5/22/2026,False,,False,
AP03A,1431193,,,-,-,5/22/2026,False,,False,
AP03A,1431194,,,-,-,5/22/2026,False,,False,
AP03A,1431195,,,-,-,5/22/2026,False,,False,
AP03A,1431196,,,-,-,5/22/2026,False,,False,
AP03A,1431197,,,-,-,5/22/2026,False,,False,
AP03A,1431198,,,-,-,5/22/2026,False,,False,
AP03A,1431199,,,-,-,5/22/2026,False,,False,
AP03A,1431200,,,-,-,5/22/2026,False,,False,
AP03A,1431201,,,-,-,5/22/2026,False,,False,
AP03A,1431202,,,-,-,5/22/2026,False,,False,
AP03A,1431203,,,-,-,5/22/2026,False,,False,
AP03A,1431204,,,-,-,5/22/2026,False,,False,
AP03A,1431205,,,-,-,5/22/2026,False,,False,
AP03A,1431206,,,-,-,5/22/2026,False,,False,
AP03A,1431207,,,-,-,5/22/2026,False,,False,
AP03A,1431208,,,-,-,5/22/2026,False,,False,
AP03A,1431209,,,-,-,5/22/2026,False,,False,
AP03A,1431210,,,-,-,5/22/2026,False,,False,
AP03A,1431211,,,-,-,5/22/2026,False,,False,
AP03A,1431212,,,-,-,5/22/2026,False,,False,
AP03A,1431213,,,-,-,5/22/2026,False,,False,
AP03A,1431214,,,-,-,5/22/2026,False,,False,
AP03A,1431215,,,-,-,5/22/2026,False,,False,
AP03A,1431216,,,-,-,5/22/2026,False,,False,
AP03A,1431217,,,-,-,5/22/2026,False,,False,
AP03A,1431218,,,-,-,5/22/2026,False,,False,
AP03A,1431219,,,-,-,5/22/2026,False,,False,
AP03A,1431220,,,-,-,5/22/2026,False,,False,
AP03A,1431221,,,-,-,5/22/2026,False,,False,
AP03A,1431222,,,-,-,5/22/2026,False,,False,
AP03A,1431223,,,-,-,5/22/2026,False,,False,
AP03A,1431224,,,-,-,5/22/2026,False,,False,
AP03A,1431225,,,-,-,5/22/2026,False,,False,
AP03A,1431226,,,-,-,5/22/2026,False,,False,
AP03A,1431227,,,-,-,5/22/2026,False,,False,
AP03A,1431228,,,-,-,5/22/2026,False,,False,
AP03A,1431229,,,-,-,5/22/2026,False,,False,
AP03A,1431230,,,-,-,5/22/2026,False,,False,
AP03A,1431231,,,-,-,5/22/2026,False,,False,
AP03A,1431232,,,-,-,5/22/2026,False,,False,
AP03A,1431233,,,-,-,5/22/2026,False,,False,
AP03A,1431234,,,-,-,5/22/2026,False,,False,
AP03A,1431235,,,-,-,5/22/2026,False,,False,
AP03A,1431236,,,-,-,5/22/2026,False,,False,
AP03A,1431237,,,-,-,5/22/2026,False,,False,
AP03A,1431238,,,-,-,5/22/2026,False,,False,
AP03A,1431239,,,-,-,5/22/2026,False,,False,
AP03A,1431240,,,-,-,5/22/2026,False,,False,
AP03A,1431241,,,-,-,5/22/2026,False,,False,
AP03A,1431242,,,-,-,5/22/2026,False,,False,
AP03A,1431243,,,-,-,5/22/2026,False,,False,
AP03A,1431244,,,-,-,5/22/2026,False,,False,
AP03A,1431245,,,-,-,5/22/2026,False,,False,
AP03A,1431246,,,-,-,5/22/2026,False,,False,
AP03A,1431247,,,-,-,5/22/2026,False,,False,
AP03A,1431248,,,-,-,5/22/2026,False,,False,
AP03A,1431249,,,-,-,5/22/2026,False,,False,
AP03A,1431250,,,-,-,5/22/2026,False,,False,
AP03A,1431251,,,-,-,5/22/2026,False,,False,
AP03A,1431252,,,-,-,5/22/2026,False,,False,
AP03A,1431253,,,-,-,5/22/2026,False,,False,
AP03A,1431254,,,-,-,5/22/2026,False,,False,
AP03A,1431255,,,-,-,5/22/2026,False,,False,
AP03A,1431256,,,-,-,5/22/2026,False,,False,
AP03A,1431257,,,-,-,5/22/2026,False,,False,
AP03A,1431258,,,-,-,5/22/2026,False,,False,
AP03A,1431259,,,-,-,5/22/2026,False,,False,
AP03A,1431260,,,-,-,5/22/2026,False,,False,
AP03A,1431261,,,-,-,5/22/2026,False,,False,
AP03A,1431262,,,-,-,5/22/2026,False,,False,
AP03A,1431263,,,-,-,5/22/2026,False,,False,
AP03A,1431264,,,-,-,5/22/2026,False,,False,
AP03A,1431265,,,-,-,5/22/2026,False,,False,
AP03A,1431266,,,-,-,5/22/2026,False,,False,
AP03A,1431267,,,-,-,5/22/2026,False,,False,
AP03A,1431268,,,-,-,5/22/2026,False,,False,
AP03A,1431269,,,-,-,5/22/2026,False,,False,
AP03A,1431270,,,-,-,5/22/2026,False,,False,
AP03A,1431271,,,-,-,5/22/2026,False,,False,
AP03A,1431272,,,-,-,5/22/2026,False,,False,
AP03A,1431273,,,-,-,5/22/2026,False,,False,
AP03A,1431274,,,-,-,5/22/2026,False,,False,
AP03A,1431275,,,-,-,5/22/2026,False,,False,
AP03A,1431276,,,-,-,5/22/2026,False,,False,
AP03A,1431277,,,-,-,5/22/2026,False,,False,
AP03A,1431278,,,-,-,5/22/2026,False,,False,
AP03A,1431279,,,-,-,5/22/2026,False,,False,
AP03A,1431280,,,-,-,5/22/2026,False,,False,
AP03A,1431281,,,-,-,5/22/2026,False,,False,
AP03A,1431282,,,-,-,5/22/2026,False,,False,
AP03A,1431283,,,-,-,5/22/2026,False,,False,
AP03A,1431284,,,-,-,5/22/2026,False,,False,
AP03A,1431285,,,-,-,5/22/2026,False,,False,
AP03A,1431286,,,-,-,5/22/2026,False,,False,
AP03A,1431287,,,-,-,5/22/2026,False,,False,
AP03A,1431288,,,-,-,5/22/2026,False,,False,
AP03A,1431289,,,-,-,5/22/2026,False,,False,
AP03A,1431290,,,-,-,5/22/2026,False,,False,
AP03A,1431291,,,-,-,5/22/2026,False,,False,
AP03A,1431292,,,-,-,5/22/2026,False,,False,
AP03A,1431293,,,-,-,5/22/2026,False,,False,
AP03A,1431294,,,-,-,5/22/2026,False,,False,
AP03A,1431295,,,-,-,5/22/2026,False,,False,
AP03A,1431296,,,-,-,5/22/2026,False,,False,
AP03A,1431297,,,-,-,5/22/2026,False,,False,
AP03A,1431298,,,-,-,5/22/2026,False,,False,
AP03A,1431299,,,-,-,5/22/2026,False,,False,
AP03A,1431300,,,-,-,5/22/2026,False,,False,
AP03A,1431301,,,-,-,5/22/2026,False,,False,
AP03A,1431302,,,-,-,5/22/2026,False,,False,
AP03A,1431303,,,-,-,5/22/2026,False,,False,
AP03A,1431304,,,-,-,5/22/2026,False,,False,
AP03A,1431305,,,-,-,5/22/2026,False,,False,
AP03A,1431306,,,-,-,5/22/2026,False,,False,
AP03A,1431307,,,-,-,5/22/2026,False,,False,
AP03A,1431308,,,-,-,5/22/2026,False,,False,
AP03A,1431309,,,-,-,5/22/2026,False,,False,
AP03A,1431310,,,-,-,5/22/2026,False,,False,
AP03A,1431311,,,-,-,5/22/2026,False,,False,
AP03A,1431312,,,-,-,5/22/2026,False,,False,
AP03A,1431313,,,-,-,5/22/2026,False,,False,
AP03A,1431314,,,-,-,5/22/2026,False,,False,
AP03A,1431315,,,-,-,5/22/2026,False,,False,
AP03A,1431316,,,-,-,5/22/2026,False,,False,
AP03A,1431317,,,-,-,5/22/2026,False,,False,
AP03A,1431318,,,-,-,5/22/2026,False,,False,
AP03A,1431319,,,-,-,5/22/2026,False,,False,
AP03A,1431320,,,-,-,5/22/2026,False,,False,
AP03A,1431321,,,-,-,5/22/2026,False,,False,
AP03A,1431322,,,-,-,5/22/2026,False,,False,
AP03A,1431323,,,-,-,5/22/2026,False,,False,
AP03A,1431324,,,-,-,5/22/2026,False,,False,
AP03A,1431325,,,-,-,5/22/2026,False,,False,
AP03A,1431326,,,-,-,5/22/2026,False,,False,
AP03A,1431327,,,-,-,5/22/2026,False,,False,
AP03A,1431328,,,-,-,5/22/2026,False,,False,
AP03A,1431329,,,-,-,5/22/2026,False,,False,
AP03A,1431330,,,-,-,5/22/2026,False,,False,
AP03A,1431331,,,-,-,5/22/2026,False,,False,
AP03A,1431332,,,-,-,5/22/2026,False,,False,
AP03A,1431333,,,-,-,5/22/2026,False,,False,
AP03A,1431334,,,-,-,5/22/2026,False,,False,
AP03A,1431335,,,-,-,5/22/2026,False,,False,
AP03A,1431336,,,-,-,5/22/2026,False,,False,
AP03A,1431337,,,-,-,5/22/2026,False,,False,
AP03A,1431338,,,-,-,5/22/2026,False,,False,
AP03A,1431339,,,-,-,5/22/2026,False,,False,
AP03A,1431340,,,-,-,5/22/2026,False,,False,
AP03A,1431341,,,-,-,5/22/2026,False,,False,
AP03A,1431342,,,-,-,5/22/2026,False,,False,
AP03A,1431343,,,-,-,5/22/2026,False,,False,
AP03A,1431344,,,-,-,5/22/2026,False,,False,
AP03A,1431345,,,-,-,5/22/2026,False,,False,
AP03A,1431346,,,-,-,5/22/2026,False,,False,
AP03A,1431347,,,-,-,5/22/2026,False,,False,
AP03A,1431348,,,-,-,5/22/2026,False,,False,
AP03A,1431349,,,-,-,5/22/2026,False,,False,
AP03A,1431350,,,-,-,5/22/2026,False,,False,
AP03A,1431351,,,-,-,5/22/2026,False,,False,
AP03A,1431352,,,-,-,5/22/2026,False,,False,
AP03A,1431353,,,-,-,5/22/2026,False,,False,
AP03A,1431354,,,-,-,5/22/2026,False,,False,
AP03A,1431355,,,-,-,5/22/2026,False,,False,
AP03A,1431356,,,-,-,5/22/2026,False,,False,
AP03A,1431357,,,-,-,5/22/2026,False,,False,
AP03A,1431358,,,-,-,5/22/2026,False,,False,
AP03A,1431359,,,-,-,5/22/2026,False,,False,
AP03A,1431360,,,-,-,5/22/2026,False,,False,
AP03A,1431361,,,-,-,5/22/2026,False,,False,
AP03A,1431362,,,-,-,5/22/2026,False,,False,
AP03A,1431363,,,-,-,5/22/2026,False,,False,
AP03A,1431364,,,-,-,5/22/2026,False,,False,
AP03A,1431365,,,-,-,5/22/2026,False,,False,
AP03A,1431366,,,-,-,5/22/2026,False,,False,
AP03A,1431367,,,-,-,5/22/2026,False,,False,
AP03A,1431368,,,-,-,5/22/2026,False,,False,
AP03A,1431369,,,-,-,5/22/2026,False,,False,
AP03A,1431370,,,-,-,5/22/2026,False,,False,
AP03A,1431371,,,-,-,5/22/2026,False,,False,
AP03A,1431372,,,-,-,5/22/2026,False,,False,
AP03A,1431373,,,-,-,5/22/2026,False,,False,
AP03A,1431374,,,-,-,5/22/2026,False,,False,
AP03A,1431375,,,-,-,5/22/2026,False,,False,
AP03A,1431376,,,-,-,5/22/2026,False,,False,
AP03A,1431377,,,-,-,5/22/2026,False,,False,
AP03A,1431378,,,-,-,5/22/2026,False,,False,
AP03A,1431379,,,-,-,5/22/2026,False,,False,
AP03A,1431380,,,-,-,5/22/2026,False,,False,
AP03A,1431381,,,-,-,5/22/2026,False,,False,
AP03A,1431382,,,-,-,5/22/2026,False,,False,
AP03A,1431383,,,-,-,5/22/2026,False,,False,
AP03A,1431384,,,-,-,5/22/2026,False,,False,
AP03A,1431385,,,-,-,5/22/2026,False,,False,
AP03A,1431386,,,-,-,5/22/2026,False,,False,
AP03A,1431387,,,-,-,5/22/2026,False,,False,
AP03A,1431388,,,-,-,5/22/2026,False,,False,
AP03A,1431389,,,-,-,5/22/2026,False,,False,
AP03A,1431390,,,-,-,5/22/2026,False,,False,
AP03A,1431391,,,-,-,5/22/2026,False,,False,
AP03A,1431392,,,-,-,5/22/2026,False,,False,
AP03A,1431393,,,-,-,5/22/2026,False,,False,
AP03A,1431394,,,-,-,5/22/2026,False,,False,
AP03A,1431395,,,-,-,5/22/2026,False,,False,
AP03A,1431396,,,-,-,5/22/2026,False,,False,
AP03A,1431397,,,-,-,5/22/2026,False,,False,
AP03A,1431398,,,-,-,5/22/2026,False,,False,
AP03A,1431399,,,-,-,5/22/2026,False,,False,
AP03A,1431400,,,-,-,5/22/2026,False,,False,
AP03A,1431401,,,-,-,5/22/2026,False,,False,
AP03A,1431402,,,-,-,5/22/2026,False,,False,
AP03A,1431403,,,-,-,5/22/2026,False,,False,
AP03A,1431404,,,-,-,5/22/2026,False,,False,
AP03A,1431405,,,-,-,5/22/2026,False,,False,
AP03A,1431406,,,-,-,5/22/2026,False,,False,
AP03A,1431407,,,-,-,5/22/2026,False,,False,
AP03A,1431408,,,-,-,5/22/2026,False,,False,
AP03A,1431409,,,-,-,5/22/2026,False,,False,
AP03A,1431410,,,-,-,5/22/2026,False,,False,
AP03A,1431411,,,-,-,5/22/2026,False,,False,
AP03A,1431412,,,-,-,5/22/2026,False,,False,
AP03A,1431413,,,-,-,5/22/2026,False,,False,
AP03A,1431414,,,-,-,5/22/2026,False,,False,
AP03A,1431415,,,-,-,5/22/2026,False,,False,
AP03A,1431416,,,-,-,5/22/2026,False,,False,
AP03A,1431417,,,-,-,5/22/2026,False,,False,
AP03A,1431418,,,-,-,5/22/2026,False,,False,
AP03A,1431419,,,-,-,5/22/2026,False,,False,
AP03A,1431420,,,-,-,5/22/2026,False,,False,
AP03A,1431421,,,-,-,5/22/2026,False,,False,
AP03A,1431422,,,-,-,5/22/2026,False,,False,
AP03A,1431423,,,-,-,5/22/2026,False,,False,
AP03A,1431424,,,-,-,5/22/2026,False,,False,
AP03A,1431425,,,-,-,5/22/2026,False,,False,
AP03A,1431426,,,-,-,5/22/2026,False,,False,
AP03A,1431427,,,-,-,5/22/2026,False,,False,
AP03A,1431428,,,-,-,5/22/2026,False,,False,
AP03A,1431429,,,-,-,5/22/2026,False,,False,
AP03A,1431430,,,-,-,5/22/2026,False,,False,
AP03A,1431431,,,-,-,5/22/2026,False,,False,
AP03A,1431432,,,-,-,5/22/2026,False,,False,
AP03A,1431433,,,-,-,5/22/2026,False,,False,
AP03A,1431434,,,-,-,5/22/2026,False,,False,
AP03A,1431435,,,-,-,5/22/2026,False,,False,
AP03A,1431436,,,-,-,5/22/2026,False,,False,
AP03A,1431437,,,-,-,5/22/2026,False,,False,
AP03A,1431438,,,-,-,5/22/2026,False,,False,
AP03A,1431439,,,-,-,5/22/2026,False,,False,
AP03A,1431440,,,-,-,5/22/2026,False,,False,
AP03A,1431441,,,-,-,5/22/2026,False,,False,
AP03A,1431442,,,-,-,5/22/2026,False,,False,
AP03A,1431443,,,-,-,5/22/2026,False,,False,
AP03A,1431444,,,-,-,5/22/2026,False,,False,
AP03A,1431445,,,-,-,5/22/2026,False,,False,
AP03A,1431446,,,-,-,5/22/2026,False,,False,
AP03A,1431447,,,-,-,5/22/2026,False,,False,
AP03A,1431448,,,-,-,5/22/2026,False,,False,
AP03A,1431449,,,-,-,5/22/2026,False,,False,
AP03A,1431450,,,-,-,5/22/2026,False,,False,
AP03A,1431451,,,-,-,5/22/2026,False,,False,
AP03A,1431452,,,-,-,5/22/2026,False,,False,
AP03A,1431453,,,-,-,5/22/2026,False,,False,
AP03A,1431454,,,-,-,5/22/2026,False,,False,
AP03A,1431455,,,-,-,5/22/2026,False,,False,
AP03A,1431456,,,-,-,5/22/2026,False,,False,
AP03A,1431457,,,-,-,5/22/2026,False,,False,
AP03A,1431458,,,-,-,5/22/2026,False,,False,
AP03A,1431459,,,-,-,5/22/2026,False,,False,
AP03A,1431460,,,-,-,5/22/2026,False,,False,
AP03A,1431461,,,-,-,5/22/2026,False,,False,
AP03A,1431462,,,-,-,5/22/2026,False,,False,
AP03A,1431463,,,-,-,5/22/2026,False,,False,
AP03A,1431464,,,-,-,5/22/2026,False,,False,
AP03A,1431465,,,-,-,5/22/2026,False,,False,
AP03A,1431466,,,-,-,5/22/2026,False,,False,
AP03A,1431467,,,-,-,5/22/2026,False,,False,
AP03A,1431468,,,-,-,5/22/2026,False,,False,
AP03A,1431469,,,-,-,5/22/2026,False,,False,
AP03A,1431470,,,-,-,5/22/2026,False,,False,
AP03A,1431471,,,-,-,5/22/2026,False,,False,
AP03A,1431472,,,-,-,5/22/2026,False,,False,
AP03A,1431473,,,-,-,5/22/2026,False,,False,
AP03A,1431474,,,-,-,5/22/2026,False,,False,
AP03A,1431475,,,-,-,5/22/2026,False,,False,
AP03A,1431476,,,-,-,5/22/2026,False,,False,
AP03A,1431477,,,-,-,5/22/2026,False,,False,
AP03A,1431478,,,-,-,5/22/2026,False,,False,
AP03A,1431479,,,-,-,5/22/2026,False,,False,
AP03A,1431480,,,-,-,5/22/2026,False,,False,
AP03A,1431481,,,-,-,5/22/2026,False,,False,
AP03A,1431482,,,-,-,5/22/2026,False,,False,
AP03A,1431483,,,-,-,5/22/2026,False,,False,
AP03A,1431484,,,-,-,5/22/2026,False,,False,
AP03A,1431485,,,-,-,5/22/2026,False,,False,
AP03A,1431486,,,-,-,5/22/2026,False,,False,
AP03A,1431487,,,-,-,5/22/2026,False,,False,
AP03A,1431488,,,-,-,5/22/2026,False,,False,
AP03A,1431489,,,-,-,5/22/2026,False,,False,
AP03A,1431490,,,-,-,5/22/2026,False,,False,
AP03A,1431491,,,-,-,5/22/2026,False,,False,
AP03A,1431492,,,-,-,5/22/2026,False,,False,
AP03A,1431493,,,-,-,5/22/2026,False,,False,
AP03A,1431494,,,-,-,5/22/2026,False,,False,
AP03A,1431495,,,-,-,5/22/2026,False,,False,
AP03A,1431496,,,-,-,5/22/2026,False,,False,
AP03A,1431497,,,-,-,5/22/2026,False,,False,
AP03A,1431498,,,-,-,5/22/2026,False,,False,
AP03A,1431499,,,-,-,5/22/2026,False,,False,
AP03A,1431500,,,-,-,5/22/2026,False,,False,
AP03A,1431501,,,-,-,5/22/2026,False,,False,
AP03A,1431502,,,-,-,5/22/2026,False,,False,
AP03A,1431503,,,-,-,5/22/2026,False,,False,
AP03A,1431504,,,-,-,5/22/2026,False,,False,
AP03A,1431505,,,-,-,5/22/2026,False,,False,
AP03A,1431506,,,-,-,5/22/2026,False,,False,
AP03A,1431507,,,-,-,5/22/2026,False,,False,
AP03A,1431508,,,-,-,5/22/2026,False,,False,
AP03A,1431509,,,-,-,5/22/2026,False,,False,
AP03A,1431510,,,-,-,5/22/2026,False,,False,
AP03A,1431511,,,-,-,5/22/2026,False,,False,
AP03A,1431512,,,-,-,5/22/2026,False,,False,
AP03A,1431513,,,-,-,5/22/2026,False,,False,
AP03A,1431514,,,-,-,5/22/2026,False,,False,
AP03A,1431515,,,-,-,5/22/2026,False,,False,
AP03A,1431516,,,-,-,5/22/2026,False,,False,
AP03A,1431517,,,-,-,5/22/2026,False,,False,
AP03A,1431518,,,-,-,5/22/2026,False,,False,
AP03A,1431519,,,-,-,5/22/2026,False,,False,
AP03A,1431520,,,-,-,5/22/2026,False,,False,
AP03A,1431521,,,-,-,5/22/2026,False,,False,
AP03A,1431522,,,-,-,5/22/2026,False,,False,
AP03A,1431523,,,-,-,5/22/2026,False,,False,
AP03A,1431524,,,-,-,5/22/2026,False,,False,
AP03A,1431525,,,-,-,5/22/2026,False,,False,
AP03A,1431526,,,-,-,5/22/2026,False,,False,
AP03A,1431527,,,-,-,5/22/2026,False,,False,
AP03A,1431528,,,-,-,5/22/2026,False,,False,
AP03A,1431529,,,-,-,5/22/2026,False,,False,
AP03A,1431530,,,-,-,5/22/2026,False,,False,
AP03A,1431531,,,-,-,5/22/2026,False,,False,
AP03A,1431532,,,-,-,5/22/2026,False,,False,
AP03A,1431533,,,-,-,5/22/2026,False,,False,
AP03A,1431534,,,-,-,5/22/2026,False,,False,
AP03A,1431535,,,-,-,5/22/2026,False,,False,
AP03A,1431536,,,-,-,5/22/2026,False,,False,
AP03A,1431537,,,-,-,5/22/2026,False,,False,
AP03A,1431538,,,-,-,5/22/2026,False,,False,
AP03A,1431539,,,-,-,5/22/2026,False,,False,
AP03A,1431540,,,-,-,5/22/2026,False,,False,
AP03A,1431541,,,-,-,5/22/2026,False,,False,
AP03A,1431542,,,-,-,5/22/2026,False,,False,
AP03A,1431543,,,-,-,5/22/2026,False,,False,
AP03A,1431544,,,-,-,5/22/2026,False,,False,
AP03A,1431545,,,-,-,5/22/2026,False,,False,
AP03A,1431546,,,-,-,5/22/2026,False,,False,
AP03A,1431547,,,-,-,5/22/2026,False,,False,
AP03A,1431548,,,-,-,5/22/2026,False,,False,
AP03A,1431549,,,-,-,5/22/2026,False,,False,
AP03A,1431550,,,-,-,5/22/2026,False,,False,
AP03A,1431551,,,-,-,5/22/2026,False,,False,
AP03A,1431552,,,-,-,5/22/2026,False,,False,
AP03A,1431553,,,-,-,5/22/2026,False,,False,
AP03A,1431554,,,-,-,5/22/2026,False,,False,
AP03A,1431555,,,-,-,5/22/2026,False,,False,
AP03A,1431556,,,-,-,5/22/2026,False,,False,
AP03A,1431557,,,-,-,5/22/2026,False,,False,
AP03A,1431558,,,-,-,5/22/2026,False,,False,
AP03A,1431559,,,-,-,5/22/2026,False,,False,
AP03A,1431560,,,-,-,5/22/2026,False,,False,
AP03A,1431561,,,-,-,5/22/2026,False,,False,
AP03A,1431562,,,-,-,5/22/2026,False,,False,
AP03A,1431563,,,-,-,5/22/2026,False,,False,
AP03A,1431564,,,-,-,5/22/2026,False,,False,
AP03A,1431565,,,-,-,5/22/2026,False,,False,
AP03A,1431566,,,-,-,5/22/2026,False,,False,
AP03A,1431567,,,-,-,5/22/2026,False,,False,
AP03A,1431568,,,-,-,5/22/2026,False,,False,
AP03A,1431569,,,-,-,5/22/2026,False,,False,
AP03A,1431570,,,-,-,5/22/2026,False,,False,
AP03A,1431571,,,-,-,5/22/2026,False,,False,
AP03A,1431572,,,-,-,5/22/2026,False,,False,
AP03A,1431573,,,-,-,5/22/2026,False,,False,
AP03A,1431574,,,-,-,5/22/2026,False,,False,
AP03A,1431575,,,-,-,5/22/2026,False,,False,
AP03A,1431576,,,-,-,5/22/2026,False,,False,
AP03A,1431577,,,-,-,5/22/2026,False,,False,
AP03A,1431578,,,-,-,5/22/2026,False,,False,
AP03A,1431579,,,-,-,5/22/2026,False,,False,
AP03A,1431580,,,-,-,5/22/2026,False,,False,
AP03A,1431581,,,-,-,5/22/2026,False,,False,
AP03A,1431582,,,-,-,5/22/2026,False,,False,
AP03A,1431583,,,-,-,5/22/2026,False,,False,
AP03A,1431584,,,-,-,5/22/2026,False,,False,
AP03A,1431585,,,-,-,5/22/2026,False,,False,
AP03A,1431586,,,-,-,5/22/2026,False,,False,
AP03A,1431587,,,-,-,5/22/2026,False,,False,
AP03A,1431588,,,-,-,5/22/2026,False,,False,
AP03A,1431589,,,-,-,5/22/2026,False,,False,
AP03A,1431590,,,-,-,5/22/2026,False,,False,
AP03A,1431591,,,-,-,5/22/2026,False,,False,
AP03A,1431592,,,-,-,5/22/2026,False,,False,
AP03A,1431593,,,-,-,5/22/2026,False,,False,
AP03A,1431594,,,-,-,5/22/2026,False,,False,
AP03A,1431595,,,-,-,5/22/2026,False,,False,
AP03A,1431596,,,-,-,5/22/2026,False,,False,
AP03A,1431597,,,-,-,5/22/2026,False,,False,
AP03A,1431598,,,-,-,5/22/2026,False,,False,
AP03A,1431599,,,-,-,5/23/2026,False,,False,
AP03A,1431600,,,-,-,5/23/2026,False,,False,
AP03A,1431601,,,-,-,5/23/2026,False,,False,
AP03A,1431602,,,-,-,5/23/2026,False,,False,
AP03A,1431603,,,-,-,5/23/2026,False,,False,
AP03A,1431604,,,-,-,5/23/2026,False,,False,
AP03A,1431605,,,-,-,5/23/2026,False,,False,
AP03A,1431606,,,-,-,5/23/2026,False,,False,
AP03A,1431607,,,-,-,5/23/2026,False,,False,
AP03A,1431608,,,-,-,5/23/2026,False,,False,
AP03A,1431609,,,-,-,5/23/2026,False,,False,
AP03A,1431610,,,-,-,5/23/2026,False,,False,
AP03A,1431611,,,-,-,5/23/2026,False,,False,
AP03A,1431612,,,-,-,5/23/2026,False,,False,
AP03A,1431613,,,-,-,5/23/2026,False,,False,
AP03A,1431614,,,-,-,5/23/2026,False,,False,
AP03A,1431615,,,-,-,5/23/2026,False,,False,
AP03A,1431616,,,-,-,5/23/2026,False,,False,
AP03A,1431617,,,-,-,5/23/2026,False,,False,
AP03A,1431618,,,-,-,5/23/2026,False,,False,
AP03A,1431619,,,-,-,5/23/2026,False,,False,
AP03A,1431620,,,-,-,5/23/2026,False,,False,
AP03A,1431621,,,-,-,5/23/2026,False,,False,
AP03A,1431622,,,-,-,5/23/2026,False,,False,
AP03A,1431623,,,-,-,5/23/2026,False,,False,
AP03A,1431624,,,-,-,5/23/2026,False,,False,
AP03A,1431625,,,-,-,5/23/2026,False,,False,
AP03A,1431626,,,-,-,5/23/2026,False,,False,
AP03A,1431627,,,-,-,5/23/2026,False,,False,
AP03A,1431628,,,-,-,5/23/2026,False,,False,
AP03A,1431629,,,-,-,5/23/2026,False,,False,
AP03A,1431630,,,-,-,5/23/2026,False,,False,
AP03A,1431631,,,-,-,5/23/2026,False,,False,
AP03A,1431632,,,-,-,5/23/2026,False,,False,
AP03A,1431633,,,-,-,5/23/2026,False,,False,
AP03A,1431634,,,-,-,5/23/2026,False,,False,
AP03A,1431635,,,-,-,5/23/2026,False,,False,
AP03A,1431636,,,-,-,5/23/2026,False,,False,
AP03A,1431637,,,-,-,5/23/2026,False,,False,
AP03A,1431638,,,-,-,5/23/2026,False,,False,
AP03A,1431639,,,-,-,5/23/2026,False,,False,
AP03A,1431640,,,-,-,5/23/2026,False,,False,
AP03A,1431641,,,-,-,5/23/2026,False,,False,
AP03A,1431642,,,-,-,5/23/2026,False,,False,
AP03A,1431643,,,-,-,5/23/2026,False,,False,
AP03A,1431644,,,-,-,5/23/2026,False,,False,
AP03A,1431645,,,-,-,5/23/2026,False,,False,
AP03A,1431646,,,-,-,5/23/2026,False,,False,
AP03A,1431647,,,-,-,5/23/2026,False,,False,
AP03A,1431648,,,-,-,5/23/2026,False,,False,
AP03A,1431649,,,-,-,5/23/2026,False,,False,
AP03A,1431650,,,-,-,5/23/2026,False,,False,
AP03A,1431651,,,-,-,5/23/2026,False,,False,
AP03A,1431652,,,-,-,5/23/2026,False,,False,
AP03A,1431653,,,-,-,5/23/2026,False,,False,
AP03A,1431654,,,-,-,5/23/2026,False,,False,
AP03A,1431655,,,-,-,5/23/2026,False,,False,
AP03A,1431656,,,-,-,5/23/2026,False,,False,
AP03A,1431657,,,-,-,5/23/2026,False,,False,
AP03A,1431658,,,-,-,5/23/2026,False,,False,
AP03A,1431659,,,-,-,5/23/2026,False,,False,
AP03A,1431660,,,-,-,5/23/2026,False,,False,
AP03A,1431661,,,-,-,5/23/2026,False,,False,
AP03A,1431662,,,-,-,5/23/2026,False,,False,
AP03A,1431663,,,-,-,5/23/2026,False,,False,
AP03A,1431664,,,-,-,5/23/2026,False,,False,
AP03A,1431665,,,-,-,5/23/2026,False,,False,
AP03A,1431666,,,-,-,5/23/2026,False,,False,
AP03A,1431667,,,-,-,5/23/2026,False,,False,
AP03A,1431668,,,-,-,5/23/2026,False,,False,
AP03A,1431669,,,-,-,5/23/2026,False,,False,
AP03A,1431670,,,-,-,5/23/2026,False,,False,
AP03A,1431671,,,-,-,5/23/2026,False,,False,
AP03A,1431672,,,-,-,5/23/2026,False,,False,
AP03A,1431673,,,-,-,5/23/2026,False,,False,
AP03A,1431674,,,-,-,5/23/2026,False,,False,
AP03A,1431675,,,-,-,5/23/2026,False,,False,
AP03A,1431676,,,-,-,5/23/2026,False,,False,
AP03A,1431677,,,-,-,5/23/2026,False,,False,
AP03A,1431678,,,-,-,5/23/2026,False,,False,
AP03A,1431679,,,-,-,5/23/2026,False,,False,
AP03A,1431680,,,-,-,5/23/2026,False,,False,
AP03A,1431681,,,-,-,5/23/2026,False,,False,
AP03A,1431682,,,-,-,5/23/2026,False,,False,
AP03A,1431683,,,-,-,5/23/2026,False,,False,
AP03A,1431684,,,-,-,5/23/2026,False,,False,
AP03A,1431685,,,-,-,5/23/2026,False,,False,
AP03A,1431686,,,-,-,5/23/2026,False,,False,
AP03A,1431687,,,-,-,5/23/2026,False,,False,
AP03A,1431688,,,-,-,5/23/2026,False,,False,
AP03A,1431689,,,-,-,5/23/2026,False,,False,
AP03A,1431690,,,-,-,5/23/2026,False,,False,
AP03A,1431691,,,-,-,5/23/2026,False,,False,
AP03A,1431692,,,-,-,5/23/2026,False,,False,
AP03A,1431693,,,-,-,5/23/2026,False,,False,
AP03A,1431694,,,-,-,5/23/2026,False,,False,

